country,origin_quarter,horizon_quarters,target_quarter,macro_feature_quarter,trade_graph_quarter,cpi_yoy_input,energy_cpi_yoy_input,target_cpi_yoy,split
AUT,2011Q2,1,2011Q3,2011Q1,2011Q1,3.0086120120791593,4.980447133475985,3.8206656547332463,train
BEL,2011Q2,1,2011Q3,2011Q1,2011Q1,3.4382691106784824,17.164289409504097,3.558242235575171,train
BGR,2011Q2,1,2011Q3,2011Q1,2011Q1,4.500594946454828,3.3988115514174133,3.111676523174234,train
CYP,2011Q2,1,2011Q3,2011Q1,2011Q1,3.1393978356369923,13.995659175243324,2.9259776536313176,train
CZE,2011Q2,1,2011Q3,2011Q1,2011Q1,1.9175108538350472,5.379984951091044,2.0452099031216253,train
DEU,2011Q2,1,2011Q3,2011Q1,2011Q1,2.208544532947143,9.115488605639266,2.622126436781591,train
DNK,2011Q2,1,2011Q3,2011Q1,2011Q1,2.5723472668810254,8.055853920515577,2.5423728813559254,train
EST,2011Q2,1,2011Q3,2011Q1,2011Q1,5.242793577094207,5.404502359771124,5.404080401252043,train
FIN,2011Q2,1,2011Q3,2011Q1,2011Q1,3.358857692449968,25.101280844620845,3.5292820116907597,train
FRA,2011Q2,1,2011Q3,2011Q1,2011Q1,1.989285714285738,12.153202989738588,2.306139076835878,train
GRC,2011Q2,1,2011Q3,2011Q1,2011Q1,4.453357305857164,23.5042065109474,2.1433825988095956,train
HRV,2011Q2,1,2011Q3,2011Q1,2011Q1,2.162946833605517,1.7215719399863216,2.038834951456314,train
HUN,2011Q2,1,2011Q3,2011Q1,2011Q1,4.256365631266323,7.885109599395301,3.4444361962735037,train
IRL,2011Q2,1,2011Q3,2011Q1,2011Q1,0.8336227856895251,9.75710168793742,1.1426592797783908,train
ITA,2011Q2,1,2011Q3,2011Q1,2011Q1,2.341748993779724,5.699685534591192,2.6676279740447395,train
LTU,2011Q2,1,2011Q3,2011Q1,2011Q1,3.2018629020521105,9.830472706809235,4.546110029562356,train
LUX,2011Q2,1,2011Q3,2011Q1,2011Q1,3.788998964956391,12.0140350877193,3.5714285714285365,train
LVA,2011Q2,1,2011Q3,2011Q1,2011Q1,3.808349352580609,14.171351472903094,4.4288627338747055,train
MLT,2011Q2,1,2011Q3,2011Q1,2011Q1,2.9182806212628476,4.015575565831098,2.577961099455961,train
NLD,2011Q2,1,2011Q3,2011Q1,2011Q1,1.8982258888808,3.854405841833852,3.137923528984987,train
AUT,2011Q3,1,2011Q4,2011Q2,2011Q2,3.6937169874044384,5.0481291163060105,3.6749064769309614,train
BEL,2011Q3,1,2011Q4,2011Q2,2011Q2,3.113949628346679,17.392967690327964,3.3025619006726847,train
BGR,2011Q3,1,2011Q4,2011Q2,2011Q2,3.4249413064493694,2.981080877364861,2.5361702127659536,train
CYP,2011Q3,1,2011Q4,2011Q2,2011Q2,4.077200602472941,15.098116427118224,3.793747406280268,train
CZE,2011Q3,1,2011Q4,2011Q2,2011Q2,1.8678160919540552,5.033557046979853,2.8047464940668787,train
DEU,2011Q3,1,2011Q4,2011Q2,2011Q2,2.5225225225224968,8.908263836239595,2.574186628530573,train
DNK,2011Q3,1,2011Q4,2011Q2,2011Q2,2.939093484419275,6.880894166957741,2.5695177754311738,train
EST,2011Q3,1,2011Q4,2011Q2,2011Q2,5.2821721934895205,3.72434965260946,4.405532009814839,train
FIN,2011Q3,1,2011Q4,2011Q2,2011Q2,3.4144729595770418,21.60106633213108,2.9976019184652314,train
FRA,2011Q3,1,2011Q4,2011Q2,2011Q2,2.2181342201152976,10.441321499013778,2.6482826715565455,train
GRC,2011Q3,1,2011Q4,2011Q2,2011Q2,3.3020600313846016,20.18824433346138,2.6235992089650884,train
HRV,2011Q3,1,2011Q4,2011Q2,2011Q2,2.2652211372774067,1.7957620016760378,2.3711155020657015,train
HUN,2011Q3,1,2011Q4,2011Q2,2011Q2,3.9242621124930377,4.003350567574593,4.066092485121797,train
IRL,2011Q3,1,2011Q4,2011Q2,2011Q2,1.280719972308786,7.904191616766454,1.593349497748564,train
ITA,2011Q3,1,2011Q4,2011Q2,2011Q2,2.9770444763271176,6.991116261104646,3.735325506937026,train
LTU,2011Q3,1,2011Q4,2011Q2,2011Q2,4.713233169604147,9.536082474226816,4.028427556158731,train
LUX,2011Q3,1,2011Q4,2011Q2,2011Q2,3.852321597784125,10.911783514523222,3.7168013856813342,train
LVA,2011Q3,1,2011Q4,2011Q2,2011Q2,4.584691428776111,10.152681180295463,4.0636231007365575,train
MLT,2011Q3,1,2011Q4,2011Q2,2011Q2,2.669981623608253,4.221086503880378,1.900289017341028,train
NLD,2011Q3,1,2011Q4,2011Q2,2011Q2,2.2331076213802037,5.695844185256482,2.628826944574647,train
AUT,2011Q4,1,2012Q1,2011Q3,2011Q3,3.8206656547332463,5.961754780652417,2.7180600796236076,train
BEL,2011Q4,1,2012Q1,2011Q3,2011Q3,3.558242235575171,19.594735019050937,3.2494051635356236,train
BGR,2011Q4,1,2012Q1,2011Q3,2011Q3,3.111676523174234,2.832902987827346,1.8821165438713816,train
CYP,2011Q4,1,2012Q1,2011Q3,2011Q3,2.9259776536313176,16.985084100285587,3.24468453494009,train
CZE,2011Q4,1,2012Q1,2011Q3,2011Q3,2.0452099031216253,5.704821494295165,3.9758608448704047,train
DEU,2011Q4,1,2012Q1,2011Q3,2011Q3,2.622126436781591,9.613928841786556,2.408784980517198,train
DNK,2011Q4,1,2012Q1,2011Q3,2011Q3,2.5423728813559254,6.963788300835683,2.7168234064785635,train
EST,2011Q4,1,2012Q1,2011Q3,2011Q3,5.404080401252043,7.399610755848585,4.599264705882322,train
FIN,2011Q4,1,2012Q1,2011Q3,2011Q3,3.5292820116907597,19.621395384556298,3.0063347768512605,train
FRA,2011Q4,1,2012Q1,2011Q3,2011Q3,2.306139076835878,9.94263862332694,2.570298000490246,train
GRC,2011Q4,1,2012Q1,2011Q3,2011Q3,2.1433825988095956,19.36297848028947,1.6914928831512688,train
HRV,2011Q4,1,2012Q1,2011Q3,2011Q3,2.038834951456314,3.0532525510204245,1.687329046925523,train
HUN,2011Q4,1,2012Q1,2011Q3,2011Q3,3.4444361962735037,5.14699493120927,5.639425170561796,train
IRL,2011Q4,1,2012Q1,2011Q3,2011Q3,1.1426592797783908,8.16733067729083,1.6534619359283464,train
ITA,2011Q4,1,2012Q1,2011Q3,2011Q3,2.6676279740447395,7.838660578386603,3.5395066142295706,train
LTU,2011Q4,1,2012Q1,2011Q3,2011Q3,4.546110029562356,12.055322827315608,3.620786912988261,train
LUX,2011Q4,1,2012Q1,2011Q3,2011Q3,3.5714285714285365,10.189707299245798,3.130676354311346,train
LVA,2011Q4,1,2012Q1,2011Q3,2011Q3,4.4288627338747055,9.126251718044356,3.2912896125222524,train
MLT,2011Q4,1,2012Q1,2011Q3,2011Q3,2.577961099455961,2.241178340574334,2.272810318997331,train
NLD,2011Q4,1,2012Q1,2011Q3,2011Q3,3.137923528984987,6.9007043024486014,2.8838575625134144,train
AUT,2012Q1,1,2012Q2,2011Q4,2011Q4,3.6749064769309614,7.137458157866305,2.258397748726515,train
BEL,2012Q1,1,2012Q2,2011Q4,2011Q4,3.3025619006726847,17.7815013404826,2.564999825034131,train
BGR,2012Q1,1,2012Q2,2011Q4,2011Q4,2.5361702127659536,2.6806229257084313,1.836026171718519,train
CYP,2012Q1,1,2012Q2,2011Q4,2011Q4,3.793747406280268,23.430622756360208,3.395820011442807,train
CZE,2012Q1,1,2012Q2,2011Q4,2011Q4,2.8047464940668787,7.395143487858746,3.7729196050775298,train
DEU,2012Q1,1,2012Q2,2011Q4,2011Q4,2.574186628530573,10.306198655713183,2.0738137082601193,train
DNK,2012Q1,1,2012Q2,2011Q4,2011Q4,2.5695177754311738,7.041276448144318,2.132782937736466,train
EST,2012Q1,1,2012Q2,2011Q4,2011Q4,4.405532009814839,9.095546399843046,4.2658479320931475,train
FIN,2012Q1,1,2012Q2,2011Q4,2011Q4,2.9976019184652314,16.129032258064502,3.0035147513047145,train
FRA,2012Q1,1,2012Q2,2011Q4,2011Q4,2.6482826715565455,8.667112141818322,2.3153595902263735,train
GRC,2012Q1,1,2012Q2,2011Q4,2011Q4,2.6235992089650884,21.07006250583077,1.137685843568215,train
HRV,2012Q1,1,2012Q2,2011Q4,2011Q4,2.3711155020657015,3.3063106024479705,3.2365640467581835,train
HUN,2012Q1,1,2012Q2,2011Q4,2011Q4,4.066092485121797,6.188596617591968,5.530151471849054,train
IRL,2012Q1,1,2012Q2,2011Q4,2011Q4,1.593349497748564,12.281383598911775,1.845522898154428,train
ITA,2012Q1,1,2012Q2,2011Q4,2011Q4,3.735325506937026,10.887708649468886,3.6224312086381216,train
LTU,2012Q1,1,2012Q2,2011Q4,2011Q4,4.028427556158731,12.431814470031057,2.8282688924913257,train
LUX,2012Q1,1,2012Q2,2011Q4,2011Q4,3.7168013856813342,8.862485391507601,2.7443411124758343,train
LVA,2012Q1,1,2012Q2,2011Q4,2011Q4,4.0636231007365575,11.448814459965394,2.4041919243809717,train
MLT,2012Q1,1,2012Q2,2011Q4,2011Q4,1.900289017341028,1.2665545511877152,3.95872815329541,train
NLD,2012Q1,1,2012Q2,2011Q4,2011Q4,2.628826944574647,7.045694905364508,2.575394588500557,train
AUT,2012Q2,1,2012Q3,2012Q1,2012Q1,2.7180600796236076,5.225611470340175,2.3963199372392108,train
BEL,2012Q2,1,2012Q3,2012Q1,2012Q1,3.2494051635356236,13.747752862144004,2.3978468314167056,train
BGR,2012Q2,1,2012Q3,2012Q1,2012Q1,1.8821165438713816,3.8178557048208495,2.9944312914735427,train
CYP,2012Q2,1,2012Q3,2012Q1,2012Q1,3.24468453494009,28.064734062154507,3.9520998710902866,train
CZE,2012Q2,1,2012Q3,2012Q1,2012Q1,3.9758608448704047,10.35344519814354,3.4458509142053506,train
DEU,2012Q2,1,2012Q3,2012Q1,2012Q1,2.408784980517198,6.9734513274335885,2.13510675533779,train
DNK,2012Q2,1,2012Q3,2012Q1,2012Q1,2.7168234064785635,3.479125248508952,2.4449035812672326,train
EST,2012Q2,1,2012Q3,2012Q1,2012Q1,4.599264705882322,14.25684510837264,4.132379248658302,train
FIN,2012Q2,1,2012Q3,2012Q1,2012Q1,3.0063347768512605,3.2023813417945357,3.259827420901251,train
FRA,2012Q2,1,2012Q3,2012Q1,2012Q1,2.570298000490246,6.91291087766861,2.2576177285318355,train
GRC,2012Q2,1,2012Q3,2012Q1,2012Q1,1.6914928831512688,20.025386079966133,0.7725799587520843,train
HRV,2012Q2,1,2012Q3,2012Q1,2012Q1,1.687329046925523,4.563248843370626,4.1124854635796515,train
HUN,2012Q2,1,2012Q3,2012Q1,2012Q1,5.639425170561796,7.255555866939467,6.027987082884811,train
IRL,2012Q2,1,2012Q3,2012Q1,2012Q1,1.6534619359283464,10.277569392348074,2.327969873331037,train
ITA,2012Q2,1,2012Q3,2012Q1,2012Q1,3.5395066142295706,13.387876534027509,3.476123595505598,train
LTU,2012Q2,1,2012Q3,2012Q1,2012Q1,3.620786912988261,11.563710891215951,3.2276975068106006,train
LUX,2012Q2,1,2012Q3,2012Q1,2012Q1,3.130676354311346,8.488911164014512,2.9080576700459604,train
LVA,2012Q2,1,2012Q3,2012Q1,2012Q1,3.2912896125222524,14.677381233750886,1.897845226268391,train
MLT,2012Q2,1,2012Q3,2012Q1,2012Q1,2.272810318997331,0.7097176727499654,3.4491125901275677,train
NLD,2012Q2,1,2012Q3,2012Q1,2012Q1,2.8838575625134144,8.654996194411236,2.567619851570458,train
AUT,2012Q3,1,2012Q4,2012Q2,2012Q2,2.258397748726515,2.9487753625684787,2.9149568416584115,train
BEL,2012Q3,1,2012Q4,2012Q2,2012Q2,2.564999825034131,6.055578598092093,2.3033493817325112,train
BGR,2012Q3,1,2012Q4,2012Q2,2012Q2,1.836026171718519,5.5187557182067914,2.845285524568375,train
CYP,2012Q3,1,2012Q4,2012Q2,2012Q2,3.395820011442807,26.93941553813255,1.8258754539699495,train
CZE,2012Q3,1,2012Q4,2012Q2,2012Q2,3.7729196050775298,9.79765708200211,2.9380902413431276,train
DEU,2012Q3,1,2012Q4,2012Q2,2012Q2,2.0738137082601193,5.4646710755307915,2.0216103171836863,train
DNK,2012Q3,1,2012Q4,2012Q2,2012Q2,2.132782937736466,1.0784313725490158,2.1276595744680993,train
EST,2012Q3,1,2012Q4,2012Q2,2012Q2,4.2658479320931475,12.800841187008348,3.892034326816906,train
FIN,2012Q3,1,2012Q4,2012Q2,2012Q2,3.0035147513047145,-1.0058675607711454,3.3760186263096736,train
FRA,2012Q3,1,2012Q4,2012Q2,2012Q2,2.3153595902263735,4.53175577631435,1.7382939984196932,train
GRC,2012Q3,1,2012Q4,2012Q2,2012Q2,1.137685843568215,14.64759469394279,0.5524152106885838,train
HRV,2012Q3,1,2012Q4,2012Q2,2012Q2,3.2365640467581835,15.99435493355288,4.358659413932275,train
HUN,2012Q3,1,2012Q4,2012Q2,2012Q2,5.530151471849054,6.851445552253743,5.459453699428107,train
IRL,2012Q3,1,2012Q4,2012Q2,2012Q2,1.845522898154428,10.17388087310398,1.7729287419024686,train
ITA,2012Q3,1,2012Q4,2012Q2,2012Q2,3.6224312086381216,13.429602888086656,2.640603566529509,train
LTU,2012Q3,1,2012Q4,2012Q2,2012Q2,2.8282688924913257,9.521568627450993,2.990147275910582,train
LUX,2012Q3,1,2012Q4,2012Q2,2012Q2,2.7443411124758343,6.84611416259524,2.790341660288065,train
LVA,2012Q3,1,2012Q4,2012Q2,2012Q2,2.4041919243809717,8.861989090637401,1.5694990596683225,train
MLT,2012Q3,1,2012Q4,2012Q2,2012Q2,3.95872815329541,1.4685278397592372,3.1872651208962877,train
NLD,2012Q3,1,2012Q4,2012Q2,2012Q2,2.575394588500557,7.553031926290976,3.271257905832714,train
AUT,2012Q4,1,2013Q1,2012Q3,2012Q3,2.3963199372392108,3.934662009451406,2.607378175539954,train
BEL,2012Q4,1,2013Q1,2012Q3,2012Q3,2.3978468314167056,3.087438815999066,1.4721056614156902,train
BGR,2012Q4,1,2013Q1,2012Q3,2012Q3,2.9944312914735427,13.361790659301231,2.153047136940356,train
CYP,2012Q4,1,2013Q1,2012Q3,2012Q3,3.9520998710902866,19.26645325809777,1.7139023981217472,train
CZE,2012Q4,1,2013Q1,2012Q3,2012Q3,3.4458509142053506,7.694986072423382,1.7412086036189711,train
DEU,2012Q4,1,2013Q1,2012Q3,2012Q3,2.13510675533779,5.870165745856326,1.8332756831546115,train
DNK,2012Q4,1,2013Q1,2012Q3,2012Q3,2.4449035812672326,1.432291666666674,0.9155645981688832,train
EST,2012Q4,1,2013Q1,2012Q3,2012Q3,4.132379248658302,10.517751479289972,3.838177919932528,train
FIN,2012Q4,1,2013Q1,2012Q3,2012Q3,3.259827420901251,-0.9790389368599884,2.512073937667214,train
FRA,2012Q4,1,2013Q1,2012Q3,2012Q3,2.2576177285318355,5.439407955596676,1.2085623570380122,train
GRC,2012Q4,1,2013Q1,2012Q3,2012Q3,0.7725799587520843,15.252682382035031,-0.0195306142378171,train
HRV,2012Q4,1,2013Q1,2012Q3,2012Q3,4.1124854635796515,18.96418349191613,4.160553343114648,train
HUN,2012Q4,1,2013Q1,2012Q3,2012Q3,6.027987082884811,5.465263621839034,2.6691858467880136,train
IRL,2012Q4,1,2013Q1,2012Q3,2012Q3,2.327969873331037,10.718232044198906,1.11826499491694,train
ITA,2012Q4,1,2013Q1,2012Q3,2012Q3,3.476123595505598,12.70289343683839,2.071823204419898,train
LTU,2012Q4,1,2013Q1,2012Q3,2012Q3,3.2276975068106006,6.129836221220053,2.22176856860945,train
LUX,2012Q4,1,2013Q1,2012Q3,2012Q3,2.9080576700459604,6.253392027980453,2.2033430031772383,train
LVA,2012Q4,1,2013Q1,2012Q3,2012Q3,1.897845226268391,7.44899060779447,0.3957649764908755,train
MLT,2012Q4,1,2013Q1,2012Q3,2012Q3,3.4491125901275677,0.8420998082603326,1.8685912322698115,train
NLD,2012Q4,1,2013Q1,2012Q3,2012Q3,2.567619851570458,4.123711340206171,3.2139002054389243,train
AUT,2013Q1,1,2013Q2,2012Q4,2012Q4,2.9149568416584115,2.593563125713927,2.250322221061052,train
BEL,2013Q1,1,2013Q2,2012Q4,2012Q4,2.3033493817325112,1.2661469299493744,1.354486523370846,train
BGR,2013Q1,1,2013Q2,2012Q4,2012Q4,2.845285524568375,12.811678624707,1.065364190650997,train
CYP,2013Q1,1,2013Q2,2012Q4,2012Q4,1.8258754539699495,11.623378265597715,0.348284616886918,train
CZE,2013Q1,1,2013Q2,2012Q4,2012Q4,2.9380902413431276,6.132237067488888,1.4950730547060864,train
DEU,2013Q1,1,2013Q2,2012Q4,2012Q4,2.0216103171836863,4.5362220717671375,1.5495867768595015,train
DNK,2013Q1,1,2013Q2,2012Q4,2012Q4,2.1276595744680993,0.6480881399870464,0.6062647356012363,train
EST,2013Q1,1,2013Q2,2012Q4,2012Q4,3.892034326816906,8.355213466172717,3.699854500103972,train
FIN,2013Q1,1,2013Q2,2012Q4,2012Q4,3.3760186263096736,-0.963261648745506,2.4023713507738353,train
FRA,2013Q1,1,2013Q2,2012Q4,2012Q4,1.7382939984196932,5.158069883527472,0.9065385786287016,train
GRC,2013Q1,1,2013Q2,2012Q4,2012Q4,0.5524152106885838,28.80369870930459,-0.3770931867570049,train
HRV,2013Q1,1,2013Q2,2012Q4,2012Q4,4.358659413932275,19.53377442683488,2.3598218232514068,train
HUN,2013Q1,1,2013Q2,2012Q4,2012Q4,5.459453699428107,4.620560544808305,1.8517264725795848,train
IRL,2013Q1,1,2013Q2,2012Q4,2012Q4,1.7729287419024686,8.065074420214602,0.5369127516778871,train
ITA,2013Q1,1,2013Q2,2012Q4,2012Q4,2.640603566529509,10.742387957577826,1.210084033613423,train
LTU,2013Q1,1,2013Q2,2012Q4,2012Q4,2.990147275910582,1.5252316899567075,1.398718679770572,train
LUX,2013Q1,1,2013Q2,2012Q4,2012Q4,2.790341660288065,5.755352776286737,1.7009939542985908,train
LVA,2013Q1,1,2013Q2,2012Q4,2012Q4,1.5694990596683225,7.653964240563416,-0.1103642018661532,train
MLT,2013Q1,1,2013Q2,2012Q4,2012Q4,3.1872651208962877,1.668483055685277,0.7798258051448403,train
NLD,2013Q1,1,2013Q2,2012Q4,2012Q4,3.271257905832714,5.515620209177952,3.0018890606216653,train
AUT,2013Q2,1,2013Q3,2013Q1,2013Q1,2.607378175539954,3.3196406505694,1.9780602472575517,train
BEL,2013Q2,1,2013Q3,2013Q1,2013Q1,1.4721056614156902,-3.18028059668386,1.245946407236742,train
BGR,2013Q2,1,2013Q3,2013Q1,2013Q1,2.153047136940356,9.036739299062102,-0.6669472593647807,train
CYP,2013Q2,1,2013Q3,2013Q1,2013Q1,1.7139023981217472,4.589597870656781,0.3459191332441769,train
CZE,2013Q2,1,2013Q3,2013Q1,2013Q1,1.7412086036189711,3.1057910061468297,1.2236573759347502,train
DEU,2013Q2,1,2013Q3,2013Q1,2013Q1,1.8332756831546115,6.022501654533441,1.6792323509253082,train
DNK,2013Q2,1,2013Q3,2013Q1,2013Q1,0.9155645981688832,1.6330451488953068,0.201680672268889,train
EST,2013Q2,1,2013Q3,2013Q1,2013Q1,3.838177919932528,12.935668458470603,3.367119051709344,train
FIN,2013Q2,1,2013Q3,2013Q1,2013Q1,2.512073937667214,0.0729001584785837,2.142439561195353,train
FRA,2013Q2,1,2013Q3,2013Q1,2013Q1,1.2085623570380122,4.5958795562599075,1.0632534200189614,train
GRC,2013Q2,1,2013Q3,2013Q1,2013Q1,-0.0195306142378171,21.161167512690348,-0.8153851151609715,train
HRV,2013Q2,1,2013Q3,2013Q1,2013Q1,4.160553343114648,17.513141474114136,2.223801787164903,train
HUN,2013Q2,1,2013Q3,2013Q1,2013Q1,2.6691858467880136,-7.924853678929777,1.6311336717428349,train
IRL,2013Q2,1,2013Q3,2013Q1,2013Q1,1.11826499491694,6.190476190476191,0.301104048176648,train
ITA,2013Q2,1,2013Q3,2013Q1,2013Q1,2.071823204419898,6.854706461134796,1.0858500169664165,train
LTU,2013Q2,1,2013Q3,2013Q1,2013Q1,2.22176856860945,1.891612606923476,0.5511942542174353,train
LUX,2013Q2,1,2013Q3,2013Q1,2013Q1,2.2033430031772383,1.842120459663921,1.6737114807744424,train
LVA,2013Q2,1,2013Q3,2013Q1,2013Q1,0.3957649764908755,0.4774663369057297,0.0134476382585235,train
MLT,2013Q2,1,2013Q3,2013Q1,2013Q1,1.8685912322698115,0.4052763365084422,0.7137352142881248,train
NLD,2013Q2,1,2013Q3,2013Q1,2013Q1,3.2139002054389243,4.960138763801347,2.7536778574123177,train
AUT,2013Q3,1,2013Q4,2013Q2,2013Q2,2.250322221061052,2.686966705705207,1.6465007562216138,train
BEL,2013Q3,1,2013Q4,2013Q2,2013Q2,1.354486523370846,-5.327113246550108,0.9242957746479208,train
BGR,2013Q3,1,2013Q4,2013Q2,2013Q2,1.065364190650997,2.184996358339397,-0.9716886722407004,train
CYP,2013Q3,1,2013Q4,2013Q2,2013Q2,0.348284616886918,-7.252268439493303,-0.8474853571545538,train
CZE,2013Q3,1,2013Q4,2013Q2,2013Q2,1.4950730547060864,1.810539928871635,1.1213047910295648,train
DEU,2013Q3,1,2013Q4,2013Q2,2013Q2,1.5495867768595015,5.181518151815179,1.3665869490946392,train
DNK,2013Q3,1,2013Q4,2013Q2,2013Q2,0.6062647356012363,1.713546718396386,0.3696236559139754,train
EST,2013Q3,1,2013Q4,2013Q2,2013Q2,3.699854500103972,12.8361815984809,2.101041952289595,train
FIN,2013Q3,1,2013Q4,2013Q2,2013Q2,2.4023713507738353,0.5699211880414445,1.812039312039304,train
FRA,2013Q3,1,2013Q4,2013Q2,2013Q2,0.9065385786287016,3.97935575725219,0.7833867972311559,train
GRC,2013Q3,1,2013Q4,2013Q2,2013Q2,-0.3770931867570049,18.324388373876065,-2.187939184872856,train
HRV,2013Q3,1,2013Q4,2013Q2,2013Q2,2.3598218232514068,4.376626449018217,0.6288462185156884,train
HUN,2013Q3,1,2013Q4,2013Q2,2013Q2,1.8517264725795848,-8.514841191453959,0.6938363085214005,train
IRL,2013Q3,1,2013Q4,2013Q2,2013Q2,0.5369127516778871,3.7273337810610703,0.1675041876047167,train
ITA,2013Q3,1,2013Q4,2013Q2,2013Q2,1.210084033613423,1.3049013367282036,0.6348145673237493,train
LTU,2013Q3,1,2013Q4,2013Q2,2013Q2,1.398718679770572,0.4296763105127388,0.5066666666666553,train
LUX,2013Q3,1,2013Q4,2013Q2,2013Q2,1.7009939542985908,-1.8972421823965413,1.2286758732737546,train
LVA,2013Q3,1,2013Q4,2013Q2,2013Q2,-0.1103642018661532,-0.514791680966431,-0.2524912469700879,train
MLT,2013Q3,1,2013Q4,2013Q2,2013Q2,0.7798258051448403,-1.1634448194742908,0.5978354234667194,train
NLD,2013Q3,1,2013Q4,2013Q2,2013Q2,3.0018890606216653,4.004382906664006,1.2997176006260602,train
AUT,2013Q4,1,2014Q1,2013Q3,2013Q3,1.9780602472575517,1.5419590787782989,1.483465540331741,train
BEL,2013Q4,1,2014Q1,2013Q3,2013Q3,1.245946407236742,-4.874553985334185,0.9185817910650096,train
BGR,2013Q4,1,2014Q1,2013Q3,2013Q3,-0.6669472593647807,-8.92320349333925,-1.8116291791357095,train
CYP,2013Q4,1,2014Q1,2013Q3,2013Q3,0.3459191332441769,-9.853516513511074,-1.2365626854843992,train
CZE,2013Q4,1,2014Q1,2013Q3,2013Q3,1.2236573759347502,0.258648561267405,0.3020134228188142,train
DEU,2013Q4,1,2014Q1,2013Q3,2013Q3,1.6792323509253082,4.533594259621632,0.9510869565217516,train
DNK,2013Q4,1,2014Q1,2013Q3,2013Q3,0.201680672268889,0.2246469833119269,0.4368279569892275,train
EST,2013Q4,1,2014Q1,2013Q3,2013Q3,3.367119051709344,9.854771784232351,1.1305554615306468,train
FIN,2013Q4,1,2014Q1,2013Q3,2013Q3,2.142439561195353,1.2934387966804906,1.5794468546637574,train
FRA,2013Q4,1,2014Q1,2013Q3,2013Q3,1.0632534200189614,3.670819442007378,0.8601787822567264,train
GRC,2013Q4,1,2014Q1,2013Q3,2013Q3,-0.8153851151609715,19.633154525004315,-1.2534592218785612,train
HRV,2013Q4,1,2014Q1,2013Q3,2013Q3,2.223801787164903,0.7803101732938966,0.0603682463024446,train
HUN,2013Q4,1,2014Q1,2013Q3,2013Q3,1.6311336717428349,-8.543592958261526,0.4349717268377961,train
IRL,2013Q4,1,2014Q1,2013Q3,2013Q3,0.301104048176648,3.592814371257469,0.2010723860590202,train
ITA,2013Q4,1,2014Q1,2013Q3,2013Q3,1.0858500169664165,-0.1878522229179391,0.4397834912042819,train
LTU,2013Q4,1,2014Q1,2013Q3,2013Q3,0.5511942542174353,-3.293262510483619,0.3128744508054781,train
LUX,2013Q4,1,2014Q1,2013Q3,2013Q3,1.6737114807744424,-2.0459704880817164,0.996823680475778,train
LVA,2013Q4,1,2014Q1,2013Q3,2013Q3,0.0134476382585235,-3.6940286010918033,0.4447439353099547,train
MLT,2013Q4,1,2014Q1,2013Q3,2013Q3,0.7137352142881248,-0.8941648038233274,1.3152356902356832,train
NLD,2013Q4,1,2014Q1,2013Q3,2013Q3,2.7536778574123177,1.6916923480427617,0.4351933067944014,train
AUT,2014Q1,1,2014Q2,2013Q4,2013Q4,1.6465007562216138,0.3340100857947448,1.597792389193642,train
BEL,2014Q1,1,2014Q2,2013Q4,2013Q4,0.9242957746479208,-5.189514203028867,0.6732419968357606,train
BGR,2014Q1,1,2014Q2,2013Q4,2013Q4,-0.9716886722407004,-10.487705047070294,-1.628231325613816,train
CYP,2014Q1,1,2014Q2,2013Q4,2013Q4,-0.8474853571545538,-13.165824591612472,-0.1492101592656336,train
CZE,2014Q1,1,2014Q2,2013Q4,2013Q4,1.1213047910295648,0.0645577792123708,0.2008704385671356,train
DEU,2014Q1,1,2014Q2,2013Q4,2013Q4,1.3665869490946392,3.3678756476684057,0.9155645981688832,train
DNK,2014Q1,1,2014Q2,2013Q4,2013Q4,0.3696236559139754,1.4810045074050038,0.4017408771342268,train
EST,2014Q1,1,2014Q2,2013Q4,2013Q4,2.101041952289595,7.080262895837475,0.5979822275673063,train
FIN,2014Q1,1,2014Q2,2013Q4,2013Q4,1.812039312039304,0.4523863379325643,1.0939077751598525,train
FRA,2014Q1,1,2014Q2,2013Q4,2013Q4,0.7833867972311559,3.267749036873968,0.7508967181790727,train
GRC,2014Q1,1,2014Q2,2013Q4,2013Q4,-2.187939184872856,3.834764141066649,-1.7290049400141116,train
HRV,2014Q1,1,2014Q2,2013Q4,2013Q4,0.6288462185156884,-1.3709210272253358,0.249144603527851,train
HUN,2014Q1,1,2014Q2,2013Q4,2013Q4,0.6938363085214005,-14.896265560165956,-0.0897397547113376,train
IRL,2014Q1,1,2014Q2,2013Q4,2013Q4,0.1675041876047167,0.6406149903907643,0.4005340453938633,train
ITA,2014Q1,1,2014Q2,2013Q4,2013Q4,0.6348145673237493,-2.471424158171165,0.3985386914646449,train
LTU,2014Q1,1,2014Q2,2013Q4,2013Q4,0.5066666666666553,-1.4336404738739872,0.2282500826993105,train
LUX,2014Q1,1,2014Q2,2013Q4,2013Q4,1.2286758732737546,-5.041732461087312,1.1620486985726597,train
LVA,2014Q1,1,2014Q2,2013Q4,2013Q4,-0.2524912469700879,-3.1472285599248084,0.7867952323556748,train
MLT,2014Q1,1,2014Q2,2013Q4,2013Q4,0.5978354234667194,-0.9137081748806786,0.5292600408669079,train
NLD,2014Q1,1,2014Q2,2013Q4,2013Q4,1.2997176006260602,-0.080718067932306,0.3501283804061339,train
AUT,2014Q2,1,2014Q3,2014Q1,2014Q1,1.483465540331741,-0.3878850567281655,1.509408189051653,train
BEL,2014Q2,1,2014Q3,2014Q1,2014Q1,0.9185817910650096,-2.89240814456313,0.3776129467295996,train
BGR,2014Q2,1,2014Q3,2014Q1,2014Q1,-1.8116291791357095,-9.985448666127706,-1.1798833154069377,train
CYP,2014Q2,1,2014Q3,2014Q1,2014Q1,-1.2365626854843992,-15.211958639979816,0.5626199225990947,train
CZE,2014Q2,1,2014Q3,2014Q1,2014Q1,0.3020134228188142,-7.216818324443041,0.6715916722632498,train
DEU,2014Q2,1,2014Q3,2014Q1,2014Q1,0.9510869565217516,-0.4681647940074862,0.7751937984496138,train
DNK,2014Q2,1,2014Q3,2014Q1,2014Q1,0.4368279569892275,0.8191556395715338,0.3690036900368731,train
EST,2014Q2,1,2014Q3,2014Q1,2014Q1,1.1305554615306468,-3.6941501612160255,0.0033239155725173,train
FIN,2014Q2,1,2014Q3,2014Q1,2014Q1,1.5794468546637574,-0.3103917904538567,1.2322402531816268,train
FRA,2014Q2,1,2014Q3,2014Q1,2014Q1,0.8601787822567264,2.696969696969709,0.4925283120016166,train
GRC,2014Q2,1,2014Q3,2014Q1,2014Q1,-1.2534592218785612,0.8088213901254138,-0.7303812393554043,train
HRV,2014Q2,1,2014Q3,2014Q1,2014Q1,0.0603682463024446,-0.1319431035592622,0.3410483096586203,train
HUN,2014Q2,1,2014Q3,2014Q1,2014Q1,0.4349717268377961,-10.048525781094808,0.073255194459243,train
IRL,2014Q2,1,2014Q3,2014Q1,2014Q1,0.2010723860590202,1.0890454836643304,0.5003335557038024,train
ITA,2014Q2,1,2014Q3,2014Q1,2014Q1,0.4397834912042819,-3.069367710251658,-0.0671366230278747,train
LTU,2014Q2,1,2014Q3,2014Q1,2014Q1,0.3128744508054781,-2.2452601628306534,0.2491694352159568,train
LUX,2014Q2,1,2014Q3,2014Q1,2014Q1,0.996823680475778,-5.4519165343615335,0.7442920843531375,train
LVA,2014Q2,1,2014Q3,2014Q1,2014Q1,0.4447439353099547,-2.040955864756744,0.8773404148038733,train
MLT,2014Q2,1,2014Q3,2014Q1,2014Q1,1.3152356902356832,0.2519539284244976,0.6820601543784832,train
NLD,2014Q2,1,2014Q3,2014Q1,2014Q1,0.4351933067944014,-1.233076971969771,0.2936857562408024,train
AUT,2014Q3,1,2014Q4,2014Q2,2014Q2,1.597792389193642,0.2737226277372384,1.2546075546988833,train
BEL,2014Q3,1,2014Q4,2014Q2,2014Q2,0.6732419968357606,-8.164409430232189,-0.0033546915361282,train
BGR,2014Q3,1,2014Q4,2014Q2,2014Q2,-1.628231325613816,-5.695278824288074,-1.7798930760203224,train
CYP,2014Q3,1,2014Q4,2014Q2,2014Q2,-0.1492101592656336,-10.456471727812088,-0.2310078542670512,train
CZE,2014Q3,1,2014Q4,2014Q2,2014Q2,0.2008704385671356,-6.224198158145411,0.4704301075268979,train
DEU,2014Q3,1,2014Q4,2014Q2,2014Q2,0.9155645981688832,0.0627549419516926,0.4381530165149749,train
DNK,2014Q3,1,2014Q4,2014Q2,2014Q2,0.4017408771342268,1.5893197711379647,0.2008704385671356,train
EST,2014Q3,1,2014Q4,2014Q2,2014Q2,0.5979822275673063,-5.296331426123668,0.1812749672697844,train
FIN,2014Q3,1,2014Q4,2014Q2,2014Q2,1.0939077751598525,-0.518117936595297,0.9351432880844612,train
FRA,2014Q3,1,2014Q4,2014Q2,2014Q2,0.7508967181790727,3.002088111457213,0.3417428887325435,train
GRC,2014Q3,1,2014Q4,2014Q2,2014Q2,-1.7290049400141116,2.7244344957587208,-1.854815008327082,train
HRV,2014Q3,1,2014Q4,2014Q2,2014Q2,0.249144603527851,0.0453309156845049,0.2272423472797768,train
HUN,2014Q3,1,2014Q4,2014Q2,2014Q2,-0.0897397547113376,-12.409796011136995,-0.3512175541878326,train
IRL,2014Q3,1,2014Q4,2014Q2,2014Q2,0.4005340453938633,2.2013596633215116,0.1003344481605328,train
ITA,2014Q3,1,2014Q4,2014Q2,2014Q2,0.3985386914646449,-2.9217719132893394,0.1660026560424965,train
LTU,2014Q3,1,2014Q4,2014Q2,2014Q2,0.2282500826993105,-4.492298916143755,0.179092597505992,train
LUX,2014Q3,1,2014Q4,2014Q2,2014Q2,1.1620486985726597,-5.01143568512783,-0.1170294579864172,train
LVA,2014Q3,1,2014Q4,2014Q2,2014Q2,0.7867952323556748,-1.4488753967158874,0.651388842012901,train
MLT,2014Q3,1,2014Q4,2014Q2,2014Q2,0.5292600408669079,-21.71629627713243,0.5806209228457648,train
NLD,2014Q3,1,2014Q4,2014Q2,2014Q2,0.3501283804061339,-1.251476550777375,0.1948073758103019,train
AUT,2014Q4,1,2015Q1,2014Q3,2014Q3,1.509408189051653,0.0,0.6259939769228229,train
BEL,2014Q4,1,2015Q1,2014Q3,2014Q3,0.3776129467295996,-9.802705416740489,-0.386256003761809,train
BGR,2014Q4,1,2015Q1,2014Q3,2014Q3,-1.1798833154069377,-2.0289754368897905,-1.7336304647047165,train
CYP,2014Q4,1,2015Q1,2014Q3,2014Q3,0.5626199225990947,-4.350020185708492,-0.9548929918867466,train
CZE,2014Q4,1,2015Q1,2014Q3,2014Q3,0.6715916722632498,-3.998710093518243,0.0,train
DEU,2014Q4,1,2015Q1,2014Q3,2014Q3,0.7751937984496138,-0.5928237129484981,-0.1345895020188336,train
DNK,2014Q4,1,2015Q1,2014Q3,2014Q3,0.3690036900368731,1.2167787383925877,-0.0334560053529608,train
EST,2014Q4,1,2015Q1,2014Q3,2014Q3,0.0033239155725173,-4.444241371957725,-0.2476821635371884,train
FIN,2014Q4,1,2015Q1,2014Q3,2014Q3,1.2322402531816268,-2.192210452203436,-0.0600600600600631,train
FRA,2014Q4,1,2015Q1,2014Q3,2014Q3,0.4925283120016166,0.903828577231658,-0.2374581939799447,train
GRC,2014Q4,1,2015Q1,2014Q3,2014Q3,-0.7303812393554043,1.3017819949085796,-2.1760633036597365,train
HRV,2014Q4,1,2015Q1,2014Q3,2014Q3,0.3410483096586203,-0.2193760686517998,-0.3284732696497539,train
HUN,2014Q4,1,2015Q1,2014Q3,2014Q3,0.073255194459243,-12.611737826645689,-0.949461971549459,train
IRL,2014Q4,1,2015Q1,2014Q3,2014Q3,0.5003335557038024,1.8625561978163008,-0.3344481605351501,train
ITA,2014Q4,1,2015Q1,2014Q3,2014Q3,-0.0671366230278747,-5.803011292346316,-0.1347254968002587,train
LTU,2014Q4,1,2015Q1,2014Q3,2014Q3,0.2491694352159568,-7.241558741905663,-1.317273873515168,train
LUX,2014Q4,1,2015Q1,2014Q3,2014Q3,0.7442920843531375,-5.452069874561816,-0.4717454581953162,train
LVA,2014Q4,1,2015Q1,2014Q3,2014Q3,0.8773404148038733,-0.2642926693559921,0.0704414329800062,train
MLT,2014Q4,1,2015Q1,2014Q3,2014Q3,0.6820601543784832,-21.76246402737807,0.6265794301934857,train
NLD,2014Q4,1,2015Q1,2014Q3,2014Q3,0.2936857562408024,-1.3056934683086996,-0.4668973161801815,train
AUT,2015Q1,1,2015Q2,2014Q4,2014Q4,1.2546075546988833,-1.0182767624020483,0.9757896854670988,validation
BEL,2015Q1,1,2015Q2,2014Q4,2014Q4,-0.0033546915361282,-9.483167377904234,0.6921456515197155,validation
BGR,2015Q1,1,2015Q2,2014Q4,2014Q4,-1.7798930760203224,6.827295110798448,-0.5868970292459696,validation
CYP,2015Q1,1,2015Q2,2014Q4,2014Q4,-0.2310078542670512,-5.437561968376537,-1.848422830783236,validation
CZE,2015Q1,1,2015Q2,2014Q4,2014Q4,0.4704301075268979,-3.8064516129031944,0.7016371533578036,validation
DEU,2015Q1,1,2015Q2,2014Q4,2014Q4,0.4381530165149749,-2.036340852130347,1.2432795698924748,validation
DNK,2015Q1,1,2015Q2,2014Q4,2014Q4,0.2008704385671356,0.6662436548223516,0.400133377792633,validation
EST,2015Q1,1,2015Q2,2014Q4,2014Q4,0.1812749672697844,-2.9728137884001526,0.4084614618271143,validation
FIN,2015Q1,1,2015Q2,2014Q4,2014Q4,0.9351432880844612,-2.48656994885319,0.033294489761948,validation
FRA,2015Q1,1,2015Q2,2014Q4,2014Q4,0.3417428887325435,0.8760242488841552,0.266178672433881,validation
GRC,2015Q1,1,2015Q2,2014Q4,2014Q4,-1.854815008327082,-9.935758937573825,-1.4427941896523857,validation
HRV,2015Q1,1,2015Q2,2014Q4,2014Q4,0.2272423472797768,0.4992169146436964,-0.0066273444230824,validation
HUN,2015Q1,1,2015Q2,2014Q4,2014Q4,-0.3512175541878326,-8.377011214041941,0.4324683965402531,validation
IRL,2015Q1,1,2015Q2,2014Q4,2014Q4,0.1003344481605328,-0.1273074474856694,0.09973404255319,validation
ITA,2015Q1,1,2015Q2,2014Q4,2014Q4,0.1660026560424965,-2.343997465948655,0.0992391663910075,validation
LTU,2015Q1,1,2015Q2,2014Q4,2014Q4,0.179092597505992,-4.607345042821898,-0.3003399452127464,validation
LUX,2015Q1,1,2015Q2,2014Q4,2014Q4,-0.1170294579864172,-6.330918161301813,0.2855150891404312,validation
LVA,2015Q1,1,2015Q2,2014Q4,2014Q4,0.651388842012901,-0.3464283239797527,0.8072285154303582,validation
MLT,2015Q1,1,2015Q2,2014Q4,2014Q4,0.5806209228457648,-21.829843134224557,1.2695345040152128,validation
NLD,2015Q1,1,2015Q2,2014Q4,2014Q4,0.1948073758103019,-0.9144666688209124,0.3788130524357003,validation
AUT,2015Q2,1,2015Q3,2015Q1,2015Q1,0.6259939769228229,-1.9210176201447384,0.8814129520605674,validation
BEL,2015Q2,1,2015Q3,2015Q1,2015Q1,-0.386256003761809,-13.580465363177908,0.8363563079403447,validation
BGR,2015Q2,1,2015Q3,2015Q1,2015Q1,-1.7336304647047165,9.149692854833514,-0.9301098321184752,validation
CYP,2015Q2,1,2015Q3,2015Q1,2015Q1,-0.9548929918867466,-13.022551511546164,-2.0761917081689396,validation
CZE,2015Q2,1,2015Q3,2015Q1,2015Q1,0.0,1.3527223537369126,0.3335557038025349,validation
DEU,2015Q2,1,2015Q3,2015Q1,2015Q1,-0.1345895020188336,-4.578237692066467,1.0702341137123428,validation
DNK,2015Q2,1,2015Q3,2015Q1,2015Q1,-0.0334560053529608,-4.812499999999997,0.3676470588235281,validation
EST,2015Q2,1,2015Q3,2015Q1,2015Q1,-0.2476821635371884,-2.037497608570893,-0.0066476101841517,validation
FIN,2015Q2,1,2015Q3,2015Q1,2015Q1,-0.0600600600600631,-2.9896743447180296,-0.3226021019023695,validation
FRA,2015Q2,1,2015Q3,2015Q1,2015Q1,-0.2374581939799447,-0.429494114947071,0.1400326742906577,validation
GRC,2015Q2,1,2015Q3,2015Q1,2015Q1,-2.1760633036597365,-13.042223440791956,-0.8050414068428879,validation
HRV,2015Q2,1,2015Q3,2015Q1,2015Q1,-0.3284732696497539,-2.0365417458834023,-0.2738912354804723,validation
HUN,2015Q2,1,2015Q3,2015Q1,2015Q1,-0.949461971549459,-5.277935516436383,0.1796765821521218,validation
IRL,2015Q2,1,2015Q3,2015Q1,2015Q1,-0.3344481605351501,-3.802281368821292,0.0995685363425424,validation
ITA,2015Q2,1,2015Q3,2015Q1,2015Q1,-0.1347254968002587,-3.5782140595313594,0.3023177695667289,validation
LTU,2015Q2,1,2015Q3,2015Q1,2015Q1,-1.317273873515168,-9.723342939481284,-0.6859983429991723,validation
LUX,2015Q2,1,2015Q3,2015Q1,2015Q1,-0.4717454581953162,-8.492008755884761,0.0232952843688627,validation
LVA,2015Q2,1,2015Q3,2015Q1,2015Q1,0.0704414329800062,7.527744817477466,-0.1232922359213906,validation
MLT,2015Q2,1,2015Q3,2015Q1,2015Q1,0.6265794301934857,-22.339334256552306,1.4044479693334777,validation
NLD,2015Q2,1,2015Q3,2015Q1,2015Q1,-0.4668973161801815,-2.2910097174850375,0.509117529615355,validation
AUT,2015Q3,1,2015Q4,2015Q2,2015Q2,0.9757896854670988,-1.44936955673991,0.7347538574577372,validation
BEL,2015Q3,1,2015Q4,2015Q2,2015Q2,0.6921456515197155,-4.012980336717675,1.3352120236178378,validation
BGR,2015Q3,1,2015Q4,2015Q2,2015Q2,-0.5868970292459696,8.112290804390842,-1.012280119482234,validation
CYP,2015Q3,1,2015Q4,2015Q2,2015Q2,-1.848422830783236,-19.449928333829114,-1.296639322572124,validation
CZE,2015Q3,1,2015Q4,2015Q2,2015Q2,0.7016371533578036,1.6254656281747604,0.0,validation
DEU,2015Q3,1,2015Q4,2015Q2,2015Q2,1.2432795698924748,-4.515522107243653,0.5369127516778871,validation
DNK,2015Q3,1,2015Q4,2015Q2,2015Q2,0.400133377792633,-5.444305381727199,0.1670564650851913,validation
EST,2015Q3,1,2015Q4,2015Q2,2015Q2,0.4084614618271143,-2.4618764538640425,0.1139295647220484,validation
FIN,2015Q3,1,2015Q4,2015Q2,2015Q2,0.033294489761948,-1.1848572637609744,-0.2722985986584048,validation
FRA,2015Q3,1,2015Q4,2015Q2,2015Q2,0.266178672433881,0.1395812562313025,0.1769675114360991,validation
GRC,2015Q3,1,2015Q4,2015Q2,2015Q2,-1.4427941896523857,-12.687444447630249,0.0632174347030556,validation
HRV,2015Q3,1,2015Q4,2015Q2,2015Q2,-0.0066273444230824,-2.3755582885623627,-0.416777807415325,validation
HUN,2015Q3,1,2015Q4,2015Q2,2015Q2,0.4324683965402531,-2.721375283814498,0.5941391695478249,validation
IRL,2015Q3,1,2015Q4,2015Q2,2015Q2,0.09973404255319,-3.5476718403547935,0.0,validation
ITA,2015Q3,1,2015Q4,2015Q2,2015Q2,0.0992391663910075,-3.592233009708745,0.1657275439177929,validation
LTU,2015Q3,1,2015Q4,2015Q2,2015Q2,-0.3003399452127464,-10.0970583843512,-0.4072038667814581,validation
LUX,2015Q3,1,2015Q4,2015Q2,2015Q2,0.2855150891404312,-5.83663517220362,0.3950187466523536,validation
LVA,2015Q3,1,2015Q4,2015Q2,2015Q2,0.8072285154303582,6.76631195743489,0.0938904164710541,validation
MLT,2015Q3,1,2015Q4,2015Q2,2015Q2,1.2695345040152128,-0.5618163191116632,1.3854460253319043,validation
NLD,2015Q3,1,2015Q4,2015Q2,2015Q2,0.3788130524357003,-2.0238595583718544,0.4223794039757367,validation
AUT,2015Q4,1,2016Q1,2015Q3,2015Q3,0.8814129520605674,-2.822933904409619,1.02562378102089,validation
BEL,2015Q4,1,2016Q1,2015Q3,2015Q3,0.8363563079403447,-0.9758014342316712,1.5307842740575728,validation
BGR,2015Q4,1,2016Q1,2015Q3,2015Q3,-0.9301098321184752,5.890279797155928,-1.0938802734700492,validation
CYP,2015Q4,1,2016Q1,2015Q3,2015Q3,-2.0761917081689396,-20.83201435053286,-1.8135850328670045,validation
CZE,2015Q4,1,2016Q1,2015Q3,2015Q3,0.3335557038025349,0.7725898555593025,0.4349280695884916,validation
DEU,2015Q4,1,2016Q1,2015Q3,2015Q3,1.0702341137123428,-6.371625863151287,0.1347708894878563,validation
DNK,2015Q4,1,2016Q1,2015Q3,2015Q3,0.3676470588235281,-5.47295159759571,0.0669344042838249,validation
EST,2015Q4,1,2016Q1,2015Q3,2015Q3,-0.0066476101841517,-4.931463181383489,0.295272288024706,validation
FIN,2015Q4,1,2016Q1,2015Q3,2015Q3,-0.3226021019023695,-2.9252012302859787,-0.0434027777777679,validation
FRA,2015Q4,1,2016Q1,2015Q3,2015Q3,0.1400326742906577,-0.2147074610842736,0.0435817493043666,validation
GRC,2015Q4,1,2016Q1,2015Q3,2015Q3,-0.8050414068428879,-13.37026671997259,-0.242669362992931,validation
HRV,2015Q4,1,2016Q1,2015Q3,2015Q3,-0.2738912354804723,-3.5629991270329064,-0.5481386824494616,validation
HUN,2015Q4,1,2016Q1,2015Q3,2015Q3,0.1796765821521218,-2.032746168175459,0.3733351271357321,validation
IRL,2015Q4,1,2016Q1,2015Q3,2015Q3,0.0995685363425424,-5.643127364438816,-0.2684563758389102,validation
ITA,2015Q4,1,2016Q1,2015Q3,2015Q3,0.3023177695667289,-1.4319014319014056,0.0,validation
LTU,2015Q4,1,2016Q1,2015Q3,2015Q3,-0.6859983429991723,-8.85716957023095,0.6623852594062285,validation
LUX,2015Q4,1,2016Q1,2015Q3,2015Q3,0.0232952843688627,-8.701780188130037,-0.1647169557617123,validation
LVA,2015Q4,1,2016Q1,2015Q3,2015Q3,-0.1232922359213906,2.461645746164587,-0.5061509067140202,validation
MLT,2015Q4,1,2016Q1,2015Q3,2015Q3,1.4044479693334777,-1.0405275540974923,0.9357368928031072,validation
NLD,2015Q4,1,2016Q1,2015Q3,2015Q3,0.509117529615355,-2.743932316336195,0.3543466522678118,validation
AUT,2016Q1,1,2016Q2,2015Q4,2015Q4,0.7347538574577372,-2.73015035610662,0.6243150798658004,validation
BEL,2016Q1,1,2016Q2,2015Q4,2015Q4,1.3352120236178378,0.1145887899423936,1.6437537358039656,validation
BGR,2016Q1,1,2016Q2,2015Q4,2015Q4,-1.012280119482234,-2.1566626057752725,-2.315014427382167,validation
CYP,2016Q1,1,2016Q2,2015Q4,2015Q4,-1.296639322572124,-22.639479057447176,-2.0056927252267265,validation
CZE,2016Q1,1,2016Q2,2015Q4,2015Q4,0.0,0.7042253521126307,0.1327140013271499,validation
DEU,2016Q1,1,2016Q2,2015Q4,2015Q4,0.5369127516778871,-6.299968020466872,-0.0995685363425424,validation
DNK,2016Q1,1,2016Q2,2015Q4,2015Q4,0.1670564650851913,-7.217144658052332,-0.0996346728661556,validation
EST,2016Q1,1,2016Q2,2015Q4,2015Q4,0.1139295647220484,-6.504792332268339,0.1256779997354185,validation
FIN,2016Q1,1,2016Q2,2015Q4,2015Q4,-0.2722985986584048,-2.87655868575577,0.299550673989013,validation
FRA,2016Q1,1,2016Q2,2015Q4,2015Q4,0.1769675114360991,-1.753343239227334,0.0929152148664291,validation
GRC,2016Q1,1,2016Q2,2015Q4,2015Q4,0.0632174347030556,-6.972876151484131,-0.132481038651322,validation
HRV,2016Q1,1,2016Q2,2015Q4,2015Q4,-0.416777807415325,-3.873250868478318,-1.0836426299045354,validation
HUN,2016Q1,1,2016Q2,2015Q4,2015Q4,0.5941391695478249,-0.2028802341437541,0.0,validation
IRL,2016Q1,1,2016Q2,2015Q4,2015Q4,0.0,-6.755895474824703,-0.0996346728661556,validation
ITA,2016Q1,1,2016Q2,2015Q4,2015Q4,0.1657275439177929,-2.1407719753486987,-0.2974223397224196,validation
LTU,2016Q1,1,2016Q2,2015Q4,2015Q4,-0.4072038667814581,-10.749284801266056,0.436970338983067,validation
LUX,2016Q1,1,2016Q2,2015Q4,2015Q4,0.3950187466523536,-8.724321582551365,-0.5495414970040136,validation
LVA,2016Q1,1,2016Q2,2015Q4,2015Q4,0.0938904164710541,1.8633108530904163,-0.7216766624925874,validation
MLT,2016Q1,1,2016Q2,2015Q4,2015Q4,1.3854460253319043,-1.9177540529853765,0.9443274545932744,validation
NLD,2016Q1,1,2016Q2,2015Q4,2015Q4,0.4223794039757367,-3.606835376989304,-0.2052436440677651,validation
AUT,2016Q2,1,2016Q3,2016Q1,2016Q1,1.02562378102089,-3.126550868486355,0.7603294761062918,validation
BEL,2016Q2,1,2016Q3,2016Q1,2016Q1,1.5307842740575728,-1.8359268359268488,1.9419739515672552,validation
BGR,2016Q2,1,2016Q3,2016Q1,2016Q1,-1.0938802734700492,-2.395997893628232,-1.0919865499217307,validation
CYP,2016Q2,1,2016Q3,2016Q1,2016Q1,-1.8135850328670045,-20.981782005844664,-0.4755614266843011,validation
CZE,2016Q2,1,2016Q3,2016Q1,2016Q1,0.4349280695884916,0.5338672005338552,0.5319148936170137,validation
DEU,2016Q2,1,2016Q3,2016Q1,2016Q1,0.1347708894878563,-6.506736772921484,0.3970880211780381,validation
DNK,2016Q2,1,2016Q3,2016Q1,2016Q1,0.0669344042838249,-3.282994090610658,-0.066600066600031,validation
EST,2016Q2,1,2016Q3,2016Q1,2016Q1,0.295272288024706,-5.875077303648746,1.2032974338518798,validation
FIN,2016Q2,1,2016Q3,2016Q1,2016Q1,-0.0434027777777679,-3.8678194799240506,0.5071569183544122,validation
FRA,2016Q2,1,2016Q3,2016Q1,2016Q1,0.0435817493043666,-2.9074744813960995,0.4261694689528861,validation
GRC,2016Q2,1,2016Q3,2016Q1,2016Q1,-0.242669362992931,-7.912379688018579,0.18958922334944,validation
HRV,2016Q2,1,2016Q3,2016Q1,2016Q1,-0.5481386824494616,-4.943916318542129,-1.072102180602874,validation
HUN,2016Q2,1,2016Q3,2016Q1,2016Q1,0.3733351271357321,-0.0999167360532848,0.1129267968646319,validation
IRL,2016Q2,1,2016Q3,2016Q1,2016Q1,-0.2684563758389102,-6.884057971014467,-0.1989389920424855,validation
ITA,2016Q2,1,2016Q3,2016Q1,2016Q1,0.0,-2.627257799671612,-0.0669792364367594,validation
LTU,2016Q2,1,2016Q3,2016Q1,2016Q1,0.6623852594062285,-4.740471174104599,0.3737319807795236,validation
LUX,2016Q2,1,2016Q3,2016Q1,2016Q1,-0.1647169557617123,-9.322672608709892,-0.1064679265371459,validation
LVA,2016Q2,1,2016Q3,2016Q1,2016Q1,-0.5061509067140202,-6.718379799422259,0.1701531378240472,validation
MLT,2016Q2,1,2016Q3,2016Q1,2016Q1,0.9357368928031072,-1.70722847802397,0.961350452975296,validation
NLD,2016Q2,1,2016Q3,2016Q1,2016Q1,0.3543466522678118,-4.939735230191666,-0.1887104783976134,validation
AUT,2016Q3,1,2016Q4,2016Q2,2016Q2,0.6243150798658004,-2.832552924882925,1.472050925004953,validation
BEL,2016Q3,1,2016Q4,2016Q2,2016Q2,1.6437537358039656,1.6334728033472912,1.959875521419563,validation
BGR,2016Q3,1,2016Q4,2016Q2,2016Q2,-2.315014427382167,-2.373581011351922,-0.781223805532294,validation
CYP,2016Q3,1,2016Q4,2016Q2,2016Q2,-2.0056927252267265,-20.530468356555343,-0.5797587131367021,validation
CZE,2016Q3,1,2016Q4,2016Q2,2016Q2,0.1327140013271499,-0.5664778407198146,1.5050167224080369,validation
DEU,2016Q3,1,2016Q4,2016Q2,2016Q2,-0.0995685363425424,-5.747126436781591,1.0347129506008024,validation
DNK,2016Q3,1,2016Q4,2016Q2,2016Q2,-0.0996346728661556,-2.74652547981471,0.1667778519012674,validation
EST,2016Q3,1,2016Q4,2016Q2,2016Q2,0.1256779997354185,-5.472010599536247,1.5798105566154683,validation
FIN,2016Q3,1,2016Q4,2016Q2,2016Q2,0.299550673989013,-2.167539611951097,0.7924880127863521,validation
FRA,2016Q3,1,2016Q4,2016Q2,2016Q2,0.0929152148664291,-2.512279304393983,0.6566228918072348,validation
GRC,2016Q3,1,2016Q4,2016Q2,2016Q2,-0.132481038651322,-8.209641402863532,0.2360843253308209,validation
HRV,2016Q3,1,2016Q4,2016Q2,2016Q2,-1.0836426299045354,-6.395040445564259,0.1941942612247782,validation
HUN,2016Q3,1,2016Q4,2016Q2,2016Q2,0.0,-0.0933613417358314,1.3147357180993249,validation
IRL,2016Q3,1,2016Q4,2016Q2,2016Q2,-0.0996346728661556,-5.845648604269293,-0.2672903441363283,validation
ITA,2016Q3,1,2016Q4,2016Q2,2016Q2,-0.2974223397224196,-6.27727425310507,0.1654533421575399,validation
LTU,2016Q3,1,2016Q4,2016Q2,2016Q2,0.436970338983067,-4.222030294977419,1.239902935212589,validation
LUX,2016Q3,1,2016Q4,2016Q2,2016Q2,-0.5495414970040136,-11.8854183524842,0.9769923307769268,validation
LVA,2016Q3,1,2016Q4,2016Q2,2016Q2,-0.7216766624925874,-8.389888856103077,1.4673366834170751,validation
MLT,2016Q3,1,2016Q4,2016Q2,2016Q2,0.9443274545932744,-1.2795373724617254,0.7569414207723391,validation
NLD,2016Q3,1,2016Q4,2016Q2,2016Q2,-0.2052436440677651,-6.180498267612622,0.4639983977033468,validation
AUT,2016Q4,1,2017Q1,2016Q3,2016Q3,0.7603294761062918,-1.5526394871281155,2.180208368005898,validation
BEL,2016Q4,1,2017Q1,2016Q3,2016Q3,1.9419739515672552,3.4225058695148913,2.9556323060573986,validation
BGR,2016Q4,1,2017Q1,2016Q3,2016Q3,-1.0919865499217307,-1.83523107836574,0.7687898303941676,validation
CYP,2016Q4,1,2017Q1,2016Q3,2016Q3,-0.4755614266843011,-13.97487587884443,1.191334500635155,validation
CZE,2016Q4,1,2017Q1,2016Q3,2016Q3,0.5319148936170137,-1.033333333333364,2.4983344437041977,validation
DEU,2016Q4,1,2017Q1,2016Q3,2016Q3,0.3970880211780381,-4.290982232651674,1.7833109017496571,validation
DNK,2016Q4,1,2017Q1,2016Q3,2016Q3,-0.066600066600031,-2.978580990629187,0.836120401337781,validation
EST,2016Q4,1,2017Q1,2016Q3,2016Q3,1.2032974338518798,-4.701069644234302,3.091231474356815,validation
FIN,2016Q4,1,2017Q1,2016Q3,2016Q3,0.5071569183544122,-0.1381960361331979,1.0822004742977454,validation
FRA,2016Q4,1,2017Q1,2016Q3,2016Q3,0.4261694689528861,-0.9615384615384804,1.4576770993900867,validation
GRC,2016Q4,1,2017Q1,2016Q3,2016Q3,0.18958922334944,-7.852056962025311,1.540644638151245,validation
HRV,2016Q4,1,2017Q1,2016Q3,2016Q3,-1.072102180602874,-4.988768565393764,1.1462771353215606,validation
HUN,2016Q4,1,2017Q1,2016Q3,2016Q3,0.1129267968646319,-0.0667178169930005,2.6371343363602806,validation
IRL,2016Q4,1,2017Q1,2016Q3,2016Q3,-0.1989389920424855,-5.145339124624149,0.3701211305518148,validation
ITA,2016Q4,1,2017Q1,2016Q3,2016Q3,-0.0669792364367594,-4.932432432432455,1.3490725126475978,validation
LTU,2016Q4,1,2017Q1,2016Q3,2016Q3,0.3737319807795236,-5.9873482646606195,2.9527690560491537,validation
LUX,2016Q4,1,2017Q1,2016Q3,2016Q3,-0.1064679265371459,-8.074638386414733,2.5691100710461434,validation
LVA,2016Q4,1,2017Q1,2016Q3,2016Q3,0.1701531378240472,-6.115156877424621,3.109628731217584,validation
MLT,2016Q4,1,2017Q1,2016Q3,2016Q3,0.961350452975296,-0.6362388239627648,1.2678936605317048,validation
NLD,2016Q4,1,2017Q1,2016Q3,2016Q3,-0.1887104783976134,-5.884526248614486,1.3047718330699398,validation
AUT,2017Q1,1,2017Q2,2016Q4,2016Q4,1.472050925004953,0.5355932203390035,2.1550443879740255,test
BEL,2017Q1,1,2017Q2,2016Q4,2016Q4,1.959875521419563,5.23561921580169,2.0353490803358465,test
BGR,2017Q1,1,2017Q2,2016Q4,2016Q4,-0.781223805532294,-1.231659711939692,1.3852578684684147,test
CYP,2017Q1,1,2017Q2,2016Q4,2016Q4,-0.5797587131367021,-2.107928808360382,1.2868143744933835,test
CZE,2017Q1,1,2017Q2,2016Q4,2016Q4,1.5050167224080369,-0.9990009990009984,2.319416832339316,test
DEU,2017Q1,1,2017Q2,2016Q4,2016Q4,1.0347129506008024,-1.638225255972714,1.6611295681063345,test
DNK,2017Q1,1,2017Q2,2016Q4,2016Q4,0.1667778519012674,0.1358695652174057,0.6981382978723083,test
EST,2017Q1,1,2017Q2,2016Q4,2016Q4,1.5798105566154683,-0.932886823400758,3.395653035608115,test
FIN,2017Q1,1,2017Q2,2016Q4,2016Q4,0.7924880127863521,2.798722912845575,0.9324705491952744,test
FRA,2017Q1,1,2017Q2,2016Q4,2016Q4,0.6566228918072348,0.5545472877596325,1.0310645492822346,test
GRC,2017Q1,1,2017Q2,2016Q4,2016Q4,0.2360843253308209,3.225140970980611,1.3431499353298015,test
HRV,2017Q1,1,2017Q2,2016Q4,2016Q4,0.1941942612247782,-3.6206430694406655,1.1457670273710807,test
HUN,2017Q1,1,2017Q2,2016Q4,2016Q4,1.3147357180993249,0.0033326667999711,2.1099701888042333,test
IRL,2017Q1,1,2017Q2,2016Q4,2016Q4,-0.2672903441363283,-2.5632262474367784,0.0332446808510411,test
ITA,2017Q1,1,2017Q2,2016Q4,2016Q4,0.1654533421575399,-5.469008949287368,1.590984421610897,test
LTU,2017Q1,1,2017Q2,2016Q4,2016Q4,1.239902935212589,-4.467025847370931,3.401450230718539,test
LUX,2017Q1,1,2017Q2,2016Q4,2016Q4,0.9769923307769268,-3.2265907196443178,2.003927965114327,test
LVA,2017Q1,1,2017Q2,2016Q4,2016Q4,1.4673366834170751,-5.303392259913975,3.0305041988913484,test
MLT,2017Q1,1,2017Q2,2016Q4,2016Q4,0.7569414207723391,-0.3124370086675987,1.1049903843019626,test
NLD,2017Q1,1,2017Q2,2016Q4,2016Q4,0.4639983977033468,-5.145815007781307,1.0415975585484016,test
AUT,2017Q2,1,2017Q3,2017Q1,2017Q1,2.180208368005898,0.4610655737705027,2.2108224391858444,test
BEL,2017Q2,1,2017Q3,2017Q1,2017Q1,2.9556323060573986,17.930890634777175,1.921317474839901,test
BGR,2017Q2,1,2017Q3,2017Q1,2017Q1,0.7687898303941676,-0.2967359050445095,0.8751556767309321,test
CYP,2017Q2,1,2017Q3,2017Q1,2017Q1,1.191334500635155,16.339457843175808,0.1825059729227529,test
CZE,2017Q2,1,2017Q3,2017Q1,2017Q1,2.4983344437041977,-1.4271490209094018,2.414021164021163,test
DEU,2017Q2,1,2017Q3,2017Q1,2017Q1,1.7833109017496571,2.2847100175747093,1.8127883981542416,test
DNK,2017Q2,1,2017Q3,2017Q1,2017Q1,0.836120401337781,0.3394433129667584,1.532822392535782,test
EST,2017Q2,1,2017Q3,2017Q1,2017Q1,3.091231474356815,-0.1175738294487582,4.0268015502857635,test
FIN,2017Q2,1,2017Q3,2017Q1,2017Q1,1.0822004742977454,6.585357544373682,0.7236994987219081,test
FRA,2017Q2,1,2017Q3,2017Q1,2017Q1,1.4576770993900867,4.876725336588983,0.9481815469283728,test
GRC,2017Q2,1,2017Q3,2017Q1,2017Q1,1.540644638151245,11.443090895984987,0.8498771661908044,test
HRV,2017Q2,1,2017Q3,2017Q1,2017Q1,1.1462771353215606,-5.906983182227165,1.4382713984680606,test
HUN,2017Q2,1,2017Q3,2017Q1,2017Q1,2.6371343363602806,0.2967161193532464,2.4749518943666393,test
IRL,2017Q2,1,2017Q3,2017Q1,2017Q1,0.3701211305518148,1.8040325433321236,0.1328903654485014,test
ITA,2017Q2,1,2017Q3,2017Q1,2017Q1,1.3490725126475978,-1.5851602023608469,1.3069705093834203,test
LTU,2017Q2,1,2017Q3,2017Q1,2017Q1,2.9527690560491537,-4.875841962400706,4.451462765957448,test
LUX,2017Q2,1,2017Q3,2017Q1,2017Q1,2.5691100710461434,3.115062156692705,2.025046629363203,test
LVA,2017Q2,1,2017Q3,2017Q1,2017Q1,3.109628731217584,-1.3778226227340484,2.907673860911264,test
MLT,2017Q2,1,2017Q3,2017Q1,2017Q1,1.2678936605317048,-0.3124370086675987,1.22978599786967,test
NLD,2017Q2,1,2017Q3,2017Q1,2017Q1,1.3047718330699398,-0.2424998267858136,1.4760514793684454,test
AUT,2017Q3,1,2017Q4,2017Q2,2017Q2,2.1550443879740255,-1.072386058981245,2.3753512383192676,test
BEL,2017Q3,1,2017Q4,2017Q2,2017Q2,2.0353490803358465,9.03731515331161,1.9968829144749731,test
BGR,2017Q3,1,2017Q4,2017Q2,2017Q2,1.3852578684684147,3.321284866671226,1.7268180589348423,test
CYP,2017Q3,1,2017Q4,2017Q2,2017Q2,1.2868143744933835,27.65103506548372,0.0505612296491042,test
CZE,2017Q3,1,2017Q4,2017Q2,2017Q2,2.319416832339316,-0.8378016085790696,2.471169686985175,test
DEU,2017Q3,1,2017Q4,2017Q2,2017Q2,1.6611295681063345,0.871080139372804,1.552692434753844,test
DNK,2017Q3,1,2017Q4,2017Q2,2017Q2,0.6981382978723083,-1.224906430758721,1.1655011655011815,test
EST,2017Q3,1,2017Q4,2017Q2,2017Q2,3.395653035608115,0.3959632770341059,4.079211835645324,test
FIN,2017Q3,1,2017Q4,2017Q2,2017Q2,0.9324705491952744,5.094447624499132,0.6210769739015465,test
FRA,2017Q3,1,2017Q4,2017Q2,2017Q2,1.0310645492822346,4.149787234042535,1.2152720288751029,test
GRC,2017Q3,1,2017Q4,2017Q2,2017Q2,1.3431499353298015,9.934888380080164,0.8260076297893493,test
HRV,2017Q3,1,2017Q4,2017Q2,2017Q2,1.1457670273710807,-4.905259429785735,1.4770258980785431,test
HUN,2017Q3,1,2017Q4,2017Q2,2017Q2,2.1099701888042333,0.6241030604412057,2.32527501482116,test
IRL,2017Q3,1,2017Q4,2017Q2,2017Q2,0.0332446808510411,-0.7324729682594899,0.5025125628140614,test
ITA,2017Q3,1,2017Q4,2017Q2,2017Q2,1.590984421610897,5.4441260744985565,1.057152296002606,test
LTU,2017Q3,1,2017Q4,2017Q2,2017Q2,3.401450230718539,-1.8555127804945504,4.061597058050936,test
LUX,2017Q3,1,2017Q4,2017Q2,2017Q2,2.003927965114327,2.8982845388090706,1.8459201532213143,test
LVA,2017Q3,1,2017Q4,2017Q2,2017Q2,3.0305041988913484,1.3456445494237856,2.532356048600115,test
MLT,2017Q3,1,2017Q4,2017Q2,2017Q2,1.1049903843019626,-0.1043630487476354,1.44599940165544,test
NLD,2017Q3,1,2017Q4,2017Q2,2017Q2,1.0415975585484016,1.1079065841305802,1.3523391812865435,test
AUT,2017Q4,1,2018Q1,2017Q3,2017Q3,2.2108224391858444,-1.3702347035680296,1.9708124307772137,test
BEL,2017Q4,1,2018Q1,2017Q3,2017Q3,1.921317474839901,5.045402225348528,1.5773175924133742,test
BGR,2017Q4,1,2018Q1,2017Q3,2017Q3,0.8751556767309321,4.714792576419202,1.5626568512631556,test
CYP,2017Q4,1,2018Q1,2017Q3,2017Q3,0.1825059729227529,10.33814928148118,-0.7667774988125209,test
CZE,2017Q4,1,2018Q1,2017Q3,2017Q3,2.414021164021163,-0.3031323678005626,1.722456938576511,test
DEU,2017Q4,1,2018Q1,2017Q3,2017Q3,1.8127883981542416,1.225919439579637,1.454545454545464,test
DNK,2017Q4,1,2018Q1,2017Q3,2017Q3,1.532822392535782,-0.344946533287338,0.4975124378109541,test
EST,2017Q4,1,2018Q1,2017Q3,2017Q3,4.0268015502857635,3.0048203792969685,3.225701768619227,test
FIN,2017Q4,1,2018Q1,2017Q3,2017Q3,0.7236994987219081,5.282343808012979,0.7765257905693268,test
FRA,2017Q4,1,2018Q1,2017Q3,2017Q3,0.9481815469283728,2.552787018806457,1.5060937345179548,test
GRC,2017Q4,1,2018Q1,2017Q3,2017Q3,0.8498771661908044,9.333190241110412,0.2695148732281938,test
HRV,2017Q4,1,2018Q1,2017Q3,2017Q3,1.4382713984680606,-4.14622957761387,1.113228362250518,test
HUN,2017Q4,1,2018Q1,2017Q3,2017Q3,2.4749518943666393,0.7477384250759389,2.017629774730656,test
IRL,2017Q4,1,2018Q1,2017Q3,2017Q3,0.1328903654485014,-0.0704473406128891,0.5028494803888783,test
ITA,2017Q4,1,2018Q1,2017Q3,2017Q3,1.3069705093834203,3.837953091684465,0.8652246256239726,test
LTU,2017Q4,1,2018Q1,2017Q3,2017Q3,4.451462765957448,4.5355350258238,3.0919473103627526,test
LUX,2017Q4,1,2018Q1,2017Q3,2017Q3,2.025046629363203,1.63922456281258,1.171951940122118,test
LVA,2017Q4,1,2018Q1,2017Q3,2017Q3,2.907673860911264,3.0301931929392234,2.0323476556118214,test
MLT,2017Q4,1,2018Q1,2017Q3,2017Q3,1.22978599786967,0.5257304620362113,1.2823101777059698,test
NLD,2017Q4,1,2018Q1,2017Q3,2017Q3,1.4760514793684454,2.6801327575746603,1.251452282157639,test
AUT,2018Q1,1,2018Q2,2017Q4,2017Q4,2.3753512383192676,-0.3843819542787785,2.135426762292414,test
BEL,2018Q1,1,2018Q2,2017Q4,2017Q4,1.9968829144749731,6.566190180236164,2.1612448770491843,test
BGR,2018Q1,1,2018Q2,2017Q4,2017Q4,1.7268180589348423,5.781942078364577,2.3508924684370935,test
CYP,2018Q1,1,2018Q2,2017Q4,2017Q4,0.0505612296491042,1.9055600087444449,0.8036279969322324,test
CZE,2018Q1,1,2018Q2,2017Q4,2017Q4,2.471169686985175,-0.2690884628321566,2.072538860103612,test
DEU,2018Q1,1,2018Q2,2017Q4,2017Q4,1.552692434753844,1.5961138098542715,1.9281045751633696,test
DNK,2018Q1,1,2018Q2,2017Q4,2017Q4,1.1655011655011815,-0.3731343283582156,0.924397490921125,test
EST,2018Q1,1,2018Q2,2017Q4,2017Q4,4.079211835645324,-0.2069607809320195,3.284135199028815,test
FIN,2018Q1,1,2018Q2,2017Q4,2017Q4,0.6210769739015465,4.407586070177749,1.0126249342451432,test
FRA,2018Q1,1,2018Q2,2017Q4,2017Q4,1.2152720288751029,3.1886092449613823,2.14609175034457,test
GRC,2018Q1,1,2018Q2,2017Q4,2017Q4,0.8260076297893493,1.645459996002918,0.7428496629360737,test
HRV,2018Q1,1,2018Q2,2017Q4,2017Q4,1.4770258980785431,-1.0513036164844447,1.7952369911562904,test
HUN,2018Q1,1,2018Q2,2017Q4,2017Q4,2.32527501482116,1.4396640783817194,2.805981769228283,test
IRL,2018Q1,1,2018Q2,2017Q4,2017Q4,0.5025125628140614,3.40231497720096,0.4320372216683132,test
ITA,2018Q1,1,2018Q2,2017Q4,2017Q4,1.057152296002606,3.5063113604488105,0.978792822185981,test
LTU,2018Q1,1,2018Q2,2017Q4,2017Q4,4.061597058050936,2.859080525414059,2.5341068468698325,test
LUX,2018Q1,1,2018Q2,2017Q4,2017Q4,1.8459201532213143,3.086530524351283,1.9319257252880195,test
LVA,2018Q1,1,2018Q2,2017Q4,2017Q4,2.532356048600115,3.1605881504973565,2.374355670103112,test
MLT,2018Q1,1,2018Q2,2017Q4,2017Q4,1.44599940165544,0.7885956930542948,1.724804951963388,test
NLD,2018Q1,1,2018Q2,2017Q4,2017Q4,1.3523391812865435,3.281378178835115,1.526592252133896,test
AUT,2018Q2,1,2018Q3,2018Q1,2018Q1,1.9708124307772137,-0.0577936426992886,2.2439529838422567,test
BEL,2018Q2,1,2018Q3,2018Q1,2018Q1,1.5773175924133742,1.202688362221438,2.7314696075916745,test
BGR,2018Q2,1,2018Q3,2018Q1,2018Q1,1.5626568512631556,5.445075757575757,3.623744536020568,test
CYP,2018Q2,1,2018Q3,2018Q1,2018Q1,-0.7667774988125209,-2.130537707135638,1.583253287403541,test
CZE,2018Q2,1,2018Q3,2018Q1,2018Q1,1.722456938576511,1.1784511784511895,2.2602518566354535,test
DEU,2018Q2,1,2018Q3,2018Q1,2018Q1,1.454545454545464,1.0309278350515427,2.201359663321467,test
DNK,2018Q2,1,2018Q3,2018Q1,2018Q1,0.4975124378109541,-0.5074424898511509,0.7220216606498298,test
EST,2018Q2,1,2018Q3,2018Q1,2018Q1,3.225701768619227,3.7598670544245927,3.460469815610012,test
FIN,2018Q2,1,2018Q3,2018Q1,2018Q1,0.7765257905693268,2.310937799654811,1.397448996407502,test
FRA,2018Q2,1,2018Q3,2018Q1,2018Q1,1.5060937345179548,3.411479385610372,2.555092121251912,test
GRC,2018Q2,1,2018Q3,2018Q1,2018Q1,0.2695148732281938,-0.3945538630703904,0.931595233392568,test
HRV,2018Q2,1,2018Q3,2018Q1,2018Q1,1.113228362250518,3.9719024677282944,1.994922016684808,test
HUN,2018Q2,1,2018Q3,2018Q1,2018Q1,2.017629774730656,1.512431857465768,3.519166019165998,test
IRL,2018Q2,1,2018Q3,2018Q1,2018Q1,0.5028494803888783,4.4822793606671185,1.0285335102853566,test
ITA,2018Q2,1,2018Q3,2018Q1,2018Q1,0.8652246256239726,5.140507196710065,1.6539861065167027,test
LTU,2018Q2,1,2018Q3,2018Q1,2018Q1,3.0919473103627526,6.827309236947787,2.180209427416524,test
LUX,2018Q2,1,2018Q3,2018Q1,2018Q1,1.171951940122118,3.58169201654166,2.530033951423327,test
LVA,2018Q2,1,2018Q3,2018Q1,2018Q1,2.0323476556118214,2.7412242017992305,2.9129041654529564,test
MLT,2018Q2,1,2018Q3,2018Q1,2018Q1,1.2823101777059698,1.0514609240724004,2.3722976850966138,test
NLD,2018Q2,1,2018Q3,2018Q1,2018Q1,1.251452282157639,8.24767328795668,1.7912594384336122,test
AUT,2018Q3,1,2018Q4,2018Q2,2018Q2,2.135426762292414,2.0102226338718943,2.128746050489938,test
BEL,2018Q3,1,2018Q4,2018Q2,2018Q2,2.1612448770491843,5.8054187936085855,2.766370610893598,test
BGR,2018Q3,1,2018Q4,2018Q2,2018Q2,2.3508924684370935,2.8019801980198045,2.9830913862405772,test
CYP,2018Q3,1,2018Q4,2018Q2,2018Q2,0.8036279969322324,0.6950190302830173,1.5228084360892291,test
CZE,2018Q3,1,2018Q4,2018Q2,2018Q2,2.072538860103612,1.6559648529908877,1.7684887459806786,test
DEU,2018Q3,1,2018Q4,2018Q2,2018Q2,1.9281045751633696,2.832469775474933,2.147039687703356,test
DNK,2018Q3,1,2018Q4,2018Q2,2018Q2,0.924397490921125,2.4112986565621553,0.6912442396312946,test
EST,2018Q3,1,2018Q4,2018Q2,2018Q2,3.284135199028815,5.183065163519607,3.6723968721309457,test
FIN,2018Q3,1,2018Q4,2018Q2,2018Q2,1.0126249342451432,2.8867102396514133,1.4872939785934849,test
FRA,2018Q3,1,2018Q4,2018Q2,2018Q2,2.14609175034457,4.9029221415964,2.1854347968330856,test
GRC,2018Q3,1,2018Q4,2018Q2,2018Q2,0.7428496629360737,0.9209541475478922,1.1482529446601442,test
HRV,2018Q3,1,2018Q4,2018Q2,2018Q2,1.7952369911562904,6.31284916201118,1.320512398327134,test
HUN,2018Q3,1,2018Q4,2018Q2,2018Q2,2.805981769228283,1.3300165837479172,3.292777134028557,test
IRL,2018Q3,1,2018Q4,2018Q2,2018Q2,0.4320372216683132,7.273366127898817,0.9000000000000119,test
ITA,2018Q3,1,2018Q4,2018Q2,2018Q2,0.978792822185981,-0.9171195652173948,1.471068976789791,test
LTU,2018Q3,1,2018Q4,2018Q2,2018Q2,2.5341068468698325,3.282917520672801,2.331745180323752,test
LUX,2018Q3,1,2018Q4,2018Q2,2018Q2,1.9319257252880195,8.296444380979606,2.4220219181635416,test
LVA,2018Q3,1,2018Q4,2018Q2,2018Q2,2.374355670103112,3.5666360618688,2.891643857671866,test
MLT,2018Q3,1,2018Q4,2018Q2,2018Q2,1.724804951963388,1.1188622653590885,1.5564584835179085,test
NLD,2018Q3,1,2018Q4,2018Q2,2018Q2,1.526592252133896,8.435662851775838,1.829328262793828,test
AUT,2018Q4,1,2019Q1,2018Q3,2018Q3,2.2439529838422567,3.363136176066006,1.6004855764623294,test
BEL,2018Q4,1,2019Q1,2018Q3,2018Q3,2.7314696075916745,11.557192427101716,1.987869550030208,test
BGR,2018Q4,1,2019Q1,2018Q3,2018Q3,3.623744536020568,3.8215937968332447,2.500658935160782,test
CYP,2018Q4,1,2019Q1,2018Q3,2018Q3,1.583253287403541,16.060520957663414,1.3334245076586315,test
CZE,2018Q4,1,2019Q1,2018Q3,2018Q3,2.2602518566354535,2.601351351351311,2.332268370607049,test
DEU,2018Q4,1,2019Q1,2018Q3,2018Q3,2.201359663321467,4.152249134948094,1.5640273704790042,test
DNK,2018Q4,1,2019Q1,2018Q3,2018Q3,0.7220216606498298,1.869158878504673,1.1551155115511635,test
EST,2018Q4,1,2019Q1,2018Q3,2018Q3,3.460469815610012,9.267292912041023,2.2949479707000897,test
FIN,2018Q4,1,2019Q1,2018Q3,2018Q3,1.397448996407502,5.501410618107183,1.2099154042888085,test
FRA,2018Q4,1,2019Q1,2018Q3,2018Q3,2.555092121251912,8.828202581926515,1.4251781472684133,test
GRC,2018Q4,1,2019Q1,2018Q3,2018Q3,0.931595233392568,1.87154402381966,0.7864609258337429,test
HRV,2018Q4,1,2019Q1,2018Q3,2018Q3,1.994922016684808,5.8754233544396905,0.8166369106658689,test
HUN,2018Q4,1,2019Q1,2018Q3,2018Q3,3.519166019165998,1.4876909313806586,3.2322068612391064,test
IRL,2018Q4,1,2019Q1,2018Q3,2018Q3,1.0285335102853566,11.808248149453648,0.867244829886582,test
ITA,2018Q4,1,2019Q1,2018Q3,2018Q3,1.6539861065167027,5.3730321697467165,1.0227647641042337,test
LTU,2018Q4,1,2019Q1,2018Q3,2018Q3,2.180209427416524,-0.2957447548797676,2.073957513768643,test
LUX,2018Q4,1,2019Q1,2018Q3,2018Q3,2.530033951423327,11.727729885057482,2.053927771829067,test
LVA,2018Q4,1,2019Q1,2018Q3,2018Q3,2.9129041654529564,4.225153913808244,2.80206231786595,test
MLT,2018Q4,1,2019Q1,2018Q3,2018Q3,2.3722976850966138,0.6235542592778698,1.2029375602299552,test
NLD,2018Q4,1,2019Q1,2018Q3,2018Q3,1.7912594384336122,11.757959126928942,2.4686905776670542,test
AUT,2019Q1,1,2019Q2,2018Q4,2018Q4,2.128746050489938,5.094096940157078,1.6637671991143632,test
BEL,2019Q1,1,2019Q2,2018Q4,2018Q4,2.766370610893598,13.46047298282449,1.6579433980004277,test
BGR,2019Q1,1,2019Q2,2018Q4,2018Q4,2.9830913862405772,4.911907752761957,2.768052874390614,test
CYP,2019Q1,1,2019Q2,2018Q4,2018Q4,1.5228084360892291,26.17898387500448,0.5722791928547633,test
CZE,2019Q1,1,2019Q2,2018Q4,2018Q4,1.7684887459806786,2.765598650927492,2.4428934010152226,test
DEU,2019Q1,1,2019Q2,2018Q4,2018Q4,2.147039687703356,4.849726775956276,1.6672010259698888,test
DNK,2019Q1,1,2019Q2,2018Q4,2018Q4,0.6912442396312946,2.2812393598910408,0.6869479882237295,test
EST,2019Q1,1,2019Q2,2018Q4,2018Q4,3.6723968721309457,12.104662818430034,2.9693782864212537,test
FIN,2019Q1,1,2019Q2,2018Q4,2018Q4,1.4872939785934849,7.642405063291147,1.3149329514386077,test
FRA,2019Q1,1,2019Q2,2018Q4,2018Q4,2.1854347968330856,9.040261717358211,1.3042919557954225,test
GRC,2019Q1,1,2019Q2,2018Q4,2018Q4,1.1482529446601442,6.599816489710331,0.6334253694981307,test
HRV,2019Q1,1,2019Q2,2018Q4,2018Q4,1.320512398327134,2.372857345233026,0.7874271955227385,test
HUN,2019Q1,1,2019Q2,2018Q4,2018Q4,3.292777134028557,1.2188311048326297,3.795910639909139,test
IRL,2019Q1,1,2019Q2,2018Q4,2018Q4,0.9000000000000119,7.089552238805941,1.2574454003970947,test
ITA,2019Q1,1,2019Q2,2018Q4,2018Q4,1.471068976789791,9.92547425474255,0.9046849757673447,test
LTU,2019Q1,1,2019Q2,2018Q4,2018Q4,2.331745180323752,7.610091265572416,2.549196381384644,test
LUX,2019Q1,1,2019Q2,2018Q4,2018Q4,2.4220219181635416,11.78846220798664,1.9689450936449584,test
LVA,2019Q1,1,2019Q2,2018Q4,2018Q4,2.891643857671866,4.635807860261987,3.294835887591674,test
MLT,2019Q1,1,2019Q2,2018Q4,2018Q4,1.5564584835179085,0.3611194703581066,1.7462681836909244,test
NLD,2019Q1,1,2019Q2,2018Q4,2018Q4,1.829328262793828,13.27485582069965,2.700080840743757,test
AUT,2019Q2,1,2019Q3,2019Q1,2019Q1,1.6004855764623294,3.8710116334444544,1.3491259184190474,test
BEL,2019Q2,1,2019Q3,2019Q1,2019Q1,1.987869550030208,7.27601071886288,0.8769192360504441,test
BGR,2019Q2,1,2019Q3,2019Q1,2019Q1,2.500658935160782,5.0195650779395695,2.2476251811302195,test
CYP,2019Q2,1,2019Q3,2019Q1,2019Q1,1.3334245076586315,15.469937802349731,0.0847761583357753,test
CZE,2019Q2,1,2019Q3,2019Q1,2019Q1,2.332268370607049,6.0232945091514,2.589201136722452,test
DEU,2019Q2,1,2019Q3,2019Q1,2019Q1,1.5640273704790042,4.251700680272119,1.0136205258156616,test
DNK,2019Q2,1,2019Q3,2019Q1,2019Q1,1.1551155115511635,2.210132607956461,0.4235907461713761,test
EST,2019Q2,1,2019Q3,2019Q1,2019Q1,2.2949479707000897,7.824491157824465,2.133178710937522,test
FIN,2019Q2,1,2019Q3,2019Q1,2019Q1,1.2099154042888085,7.97588178324844,1.0888997237120224,test
FRA,2019Q2,1,2019Q3,2019Q1,2019Q1,1.4251781472684133,4.440275171982466,1.2136932782528032,test
GRC,2019Q2,1,2019Q3,2019Q1,2019Q1,0.7864609258337429,2.5455371927659787,0.2446104171422991,test
HRV,2019Q2,1,2019Q3,2019Q1,2019Q1,0.8166369106658689,1.7756711824838067,0.6692098797361989,test
HUN,2019Q2,1,2019Q3,2019Q1,2019Q1,3.2322068612391064,1.1755460231179793,3.1368256450351906,test
IRL,2019Q2,1,2019Q3,2019Q1,2019Q1,0.867244829886582,3.9241769205188297,0.5582922824302061,test
ITA,2019Q2,1,2019Q3,2019Q1,2019Q1,1.0227647641042337,7.822685788787487,0.3254149040026188,test
LTU,2019Q2,1,2019Q3,2019Q1,2019Q1,2.073957513768643,8.580662181770204,2.342387241465249,test
LUX,2019Q2,1,2019Q3,2019Q1,2019Q1,2.053927771829067,8.333333333333348,1.359569522717874,test
LVA,2019Q2,1,2019Q3,2019Q1,2019Q1,2.80206231786595,7.097726804477711,2.8021511463345528,test
MLT,2019Q2,1,2019Q3,2019Q1,2019Q1,1.2029375602299552,0.1000500250124991,1.79717186818662,test
NLD,2019Q2,1,2019Q3,2019Q1,2019Q1,2.4686905776670542,17.227551249558836,2.8065893837705858,test
AUT,2019Q3,1,2019Q4,2019Q2,2019Q2,1.6637671991143632,3.191310488616894,1.3531249999999773,test
BEL,2019Q3,1,2019Q4,2019Q2,2019Q2,1.6579433980004277,2.195323874503985,0.4925345393717695,test
BGR,2019Q3,1,2019Q4,2019Q2,2019Q2,2.768052874390614,4.7064111207422155,2.319280023225057,test
CYP,2019Q3,1,2019Q4,2019Q2,2019Q2,0.5722791928547633,8.60805258833195,0.2289772350168917,test
CZE,2019Q3,1,2019Q4,2019Q2,2019Q2,2.4428934010152226,7.480053191489366,2.969984202211684,test
DEU,2019Q3,1,2019Q4,2019Q2,2019Q2,1.6672010259698888,3.829358414511286,1.178343949044569,test
DNK,2019Q3,1,2019Q4,2019Q2,2019Q2,0.6869479882237295,-0.3699966363942208,0.6538084341288108,test
EST,2019Q3,1,2019Q4,2019Q2,2019Q2,2.9693782864212537,5.086939208919561,1.6856505939475408,test
FIN,2019Q3,1,2019Q4,2019Q2,2019Q2,1.3149329514386077,8.376669884470456,0.9349422535666728,test
FRA,2019Q3,1,2019Q4,2019Q2,2019Q2,1.3042919557954225,4.798404686234203,1.251840942562632,test
GRC,2019Q3,1,2019Q4,2019Q2,2019Q2,0.6334253694981307,0.7803430929962829,0.4098493966105954,test
HRV,2019Q3,1,2019Q4,2019Q2,2019Q2,0.7874271955227385,2.921702574881757,0.8937857514300651,test
HUN,2019Q3,1,2019Q4,2019Q2,2019Q2,3.795910639909139,1.1979967922490342,3.5181203452681498,test
IRL,2019Q3,1,2019Q4,2019Q2,2019Q2,1.2574454003970947,4.814936128398295,0.8259002312520414,test
ITA,2019Q3,1,2019Q4,2019Q2,2019Q2,0.9046849757673447,6.5821049022968925,0.2899484536082797,test
LTU,2019Q3,1,2019Q4,2019Q2,2019Q2,2.549196381384644,4.447941971464742,2.004193389245157,test
LUX,2019Q3,1,2019Q4,2019Q2,2019Q2,1.9689450936449584,4.493011603375541,1.22827566557977,test
LVA,2019Q3,1,2019Q4,2019Q2,2019Q2,3.294835887591674,5.41462084015274,2.093700122054254,test
MLT,2019Q3,1,2019Q4,2019Q2,2019Q2,1.7462681836909244,0.0333277787035291,1.3228793598554445,test
NLD,2019Q3,1,2019Q4,2019Q2,2019Q2,2.700080840743757,15.988707814705494,2.7236727729306853,test
AUT,2019Q4,1,2020Q1,2019Q3,2019Q3,1.3491259184190474,2.6182713420720205,1.9777386492265017,test
BEL,2019Q4,1,2020Q1,2019Q3,2019Q3,0.8769192360504441,-4.924831518921735,0.9527664476756792,test
BGR,2019Q4,1,2020Q1,2019Q3,2019Q3,2.2476251811302195,4.1892867229422315,2.970010607180784,test
CYP,2019Q4,1,2020Q1,2019Q3,2019Q3,0.0847761583357753,0.468830343909743,0.6073284297185788,test
CZE,2019Q4,1,2020Q1,2019Q3,2019Q3,2.589201136722452,6.783009548896923,3.684046206681235,test
DEU,2019Q4,1,2020Q1,2019Q3,2019Q3,1.0136205258156616,2.757475083056482,1.5720243824189906,test
DNK,2019Q4,1,2020Q1,2019Q3,2019Q3,0.4235907461713761,-2.5144410465511413,0.5872756933115841,test
EST,2019Q4,1,2020Q1,2019Q3,2019Q3,2.133178710937522,-0.1219207202700967,1.536617597344736,test
FIN,2019Q4,1,2020Q1,2019Q3,2019Q3,1.0888997237120224,5.108180381670135,1.0626235137849438,test
FRA,2019Q4,1,2020Q1,2019Q3,2019Q3,1.2136932782528032,2.7313927669799343,1.3281575823682612,test
GRC,2019Q4,1,2020Q1,2019Q3,2019Q3,0.2446104171422991,0.2762164766339836,0.5564335572237455,test
HRV,2019Q4,1,2020Q1,2019Q3,2019Q3,0.6692098797361989,1.575104311543818,1.1543632964942985,test
HUN,2019Q4,1,2020Q1,2019Q3,2019Q3,3.1368256450351906,0.9533137446947616,4.352408704817412,test
IRL,2019Q4,1,2020Q1,2019Q3,2019Q3,0.5582922824302061,0.3783102143757988,0.8267195767195812,test
ITA,2019Q4,1,2020Q1,2019Q3,2019Q3,0.3254149040026188,-1.753816174082501,0.2286087524493885,test
LTU,2019Q4,1,2020Q1,2019Q3,2019Q3,2.342387241465249,-0.6072026800669983,2.466547450206602,test
LUX,2019Q4,1,2020Q1,2019Q3,2019Q3,1.359569522717874,0.4725928307345972,1.5674678875746917,test
LVA,2019Q4,1,2020Q1,2019Q3,2019Q3,2.8021511463345528,3.625194086275574,1.9375739829294192,test
MLT,2019Q4,1,2020Q1,2019Q3,2019Q3,1.79717186818662,0.0,1.224757839435231,test
NLD,2019Q4,1,2020Q1,2019Q3,2019Q3,2.8065893837705858,9.76830974965015,1.3309870420732617,test
AUT,2020Q1,1,2020Q2,2019Q4,2019Q4,1.3531249999999773,-0.2608779670842942,1.0578388973584874,test
BEL,2020Q1,1,2020Q2,2019Q4,2019Q4,0.4925345393717695,-9.457966023285111,-0.0030829942039733,test
BGR,2020Q1,1,2020Q2,2019Q4,2019Q4,2.319280023225057,2.4039051946457057,1.0729408768187287,test
CYP,2020Q1,1,2020Q2,2019Q4,2019Q4,0.2289772350168917,-2.734408206058214,-1.6182613557872538,test
CZE,2020Q1,1,2020Q2,2019Q4,2019Q4,2.969984202211684,7.0889399409255205,3.251780737070309,test
DEU,2020Q1,1,2020Q2,2019Q4,2019Q4,1.178343949044569,1.00977198697072,0.6937874487543461,test
DNK,2020Q1,1,2020Q2,2019Q4,2019Q4,0.6538084341288108,-1.8641810918774817,-0.0324886289798542,test
EST,2020Q1,1,2020Q2,2019Q4,2019Q4,1.6856505939475408,-2.7040360127030927,-1.441874436767765,test
FIN,2020Q1,1,2020Q2,2019Q4,2019Q4,0.9349422535666728,3.2544465676907386,-0.1317142122847725,test
FRA,2020Q1,1,2020Q2,2019Q4,2019Q4,1.251840942562632,0.6505465779467867,0.3329739328977954,test
GRC,2020Q1,1,2020Q2,2019Q4,2019Q4,0.4098493966105954,-3.2462342453120185,-1.168495803744363,test
HRV,2020Q1,1,2020Q2,2019Q4,2019Q4,0.8937857514300651,1.0343873244309076,-0.4261501210653717,test
HUN,2020Q1,1,2020Q2,2019Q4,2019Q4,3.5181203452681498,0.6458941901980042,2.5444596443228384,test
IRL,2020Q1,1,2020Q2,2019Q4,2019Q4,0.8259002312520414,1.0452961672473782,-0.5555555555555536,test
ITA,2020Q1,1,2020Q2,2019Q4,2019Q4,0.2899484536082797,-4.714946070878289,-0.1921229586935524,test
LTU,2020Q1,1,2020Q2,2019Q4,2019Q4,2.004193389245157,-6.775233795549818,0.6487404128899366,test
LUX,2020Q1,1,2020Q2,2019Q4,2019Q4,1.22827566557977,-2.2610483042137863,-0.9105180533752087,test
LVA,2020Q1,1,2020Q2,2019Q4,2019Q4,2.093700122054254,3.3987713675213582,-0.6946136972946437,test
MLT,2020Q1,1,2020Q2,2019Q4,2019Q4,1.3228793598554445,0.0,0.9874158983304238,test
NLD,2020Q1,1,2020Q2,2019Q4,2019Q4,2.7236727729306853,7.258925032773389,1.2374055415617091,test
AUT,2020Q2,1,2020Q3,2020Q1,2020Q1,1.9777386492265017,2.1515588158239396,1.4405349665645997,test
BEL,2020Q2,1,2020Q3,2020Q1,2020Q1,0.9527664476756792,-9.454249253326108,0.4300077339520314,test
BGR,2020Q2,1,2020Q3,2020Q1,2020Q1,2.970010607180784,1.7866414195400582,0.5542783359052894,test
CYP,2020Q2,1,2020Q3,2020Q1,2020Q1,0.6073284297185788,3.426399736660968,-2.2870174295487766,test
CZE,2020Q2,1,2020Q3,2020Q1,2020Q1,3.684046206681235,4.708097928436916,3.4779932286857385,test
DEU,2020Q2,1,2020Q3,2020Q1,2020Q1,1.5720243824189906,1.566068515497543,-0.156788962057075,test
DNK,2020Q2,1,2020Q3,2020Q1,2020Q1,0.5872756933115841,-3.3266799733865593,0.4218040233614939,test
EST,2020Q2,1,2020Q3,2020Q1,2020Q1,1.536617597344736,-6.575893547887956,-1.3087519048615492,test
FIN,2020Q2,1,2020Q3,2020Q1,2020Q1,1.0626235137849438,0.7175510676465713,0.4083601286173577,test
FRA,2020Q2,1,2020Q3,2020Q1,2020Q1,1.3281575823682612,1.362275449101813,0.36069100803644,test
GRC,2020Q2,1,2020Q3,2020Q1,2020Q1,0.5564335572237455,-3.0807713010163384,-2.2221499219156615,test
HRV,2020Q2,1,2020Q3,2020Q1,2020Q1,1.1543632964942985,0.066034129218373,-0.4688654099361034,test
HUN,2020Q2,1,2020Q3,2020Q1,2020Q1,4.352408704817412,0.3883746520810138,3.763114803808598,test
IRL,2020Q2,1,2020Q3,2020Q1,2020Q1,0.8267195767195812,0.3839999999999843,-0.947093403004573,test
ITA,2020Q2,1,2020Q3,2020Q1,2020Q1,0.2286087524493885,-6.922611850060479,-0.2270515731430333,test
LTU,2020Q2,1,2020Q3,2020Q1,2020Q1,2.466547450206602,-10.046771548320454,0.8978573167762294,test
LUX,2020Q2,1,2020Q3,2020Q1,2020Q1,1.5674678875746917,0.1030638058652666,-0.1476408871018519,test
LVA,2020Q2,1,2020Q3,2020Q1,2020Q1,1.9375739829294192,-2.542563083138283,-0.278389623103259,test
MLT,2020Q2,1,2020Q3,2020Q1,2020Q1,1.224757839435231,0.0,0.6180583177799015,test
NLD,2020Q2,1,2020Q3,2020Q1,2020Q1,1.3309870420732617,-11.187433294107974,0.9714196470404612,test
AUT,2020Q3,1,2020Q4,2020Q2,2020Q2,1.0578388973584874,-0.0391057811379713,1.0853143403324106,test
BEL,2020Q3,1,2020Q4,2020Q2,2020Q2,-0.0030829942039733,-16.302586736689218,0.3359945747665183,test
BGR,2020Q3,1,2020Q4,2020Q2,2020Q2,1.0729408768187287,-1.309213552046573,0.3121059268600179,test
CYP,2020Q3,1,2020Q4,2020Q2,2020Q2,-1.6182613557872538,-8.2980268732599,-1.076052047809828,test
CZE,2020Q3,1,2020Q4,2020Q2,2020Q2,3.251780737070309,3.7117228580265897,2.700214789812838,test
DEU,2020Q3,1,2020Q4,2020Q2,2020Q2,0.6937874487543461,-0.8411517308314576,-0.5980484734025793,test
DNK,2020Q3,1,2020Q4,2020Q2,2020Q2,-0.0324886289798542,-4.996623902768393,0.3572588502760654,test
EST,2020Q3,1,2020Q4,2020Q2,2020Q2,-1.441874436767765,-6.7321355268559095,-1.2703084176702184,test
FIN,2020Q3,1,2020Q4,2020Q2,2020Q2,-0.1317142122847725,-2.64919690831249,0.1987179487179524,test
FRA,2020Q3,1,2020Q4,2020Q2,2020Q2,0.3329739328977954,-3.2140096331093604,0.0853754940711271,test
GRC,2020Q3,1,2020Q4,2020Q2,2020Q2,-1.168495803744363,-12.814359761950476,-2.1898992516764526,test
HRV,2020Q3,1,2020Q4,2020Q2,2020Q2,-0.4261501210653717,-7.872970489124908,-0.1642882453371297,test
HUN,2020Q3,1,2020Q4,2020Q2,2020Q2,2.5444596443228384,0.2749296503541831,2.862733293196862,test
IRL,2020Q3,1,2020Q4,2020Q2,2020Q2,-0.5555555555555536,-10.156250000000034,-1.1467889908256756,test
ITA,2020Q3,1,2020Q4,2020Q2,2020Q2,-0.1921229586935524,-10.935992280476036,-0.3854802441374927,test
LTU,2020Q3,1,2020Q4,2020Q2,2020Q2,0.6487404128899366,-12.506961050872976,0.2599600991475714,test
LUX,2020Q3,1,2020Q4,2020Q2,2020Q2,-0.9105180533752087,-9.41039149499986,-0.4722144041029552,test
LVA,2020Q3,1,2020Q4,2020Q2,2020Q2,-0.6946136972946437,-3.939707594772912,-0.6069523634357199,test
MLT,2020Q3,1,2020Q4,2020Q2,2020Q2,0.9874158983304238,-0.6296851574212892,0.3343629589529939,test
NLD,2020Q3,1,2020Q4,2020Q2,2020Q2,1.2374055415617091,-12.725412103108749,0.9151596828282038,test
AUT,2020Q4,1,2021Q1,2020Q3,2020Q3,1.4405349665645997,-1.089317555519509,1.483057379829189,test
BEL,2020Q4,1,2021Q1,2020Q3,2020Q3,0.4300077339520314,-12.948401538196618,0.8450791105079514,test
BGR,2020Q4,1,2021Q1,2020Q3,2020Q3,0.5542783359052894,-0.7077886874284567,0.2278757608864978,test
CYP,2020Q4,1,2021Q1,2020Q3,2020Q3,-2.2870174295487766,-20.574421965317914,-0.4628077000469299,test
CZE,2020Q4,1,2021Q1,2020Q3,2020Q3,3.4779932286857385,3.515263644773392,2.168021680216792,test
DEU,2020Q4,1,2021Q1,2020Q3,2020Q3,-0.156788962057075,-3.524086647268043,1.7372078332280383,test
DNK,2020Q4,1,2021Q1,2020Q3,2020Q3,0.4218040233614939,-1.5684907633321754,0.5838469023678128,test
EST,2020Q4,1,2021Q1,2020Q3,2020Q3,-1.3087519048615492,-5.073711227268484,0.5629710342322847,test
FIN,2020Q4,1,2021Q1,2020Q3,2020Q3,0.4083601286173577,-2.7725577495735787,1.0803013303414266,test
FRA,2020Q4,1,2021Q1,2020Q3,2020Q3,0.36069100803644,-3.523316062176141,0.965648250751916,test
GRC,2020Q4,1,2021Q1,2020Q3,2020Q3,-2.2221499219156615,-14.227603215784256,-2.0922694083363336,test
HRV,2020Q4,1,2021Q1,2020Q3,2020Q3,-0.4688654099361034,-5.85355834731115,0.7424217863510885,test
HUN,2020Q4,1,2021Q1,2020Q3,2020Q3,3.763114803808598,0.2619494211240969,3.3479888301348737,test
IRL,2020Q4,1,2021Q1,2020Q3,2020Q3,-0.947093403004573,-8.919597989949724,-0.1311905542800806,test
ITA,2020Q4,1,2021Q1,2020Q3,2020Q3,-0.2270515731430333,-10.115702479338829,0.7494297816878381,test
LTU,2020Q4,1,2021Q1,2020Q3,2020Q3,0.8978573167762294,-14.054490555438528,0.7432147800445321,test
LUX,2020Q4,1,2021Q1,2020Q3,2020Q3,-0.1476408871018519,-7.013951107129124,0.982939427140428,test
LVA,2020Q4,1,2021Q1,2020Q3,2020Q3,-0.278389623103259,-6.442996742670992,-0.1191785845251147,test
MLT,2020Q4,1,2021Q1,2020Q3,2020Q3,0.6180583177799015,-0.6296851574212892,0.1427273906837944,test
NLD,2020Q4,1,2021Q1,2020Q3,2020Q3,0.9714196470404612,-12.446169537624671,1.7839664045972592,test
AUT,2021Q1,1,2021Q2,2020Q4,2020Q4,1.0853143403324106,-1.9504004133299,2.5676549367322554,test
BEL,2021Q1,1,2021Q2,2020Q4,2020Q4,0.3359945747665183,-10.993783530613989,2.373978726684123,test
BGR,2021Q1,1,2021Q2,2020Q4,2020Q4,0.3121059268600179,-0.410733023534704,2.22075222075222,test
CYP,2021Q1,1,2021Q2,2020Q4,2020Q4,-1.076052047809828,-15.370273262250212,1.6415365584567798,test
CZE,2021Q1,1,2021Q2,2020Q4,2020Q4,2.700214789812838,0.3984063745019917,2.759448110377938,test
DEU,2021Q1,1,2021Q2,2020Q4,2020Q4,-0.5980484734025793,-4.127700741696239,2.1609771374882403,test
DNK,2021Q1,1,2021Q2,2020Q4,2020Q4,0.3572588502760654,-3.4938941655359934,1.722456938576511,test
EST,2021Q1,1,2021Q2,2020Q4,2020Q4,-1.2703084176702184,-1.8316643427557455,2.846693081377616,test
FIN,2021Q1,1,2021Q2,2020Q4,2020Q4,0.1987179487179524,-4.216730254541301,2.126290732460534,test
FRA,2021Q1,1,2021Q2,2020Q4,2020Q4,0.0853754940711271,-2.5588053005932476,1.7636461329372022,test
GRC,2021Q1,1,2021Q2,2020Q4,2020Q4,-2.1898992516764526,-11.609582512550066,-0.5682931608857467,test
HRV,2021Q1,1,2021Q2,2020Q4,2020Q4,-0.1642882453371297,-5.885978428351302,2.2306520118017037,test
HUN,2021Q1,1,2021Q2,2020Q4,2020Q4,2.862733293196862,0.1902673417394806,5.265030238349344,test
IRL,2021Q1,1,2021Q2,2020Q4,2020Q4,-1.1467889908256756,-6.144200626959229,1.5116661189615188,test
ITA,2021Q1,1,2021Q2,2020Q4,2020Q4,-0.3854802441374927,-5.562742561448919,1.1549566891241536,test
LTU,2021Q1,1,2021Q2,2020Q4,2020Q4,0.2599600991475714,-10.007264173786734,3.1595433872473766,test
LUX,2021Q1,1,2021Q2,2020Q4,2020Q4,-0.4722144041029552,-8.12223178153777,3.589987325728772,test
LVA,2021Q1,1,2021Q2,2020Q4,2020Q4,-0.6069523634357199,-7.542783338714853,2.3193029819609245,test
MLT,2021Q1,1,2021Q2,2020Q4,2020Q4,0.3343629589529939,-0.6296851574212892,0.1264612442552604,test
NLD,2021Q1,1,2021Q2,2020Q4,2020Q4,0.9151596828282038,-11.51441077823887,1.8038752215967513,test
AUT,2021Q2,1,2021Q3,2021Q1,2021Q1,1.483057379829189,1.4426313595998996,3.083510458059968,test
BEL,2021Q2,1,2021Q3,2021Q1,2021Q1,0.8450791105079514,1.1634880652512836,3.295958600295723,test
BGR,2021Q2,1,2021Q3,2021Q1,2021Q1,0.2278757608864978,0.0090014402304605,2.922108428074788,test
CYP,2021Q2,1,2021Q3,2021Q1,2021Q1,-0.4628077000469299,-12.496383311150971,3.214083286100089,test
CZE,2021Q2,1,2021Q3,2021Q1,2021Q1,2.168021680216792,-2.278177458033559,3.2718619869125387,test
DEU,2021Q2,1,2021Q3,2021Q1,2021Q1,1.7372078332280383,-0.4818503051718603,3.5175879396984966,test
DNK,2021Q2,1,2021Q3,2021Q1,2021Q1,0.5838469023678128,-0.5849965588437867,2.003231017770557,test
EST,2021Q2,1,2021Q3,2021Q1,2021Q1,0.5629710342322847,6.634647234183522,5.4164522086651345,test
FIN,2021Q2,1,2021Q3,2021Q1,2021Q1,1.0803013303414266,-1.1692042516518453,1.9086047330835632,test
FRA,2021Q2,1,2021Q3,2021Q1,2021Q1,0.965648250751916,0.9511150494756926,2.2005044136191865,test
GRC,2021Q2,1,2021Q3,2021Q1,2021Q1,-2.0922694083363336,-5.3250571708592265,1.2677602901540963,test
HRV,2021Q2,1,2021Q3,2021Q1,2021Q1,0.7424217863510885,-1.82689636010005,3.123285903268491,test
HUN,2021Q2,1,2021Q3,2021Q1,2021Q1,3.3479888301348737,0.3030498420272254,5.0469037669131245,test
IRL,2021Q2,1,2021Q3,2021Q1,2021Q1,-0.1311905542800806,-1.37073637233025,2.9673590504450953,test
ITA,2021Q2,1,2021Q3,2021Q1,2021Q1,0.7494297816878381,-1.6563819421890114,2.1131339401820215,test
LTU,2021Q2,1,2021Q3,2021Q1,2021Q1,0.7432147800445321,-7.302991424133964,5.218545443576383,test
LUX,2021Q2,1,2021Q3,2021Q1,2021Q1,0.982939427140428,0.1247972045426148,3.627269009343448,test
LVA,2021Q2,1,2021Q3,2021Q1,2021Q1,-0.1191785845251147,-4.497302276615334,3.699726968739436,test
MLT,2021Q2,1,2021Q3,2021Q1,2021Q1,0.1427273906837944,-0.6296851574212892,0.4622168161775741,test
NLD,2021Q2,1,2021Q3,2021Q1,2021Q1,1.7839664045972592,-2.1199889070347866,2.354142176576146,test
AUT,2021Q3,1,2021Q4,2021Q2,2021Q2,2.5676549367322554,4.035991393362437,3.888973615982927,test
BEL,2021Q3,1,2021Q4,2021Q2,2021Q2,2.373978726684123,17.628996729190316,6.3625192012289,test
BGR,2021Q3,1,2021Q4,2021Q2,2021Q2,2.22075222075222,3.902075307568031,6.01527389295704,test
CYP,2021Q3,1,2021Q4,2021Q2,2021Q2,1.6415365584567798,10.11814401689659,4.6422116607537145,test
CZE,2021Q3,1,2021Q4,2021Q2,2021Q2,2.759448110377938,-2.833283626603067,5.0194203764565515,test
DEU,2021Q3,1,2021Q4,2021Q2,2021Q2,2.1609771374882403,1.8270799347471556,5.446485117162747,test
DNK,2021Q3,1,2021Q4,2021Q2,2021Q2,1.722456938576511,4.086709310589898,3.462783171521022,test
EST,2021Q3,1,2021Q4,2021Q2,2021Q2,2.846693081377616,9.940075159968863,9.134322910329695,test
FIN,2021Q3,1,2021Q4,2021Q2,2021Q2,2.126290732460534,2.057200200702458,3.1475913249312315,test
FRA,2021Q3,1,2021Q4,2021Q2,2021Q2,1.7636461329372022,6.6138297545541125,3.3331227094654414,test
GRC,2021Q3,1,2021Q4,2021Q2,2021Q2,-0.5682931608857467,7.849829351535842,3.7392773159341974,test
HRV,2021Q3,1,2021Q4,2021Q2,2021Q2,2.2306520118017037,6.698440848296761,4.588280846670134,test
HUN,2021Q3,1,2021Q4,2021Q2,2021Q2,5.265030238349344,0.3870718018192276,7.134704866699848,test
IRL,2021Q3,1,2021Q4,2021Q2,2021Q2,1.5116661189615188,12.034782608695682,5.369572422936675,test
ITA,2021Q3,1,2021Q4,2021Q2,2021Q2,1.1549566891241536,12.892741061755151,3.740728797162185,test
LTU,2021Q3,1,2021Q4,2021Q2,2021Q2,3.1595433872473766,2.4486128271368868,9.388567293777127,test
LUX,2021Q3,1,2021Q4,2021Q2,2021Q2,3.589987325728772,15.41301016854717,5.706026519198137,test
LVA,2021Q3,1,2021Q4,2021Q2,2021Q2,2.3193029819609245,-1.9092194760589989,7.090426844312869,test
MLT,2021Q3,1,2021Q4,2021Q2,2021Q2,0.1264612442552604,0.0,2.107401294909206,test
NLD,2021Q3,1,2021Q4,2021Q2,2021Q2,1.8038752215967513,3.337030581524303,5.347992173669991,test
AUT,2021Q4,1,2022Q1,2021Q3,2021Q3,3.083510458059968,7.745255498377501,5.526523667740202,test
BEL,2021Q4,1,2022Q1,2021Q3,2021Q3,3.295958600295723,28.49937364013977,9.110927608037445,test
BGR,2021Q4,1,2022Q1,2021Q3,2021Q3,2.922108428074788,6.6096399429732555,8.866949046966521,test
CYP,2021Q4,1,2022Q1,2021Q3,2021Q3,3.214083286100089,32.317489197179896,5.6873315363881405,test
CZE,2021Q4,1,2022Q1,2021Q3,2021Q3,3.2718619869125387,-2.680965147453096,10.226937813144744,test
DEU,2021Q4,1,2022Q1,2021Q3,2021Q3,3.5175879396984966,5.965147453083142,6.08506674945668,test
DNK,2021Q4,1,2022Q1,2021Q3,2021Q3,2.003231017770557,10.587818696883854,5.385359561431802,test
EST,2021Q4,1,2022Q1,2021Q3,2021Q3,5.4164522086651345,25.25718807702455,12.48156508653122,test
FIN,2021Q4,1,2022Q1,2021Q3,2021Q3,1.9086047330835632,3.936961046684506,4.772929087910671,test
FRA,2021Q4,1,2022Q1,2021Q3,2021Q3,2.2005044136191865,11.229093141015788,4.189401066164922,test
GRC,2021Q4,1,2022Q1,2021Q3,2021Q3,1.2677602901540963,10.601590798760242,6.584843823155673,test
HRV,2021Q4,1,2022Q1,2021Q3,2021Q3,3.123285903268491,6.762898592880795,6.355795842183176,test
HUN,2021Q4,1,2022Q1,2021Q3,2021Q3,5.0469037669131245,0.4870496403574176,8.31009801948892,test
IRL,2021Q4,1,2022Q1,2021Q3,2021Q3,2.9673590504450953,18.482758620689665,5.9113300492610765,test
ITA,2021Q4,1,2022Q1,2021Q3,2021Q3,2.1131339401820215,22.839279146745103,6.015523932729638,test
LTU,2021Q4,1,2022Q1,2021Q3,2021Q3,5.218545443576383,23.43232975203233,13.939249126370168,test
LUX,2021Q4,1,2022Q1,2021Q3,2021Q3,3.627269009343448,17.677219545767354,6.791903034811964,test
LVA,2021Q4,1,2022Q1,2021Q3,2021Q3,3.699726968739436,10.295244063783882,9.245831421141194,test
MLT,2021Q4,1,2022Q1,2021Q3,2021Q3,0.4622168161775741,0.0,4.269240735941948,test
NLD,2021Q4,1,2022Q1,2021Q3,2021Q3,2.354142176576146,15.25094651004757,8.850353641891061,test
AUT,2022Q1,1,2022Q2,2021Q4,2021Q4,3.888973615982927,14.648926360163372,7.86132372805044,test
BEL,2022Q1,1,2022Q2,2021Q4,2021Q4,6.3625192012289,56.56333716035209,9.93525071525372,test
BGR,2022Q1,1,2022Q2,2021Q4,2021Q4,6.01527389295704,13.227768077548308,13.407907306400402,test
CYP,2022Q1,1,2022Q2,2021Q4,2021Q4,4.6422116607537145,32.47848537005167,8.802052496546287,test
CZE,2022Q1,1,2022Q2,2021Q4,2021Q4,5.0194203764565515,-4.884004884004877,15.032107413893758,test
DEU,2022Q1,1,2022Q2,2021Q4,2021Q4,5.446485117162747,11.200807265388502,8.277130594727167,test
DNK,2022Q1,1,2022Q2,2021Q4,2021Q4,3.462783171521022,22.98769771528999,8.242811501597469,test
EST,2022Q1,1,2022Q2,2021Q4,2021Q4,9.134322910329695,45.64529666214736,20.43622569938359,test
FIN,2022Q1,1,2022Q2,2021Q4,2021Q4,3.1475913249312315,9.637050028239337,7.005165679727843,test
FRA,2022Q1,1,2022Q2,2021Q4,2021Q4,3.3331227094654414,18.44257329779502,5.913594434264069,test
GRC,2022Q1,1,2022Q2,2021Q4,2021Q4,3.7392773159341974,37.33644859813088,10.428984364735228,test
HRV,2022Q1,1,2022Q2,2021Q4,2021Q4,4.588280846670134,9.51029615076764,10.795724842218757,test
HUN,2022Q1,1,2022Q2,2021Q4,2021Q4,7.134704866699848,0.9978112527359252,11.008786752281164,test
IRL,2022Q1,1,2022Q2,2021Q4,2021Q4,5.369572422936675,27.12090848363395,8.38459048235678,test
ITA,2022Q1,1,2022Q2,2021Q4,2021Q4,3.740728797162185,31.780821917808268,7.358071677767186,test
LTU,2022Q1,1,2022Q2,2021Q4,2021Q4,9.388567293777127,35.21678966789672,18.54306569343065,test
LUX,2022Q1,1,2022Q2,2021Q4,2021Q4,5.706026519198137,32.78768120968301,9.469917107637738,test
LVA,2022Q1,1,2022Q2,2021Q4,2021Q4,7.090426844312869,22.60599287560239,16.3648356920125,test
MLT,2022Q1,1,2022Q2,2021Q4,2021Q4,2.107401294909206,0.0,5.766742652948076,test
NLD,2022Q1,1,2022Q2,2021Q4,2021Q4,5.347992173669991,54.874562333365475,10.43900650719458,test
AUT,2022Q2,1,2022Q3,2022Q1,2022Q1,5.526523667740202,23.897860506273098,9.900191250298818,test
BEL,2022Q2,1,2022Q3,2022Q1,2022Q1,9.110927608037445,83.67619160540671,10.982883044074686,test
BGR,2022Q2,1,2022Q3,2022Q1,2022Q1,8.866949046966521,16.294140589841287,15.172539711520905,test
CYP,2022Q2,1,2022Q3,2022Q1,2022Q1,5.6873315363881405,28.46609132691862,9.71670381496912,test
CZE,2022Q2,1,2022Q3,2022Q1,2022Q1,10.226937813144744,22.08588957055211,17.396313364055317,test
DEU,2022Q2,1,2022Q3,2022Q1,2022Q1,6.08506674945668,23.983214977404764,9.40533980582523,test
DNK,2022Q2,1,2022Q3,2022Q1,2022Q1,5.385359561431802,36.483212184146765,10.199556541019938,test
EST,2022Q2,1,2022Q3,2022Q1,2022Q1,12.48156508653122,48.38940142266954,24.142684818197505,test
FIN,2022Q2,1,2022Q3,2022Q1,2022Q1,4.772929087910671,24.09092230328749,8.116770888979662,test
FRA,2022Q2,1,2022Q3,2022Q1,2022Q1,4.189401066164922,21.335986189542687,6.524153248195441,test
GRC,2022Q2,1,2022Q3,2022Q1,2022Q1,6.584843823155673,58.288474810213955,11.539725307222204,test
HRV,2022Q2,1,2022Q3,2022Q1,2022Q1,6.355795842183176,8.77379183471312,12.59347329557896,test
HUN,2022Q2,1,2022Q3,2022Q1,2022Q1,8.31009801948892,1.404602725636428,17.996439103099092,test
IRL,2022Q2,1,2022Q3,2022Q1,2022Q1,5.9113300492610765,34.35681965093731,9.061799551713134,test
ITA,2022Q2,1,2022Q3,2022Q1,2022Q1,6.015523932729638,65.88507265521797,8.946195479146768,test
LTU,2022Q2,1,2022Q3,2022Q1,2022Q1,13.939249126370168,60.20761245674735,21.490209569679777,test
LUX,2022Q2,1,2022Q3,2022Q1,2022Q1,6.791903034811964,39.48647638040632,8.904068002428666,test
LVA,2022Q2,1,2022Q3,2022Q1,2022Q1,9.245831421141194,17.165593027661984,21.592758039227288,test
MLT,2022Q2,1,2022Q3,2022Q1,2022Q1,4.269240735941948,0.0,7.076913763356263,test
NLD,2022Q2,1,2022Q3,2022Q1,2022Q1,8.850353641891061,107.82622383126083,14.114304711820358,test
AUT,2022Q3,1,2022Q4,2022Q2,2022Q2,7.86132372805044,28.280897468037125,11.08631826189075,test
BEL,2022Q3,1,2022Q4,2022Q2,2022Q2,9.93525071525372,78.24310520939734,11.244620317148524,test
BGR,2022Q3,1,2022Q4,2022Q2,2022Q2,13.407907306400402,20.386317426145204,14.499155129991426,test
CYP,2022Q3,1,2022Q4,2022Q2,2022Q2,8.802052496546287,41.89642771517623,8.101711178634275,test
CZE,2022Q3,1,2022Q4,2022Q2,2022Q2,15.032107413893758,33.578882750153504,16.500711237553322,test
DEU,2022Q3,1,2022Q4,2022Q2,2022Q2,8.277130594727167,35.88593399551423,10.81081081081081,test
DNK,2022Q3,1,2022Q4,2022Q2,2022Q2,8.242811501597469,47.21748036872655,10.228339067876105,test
EST,2022Q3,1,2022Q4,2022Q2,2022Q2,20.43622569938359,108.64718381424564,20.410267844700257,test
FIN,2022Q3,1,2022Q4,2022Q2,2022Q2,7.005165679727843,25.822777488576556,8.74837189108726,test
FRA,2022Q3,1,2022Q4,2022Q2,2022Q2,5.913594434264069,27.718550106609797,6.958755006573525,test
GRC,2022Q3,1,2022Q4,2022Q2,2022Q2,10.428984364735228,74.10507690213693,8.61694655513694,test
HRV,2022Q3,1,2022Q4,2022Q2,2022Q2,10.795724842218757,20.16690328612487,12.787684333929782,test
HUN,2022Q3,1,2022Q4,2022Q2,2022Q2,11.008786752281164,1.6901227427543295,23.338523313939177,test
IRL,2022Q3,1,2022Q4,2022Q2,2022Q2,8.38459048235678,54.02049053089102,8.839257628184981,test
ITA,2022Q3,1,2022Q4,2022Q2,2022Q2,7.358071677767186,64.81126039667306,12.49611439229097,test
LTU,2022Q3,1,2022Q4,2022Q2,2022Q2,18.54306569343065,70.24083616562513,21.162008709552936,test
LUX,2022Q3,1,2022Q4,2022Q2,2022Q2,9.469917107637738,35.66471546677927,7.454967005528812,test
LVA,2022Q3,1,2022Q4,2022Q2,2022Q2,16.3648356920125,49.26367100339846,21.386400944618835,test
MLT,2022Q3,1,2022Q4,2022Q2,2022Q2,5.766742652948076,0.0,7.3107049608355235,test
NLD,2022Q3,1,2022Q4,2022Q2,2022Q2,10.43900650719458,108.14524043179593,13.018484124878404,test
AUT,2022Q4,1,2023Q1,2022Q3,2022Q3,9.900191250298818,46.6080554879533,10.59799038378484,test
BEL,2022Q4,1,2023Q1,2022Q3,2022Q3,10.982883044074686,75.71256317504296,5.919946182307423,test
BGR,2022Q4,1,2023Q1,2022Q3,2022Q3,15.172539711520905,31.480111534740814,13.351451866685736,test
CYP,2022Q4,1,2023Q1,2022Q3,2022Q3,9.71670381496912,57.597112409762794,6.54169854628921,test
CZE,2022Q4,1,2023Q1,2022Q3,2022Q3,17.396313364055317,42.17936945209673,17.967914438502653,test
DEU,2022Q4,1,2023Q1,2022Q3,2022Q3,9.40533980582523,46.457938013915246,8.721100380450665,test
DNK,2022Q4,1,2023Q1,2022Q3,2022Q3,10.199556541019938,54.97918667947488,7.986536107711117,test
EST,2022Q4,1,2023Q1,2022Q3,2022Q3,24.142684818197505,122.01484679372432,17.333832816011974,test
FIN,2022Q4,1,2023Q1,2022Q3,2022Q3,8.116770888979662,33.034845797333645,7.494627236129214,test
FRA,2022Q4,1,2023Q1,2022Q3,2022Q3,6.524153248195441,24.928263988522236,7.0035514356227235,test
GRC,2022Q4,1,2023Q1,2022Q3,2022Q3,11.539725307222204,72.88135593220335,6.3913902921150845,test
HRV,2022Q4,1,2023Q1,2022Q3,2022Q3,12.59347329557896,19.63355242992879,11.576749674725416,test
HUN,2022Q4,1,2023Q1,2022Q3,2022Q3,17.996439103099092,37.85709700199009,25.878450106157104,test
IRL,2022Q4,1,2023Q1,2022Q3,2022Q3,9.061799551713134,50.989522700814845,7.53488372093023,test
ITA,2022Q4,1,2023Q1,2022Q3,2022Q3,8.946195479146768,71.01796407185633,9.517998779743753,test
LTU,2022Q4,1,2023Q1,2022Q3,2022Q3,21.490209569679777,99.146119477081,16.960260039844812,test
LUX,2022Q4,1,2023Q1,2022Q3,2022Q3,8.904068002428666,25.952568938795828,4.470246734397665,test
LVA,2022Q4,1,2023Q1,2022Q3,2022Q3,21.592758039227288,84.75646327219918,19.514380933710473,test
MLT,2022Q4,1,2023Q1,2022Q3,2022Q3,7.076913763356263,0.0,6.968002485243852,test
NLD,2022Q4,1,2023Q1,2022Q3,2022Q3,14.114304711820358,153.9785489667565,7.238735786143824,test
AUT,2023Q1,1,2023Q2,2022Q4,2022Q4,11.08631826189075,52.332529012984,8.632492903656708,test
BEL,2023Q1,1,2023Q2,2022Q4,2022Q4,11.244620317148524,60.34588120263997,2.5504054350208305,test
BGR,2023Q1,1,2023Q2,2022Q4,2022Q4,14.499155129991426,21.65000531745187,8.793000380414128,test
CYP,2023Q1,1,2023Q2,2022Q4,2022Q4,8.101711178634275,34.23671560348189,3.43732994739705,test
CZE,2023Q1,1,2023Q2,2022Q4,2022Q4,16.500711237553322,26.412066752246453,12.611012433392531,test
DEU,2023Q1,1,2023Q2,2022Q4,2022Q4,10.81081081081081,47.36842105263157,6.879954699886737,test
DNK,2023Q1,1,2023Q2,2022Q4,2022Q4,10.228339067876105,51.157473563875385,3.630460448642281,test
EST,2023Q1,1,2023Q2,2022Q4,2022Q4,20.410267844700257,54.556939580655154,11.077755905511813,test
FIN,2023Q1,1,2023Q2,2022Q4,2022Q4,8.74837189108726,41.22224330992594,5.130695867184754,test
FRA,2023Q1,1,2023Q2,2022Q4,2022Q4,6.958755006573525,22.383326940288978,6.0731356851705165,test
GRC,2023Q1,1,2023Q2,2022Q4,2022Q4,8.61694655513694,10.006019839296451,3.795472798120114,test
HRV,2023Q1,1,2023Q2,2022Q4,2022Q4,12.787684333929782,20.61794019933556,8.472878202375833,test
HUN,2023Q1,1,2023Q2,2022Q4,2022Q4,23.338523313939177,62.56612913506281,22.056473095364957,test
IRL,2023Q1,1,2023Q2,2022Q4,2022Q4,8.839257628184981,66.36889122438257,5.46594982078854,test
ITA,2023Q1,1,2023Q2,2022Q4,2022Q4,12.49611439229097,129.83367983367984,7.769571639586426,test
LTU,2023Q1,1,2023Q2,2022Q4,2022Q4,21.162008709552936,80.41389504804137,10.709095835077951,test
LUX,2023Q1,1,2023Q2,2022Q4,2022Q4,7.454967005528812,17.300459674049318,1.8692894464779508,test
LVA,2023Q1,1,2023Q2,2022Q4,2022Q4,21.386400944618835,68.92072805993106,11.736665807781478,test
MLT,2023Q1,1,2023Q2,2022Q4,2022Q4,7.3107049608355235,0.0,6.29696510747364,test
NLD,2023Q1,1,2023Q2,2022Q4,2022Q4,13.018484124878404,92.4441033724644,6.323651452282153,test
AUT,2023Q2,1,2023Q3,2023Q1,2023Q1,10.59799038378484,39.31641372273946,6.727030481007157,test
BEL,2023Q2,1,2023Q3,2023Q1,2023Q1,5.919946182307423,-14.133785201323356,1.5611145444286212,test
BGR,2023Q2,1,2023Q3,2023Q1,2023Q1,13.351451866685736,16.087921159898855,7.213062777425505,test
CYP,2023Q2,1,2023Q3,2023Q1,2023Q1,6.54169854628921,30.430865849891894,3.262181657588714,test
CZE,2023Q2,1,2023Q3,2023Q1,2023Q1,17.967914438502653,49.34673366834173,9.519136408243355,test
DEU,2023Q2,1,2023Q3,2023Q1,2023Q1,8.721100380450665,29.05493361103879,5.740432612312807,test
DNK,2023Q2,1,2023Q3,2023Q1,2023Q1,7.986536107711117,16.129850367740282,2.0408163265306145,test
EST,2023Q2,1,2023Q3,2023Q1,2023Q1,17.333832816011974,44.21720290552847,4.798260225800477,test
FIN,2023Q2,1,2023Q3,2023Q1,2023Q1,7.494627236129214,25.782951910238715,3.4412602453060215,test
FRA,2023Q2,1,2023Q3,2023Q1,2023Q1,7.0035514356227235,16.26998480792883,5.4846089247965635,test
GRC,2023Q2,1,2023Q3,2023Q1,2023Q1,6.3913902921150845,-10.838855946982909,3.1019855063924906,test
HRV,2023Q2,1,2023Q3,2023Q1,2023Q1,11.576749674725416,15.80042932413972,7.961429444784085,test
HUN,2023Q2,1,2023Q3,2023Q1,2023Q1,25.878450106157104,48.31848870011726,14.577390074266194,test
IRL,2023Q2,1,2023Q3,2023Q1,2023Q1,7.53488372093023,47.96728409910993,4.844392248972396,test
ITA,2023Q2,1,2023Q3,2023Q1,2023Q1,9.517998779743753,40.99143937885727,5.815312682641727,test
LTU,2023Q2,1,2023Q3,2023Q1,2023Q1,16.960260039844812,43.92406502216666,5.871109328173296,test
LUX,2023Q2,1,2023Q3,2023Q1,2023Q1,4.470246734397665,-3.3397372888928523,2.9799570707774503,test
LVA,2023Q2,1,2023Q3,2023Q1,2023Q1,19.514380933710473,69.78125367517349,5.267383582307428,test
MLT,2023Q2,1,2023Q3,2023Q1,2023Q1,6.968002485243852,0.0,5.187279151943458,test
NLD,2023Q2,1,2023Q3,2023Q1,2023Q1,7.238735786143824,-17.127666020358678,2.751807611833579,test
AUT,2023Q3,1,2023Q4,2023Q2,2023Q2,8.632492903656708,31.164960793414267,5.132677872925262,test
BEL,2023Q3,1,2023Q4,2023Q2,2023Q2,2.5504054350208305,-39.737344794651385,-0.6465181492444239,test
BGR,2023Q3,1,2023Q4,2023Q2,2023Q2,8.793000380414128,8.993591972579607,5.470691797845895,test
CYP,2023Q3,1,2023Q4,2023Q2,2023Q2,3.43732994739705,1.4319506631747858,2.6451269305876046,test
CZE,2023Q3,1,2023Q4,2023Q2,2023Q2,12.611012433392531,36.76470588235292,8.351648351648366,test
DEU,2023Q3,1,2023Q4,2023Q2,2023Q2,6.879954699886737,16.387644423485014,3.0081300813008083,test
DNK,2023Q3,1,2023Q4,2023Q2,2023Q2,3.630460448642281,-16.69758812615957,0.0851305334846896,test
EST,2023Q3,1,2023Q4,2023Q2,2023Q2,11.077755905511813,12.911414824217026,4.481274015091907,test
FIN,2023Q3,1,2023Q4,2023Q2,2023Q2,5.130695867184754,13.850644723837547,1.485727321983643,test
FRA,2023Q3,1,2023Q4,2023Q2,2023Q2,6.0731356851705165,8.374317556287526,4.170597147185751,test
GRC,2023Q3,1,2023Q4,2023Q2,2023Q2,3.795472798120114,-23.06609858108899,3.4655065988653977,test
HRV,2023Q3,1,2023Q4,2023Q2,2023Q2,8.472878202375833,1.048900671411701,5.86449301129679,test
HUN,2023Q3,1,2023Q4,2023Q2,2023Q2,22.056473095364957,37.809656218402424,7.572032866033274,test
IRL,2023Q3,1,2023Q4,2023Q2,2023Q2,5.46594982078854,19.85486797016729,3.1213872832370093,test
ITA,2023Q3,1,2023Q4,2023Q2,2023Q2,7.769571639586426,14.421583850931665,0.9671179883945946,test
LTU,2023Q3,1,2023Q4,2023Q2,2023Q2,10.709095835077951,19.809801859047266,2.3475887170154586,test
LUX,2023Q3,1,2023Q4,2023Q2,2023Q2,1.8692894464779508,-6.785730172145343,2.442600276625151,test
LVA,2023Q3,1,2023Q4,2023Q2,2023Q2,11.736665807781478,32.22942826916886,1.4282663882891675,test
MLT,2023Q3,1,2023Q4,2023Q2,2023Q2,6.29696510747364,0.0,3.910323253388937,test
NLD,2023Q3,1,2023Q4,2023Q2,2023Q2,6.323651452282153,-25.94737152286658,0.4434358452669373,test
AUT,2023Q4,1,2024Q1,2023Q3,2023Q3,6.727030481007157,9.563629572759492,4.123496641849345,test
BEL,2023Q4,1,2024Q1,2023Q3,2023Q3,1.5611145444286212,-41.80403264662509,2.969196570339805,test
BGR,2023Q4,1,2024Q1,2023Q3,2023Q3,7.213062777425505,-4.083531703094567,3.493008934430364,test
CYP,2023Q4,1,2024Q1,2023Q3,2023Q3,3.262181657588714,-5.798524012069651,1.953919808497906,test
CZE,2023Q4,1,2024Q1,2023Q3,2023Q3,9.519136408243355,27.298170075349827,2.357207615593837,test
DEU,2023Q4,1,2024Q1,2023Q3,2023Q3,5.740432612312807,5.830274238825317,2.7187079407806403,test
DNK,2023Q4,1,2024Q1,2023Q3,2023Q3,2.0408163265306145,-24.62809917355373,0.7650892604137427,test
EST,2023Q4,1,2024Q1,2023Q3,2023Q3,4.798260225800477,-12.45449910480323,4.467502850627136,test
FIN,2023Q4,1,2024Q1,2023Q3,2023Q3,3.4412602453060215,-2.225758585836879,0.934868921240084,test
FRA,2023Q4,1,2024Q1,2023Q3,2023Q3,5.4846089247965635,6.952450363303075,3.0011532078868086,test
GRC,2023Q4,1,2024Q1,2023Q3,2023Q3,3.1019855063924906,-25.58003280993671,3.238173882269657,test
HRV,2023Q4,1,2024Q1,2023Q3,2023Q3,7.961429444784085,0.8369391938055193,4.813559322033889,test
HUN,2023Q4,1,2024Q1,2023Q3,2023Q3,14.577390074266194,0.2770792586383575,3.6284286647972896,test
IRL,2023Q4,1,2024Q1,2023Q3,2023Q3,4.844392248972396,15.95990747879723,2.249134948096887,test
ITA,2023Q4,1,2024Q1,2023Q3,2023Q3,5.815312682641727,-7.1778711484593805,1.002785515320315,test
LTU,2023Q4,1,2024Q1,2023Q3,2023Q3,5.871109328173296,-16.06395000997143,0.8539154601282073,test
LUX,2023Q4,1,2024Q1,2023Q3,2023Q3,2.9799570707774503,-0.0139301634472732,3.139761044734657,test
LVA,2023Q4,1,2024Q1,2023Q3,2023Q3,5.267383582307428,-3.4512805617727627,0.8857644991212554,test
MLT,2023Q4,1,2024Q1,2023Q3,2023Q3,5.187279151943458,0.0,3.116196671797411,test
NLD,2023Q4,1,2024Q1,2023Q3,2023Q3,2.751807611833579,-47.87136429463724,2.9684551808445647,test
AUT,2024Q1,1,2024Q2,2023Q4,2023Q4,5.132677872925262,0.4638883650763814,3.263654062916288,test
BEL,2024Q1,1,2024Q2,2023Q4,2023Q4,-0.6465181492444239,-46.01801389788736,5.051422465607036,test
BGR,2024Q1,1,2024Q2,2023Q4,2023Q4,5.470691797845895,-2.6488908316031012,2.6549777711174283,test
CYP,2024Q1,1,2024Q2,2023Q4,2023Q4,2.6451269305876046,1.0626971990476353,2.706415314920352,test
CZE,2024Q1,1,2024Q2,2023Q4,2023Q4,8.351648351648366,46.63620208174666,2.681388012618302,test
DEU,2024Q1,1,2024Q2,2023Q4,2023Q4,3.0081300813008083,-2.0320197044335075,2.569536423841101,test
DNK,2024Q1,1,2024Q2,2023Q4,2023Q4,0.0851305334846896,-28.682170542635653,1.4525776132155777,test
EST,2024Q1,1,2024Q2,2023Q4,2023Q4,4.481274015091907,6.288270976438715,3.0082849674361034,test
FIN,2024Q1,1,2024Q2,2023Q4,2023Q4,1.485727321983643,-16.687465202449737,0.5235895282094338,test
FRA,2024Q1,1,2024Q2,2023Q4,2023Q4,4.170597147185751,5.07334196999456,2.504699767776186,test
GRC,2024Q1,1,2024Q2,2023Q4,2023Q4,3.4655065988653977,-5.7149655008327365,2.6651382719587557,test
HRV,2024Q1,1,2024Q2,2023Q4,2023Q4,5.86449301129679,-2.7185589158816637,4.158860007916632,test
HUN,2024Q1,1,2024Q2,2023Q4,2023Q4,7.572032866033274,-16.44187414232502,3.712248758080272,test
IRL,2024Q1,1,2024Q2,2023Q4,2023Q4,3.1213872832370093,-10.849652558433387,1.699235344095151,test
ITA,2024Q1,1,2024Q2,2023Q4,2023Q4,0.9671179883945946,-41.10131162369969,0.8771929824561653,test
LTU,2024Q1,1,2024Q2,2023Q4,2023Q4,2.3475887170154586,-21.179844326095857,0.769761285011894,test
LUX,2024Q1,1,2024Q2,2023Q4,2023Q4,2.442600276625151,-4.5444424652654085,3.0007131493773542,test
LVA,2024Q1,1,2024Q2,2023Q4,2023Q4,1.4282663882891675,-15.849113872822617,0.8670586878819497,test
MLT,2024Q1,1,2024Q2,2023Q4,2023Q4,3.910323253388937,0.0,2.293402016659307,test
NLD,2024Q1,1,2024Q2,2023Q4,2023Q4,0.4434358452669373,-48.77728081047583,2.8697054844416536,test
AUT,2024Q2,1,2024Q3,2024Q1,2024Q1,4.123496641849345,-4.639411193906895,2.3795572087335515,test
BEL,2024Q2,1,2024Q3,2024Q1,2024Q1,2.969196570339805,-10.323829571296994,4.6880787343245744,test
BGR,2024Q2,1,2024Q3,2024Q1,2024Q1,3.493008934430364,-1.1933863727276672,2.2302725614865127,test
CYP,2024Q2,1,2024Q3,2024Q1,2024Q1,1.953919808497906,-3.934879131721747,2.087075528184079,test
CZE,2024Q2,1,2024Q3,2024Q1,2024Q1,2.357207615593837,4.727456258411844,2.553763440860224,test
DEU,2024Q2,1,2024Q3,2024Q1,2024Q1,2.7187079407806403,-4.296953802703241,2.1505376344086224,test
DNK,2024Q2,1,2024Q3,2024Q1,2024Q1,0.7650892604137427,-12.120550338501856,1.183098591549303,test
EST,2024Q2,1,2024Q3,2024Q1,2024Q1,4.467502850627136,5.6332917235172975,3.355556536712423,test
FIN,2024Q2,1,2024Q3,2024Q1,2024Q1,0.934868921240084,-13.09359752690975,0.8513627423433423,test
FRA,2024Q2,1,2024Q3,2024Q1,2024Q1,3.0011532078868086,8.142525302804039,2.10832624152415,test
GRC,2024Q2,1,2024Q3,2024Q1,2024Q1,3.238173882269657,-4.8581907090464505,3.097231349467111,test
HRV,2024Q2,1,2024Q3,2024Q1,2024Q1,4.813559322033889,-1.2891809908998964,3.1221847571490935,test
HUN,2024Q2,1,2024Q3,2024Q1,2024Q1,3.6284286647972896,-7.911439745261051,3.4980863410016827,test
IRL,2024Q2,1,2024Q3,2024Q1,2024Q1,2.249134948096887,-13.575028450658422,0.8681041725006722,test
ITA,2024Q2,1,2024Q3,2024Q1,2024Q1,1.002785515320315,-28.282970912171713,1.187517260425297,test
LTU,2024Q2,1,2024Q3,2024Q1,2024Q1,0.8539154601282073,-22.46899928915568,0.7556001337345242,test
LUX,2024Q2,1,2024Q3,2024Q1,2024Q1,3.139761044734657,-0.8504934248538376,1.7270315629906552,test
LVA,2024Q2,1,2024Q3,2024Q1,2024Q1,0.8857644991212554,-13.93343261870953,1.0724108442924374,test
MLT,2024Q2,1,2024Q3,2024Q1,2024Q1,3.116196671797411,0.0,2.273582370330529,test
NLD,2024Q2,1,2024Q3,2024Q1,2024Q1,2.9684551808445647,-6.106856275932682,3.350860913496212,test
AUT,2024Q3,1,2024Q4,2024Q2,2024Q2,3.263654062916288,-6.6114163329919045,1.95334104278746,test
BEL,2024Q3,1,2024Q4,2024Q2,2024Q2,5.051422465607036,31.106532477481053,4.573369920292691,test
BGR,2024Q3,1,2024Q4,2024Q2,2024Q2,2.6549777711174283,-0.070642389991582,2.035005032280224,test
CYP,2024Q3,1,2024Q4,2024Q2,2024Q2,2.706415314920352,4.6516470245283825,2.2858295860717304,test
CZE,2024Q3,1,2024Q4,2024Q2,2024Q2,2.681388012618302,3.679435483870952,3.13274735181428,test
DEU,2024Q3,1,2024Q4,2024Q2,2024Q2,2.569536423841101,-3.504862236628836,2.525651144435681,test
DNK,2024Q3,1,2024Q4,2024Q2,2024Q2,1.4525776132155777,3.786191536748351,1.6728097533314612,test
EST,2024Q3,1,2024Q4,2024Q2,2024Q2,3.0082849674361034,-8.853363310763108,4.107403961185674,test
FIN,2024Q3,1,2024Q4,2024Q2,2024Q2,0.5235895282094338,-10.4940140916157,1.5904237383387532,test
FRA,2024Q3,1,2024Q4,2024Q2,2024Q2,2.504699767776186,7.804238311336831,1.6738927610998378,test
GRC,2024Q3,1,2024Q4,2024Q2,2024Q2,2.6651382719587557,-5.845442536327605,2.994318181818167,test
HRV,2024Q3,1,2024Q4,2024Q2,2024Q2,4.158860007916632,-1.557019419967498,4.017776399762285,test
HUN,2024Q3,1,2024Q4,2024Q2,2024Q2,3.712248758080272,-3.2145641307836814,4.0228938483076515,test
IRL,2024Q3,1,2024Q4,2024Q2,2024Q2,1.699235344095151,-14.42986881937437,0.5325112107623209,test
ITA,2024Q3,1,2024Q4,2024Q2,2024Q2,0.8771929824561653,-21.679389312977097,1.286261631089225,test
LTU,2024Q3,1,2024Q4,2024Q2,2024Q2,0.769761285011894,-21.05319739836231,1.0290718349928785,test
LUX,2024Q3,1,2024Q4,2024Q2,2024Q2,3.0007131493773542,-0.1407744983417336,1.182728917452036,test
LVA,2024Q3,1,2024Q4,2024Q2,2024Q2,0.8670586878819497,-17.10553777654099,2.5800566068629793,test
MLT,2024Q3,1,2024Q4,2024Q2,2024Q2,2.293402016659307,0.0,2.118525951942929,test
NLD,2024Q3,1,2024Q4,2024Q2,2024Q2,2.8697054844416536,-3.4599391178050665,3.682447347235618,test
AUT,2024Q4,1,2025Q1,2024Q3,2024Q3,2.3795572087335515,-7.687208817847813,3.310165508275409,test
BEL,2024Q4,1,2025Q1,2024Q3,2024Q3,4.6880787343245744,27.509470884869145,4.11205345669492,test
BGR,2024Q4,1,2025Q1,2024Q3,2024Q3,2.2302725614865127,-0.8483180290142833,3.9091840218504537,test
CYP,2024Q4,1,2025Q1,2024Q3,2024Q3,2.087075528184079,-2.2074714418030217,2.4476858509670407,test
CZE,2024Q4,1,2025Q1,2024Q3,2024Q3,2.553763440860224,3.3316421444275157,2.790079716563332,test
DEU,2024Q4,1,2025Q1,2024Q3,2024Q3,2.1505376344086224,-3.468679861252799,2.5681341719077544,test
DNK,2024Q4,1,2025Q1,2024Q3,2024Q3,1.183098591549303,4.797149122807021,1.6310461192350578,test
EST,2024Q4,1,2025Q1,2024Q3,2024Q3,3.355556536712423,-3.104218866391273,4.385601082756652,test
FIN,2024Q4,1,2025Q1,2024Q3,2024Q3,0.8513627423433423,-7.297760964236999,1.6906123587669075,test
FRA,2024Q4,1,2025Q1,2024Q3,2024Q3,2.10832624152415,9.11681499989676,1.2124522119060677,test
GRC,2024Q4,1,2025Q1,2024Q3,2024Q3,3.097231349467111,6.959533931664308,3.0994686625149592,test
HRV,2024Q4,1,2025Q1,2024Q3,2024Q3,3.1221847571490935,-3.328439952571871,4.688227684346669,test
HUN,2024Q4,1,2025Q1,2024Q3,2024Q3,3.4980863410016827,-4.611419416258389,5.403645833333348,test
IRL,2024Q4,1,2025Q1,2024Q3,2024Q3,0.8681041725006722,-16.40625,1.6356457980823302,test
ITA,2024Q4,1,2025Q1,2024Q3,2024Q3,1.187517260425297,-7.129385137683908,1.8477661334804107,test
LTU,2024Q4,1,2025Q1,2024Q3,2024Q3,0.7556001337345242,-12.190630816140647,3.408964643658763,test
LUX,2024Q4,1,2025Q1,2024Q3,2024Q3,1.7270315629906552,-5.684298518552922,1.9342672413793285,test
LVA,2024Q4,1,2025Q1,2024Q3,2024Q3,1.0724108442924374,-16.788476171937226,3.416718927833129,test
MLT,2024Q4,1,2025Q1,2024Q3,2024Q3,2.273582370330529,0.0,1.9996620289528533,test
NLD,2024Q4,1,2025Q1,2024Q3,2024Q3,3.350860913496212,-0.0402935063833265,3.2880813503329387,test
AUT,2025Q1,1,2025Q2,2024Q4,2024Q4,1.95334104278746,-12.063593362865088,3.153063755891816,test
BEL,2025Q1,1,2025Q2,2024Q4,2024Q4,4.573369920292691,23.92629374249873,2.929359711132573,test
BGR,2025Q1,1,2025Q2,2024Q4,2024Q4,2.035005032280224,-1.430078800260426,2.926936084280185,test
CYP,2025Q1,1,2025Q2,2024Q4,2024Q4,2.2858295860717304,-4.457000574602565,0.7597962493953281,test
CZE,2025Q1,1,2025Q2,2024Q4,2024Q4,3.13274735181428,5.280470914127422,2.260258942286586,test
DEU,2025Q1,1,2025Q2,2024Q4,2024Q4,2.525651144435681,-1.529436413157348,2.091942148760318,test
DNK,2025Q1,1,2025Q2,2024Q4,2024Q4,1.6728097533314612,7.979851537645843,1.6002245929253256,test
EST,2025Q1,1,2025Q2,2024Q4,2024Q4,4.107403961185674,-3.870854583232153,4.752688172043018,test
FIN,2025Q1,1,2025Q2,2024Q4,2024Q4,1.5904237383387532,-0.6383223873718258,1.9274692217703835,test
FRA,2025Q1,1,2025Q2,2024Q4,2024Q4,1.6738927610998378,5.999681819989644,0.7929230271319865,test
GRC,2025Q1,1,2025Q2,2024Q4,2024Q4,2.994318181818167,2.3039265166044043,3.168178646196784,test
HRV,2025Q1,1,2025Q2,2024Q4,2024Q4,4.017776399762285,1.3930179223647254,4.215753337893635,test
HUN,2025Q1,1,2025Q2,2024Q4,2024Q4,4.0228938483076515,-2.7121507167491843,4.429123995430562,test
IRL,2025Q1,1,2025Q2,2024Q4,2024Q4,0.5325112107623209,-10.7528786536758,1.670843776106934,test
ITA,2025Q1,1,2025Q2,2024Q4,2024Q4,1.286261631089225,-4.511422537915156,1.8478260869565055,test
LTU,2025Q1,1,2025Q2,2024Q4,2024Q4,1.0290718349928785,-7.532384455461361,3.2718843139419196,test
LUX,2025Q1,1,2025Q2,2024Q4,2024Q4,1.182728917452036,-12.819854913577956,2.093097571367708,test
LVA,2025Q1,1,2025Q2,2024Q4,2024Q4,2.5800566068629793,-6.658784866944522,3.877369058777802,test
MLT,2025Q1,1,2025Q2,2024Q4,2024Q4,2.118525951942929,0.0,2.6116304609862917,test
NLD,2025Q1,1,2025Q2,2024Q4,2024Q4,3.682447347235618,1.3634355208618445,3.2170768102379954,test
AUT,2025Q2,1,2025Q3,2025Q1,2025Q1,3.310165508275409,10.657578957473367,3.911907428144823,test
BEL,2025Q2,1,2025Q3,2025Q1,2025Q1,4.11205345669492,22.184264576434607,2.6333080616628424,test
BGR,2025Q2,1,2025Q3,2025Q1,2025Q1,3.9091840218504537,4.1317109376757255,3.652098449967456,test
CYP,2025Q2,1,2025Q3,2025Q1,2025Q1,2.4476858509670407,1.900125305560696,0.0391006842619834,test
CZE,2025Q2,1,2025Q3,2025Q1,2025Q1,2.790079716563332,-3.3413654618473787,2.2935779816513735,test
DEU,2025Q2,1,2025Q3,2025Q1,2025Q1,2.5681341719077544,-1.8338954468802515,2.1052631578947434,test
DNK,2025Q2,1,2025Q3,2025Q1,2025Q1,1.6310461192350578,1.4413518886680077,2.087973273942101,test
EST,2025Q2,1,2025Q3,2025Q1,2025Q1,4.385601082756652,1.324630711095831,5.6837113930539696,test
FIN,2025Q2,1,2025Q3,2025Q1,2025Q1,1.6906123587669075,-7.032806908522082,2.1452650934722817,test
FRA,2025Q2,1,2025Q3,2025Q1,2025Q1,1.2124522119060677,-1.933182463273342,0.9463637585697128,test
GRC,2025Q2,1,2025Q3,2025Q1,2025Q1,3.0994686625149592,5.211625934777575,2.860072610370512,test
HRV,2025Q2,1,2025Q3,2025Q1,2025Q1,4.688227684346669,6.026461801109684,4.602635782747622,test
HUN,2025Q2,1,2025Q3,2025Q1,2025Q1,5.403645833333348,-0.935230094451278,4.222831921746395,test
IRL,2025Q2,1,2025Q3,2025Q1,2025Q1,1.6356457980823302,-4.853273137697533,2.054414214325395,test
ITA,2025Q2,1,2025Q3,2025Q1,2025Q1,1.8477661334804107,3.4652490647765433,1.719432314410474,test
LTU,2025Q2,1,2025Q3,2025Q1,2025Q1,3.408964643658763,1.310079256738872,3.5903902309530222,test
LUX,2025Q2,1,2025Q3,2025Q1,2025Q1,1.9342672413793285,12.992704132770804,2.812666311868006,test
LVA,2025Q2,1,2025Q3,2025Q1,2025Q1,3.416718927833129,-2.4788732394366297,4.095492899773623,test
MLT,2025Q2,1,2025Q3,2025Q1,2025Q1,1.9996620289528533,0.0,2.522598276224497,test
NLD,2025Q2,1,2025Q3,2025Q1,2025Q1,3.2880813503329387,-3.003815605045934,2.641161213088594,test
AUT,2025Q3,1,2025Q4,2025Q2,2025Q2,3.153063755891816,12.952437930003002,3.937862162495387,test
BEL,2025Q3,1,2025Q4,2025Q2,2025Q2,2.929359711132573,8.04102109483611,2.439085342996372,test
BGR,2025Q3,1,2025Q4,2025Q2,2025Q2,2.926936084280185,4.679376083188913,3.6640523504787743,test
CYP,2025Q3,1,2025Q4,2025Q2,2025Q2,0.7597962493953281,-8.30879426979706,0.1465407918838757,test
CZE,2025Q3,1,2025Q4,2025Q2,2025Q2,2.260258942286586,-3.305785123966931,1.966783216783208,test
DEU,2025Q3,1,2025Q4,2025Q2,2025Q2,2.091942148760318,-2.8133529288263848,2.283808057480119,test
DNK,2025Q3,1,2025Q4,2025Q2,2025Q2,1.6002245929253256,-1.8776824034334896,2.0078081427774563,test
EST,2025Q3,1,2025Q4,2025Q2,2025Q2,4.752688172043018,-2.2415350858323024,4.443309499489279,test
FIN,2025Q3,1,2025Q4,2025Q2,2025Q2,1.9274692217703835,-5.210330438705302,1.5268020136084637,test
FRA,2025Q3,1,2025Q4,2025Q2,2025Q2,0.7929230271319865,-5.551586305443445,0.7610925186225082,test
GRC,2025Q3,1,2025Q4,2025Q2,2025Q2,3.168178646196784,5.606669724523106,2.435593313841266,test
HRV,2025Q3,1,2025Q4,2025Q2,2025Q2,4.215753337893635,6.859592711682749,4.026528888668102,test
HUN,2025Q3,1,2025Q4,2025Q2,2025Q2,4.429123995430562,1.5516914621434452,3.734710841942768,test
IRL,2025Q3,1,2025Q4,2025Q2,2025Q2,1.670843776106934,-0.7272012578616316,2.899358795650997,test
ITA,2025Q3,1,2025Q4,2025Q2,2025Q2,1.8478260869565055,4.006930907515693,1.2158875979465078,test
LTU,2025Q3,1,2025Q4,2025Q2,2025Q2,3.2718843139419196,2.47157350037448,3.5023649763502585,test
LUX,2025Q3,1,2025Q4,2025Q2,2025Q2,2.093097571367708,12.532256522985753,3.2905446878919387,test
LVA,2025Q3,1,2025Q4,2025Q2,2025Q2,3.877369058777802,0.4699859423847652,3.840014593879704,test
MLT,2025Q3,1,2025Q4,2025Q2,2025Q2,2.6116304609862917,0.0,2.470382704591345,test
NLD,2025Q3,1,2025Q4,2025Q2,2025Q2,3.2170768102379954,2.8172787601500326,2.8052598622416935,test
AUT,2011Q2,2,2011Q4,2011Q1,2011Q1,3.0086120120791593,4.980447133475985,3.6749064769309614,train
BEL,2011Q2,2,2011Q4,2011Q1,2011Q1,3.4382691106784824,17.164289409504097,3.3025619006726847,train
BGR,2011Q2,2,2011Q4,2011Q1,2011Q1,4.500594946454828,3.3988115514174133,2.5361702127659536,train
CYP,2011Q2,2,2011Q4,2011Q1,2011Q1,3.1393978356369923,13.995659175243324,3.793747406280268,train
CZE,2011Q2,2,2011Q4,2011Q1,2011Q1,1.9175108538350472,5.379984951091044,2.8047464940668787,train
DEU,2011Q2,2,2011Q4,2011Q1,2011Q1,2.208544532947143,9.115488605639266,2.574186628530573,train
DNK,2011Q2,2,2011Q4,2011Q1,2011Q1,2.5723472668810254,8.055853920515577,2.5695177754311738,train
EST,2011Q2,2,2011Q4,2011Q1,2011Q1,5.242793577094207,5.404502359771124,4.405532009814839,train
FIN,2011Q2,2,2011Q4,2011Q1,2011Q1,3.358857692449968,25.101280844620845,2.9976019184652314,train
FRA,2011Q2,2,2011Q4,2011Q1,2011Q1,1.989285714285738,12.153202989738588,2.6482826715565455,train
GRC,2011Q2,2,2011Q4,2011Q1,2011Q1,4.453357305857164,23.5042065109474,2.6235992089650884,train
HRV,2011Q2,2,2011Q4,2011Q1,2011Q1,2.162946833605517,1.7215719399863216,2.3711155020657015,train
HUN,2011Q2,2,2011Q4,2011Q1,2011Q1,4.256365631266323,7.885109599395301,4.066092485121797,train
IRL,2011Q2,2,2011Q4,2011Q1,2011Q1,0.8336227856895251,9.75710168793742,1.593349497748564,train
ITA,2011Q2,2,2011Q4,2011Q1,2011Q1,2.341748993779724,5.699685534591192,3.735325506937026,train
LTU,2011Q2,2,2011Q4,2011Q1,2011Q1,3.2018629020521105,9.830472706809235,4.028427556158731,train
LUX,2011Q2,2,2011Q4,2011Q1,2011Q1,3.788998964956391,12.0140350877193,3.7168013856813342,train
LVA,2011Q2,2,2011Q4,2011Q1,2011Q1,3.808349352580609,14.171351472903094,4.0636231007365575,train
MLT,2011Q2,2,2011Q4,2011Q1,2011Q1,2.9182806212628476,4.015575565831098,1.900289017341028,train
NLD,2011Q2,2,2011Q4,2011Q1,2011Q1,1.8982258888808,3.854405841833852,2.628826944574647,train
AUT,2011Q3,2,2012Q1,2011Q2,2011Q2,3.6937169874044384,5.0481291163060105,2.7180600796236076,train
BEL,2011Q3,2,2012Q1,2011Q2,2011Q2,3.113949628346679,17.392967690327964,3.2494051635356236,train
BGR,2011Q3,2,2012Q1,2011Q2,2011Q2,3.4249413064493694,2.981080877364861,1.8821165438713816,train
CYP,2011Q3,2,2012Q1,2011Q2,2011Q2,4.077200602472941,15.098116427118224,3.24468453494009,train
CZE,2011Q3,2,2012Q1,2011Q2,2011Q2,1.8678160919540552,5.033557046979853,3.9758608448704047,train
DEU,2011Q3,2,2012Q1,2011Q2,2011Q2,2.5225225225224968,8.908263836239595,2.408784980517198,train
DNK,2011Q3,2,2012Q1,2011Q2,2011Q2,2.939093484419275,6.880894166957741,2.7168234064785635,train
EST,2011Q3,2,2012Q1,2011Q2,2011Q2,5.2821721934895205,3.72434965260946,4.599264705882322,train
FIN,2011Q3,2,2012Q1,2011Q2,2011Q2,3.4144729595770418,21.60106633213108,3.0063347768512605,train
FRA,2011Q3,2,2012Q1,2011Q2,2011Q2,2.2181342201152976,10.441321499013778,2.570298000490246,train
GRC,2011Q3,2,2012Q1,2011Q2,2011Q2,3.3020600313846016,20.18824433346138,1.6914928831512688,train
HRV,2011Q3,2,2012Q1,2011Q2,2011Q2,2.2652211372774067,1.7957620016760378,1.687329046925523,train
HUN,2011Q3,2,2012Q1,2011Q2,2011Q2,3.9242621124930377,4.003350567574593,5.639425170561796,train
IRL,2011Q3,2,2012Q1,2011Q2,2011Q2,1.280719972308786,7.904191616766454,1.6534619359283464,train
ITA,2011Q3,2,2012Q1,2011Q2,2011Q2,2.9770444763271176,6.991116261104646,3.5395066142295706,train
LTU,2011Q3,2,2012Q1,2011Q2,2011Q2,4.713233169604147,9.536082474226816,3.620786912988261,train
LUX,2011Q3,2,2012Q1,2011Q2,2011Q2,3.852321597784125,10.911783514523222,3.130676354311346,train
LVA,2011Q3,2,2012Q1,2011Q2,2011Q2,4.584691428776111,10.152681180295463,3.2912896125222524,train
MLT,2011Q3,2,2012Q1,2011Q2,2011Q2,2.669981623608253,4.221086503880378,2.272810318997331,train
NLD,2011Q3,2,2012Q1,2011Q2,2011Q2,2.2331076213802037,5.695844185256482,2.8838575625134144,train
AUT,2011Q4,2,2012Q2,2011Q3,2011Q3,3.8206656547332463,5.961754780652417,2.258397748726515,train
BEL,2011Q4,2,2012Q2,2011Q3,2011Q3,3.558242235575171,19.594735019050937,2.564999825034131,train
BGR,2011Q4,2,2012Q2,2011Q3,2011Q3,3.111676523174234,2.832902987827346,1.836026171718519,train
CYP,2011Q4,2,2012Q2,2011Q3,2011Q3,2.9259776536313176,16.985084100285587,3.395820011442807,train
CZE,2011Q4,2,2012Q2,2011Q3,2011Q3,2.0452099031216253,5.704821494295165,3.7729196050775298,train
DEU,2011Q4,2,2012Q2,2011Q3,2011Q3,2.622126436781591,9.613928841786556,2.0738137082601193,train
DNK,2011Q4,2,2012Q2,2011Q3,2011Q3,2.5423728813559254,6.963788300835683,2.132782937736466,train
EST,2011Q4,2,2012Q2,2011Q3,2011Q3,5.404080401252043,7.399610755848585,4.2658479320931475,train
FIN,2011Q4,2,2012Q2,2011Q3,2011Q3,3.5292820116907597,19.621395384556298,3.0035147513047145,train
FRA,2011Q4,2,2012Q2,2011Q3,2011Q3,2.306139076835878,9.94263862332694,2.3153595902263735,train
GRC,2011Q4,2,2012Q2,2011Q3,2011Q3,2.1433825988095956,19.36297848028947,1.137685843568215,train
HRV,2011Q4,2,2012Q2,2011Q3,2011Q3,2.038834951456314,3.0532525510204245,3.2365640467581835,train
HUN,2011Q4,2,2012Q2,2011Q3,2011Q3,3.4444361962735037,5.14699493120927,5.530151471849054,train
IRL,2011Q4,2,2012Q2,2011Q3,2011Q3,1.1426592797783908,8.16733067729083,1.845522898154428,train
ITA,2011Q4,2,2012Q2,2011Q3,2011Q3,2.6676279740447395,7.838660578386603,3.6224312086381216,train
LTU,2011Q4,2,2012Q2,2011Q3,2011Q3,4.546110029562356,12.055322827315608,2.8282688924913257,train
LUX,2011Q4,2,2012Q2,2011Q3,2011Q3,3.5714285714285365,10.189707299245798,2.7443411124758343,train
LVA,2011Q4,2,2012Q2,2011Q3,2011Q3,4.4288627338747055,9.126251718044356,2.4041919243809717,train
MLT,2011Q4,2,2012Q2,2011Q3,2011Q3,2.577961099455961,2.241178340574334,3.95872815329541,train
NLD,2011Q4,2,2012Q2,2011Q3,2011Q3,3.137923528984987,6.9007043024486014,2.575394588500557,train
AUT,2012Q1,2,2012Q3,2011Q4,2011Q4,3.6749064769309614,7.137458157866305,2.3963199372392108,train
BEL,2012Q1,2,2012Q3,2011Q4,2011Q4,3.3025619006726847,17.7815013404826,2.3978468314167056,train
BGR,2012Q1,2,2012Q3,2011Q4,2011Q4,2.5361702127659536,2.6806229257084313,2.9944312914735427,train
CYP,2012Q1,2,2012Q3,2011Q4,2011Q4,3.793747406280268,23.430622756360208,3.9520998710902866,train
CZE,2012Q1,2,2012Q3,2011Q4,2011Q4,2.8047464940668787,7.395143487858746,3.4458509142053506,train
DEU,2012Q1,2,2012Q3,2011Q4,2011Q4,2.574186628530573,10.306198655713183,2.13510675533779,train
DNK,2012Q1,2,2012Q3,2011Q4,2011Q4,2.5695177754311738,7.041276448144318,2.4449035812672326,train
EST,2012Q1,2,2012Q3,2011Q4,2011Q4,4.405532009814839,9.095546399843046,4.132379248658302,train
FIN,2012Q1,2,2012Q3,2011Q4,2011Q4,2.9976019184652314,16.129032258064502,3.259827420901251,train
FRA,2012Q1,2,2012Q3,2011Q4,2011Q4,2.6482826715565455,8.667112141818322,2.2576177285318355,train
GRC,2012Q1,2,2012Q3,2011Q4,2011Q4,2.6235992089650884,21.07006250583077,0.7725799587520843,train
HRV,2012Q1,2,2012Q3,2011Q4,2011Q4,2.3711155020657015,3.3063106024479705,4.1124854635796515,train
HUN,2012Q1,2,2012Q3,2011Q4,2011Q4,4.066092485121797,6.188596617591968,6.027987082884811,train
IRL,2012Q1,2,2012Q3,2011Q4,2011Q4,1.593349497748564,12.281383598911775,2.327969873331037,train
ITA,2012Q1,2,2012Q3,2011Q4,2011Q4,3.735325506937026,10.887708649468886,3.476123595505598,train
LTU,2012Q1,2,2012Q3,2011Q4,2011Q4,4.028427556158731,12.431814470031057,3.2276975068106006,train
LUX,2012Q1,2,2012Q3,2011Q4,2011Q4,3.7168013856813342,8.862485391507601,2.9080576700459604,train
LVA,2012Q1,2,2012Q3,2011Q4,2011Q4,4.0636231007365575,11.448814459965394,1.897845226268391,train
MLT,2012Q1,2,2012Q3,2011Q4,2011Q4,1.900289017341028,1.2665545511877152,3.4491125901275677,train
NLD,2012Q1,2,2012Q3,2011Q4,2011Q4,2.628826944574647,7.045694905364508,2.567619851570458,train
AUT,2012Q2,2,2012Q4,2012Q1,2012Q1,2.7180600796236076,5.225611470340175,2.9149568416584115,train
BEL,2012Q2,2,2012Q4,2012Q1,2012Q1,3.2494051635356236,13.747752862144004,2.3033493817325112,train
BGR,2012Q2,2,2012Q4,2012Q1,2012Q1,1.8821165438713816,3.8178557048208495,2.845285524568375,train
CYP,2012Q2,2,2012Q4,2012Q1,2012Q1,3.24468453494009,28.064734062154507,1.8258754539699495,train
CZE,2012Q2,2,2012Q4,2012Q1,2012Q1,3.9758608448704047,10.35344519814354,2.9380902413431276,train
DEU,2012Q2,2,2012Q4,2012Q1,2012Q1,2.408784980517198,6.9734513274335885,2.0216103171836863,train
DNK,2012Q2,2,2012Q4,2012Q1,2012Q1,2.7168234064785635,3.479125248508952,2.1276595744680993,train
EST,2012Q2,2,2012Q4,2012Q1,2012Q1,4.599264705882322,14.25684510837264,3.892034326816906,train
FIN,2012Q2,2,2012Q4,2012Q1,2012Q1,3.0063347768512605,3.2023813417945357,3.3760186263096736,train
FRA,2012Q2,2,2012Q4,2012Q1,2012Q1,2.570298000490246,6.91291087766861,1.7382939984196932,train
GRC,2012Q2,2,2012Q4,2012Q1,2012Q1,1.6914928831512688,20.025386079966133,0.5524152106885838,train
HRV,2012Q2,2,2012Q4,2012Q1,2012Q1,1.687329046925523,4.563248843370626,4.358659413932275,train
HUN,2012Q2,2,2012Q4,2012Q1,2012Q1,5.639425170561796,7.255555866939467,5.459453699428107,train
IRL,2012Q2,2,2012Q4,2012Q1,2012Q1,1.6534619359283464,10.277569392348074,1.7729287419024686,train
ITA,2012Q2,2,2012Q4,2012Q1,2012Q1,3.5395066142295706,13.387876534027509,2.640603566529509,train
LTU,2012Q2,2,2012Q4,2012Q1,2012Q1,3.620786912988261,11.563710891215951,2.990147275910582,train
LUX,2012Q2,2,2012Q4,2012Q1,2012Q1,3.130676354311346,8.488911164014512,2.790341660288065,train
LVA,2012Q2,2,2012Q4,2012Q1,2012Q1,3.2912896125222524,14.677381233750886,1.5694990596683225,train
MLT,2012Q2,2,2012Q4,2012Q1,2012Q1,2.272810318997331,0.7097176727499654,3.1872651208962877,train
NLD,2012Q2,2,2012Q4,2012Q1,2012Q1,2.8838575625134144,8.654996194411236,3.271257905832714,train
AUT,2012Q3,2,2013Q1,2012Q2,2012Q2,2.258397748726515,2.9487753625684787,2.607378175539954,train
BEL,2012Q3,2,2013Q1,2012Q2,2012Q2,2.564999825034131,6.055578598092093,1.4721056614156902,train
BGR,2012Q3,2,2013Q1,2012Q2,2012Q2,1.836026171718519,5.5187557182067914,2.153047136940356,train
CYP,2012Q3,2,2013Q1,2012Q2,2012Q2,3.395820011442807,26.93941553813255,1.7139023981217472,train
CZE,2012Q3,2,2013Q1,2012Q2,2012Q2,3.7729196050775298,9.79765708200211,1.7412086036189711,train
DEU,2012Q3,2,2013Q1,2012Q2,2012Q2,2.0738137082601193,5.4646710755307915,1.8332756831546115,train
DNK,2012Q3,2,2013Q1,2012Q2,2012Q2,2.132782937736466,1.0784313725490158,0.9155645981688832,train
EST,2012Q3,2,2013Q1,2012Q2,2012Q2,4.2658479320931475,12.800841187008348,3.838177919932528,train
FIN,2012Q3,2,2013Q1,2012Q2,2012Q2,3.0035147513047145,-1.0058675607711454,2.512073937667214,train
FRA,2012Q3,2,2013Q1,2012Q2,2012Q2,2.3153595902263735,4.53175577631435,1.2085623570380122,train
GRC,2012Q3,2,2013Q1,2012Q2,2012Q2,1.137685843568215,14.64759469394279,-0.0195306142378171,train
HRV,2012Q3,2,2013Q1,2012Q2,2012Q2,3.2365640467581835,15.99435493355288,4.160553343114648,train
HUN,2012Q3,2,2013Q1,2012Q2,2012Q2,5.530151471849054,6.851445552253743,2.6691858467880136,train
IRL,2012Q3,2,2013Q1,2012Q2,2012Q2,1.845522898154428,10.17388087310398,1.11826499491694,train
ITA,2012Q3,2,2013Q1,2012Q2,2012Q2,3.6224312086381216,13.429602888086656,2.071823204419898,train
LTU,2012Q3,2,2013Q1,2012Q2,2012Q2,2.8282688924913257,9.521568627450993,2.22176856860945,train
LUX,2012Q3,2,2013Q1,2012Q2,2012Q2,2.7443411124758343,6.84611416259524,2.2033430031772383,train
LVA,2012Q3,2,2013Q1,2012Q2,2012Q2,2.4041919243809717,8.861989090637401,0.3957649764908755,train
MLT,2012Q3,2,2013Q1,2012Q2,2012Q2,3.95872815329541,1.4685278397592372,1.8685912322698115,train
NLD,2012Q3,2,2013Q1,2012Q2,2012Q2,2.575394588500557,7.553031926290976,3.2139002054389243,train
AUT,2012Q4,2,2013Q2,2012Q3,2012Q3,2.3963199372392108,3.934662009451406,2.250322221061052,train
BEL,2012Q4,2,2013Q2,2012Q3,2012Q3,2.3978468314167056,3.087438815999066,1.354486523370846,train
BGR,2012Q4,2,2013Q2,2012Q3,2012Q3,2.9944312914735427,13.361790659301231,1.065364190650997,train
CYP,2012Q4,2,2013Q2,2012Q3,2012Q3,3.9520998710902866,19.26645325809777,0.348284616886918,train
CZE,2012Q4,2,2013Q2,2012Q3,2012Q3,3.4458509142053506,7.694986072423382,1.4950730547060864,train
DEU,2012Q4,2,2013Q2,2012Q3,2012Q3,2.13510675533779,5.870165745856326,1.5495867768595015,train
DNK,2012Q4,2,2013Q2,2012Q3,2012Q3,2.4449035812672326,1.432291666666674,0.6062647356012363,train
EST,2012Q4,2,2013Q2,2012Q3,2012Q3,4.132379248658302,10.517751479289972,3.699854500103972,train
FIN,2012Q4,2,2013Q2,2012Q3,2012Q3,3.259827420901251,-0.9790389368599884,2.4023713507738353,train
FRA,2012Q4,2,2013Q2,2012Q3,2012Q3,2.2576177285318355,5.439407955596676,0.9065385786287016,train
GRC,2012Q4,2,2013Q2,2012Q3,2012Q3,0.7725799587520843,15.252682382035031,-0.3770931867570049,train
HRV,2012Q4,2,2013Q2,2012Q3,2012Q3,4.1124854635796515,18.96418349191613,2.3598218232514068,train
HUN,2012Q4,2,2013Q2,2012Q3,2012Q3,6.027987082884811,5.465263621839034,1.8517264725795848,train
IRL,2012Q4,2,2013Q2,2012Q3,2012Q3,2.327969873331037,10.718232044198906,0.5369127516778871,train
ITA,2012Q4,2,2013Q2,2012Q3,2012Q3,3.476123595505598,12.70289343683839,1.210084033613423,train
LTU,2012Q4,2,2013Q2,2012Q3,2012Q3,3.2276975068106006,6.129836221220053,1.398718679770572,train
LUX,2012Q4,2,2013Q2,2012Q3,2012Q3,2.9080576700459604,6.253392027980453,1.7009939542985908,train
LVA,2012Q4,2,2013Q2,2012Q3,2012Q3,1.897845226268391,7.44899060779447,-0.1103642018661532,train
MLT,2012Q4,2,2013Q2,2012Q3,2012Q3,3.4491125901275677,0.8420998082603326,0.7798258051448403,train
NLD,2012Q4,2,2013Q2,2012Q3,2012Q3,2.567619851570458,4.123711340206171,3.0018890606216653,train
AUT,2013Q1,2,2013Q3,2012Q4,2012Q4,2.9149568416584115,2.593563125713927,1.9780602472575517,train
BEL,2013Q1,2,2013Q3,2012Q4,2012Q4,2.3033493817325112,1.2661469299493744,1.245946407236742,train
BGR,2013Q1,2,2013Q3,2012Q4,2012Q4,2.845285524568375,12.811678624707,-0.6669472593647807,train
CYP,2013Q1,2,2013Q3,2012Q4,2012Q4,1.8258754539699495,11.623378265597715,0.3459191332441769,train
CZE,2013Q1,2,2013Q3,2012Q4,2012Q4,2.9380902413431276,6.132237067488888,1.2236573759347502,train
DEU,2013Q1,2,2013Q3,2012Q4,2012Q4,2.0216103171836863,4.5362220717671375,1.6792323509253082,train
DNK,2013Q1,2,2013Q3,2012Q4,2012Q4,2.1276595744680993,0.6480881399870464,0.201680672268889,train
EST,2013Q1,2,2013Q3,2012Q4,2012Q4,3.892034326816906,8.355213466172717,3.367119051709344,train
FIN,2013Q1,2,2013Q3,2012Q4,2012Q4,3.3760186263096736,-0.963261648745506,2.142439561195353,train
FRA,2013Q1,2,2013Q3,2012Q4,2012Q4,1.7382939984196932,5.158069883527472,1.0632534200189614,train
GRC,2013Q1,2,2013Q3,2012Q4,2012Q4,0.5524152106885838,28.80369870930459,-0.8153851151609715,train
HRV,2013Q1,2,2013Q3,2012Q4,2012Q4,4.358659413932275,19.53377442683488,2.223801787164903,train
HUN,2013Q1,2,2013Q3,2012Q4,2012Q4,5.459453699428107,4.620560544808305,1.6311336717428349,train
IRL,2013Q1,2,2013Q3,2012Q4,2012Q4,1.7729287419024686,8.065074420214602,0.301104048176648,train
ITA,2013Q1,2,2013Q3,2012Q4,2012Q4,2.640603566529509,10.742387957577826,1.0858500169664165,train
LTU,2013Q1,2,2013Q3,2012Q4,2012Q4,2.990147275910582,1.5252316899567075,0.5511942542174353,train
LUX,2013Q1,2,2013Q3,2012Q4,2012Q4,2.790341660288065,5.755352776286737,1.6737114807744424,train
LVA,2013Q1,2,2013Q3,2012Q4,2012Q4,1.5694990596683225,7.653964240563416,0.0134476382585235,train
MLT,2013Q1,2,2013Q3,2012Q4,2012Q4,3.1872651208962877,1.668483055685277,0.7137352142881248,train
NLD,2013Q1,2,2013Q3,2012Q4,2012Q4,3.271257905832714,5.515620209177952,2.7536778574123177,train
AUT,2013Q2,2,2013Q4,2013Q1,2013Q1,2.607378175539954,3.3196406505694,1.6465007562216138,train
BEL,2013Q2,2,2013Q4,2013Q1,2013Q1,1.4721056614156902,-3.18028059668386,0.9242957746479208,train
BGR,2013Q2,2,2013Q4,2013Q1,2013Q1,2.153047136940356,9.036739299062102,-0.9716886722407004,train
CYP,2013Q2,2,2013Q4,2013Q1,2013Q1,1.7139023981217472,4.589597870656781,-0.8474853571545538,train
CZE,2013Q2,2,2013Q4,2013Q1,2013Q1,1.7412086036189711,3.1057910061468297,1.1213047910295648,train
DEU,2013Q2,2,2013Q4,2013Q1,2013Q1,1.8332756831546115,6.022501654533441,1.3665869490946392,train
DNK,2013Q2,2,2013Q4,2013Q1,2013Q1,0.9155645981688832,1.6330451488953068,0.3696236559139754,train
EST,2013Q2,2,2013Q4,2013Q1,2013Q1,3.838177919932528,12.935668458470603,2.101041952289595,train
FIN,2013Q2,2,2013Q4,2013Q1,2013Q1,2.512073937667214,0.0729001584785837,1.812039312039304,train
FRA,2013Q2,2,2013Q4,2013Q1,2013Q1,1.2085623570380122,4.5958795562599075,0.7833867972311559,train
GRC,2013Q2,2,2013Q4,2013Q1,2013Q1,-0.0195306142378171,21.161167512690348,-2.187939184872856,train
HRV,2013Q2,2,2013Q4,2013Q1,2013Q1,4.160553343114648,17.513141474114136,0.6288462185156884,train
HUN,2013Q2,2,2013Q4,2013Q1,2013Q1,2.6691858467880136,-7.924853678929777,0.6938363085214005,train
IRL,2013Q2,2,2013Q4,2013Q1,2013Q1,1.11826499491694,6.190476190476191,0.1675041876047167,train
ITA,2013Q2,2,2013Q4,2013Q1,2013Q1,2.071823204419898,6.854706461134796,0.6348145673237493,train
LTU,2013Q2,2,2013Q4,2013Q1,2013Q1,2.22176856860945,1.891612606923476,0.5066666666666553,train
LUX,2013Q2,2,2013Q4,2013Q1,2013Q1,2.2033430031772383,1.842120459663921,1.2286758732737546,train
LVA,2013Q2,2,2013Q4,2013Q1,2013Q1,0.3957649764908755,0.4774663369057297,-0.2524912469700879,train
MLT,2013Q2,2,2013Q4,2013Q1,2013Q1,1.8685912322698115,0.4052763365084422,0.5978354234667194,train
NLD,2013Q2,2,2013Q4,2013Q1,2013Q1,3.2139002054389243,4.960138763801347,1.2997176006260602,train
AUT,2013Q3,2,2014Q1,2013Q2,2013Q2,2.250322221061052,2.686966705705207,1.483465540331741,train
BEL,2013Q3,2,2014Q1,2013Q2,2013Q2,1.354486523370846,-5.327113246550108,0.9185817910650096,train
BGR,2013Q3,2,2014Q1,2013Q2,2013Q2,1.065364190650997,2.184996358339397,-1.8116291791357095,train
CYP,2013Q3,2,2014Q1,2013Q2,2013Q2,0.348284616886918,-7.252268439493303,-1.2365626854843992,train
CZE,2013Q3,2,2014Q1,2013Q2,2013Q2,1.4950730547060864,1.810539928871635,0.3020134228188142,train
DEU,2013Q3,2,2014Q1,2013Q2,2013Q2,1.5495867768595015,5.181518151815179,0.9510869565217516,train
DNK,2013Q3,2,2014Q1,2013Q2,2013Q2,0.6062647356012363,1.713546718396386,0.4368279569892275,train
EST,2013Q3,2,2014Q1,2013Q2,2013Q2,3.699854500103972,12.8361815984809,1.1305554615306468,train
FIN,2013Q3,2,2014Q1,2013Q2,2013Q2,2.4023713507738353,0.5699211880414445,1.5794468546637574,train
FRA,2013Q3,2,2014Q1,2013Q2,2013Q2,0.9065385786287016,3.97935575725219,0.8601787822567264,train
GRC,2013Q3,2,2014Q1,2013Q2,2013Q2,-0.3770931867570049,18.324388373876065,-1.2534592218785612,train
HRV,2013Q3,2,2014Q1,2013Q2,2013Q2,2.3598218232514068,4.376626449018217,0.0603682463024446,train
HUN,2013Q3,2,2014Q1,2013Q2,2013Q2,1.8517264725795848,-8.514841191453959,0.4349717268377961,train
IRL,2013Q3,2,2014Q1,2013Q2,2013Q2,0.5369127516778871,3.7273337810610703,0.2010723860590202,train
ITA,2013Q3,2,2014Q1,2013Q2,2013Q2,1.210084033613423,1.3049013367282036,0.4397834912042819,train
LTU,2013Q3,2,2014Q1,2013Q2,2013Q2,1.398718679770572,0.4296763105127388,0.3128744508054781,train
LUX,2013Q3,2,2014Q1,2013Q2,2013Q2,1.7009939542985908,-1.8972421823965413,0.996823680475778,train
LVA,2013Q3,2,2014Q1,2013Q2,2013Q2,-0.1103642018661532,-0.514791680966431,0.4447439353099547,train
MLT,2013Q3,2,2014Q1,2013Q2,2013Q2,0.7798258051448403,-1.1634448194742908,1.3152356902356832,train
NLD,2013Q3,2,2014Q1,2013Q2,2013Q2,3.0018890606216653,4.004382906664006,0.4351933067944014,train
AUT,2013Q4,2,2014Q2,2013Q3,2013Q3,1.9780602472575517,1.5419590787782989,1.597792389193642,train
BEL,2013Q4,2,2014Q2,2013Q3,2013Q3,1.245946407236742,-4.874553985334185,0.6732419968357606,train
BGR,2013Q4,2,2014Q2,2013Q3,2013Q3,-0.6669472593647807,-8.92320349333925,-1.628231325613816,train
CYP,2013Q4,2,2014Q2,2013Q3,2013Q3,0.3459191332441769,-9.853516513511074,-0.1492101592656336,train
CZE,2013Q4,2,2014Q2,2013Q3,2013Q3,1.2236573759347502,0.258648561267405,0.2008704385671356,train
DEU,2013Q4,2,2014Q2,2013Q3,2013Q3,1.6792323509253082,4.533594259621632,0.9155645981688832,train
DNK,2013Q4,2,2014Q2,2013Q3,2013Q3,0.201680672268889,0.2246469833119269,0.4017408771342268,train
EST,2013Q4,2,2014Q2,2013Q3,2013Q3,3.367119051709344,9.854771784232351,0.5979822275673063,train
FIN,2013Q4,2,2014Q2,2013Q3,2013Q3,2.142439561195353,1.2934387966804906,1.0939077751598525,train
FRA,2013Q4,2,2014Q2,2013Q3,2013Q3,1.0632534200189614,3.670819442007378,0.7508967181790727,train
GRC,2013Q4,2,2014Q2,2013Q3,2013Q3,-0.8153851151609715,19.633154525004315,-1.7290049400141116,train
HRV,2013Q4,2,2014Q2,2013Q3,2013Q3,2.223801787164903,0.7803101732938966,0.249144603527851,train
HUN,2013Q4,2,2014Q2,2013Q3,2013Q3,1.6311336717428349,-8.543592958261526,-0.0897397547113376,train
IRL,2013Q4,2,2014Q2,2013Q3,2013Q3,0.301104048176648,3.592814371257469,0.4005340453938633,train
ITA,2013Q4,2,2014Q2,2013Q3,2013Q3,1.0858500169664165,-0.1878522229179391,0.3985386914646449,train
LTU,2013Q4,2,2014Q2,2013Q3,2013Q3,0.5511942542174353,-3.293262510483619,0.2282500826993105,train
LUX,2013Q4,2,2014Q2,2013Q3,2013Q3,1.6737114807744424,-2.0459704880817164,1.1620486985726597,train
LVA,2013Q4,2,2014Q2,2013Q3,2013Q3,0.0134476382585235,-3.6940286010918033,0.7867952323556748,train
MLT,2013Q4,2,2014Q2,2013Q3,2013Q3,0.7137352142881248,-0.8941648038233274,0.5292600408669079,train
NLD,2013Q4,2,2014Q2,2013Q3,2013Q3,2.7536778574123177,1.6916923480427617,0.3501283804061339,train
AUT,2014Q1,2,2014Q3,2013Q4,2013Q4,1.6465007562216138,0.3340100857947448,1.509408189051653,train
BEL,2014Q1,2,2014Q3,2013Q4,2013Q4,0.9242957746479208,-5.189514203028867,0.3776129467295996,train
BGR,2014Q1,2,2014Q3,2013Q4,2013Q4,-0.9716886722407004,-10.487705047070294,-1.1798833154069377,train
CYP,2014Q1,2,2014Q3,2013Q4,2013Q4,-0.8474853571545538,-13.165824591612472,0.5626199225990947,train
CZE,2014Q1,2,2014Q3,2013Q4,2013Q4,1.1213047910295648,0.0645577792123708,0.6715916722632498,train
DEU,2014Q1,2,2014Q3,2013Q4,2013Q4,1.3665869490946392,3.3678756476684057,0.7751937984496138,train
DNK,2014Q1,2,2014Q3,2013Q4,2013Q4,0.3696236559139754,1.4810045074050038,0.3690036900368731,train
EST,2014Q1,2,2014Q3,2013Q4,2013Q4,2.101041952289595,7.080262895837475,0.0033239155725173,train
FIN,2014Q1,2,2014Q3,2013Q4,2013Q4,1.812039312039304,0.4523863379325643,1.2322402531816268,train
FRA,2014Q1,2,2014Q3,2013Q4,2013Q4,0.7833867972311559,3.267749036873968,0.4925283120016166,train
GRC,2014Q1,2,2014Q3,2013Q4,2013Q4,-2.187939184872856,3.834764141066649,-0.7303812393554043,train
HRV,2014Q1,2,2014Q3,2013Q4,2013Q4,0.6288462185156884,-1.3709210272253358,0.3410483096586203,train
HUN,2014Q1,2,2014Q3,2013Q4,2013Q4,0.6938363085214005,-14.896265560165956,0.073255194459243,train
IRL,2014Q1,2,2014Q3,2013Q4,2013Q4,0.1675041876047167,0.6406149903907643,0.5003335557038024,train
ITA,2014Q1,2,2014Q3,2013Q4,2013Q4,0.6348145673237493,-2.471424158171165,-0.0671366230278747,train
LTU,2014Q1,2,2014Q3,2013Q4,2013Q4,0.5066666666666553,-1.4336404738739872,0.2491694352159568,train
LUX,2014Q1,2,2014Q3,2013Q4,2013Q4,1.2286758732737546,-5.041732461087312,0.7442920843531375,train
LVA,2014Q1,2,2014Q3,2013Q4,2013Q4,-0.2524912469700879,-3.1472285599248084,0.8773404148038733,train
MLT,2014Q1,2,2014Q3,2013Q4,2013Q4,0.5978354234667194,-0.9137081748806786,0.6820601543784832,train
NLD,2014Q1,2,2014Q3,2013Q4,2013Q4,1.2997176006260602,-0.080718067932306,0.2936857562408024,train
AUT,2014Q2,2,2014Q4,2014Q1,2014Q1,1.483465540331741,-0.3878850567281655,1.2546075546988833,train
BEL,2014Q2,2,2014Q4,2014Q1,2014Q1,0.9185817910650096,-2.89240814456313,-0.0033546915361282,train
BGR,2014Q2,2,2014Q4,2014Q1,2014Q1,-1.8116291791357095,-9.985448666127706,-1.7798930760203224,train
CYP,2014Q2,2,2014Q4,2014Q1,2014Q1,-1.2365626854843992,-15.211958639979816,-0.2310078542670512,train
CZE,2014Q2,2,2014Q4,2014Q1,2014Q1,0.3020134228188142,-7.216818324443041,0.4704301075268979,train
DEU,2014Q2,2,2014Q4,2014Q1,2014Q1,0.9510869565217516,-0.4681647940074862,0.4381530165149749,train
DNK,2014Q2,2,2014Q4,2014Q1,2014Q1,0.4368279569892275,0.8191556395715338,0.2008704385671356,train
EST,2014Q2,2,2014Q4,2014Q1,2014Q1,1.1305554615306468,-3.6941501612160255,0.1812749672697844,train
FIN,2014Q2,2,2014Q4,2014Q1,2014Q1,1.5794468546637574,-0.3103917904538567,0.9351432880844612,train
FRA,2014Q2,2,2014Q4,2014Q1,2014Q1,0.8601787822567264,2.696969696969709,0.3417428887325435,train
GRC,2014Q2,2,2014Q4,2014Q1,2014Q1,-1.2534592218785612,0.8088213901254138,-1.854815008327082,train
HRV,2014Q2,2,2014Q4,2014Q1,2014Q1,0.0603682463024446,-0.1319431035592622,0.2272423472797768,train
HUN,2014Q2,2,2014Q4,2014Q1,2014Q1,0.4349717268377961,-10.048525781094808,-0.3512175541878326,train
IRL,2014Q2,2,2014Q4,2014Q1,2014Q1,0.2010723860590202,1.0890454836643304,0.1003344481605328,train
ITA,2014Q2,2,2014Q4,2014Q1,2014Q1,0.4397834912042819,-3.069367710251658,0.1660026560424965,train
LTU,2014Q2,2,2014Q4,2014Q1,2014Q1,0.3128744508054781,-2.2452601628306534,0.179092597505992,train
LUX,2014Q2,2,2014Q4,2014Q1,2014Q1,0.996823680475778,-5.4519165343615335,-0.1170294579864172,train
LVA,2014Q2,2,2014Q4,2014Q1,2014Q1,0.4447439353099547,-2.040955864756744,0.651388842012901,train
MLT,2014Q2,2,2014Q4,2014Q1,2014Q1,1.3152356902356832,0.2519539284244976,0.5806209228457648,train
NLD,2014Q2,2,2014Q4,2014Q1,2014Q1,0.4351933067944014,-1.233076971969771,0.1948073758103019,train
AUT,2014Q3,2,2015Q1,2014Q2,2014Q2,1.597792389193642,0.2737226277372384,0.6259939769228229,train
BEL,2014Q3,2,2015Q1,2014Q2,2014Q2,0.6732419968357606,-8.164409430232189,-0.386256003761809,train
BGR,2014Q3,2,2015Q1,2014Q2,2014Q2,-1.628231325613816,-5.695278824288074,-1.7336304647047165,train
CYP,2014Q3,2,2015Q1,2014Q2,2014Q2,-0.1492101592656336,-10.456471727812088,-0.9548929918867466,train
CZE,2014Q3,2,2015Q1,2014Q2,2014Q2,0.2008704385671356,-6.224198158145411,0.0,train
DEU,2014Q3,2,2015Q1,2014Q2,2014Q2,0.9155645981688832,0.0627549419516926,-0.1345895020188336,train
DNK,2014Q3,2,2015Q1,2014Q2,2014Q2,0.4017408771342268,1.5893197711379647,-0.0334560053529608,train
EST,2014Q3,2,2015Q1,2014Q2,2014Q2,0.5979822275673063,-5.296331426123668,-0.2476821635371884,train
FIN,2014Q3,2,2015Q1,2014Q2,2014Q2,1.0939077751598525,-0.518117936595297,-0.0600600600600631,train
FRA,2014Q3,2,2015Q1,2014Q2,2014Q2,0.7508967181790727,3.002088111457213,-0.2374581939799447,train
GRC,2014Q3,2,2015Q1,2014Q2,2014Q2,-1.7290049400141116,2.7244344957587208,-2.1760633036597365,train
HRV,2014Q3,2,2015Q1,2014Q2,2014Q2,0.249144603527851,0.0453309156845049,-0.3284732696497539,train
HUN,2014Q3,2,2015Q1,2014Q2,2014Q2,-0.0897397547113376,-12.409796011136995,-0.949461971549459,train
IRL,2014Q3,2,2015Q1,2014Q2,2014Q2,0.4005340453938633,2.2013596633215116,-0.3344481605351501,train
ITA,2014Q3,2,2015Q1,2014Q2,2014Q2,0.3985386914646449,-2.9217719132893394,-0.1347254968002587,train
LTU,2014Q3,2,2015Q1,2014Q2,2014Q2,0.2282500826993105,-4.492298916143755,-1.317273873515168,train
LUX,2014Q3,2,2015Q1,2014Q2,2014Q2,1.1620486985726597,-5.01143568512783,-0.4717454581953162,train
LVA,2014Q3,2,2015Q1,2014Q2,2014Q2,0.7867952323556748,-1.4488753967158874,0.0704414329800062,train
MLT,2014Q3,2,2015Q1,2014Q2,2014Q2,0.5292600408669079,-21.71629627713243,0.6265794301934857,train
NLD,2014Q3,2,2015Q1,2014Q2,2014Q2,0.3501283804061339,-1.251476550777375,-0.4668973161801815,train
AUT,2014Q4,2,2015Q2,2014Q3,2014Q3,1.509408189051653,0.0,0.9757896854670988,train
BEL,2014Q4,2,2015Q2,2014Q3,2014Q3,0.3776129467295996,-9.802705416740489,0.6921456515197155,train
BGR,2014Q4,2,2015Q2,2014Q3,2014Q3,-1.1798833154069377,-2.0289754368897905,-0.5868970292459696,train
CYP,2014Q4,2,2015Q2,2014Q3,2014Q3,0.5626199225990947,-4.350020185708492,-1.848422830783236,train
CZE,2014Q4,2,2015Q2,2014Q3,2014Q3,0.6715916722632498,-3.998710093518243,0.7016371533578036,train
DEU,2014Q4,2,2015Q2,2014Q3,2014Q3,0.7751937984496138,-0.5928237129484981,1.2432795698924748,train
DNK,2014Q4,2,2015Q2,2014Q3,2014Q3,0.3690036900368731,1.2167787383925877,0.400133377792633,train
EST,2014Q4,2,2015Q2,2014Q3,2014Q3,0.0033239155725173,-4.444241371957725,0.4084614618271143,train
FIN,2014Q4,2,2015Q2,2014Q3,2014Q3,1.2322402531816268,-2.192210452203436,0.033294489761948,train
FRA,2014Q4,2,2015Q2,2014Q3,2014Q3,0.4925283120016166,0.903828577231658,0.266178672433881,train
GRC,2014Q4,2,2015Q2,2014Q3,2014Q3,-0.7303812393554043,1.3017819949085796,-1.4427941896523857,train
HRV,2014Q4,2,2015Q2,2014Q3,2014Q3,0.3410483096586203,-0.2193760686517998,-0.0066273444230824,train
HUN,2014Q4,2,2015Q2,2014Q3,2014Q3,0.073255194459243,-12.611737826645689,0.4324683965402531,train
IRL,2014Q4,2,2015Q2,2014Q3,2014Q3,0.5003335557038024,1.8625561978163008,0.09973404255319,train
ITA,2014Q4,2,2015Q2,2014Q3,2014Q3,-0.0671366230278747,-5.803011292346316,0.0992391663910075,train
LTU,2014Q4,2,2015Q2,2014Q3,2014Q3,0.2491694352159568,-7.241558741905663,-0.3003399452127464,train
LUX,2014Q4,2,2015Q2,2014Q3,2014Q3,0.7442920843531375,-5.452069874561816,0.2855150891404312,train
LVA,2014Q4,2,2015Q2,2014Q3,2014Q3,0.8773404148038733,-0.2642926693559921,0.8072285154303582,train
MLT,2014Q4,2,2015Q2,2014Q3,2014Q3,0.6820601543784832,-21.76246402737807,1.2695345040152128,train
NLD,2014Q4,2,2015Q2,2014Q3,2014Q3,0.2936857562408024,-1.3056934683086996,0.3788130524357003,train
AUT,2015Q1,2,2015Q3,2014Q4,2014Q4,1.2546075546988833,-1.0182767624020483,0.8814129520605674,validation
BEL,2015Q1,2,2015Q3,2014Q4,2014Q4,-0.0033546915361282,-9.483167377904234,0.8363563079403447,validation
BGR,2015Q1,2,2015Q3,2014Q4,2014Q4,-1.7798930760203224,6.827295110798448,-0.9301098321184752,validation
CYP,2015Q1,2,2015Q3,2014Q4,2014Q4,-0.2310078542670512,-5.437561968376537,-2.0761917081689396,validation
CZE,2015Q1,2,2015Q3,2014Q4,2014Q4,0.4704301075268979,-3.8064516129031944,0.3335557038025349,validation
DEU,2015Q1,2,2015Q3,2014Q4,2014Q4,0.4381530165149749,-2.036340852130347,1.0702341137123428,validation
DNK,2015Q1,2,2015Q3,2014Q4,2014Q4,0.2008704385671356,0.6662436548223516,0.3676470588235281,validation
EST,2015Q1,2,2015Q3,2014Q4,2014Q4,0.1812749672697844,-2.9728137884001526,-0.0066476101841517,validation
FIN,2015Q1,2,2015Q3,2014Q4,2014Q4,0.9351432880844612,-2.48656994885319,-0.3226021019023695,validation
FRA,2015Q1,2,2015Q3,2014Q4,2014Q4,0.3417428887325435,0.8760242488841552,0.1400326742906577,validation
GRC,2015Q1,2,2015Q3,2014Q4,2014Q4,-1.854815008327082,-9.935758937573825,-0.8050414068428879,validation
HRV,2015Q1,2,2015Q3,2014Q4,2014Q4,0.2272423472797768,0.4992169146436964,-0.2738912354804723,validation
HUN,2015Q1,2,2015Q3,2014Q4,2014Q4,-0.3512175541878326,-8.377011214041941,0.1796765821521218,validation
IRL,2015Q1,2,2015Q3,2014Q4,2014Q4,0.1003344481605328,-0.1273074474856694,0.0995685363425424,validation
ITA,2015Q1,2,2015Q3,2014Q4,2014Q4,0.1660026560424965,-2.343997465948655,0.3023177695667289,validation
LTU,2015Q1,2,2015Q3,2014Q4,2014Q4,0.179092597505992,-4.607345042821898,-0.6859983429991723,validation
LUX,2015Q1,2,2015Q3,2014Q4,2014Q4,-0.1170294579864172,-6.330918161301813,0.0232952843688627,validation
LVA,2015Q1,2,2015Q3,2014Q4,2014Q4,0.651388842012901,-0.3464283239797527,-0.1232922359213906,validation
MLT,2015Q1,2,2015Q3,2014Q4,2014Q4,0.5806209228457648,-21.829843134224557,1.4044479693334777,validation
NLD,2015Q1,2,2015Q3,2014Q4,2014Q4,0.1948073758103019,-0.9144666688209124,0.509117529615355,validation
AUT,2015Q2,2,2015Q4,2015Q1,2015Q1,0.6259939769228229,-1.9210176201447384,0.7347538574577372,validation
BEL,2015Q2,2,2015Q4,2015Q1,2015Q1,-0.386256003761809,-13.580465363177908,1.3352120236178378,validation
BGR,2015Q2,2,2015Q4,2015Q1,2015Q1,-1.7336304647047165,9.149692854833514,-1.012280119482234,validation
CYP,2015Q2,2,2015Q4,2015Q1,2015Q1,-0.9548929918867466,-13.022551511546164,-1.296639322572124,validation
CZE,2015Q2,2,2015Q4,2015Q1,2015Q1,0.0,1.3527223537369126,0.0,validation
DEU,2015Q2,2,2015Q4,2015Q1,2015Q1,-0.1345895020188336,-4.578237692066467,0.5369127516778871,validation
DNK,2015Q2,2,2015Q4,2015Q1,2015Q1,-0.0334560053529608,-4.812499999999997,0.1670564650851913,validation
EST,2015Q2,2,2015Q4,2015Q1,2015Q1,-0.2476821635371884,-2.037497608570893,0.1139295647220484,validation
FIN,2015Q2,2,2015Q4,2015Q1,2015Q1,-0.0600600600600631,-2.9896743447180296,-0.2722985986584048,validation
FRA,2015Q2,2,2015Q4,2015Q1,2015Q1,-0.2374581939799447,-0.429494114947071,0.1769675114360991,validation
GRC,2015Q2,2,2015Q4,2015Q1,2015Q1,-2.1760633036597365,-13.042223440791956,0.0632174347030556,validation
HRV,2015Q2,2,2015Q4,2015Q1,2015Q1,-0.3284732696497539,-2.0365417458834023,-0.416777807415325,validation
HUN,2015Q2,2,2015Q4,2015Q1,2015Q1,-0.949461971549459,-5.277935516436383,0.5941391695478249,validation
IRL,2015Q2,2,2015Q4,2015Q1,2015Q1,-0.3344481605351501,-3.802281368821292,0.0,validation
ITA,2015Q2,2,2015Q4,2015Q1,2015Q1,-0.1347254968002587,-3.5782140595313594,0.1657275439177929,validation
LTU,2015Q2,2,2015Q4,2015Q1,2015Q1,-1.317273873515168,-9.723342939481284,-0.4072038667814581,validation
LUX,2015Q2,2,2015Q4,2015Q1,2015Q1,-0.4717454581953162,-8.492008755884761,0.3950187466523536,validation
LVA,2015Q2,2,2015Q4,2015Q1,2015Q1,0.0704414329800062,7.527744817477466,0.0938904164710541,validation
MLT,2015Q2,2,2015Q4,2015Q1,2015Q1,0.6265794301934857,-22.339334256552306,1.3854460253319043,validation
NLD,2015Q2,2,2015Q4,2015Q1,2015Q1,-0.4668973161801815,-2.2910097174850375,0.4223794039757367,validation
AUT,2015Q3,2,2016Q1,2015Q2,2015Q2,0.9757896854670988,-1.44936955673991,1.02562378102089,validation
BEL,2015Q3,2,2016Q1,2015Q2,2015Q2,0.6921456515197155,-4.012980336717675,1.5307842740575728,validation
BGR,2015Q3,2,2016Q1,2015Q2,2015Q2,-0.5868970292459696,8.112290804390842,-1.0938802734700492,validation
CYP,2015Q3,2,2016Q1,2015Q2,2015Q2,-1.848422830783236,-19.449928333829114,-1.8135850328670045,validation
CZE,2015Q3,2,2016Q1,2015Q2,2015Q2,0.7016371533578036,1.6254656281747604,0.4349280695884916,validation
DEU,2015Q3,2,2016Q1,2015Q2,2015Q2,1.2432795698924748,-4.515522107243653,0.1347708894878563,validation
DNK,2015Q3,2,2016Q1,2015Q2,2015Q2,0.400133377792633,-5.444305381727199,0.0669344042838249,validation
EST,2015Q3,2,2016Q1,2015Q2,2015Q2,0.4084614618271143,-2.4618764538640425,0.295272288024706,validation
FIN,2015Q3,2,2016Q1,2015Q2,2015Q2,0.033294489761948,-1.1848572637609744,-0.0434027777777679,validation
FRA,2015Q3,2,2016Q1,2015Q2,2015Q2,0.266178672433881,0.1395812562313025,0.0435817493043666,validation
GRC,2015Q3,2,2016Q1,2015Q2,2015Q2,-1.4427941896523857,-12.687444447630249,-0.242669362992931,validation
HRV,2015Q3,2,2016Q1,2015Q2,2015Q2,-0.0066273444230824,-2.3755582885623627,-0.5481386824494616,validation
HUN,2015Q3,2,2016Q1,2015Q2,2015Q2,0.4324683965402531,-2.721375283814498,0.3733351271357321,validation
IRL,2015Q3,2,2016Q1,2015Q2,2015Q2,0.09973404255319,-3.5476718403547935,-0.2684563758389102,validation
ITA,2015Q3,2,2016Q1,2015Q2,2015Q2,0.0992391663910075,-3.592233009708745,0.0,validation
LTU,2015Q3,2,2016Q1,2015Q2,2015Q2,-0.3003399452127464,-10.0970583843512,0.6623852594062285,validation
LUX,2015Q3,2,2016Q1,2015Q2,2015Q2,0.2855150891404312,-5.83663517220362,-0.1647169557617123,validation
LVA,2015Q3,2,2016Q1,2015Q2,2015Q2,0.8072285154303582,6.76631195743489,-0.5061509067140202,validation
MLT,2015Q3,2,2016Q1,2015Q2,2015Q2,1.2695345040152128,-0.5618163191116632,0.9357368928031072,validation
NLD,2015Q3,2,2016Q1,2015Q2,2015Q2,0.3788130524357003,-2.0238595583718544,0.3543466522678118,validation
AUT,2015Q4,2,2016Q2,2015Q3,2015Q3,0.8814129520605674,-2.822933904409619,0.6243150798658004,validation
BEL,2015Q4,2,2016Q2,2015Q3,2015Q3,0.8363563079403447,-0.9758014342316712,1.6437537358039656,validation
BGR,2015Q4,2,2016Q2,2015Q3,2015Q3,-0.9301098321184752,5.890279797155928,-2.315014427382167,validation
CYP,2015Q4,2,2016Q2,2015Q3,2015Q3,-2.0761917081689396,-20.83201435053286,-2.0056927252267265,validation
CZE,2015Q4,2,2016Q2,2015Q3,2015Q3,0.3335557038025349,0.7725898555593025,0.1327140013271499,validation
DEU,2015Q4,2,2016Q2,2015Q3,2015Q3,1.0702341137123428,-6.371625863151287,-0.0995685363425424,validation
DNK,2015Q4,2,2016Q2,2015Q3,2015Q3,0.3676470588235281,-5.47295159759571,-0.0996346728661556,validation
EST,2015Q4,2,2016Q2,2015Q3,2015Q3,-0.0066476101841517,-4.931463181383489,0.1256779997354185,validation
FIN,2015Q4,2,2016Q2,2015Q3,2015Q3,-0.3226021019023695,-2.9252012302859787,0.299550673989013,validation
FRA,2015Q4,2,2016Q2,2015Q3,2015Q3,0.1400326742906577,-0.2147074610842736,0.0929152148664291,validation
GRC,2015Q4,2,2016Q2,2015Q3,2015Q3,-0.8050414068428879,-13.37026671997259,-0.132481038651322,validation
HRV,2015Q4,2,2016Q2,2015Q3,2015Q3,-0.2738912354804723,-3.5629991270329064,-1.0836426299045354,validation
HUN,2015Q4,2,2016Q2,2015Q3,2015Q3,0.1796765821521218,-2.032746168175459,0.0,validation
IRL,2015Q4,2,2016Q2,2015Q3,2015Q3,0.0995685363425424,-5.643127364438816,-0.0996346728661556,validation
ITA,2015Q4,2,2016Q2,2015Q3,2015Q3,0.3023177695667289,-1.4319014319014056,-0.2974223397224196,validation
LTU,2015Q4,2,2016Q2,2015Q3,2015Q3,-0.6859983429991723,-8.85716957023095,0.436970338983067,validation
LUX,2015Q4,2,2016Q2,2015Q3,2015Q3,0.0232952843688627,-8.701780188130037,-0.5495414970040136,validation
LVA,2015Q4,2,2016Q2,2015Q3,2015Q3,-0.1232922359213906,2.461645746164587,-0.7216766624925874,validation
MLT,2015Q4,2,2016Q2,2015Q3,2015Q3,1.4044479693334777,-1.0405275540974923,0.9443274545932744,validation
NLD,2015Q4,2,2016Q2,2015Q3,2015Q3,0.509117529615355,-2.743932316336195,-0.2052436440677651,validation
AUT,2016Q1,2,2016Q3,2015Q4,2015Q4,0.7347538574577372,-2.73015035610662,0.7603294761062918,validation
BEL,2016Q1,2,2016Q3,2015Q4,2015Q4,1.3352120236178378,0.1145887899423936,1.9419739515672552,validation
BGR,2016Q1,2,2016Q3,2015Q4,2015Q4,-1.012280119482234,-2.1566626057752725,-1.0919865499217307,validation
CYP,2016Q1,2,2016Q3,2015Q4,2015Q4,-1.296639322572124,-22.639479057447176,-0.4755614266843011,validation
CZE,2016Q1,2,2016Q3,2015Q4,2015Q4,0.0,0.7042253521126307,0.5319148936170137,validation
DEU,2016Q1,2,2016Q3,2015Q4,2015Q4,0.5369127516778871,-6.299968020466872,0.3970880211780381,validation
DNK,2016Q1,2,2016Q3,2015Q4,2015Q4,0.1670564650851913,-7.217144658052332,-0.066600066600031,validation
EST,2016Q1,2,2016Q3,2015Q4,2015Q4,0.1139295647220484,-6.504792332268339,1.2032974338518798,validation
FIN,2016Q1,2,2016Q3,2015Q4,2015Q4,-0.2722985986584048,-2.87655868575577,0.5071569183544122,validation
FRA,2016Q1,2,2016Q3,2015Q4,2015Q4,0.1769675114360991,-1.753343239227334,0.4261694689528861,validation
GRC,2016Q1,2,2016Q3,2015Q4,2015Q4,0.0632174347030556,-6.972876151484131,0.18958922334944,validation
HRV,2016Q1,2,2016Q3,2015Q4,2015Q4,-0.416777807415325,-3.873250868478318,-1.072102180602874,validation
HUN,2016Q1,2,2016Q3,2015Q4,2015Q4,0.5941391695478249,-0.2028802341437541,0.1129267968646319,validation
IRL,2016Q1,2,2016Q3,2015Q4,2015Q4,0.0,-6.755895474824703,-0.1989389920424855,validation
ITA,2016Q1,2,2016Q3,2015Q4,2015Q4,0.1657275439177929,-2.1407719753486987,-0.0669792364367594,validation
LTU,2016Q1,2,2016Q3,2015Q4,2015Q4,-0.4072038667814581,-10.749284801266056,0.3737319807795236,validation
LUX,2016Q1,2,2016Q3,2015Q4,2015Q4,0.3950187466523536,-8.724321582551365,-0.1064679265371459,validation
LVA,2016Q1,2,2016Q3,2015Q4,2015Q4,0.0938904164710541,1.8633108530904163,0.1701531378240472,validation
MLT,2016Q1,2,2016Q3,2015Q4,2015Q4,1.3854460253319043,-1.9177540529853765,0.961350452975296,validation
NLD,2016Q1,2,2016Q3,2015Q4,2015Q4,0.4223794039757367,-3.606835376989304,-0.1887104783976134,validation
AUT,2016Q2,2,2016Q4,2016Q1,2016Q1,1.02562378102089,-3.126550868486355,1.472050925004953,validation
BEL,2016Q2,2,2016Q4,2016Q1,2016Q1,1.5307842740575728,-1.8359268359268488,1.959875521419563,validation
BGR,2016Q2,2,2016Q4,2016Q1,2016Q1,-1.0938802734700492,-2.395997893628232,-0.781223805532294,validation
CYP,2016Q2,2,2016Q4,2016Q1,2016Q1,-1.8135850328670045,-20.981782005844664,-0.5797587131367021,validation
CZE,2016Q2,2,2016Q4,2016Q1,2016Q1,0.4349280695884916,0.5338672005338552,1.5050167224080369,validation
DEU,2016Q2,2,2016Q4,2016Q1,2016Q1,0.1347708894878563,-6.506736772921484,1.0347129506008024,validation
DNK,2016Q2,2,2016Q4,2016Q1,2016Q1,0.0669344042838249,-3.282994090610658,0.1667778519012674,validation
EST,2016Q2,2,2016Q4,2016Q1,2016Q1,0.295272288024706,-5.875077303648746,1.5798105566154683,validation
FIN,2016Q2,2,2016Q4,2016Q1,2016Q1,-0.0434027777777679,-3.8678194799240506,0.7924880127863521,validation
FRA,2016Q2,2,2016Q4,2016Q1,2016Q1,0.0435817493043666,-2.9074744813960995,0.6566228918072348,validation
GRC,2016Q2,2,2016Q4,2016Q1,2016Q1,-0.242669362992931,-7.912379688018579,0.2360843253308209,validation
HRV,2016Q2,2,2016Q4,2016Q1,2016Q1,-0.5481386824494616,-4.943916318542129,0.1941942612247782,validation
HUN,2016Q2,2,2016Q4,2016Q1,2016Q1,0.3733351271357321,-0.0999167360532848,1.3147357180993249,validation
IRL,2016Q2,2,2016Q4,2016Q1,2016Q1,-0.2684563758389102,-6.884057971014467,-0.2672903441363283,validation
ITA,2016Q2,2,2016Q4,2016Q1,2016Q1,0.0,-2.627257799671612,0.1654533421575399,validation
LTU,2016Q2,2,2016Q4,2016Q1,2016Q1,0.6623852594062285,-4.740471174104599,1.239902935212589,validation
LUX,2016Q2,2,2016Q4,2016Q1,2016Q1,-0.1647169557617123,-9.322672608709892,0.9769923307769268,validation
LVA,2016Q2,2,2016Q4,2016Q1,2016Q1,-0.5061509067140202,-6.718379799422259,1.4673366834170751,validation
MLT,2016Q2,2,2016Q4,2016Q1,2016Q1,0.9357368928031072,-1.70722847802397,0.7569414207723391,validation
NLD,2016Q2,2,2016Q4,2016Q1,2016Q1,0.3543466522678118,-4.939735230191666,0.4639983977033468,validation
AUT,2016Q3,2,2017Q1,2016Q2,2016Q2,0.6243150798658004,-2.832552924882925,2.180208368005898,validation
BEL,2016Q3,2,2017Q1,2016Q2,2016Q2,1.6437537358039656,1.6334728033472912,2.9556323060573986,validation
BGR,2016Q3,2,2017Q1,2016Q2,2016Q2,-2.315014427382167,-2.373581011351922,0.7687898303941676,validation
CYP,2016Q3,2,2017Q1,2016Q2,2016Q2,-2.0056927252267265,-20.530468356555343,1.191334500635155,validation
CZE,2016Q3,2,2017Q1,2016Q2,2016Q2,0.1327140013271499,-0.5664778407198146,2.4983344437041977,validation
DEU,2016Q3,2,2017Q1,2016Q2,2016Q2,-0.0995685363425424,-5.747126436781591,1.7833109017496571,validation
DNK,2016Q3,2,2017Q1,2016Q2,2016Q2,-0.0996346728661556,-2.74652547981471,0.836120401337781,validation
EST,2016Q3,2,2017Q1,2016Q2,2016Q2,0.1256779997354185,-5.472010599536247,3.091231474356815,validation
FIN,2016Q3,2,2017Q1,2016Q2,2016Q2,0.299550673989013,-2.167539611951097,1.0822004742977454,validation
FRA,2016Q3,2,2017Q1,2016Q2,2016Q2,0.0929152148664291,-2.512279304393983,1.4576770993900867,validation
GRC,2016Q3,2,2017Q1,2016Q2,2016Q2,-0.132481038651322,-8.209641402863532,1.540644638151245,validation
HRV,2016Q3,2,2017Q1,2016Q2,2016Q2,-1.0836426299045354,-6.395040445564259,1.1462771353215606,validation
HUN,2016Q3,2,2017Q1,2016Q2,2016Q2,0.0,-0.0933613417358314,2.6371343363602806,validation
IRL,2016Q3,2,2017Q1,2016Q2,2016Q2,-0.0996346728661556,-5.845648604269293,0.3701211305518148,validation
ITA,2016Q3,2,2017Q1,2016Q2,2016Q2,-0.2974223397224196,-6.27727425310507,1.3490725126475978,validation
LTU,2016Q3,2,2017Q1,2016Q2,2016Q2,0.436970338983067,-4.222030294977419,2.9527690560491537,validation
LUX,2016Q3,2,2017Q1,2016Q2,2016Q2,-0.5495414970040136,-11.8854183524842,2.5691100710461434,validation
LVA,2016Q3,2,2017Q1,2016Q2,2016Q2,-0.7216766624925874,-8.389888856103077,3.109628731217584,validation
MLT,2016Q3,2,2017Q1,2016Q2,2016Q2,0.9443274545932744,-1.2795373724617254,1.2678936605317048,validation
NLD,2016Q3,2,2017Q1,2016Q2,2016Q2,-0.2052436440677651,-6.180498267612622,1.3047718330699398,validation
AUT,2016Q4,2,2017Q2,2016Q3,2016Q3,0.7603294761062918,-1.5526394871281155,2.1550443879740255,validation
BEL,2016Q4,2,2017Q2,2016Q3,2016Q3,1.9419739515672552,3.4225058695148913,2.0353490803358465,validation
BGR,2016Q4,2,2017Q2,2016Q3,2016Q3,-1.0919865499217307,-1.83523107836574,1.3852578684684147,validation
CYP,2016Q4,2,2017Q2,2016Q3,2016Q3,-0.4755614266843011,-13.97487587884443,1.2868143744933835,validation
CZE,2016Q4,2,2017Q2,2016Q3,2016Q3,0.5319148936170137,-1.033333333333364,2.319416832339316,validation
DEU,2016Q4,2,2017Q2,2016Q3,2016Q3,0.3970880211780381,-4.290982232651674,1.6611295681063345,validation
DNK,2016Q4,2,2017Q2,2016Q3,2016Q3,-0.066600066600031,-2.978580990629187,0.6981382978723083,validation
EST,2016Q4,2,2017Q2,2016Q3,2016Q3,1.2032974338518798,-4.701069644234302,3.395653035608115,validation
FIN,2016Q4,2,2017Q2,2016Q3,2016Q3,0.5071569183544122,-0.1381960361331979,0.9324705491952744,validation
FRA,2016Q4,2,2017Q2,2016Q3,2016Q3,0.4261694689528861,-0.9615384615384804,1.0310645492822346,validation
GRC,2016Q4,2,2017Q2,2016Q3,2016Q3,0.18958922334944,-7.852056962025311,1.3431499353298015,validation
HRV,2016Q4,2,2017Q2,2016Q3,2016Q3,-1.072102180602874,-4.988768565393764,1.1457670273710807,validation
HUN,2016Q4,2,2017Q2,2016Q3,2016Q3,0.1129267968646319,-0.0667178169930005,2.1099701888042333,validation
IRL,2016Q4,2,2017Q2,2016Q3,2016Q3,-0.1989389920424855,-5.145339124624149,0.0332446808510411,validation
ITA,2016Q4,2,2017Q2,2016Q3,2016Q3,-0.0669792364367594,-4.932432432432455,1.590984421610897,validation
LTU,2016Q4,2,2017Q2,2016Q3,2016Q3,0.3737319807795236,-5.9873482646606195,3.401450230718539,validation
LUX,2016Q4,2,2017Q2,2016Q3,2016Q3,-0.1064679265371459,-8.074638386414733,2.003927965114327,validation
LVA,2016Q4,2,2017Q2,2016Q3,2016Q3,0.1701531378240472,-6.115156877424621,3.0305041988913484,validation
MLT,2016Q4,2,2017Q2,2016Q3,2016Q3,0.961350452975296,-0.6362388239627648,1.1049903843019626,validation
NLD,2016Q4,2,2017Q2,2016Q3,2016Q3,-0.1887104783976134,-5.884526248614486,1.0415975585484016,validation
AUT,2017Q1,2,2017Q3,2016Q4,2016Q4,1.472050925004953,0.5355932203390035,2.2108224391858444,test
BEL,2017Q1,2,2017Q3,2016Q4,2016Q4,1.959875521419563,5.23561921580169,1.921317474839901,test
BGR,2017Q1,2,2017Q3,2016Q4,2016Q4,-0.781223805532294,-1.231659711939692,0.8751556767309321,test
CYP,2017Q1,2,2017Q3,2016Q4,2016Q4,-0.5797587131367021,-2.107928808360382,0.1825059729227529,test
CZE,2017Q1,2,2017Q3,2016Q4,2016Q4,1.5050167224080369,-0.9990009990009984,2.414021164021163,test
DEU,2017Q1,2,2017Q3,2016Q4,2016Q4,1.0347129506008024,-1.638225255972714,1.8127883981542416,test
DNK,2017Q1,2,2017Q3,2016Q4,2016Q4,0.1667778519012674,0.1358695652174057,1.532822392535782,test
EST,2017Q1,2,2017Q3,2016Q4,2016Q4,1.5798105566154683,-0.932886823400758,4.0268015502857635,test
FIN,2017Q1,2,2017Q3,2016Q4,2016Q4,0.7924880127863521,2.798722912845575,0.7236994987219081,test
FRA,2017Q1,2,2017Q3,2016Q4,2016Q4,0.6566228918072348,0.5545472877596325,0.9481815469283728,test
GRC,2017Q1,2,2017Q3,2016Q4,2016Q4,0.2360843253308209,3.225140970980611,0.8498771661908044,test
HRV,2017Q1,2,2017Q3,2016Q4,2016Q4,0.1941942612247782,-3.6206430694406655,1.4382713984680606,test
HUN,2017Q1,2,2017Q3,2016Q4,2016Q4,1.3147357180993249,0.0033326667999711,2.4749518943666393,test
IRL,2017Q1,2,2017Q3,2016Q4,2016Q4,-0.2672903441363283,-2.5632262474367784,0.1328903654485014,test
ITA,2017Q1,2,2017Q3,2016Q4,2016Q4,0.1654533421575399,-5.469008949287368,1.3069705093834203,test
LTU,2017Q1,2,2017Q3,2016Q4,2016Q4,1.239902935212589,-4.467025847370931,4.451462765957448,test
LUX,2017Q1,2,2017Q3,2016Q4,2016Q4,0.9769923307769268,-3.2265907196443178,2.025046629363203,test
LVA,2017Q1,2,2017Q3,2016Q4,2016Q4,1.4673366834170751,-5.303392259913975,2.907673860911264,test
MLT,2017Q1,2,2017Q3,2016Q4,2016Q4,0.7569414207723391,-0.3124370086675987,1.22978599786967,test
NLD,2017Q1,2,2017Q3,2016Q4,2016Q4,0.4639983977033468,-5.145815007781307,1.4760514793684454,test
AUT,2017Q2,2,2017Q4,2017Q1,2017Q1,2.180208368005898,0.4610655737705027,2.3753512383192676,test
BEL,2017Q2,2,2017Q4,2017Q1,2017Q1,2.9556323060573986,17.930890634777175,1.9968829144749731,test
BGR,2017Q2,2,2017Q4,2017Q1,2017Q1,0.7687898303941676,-0.2967359050445095,1.7268180589348423,test
CYP,2017Q2,2,2017Q4,2017Q1,2017Q1,1.191334500635155,16.339457843175808,0.0505612296491042,test
CZE,2017Q2,2,2017Q4,2017Q1,2017Q1,2.4983344437041977,-1.4271490209094018,2.471169686985175,test
DEU,2017Q2,2,2017Q4,2017Q1,2017Q1,1.7833109017496571,2.2847100175747093,1.552692434753844,test
DNK,2017Q2,2,2017Q4,2017Q1,2017Q1,0.836120401337781,0.3394433129667584,1.1655011655011815,test
EST,2017Q2,2,2017Q4,2017Q1,2017Q1,3.091231474356815,-0.1175738294487582,4.079211835645324,test
FIN,2017Q2,2,2017Q4,2017Q1,2017Q1,1.0822004742977454,6.585357544373682,0.6210769739015465,test
FRA,2017Q2,2,2017Q4,2017Q1,2017Q1,1.4576770993900867,4.876725336588983,1.2152720288751029,test
GRC,2017Q2,2,2017Q4,2017Q1,2017Q1,1.540644638151245,11.443090895984987,0.8260076297893493,test
HRV,2017Q2,2,2017Q4,2017Q1,2017Q1,1.1462771353215606,-5.906983182227165,1.4770258980785431,test
HUN,2017Q2,2,2017Q4,2017Q1,2017Q1,2.6371343363602806,0.2967161193532464,2.32527501482116,test
IRL,2017Q2,2,2017Q4,2017Q1,2017Q1,0.3701211305518148,1.8040325433321236,0.5025125628140614,test
ITA,2017Q2,2,2017Q4,2017Q1,2017Q1,1.3490725126475978,-1.5851602023608469,1.057152296002606,test
LTU,2017Q2,2,2017Q4,2017Q1,2017Q1,2.9527690560491537,-4.875841962400706,4.061597058050936,test
LUX,2017Q2,2,2017Q4,2017Q1,2017Q1,2.5691100710461434,3.115062156692705,1.8459201532213143,test
LVA,2017Q2,2,2017Q4,2017Q1,2017Q1,3.109628731217584,-1.3778226227340484,2.532356048600115,test
MLT,2017Q2,2,2017Q4,2017Q1,2017Q1,1.2678936605317048,-0.3124370086675987,1.44599940165544,test
NLD,2017Q2,2,2017Q4,2017Q1,2017Q1,1.3047718330699398,-0.2424998267858136,1.3523391812865435,test
AUT,2017Q3,2,2018Q1,2017Q2,2017Q2,2.1550443879740255,-1.072386058981245,1.9708124307772137,test
BEL,2017Q3,2,2018Q1,2017Q2,2017Q2,2.0353490803358465,9.03731515331161,1.5773175924133742,test
BGR,2017Q3,2,2018Q1,2017Q2,2017Q2,1.3852578684684147,3.321284866671226,1.5626568512631556,test
CYP,2017Q3,2,2018Q1,2017Q2,2017Q2,1.2868143744933835,27.65103506548372,-0.7667774988125209,test
CZE,2017Q3,2,2018Q1,2017Q2,2017Q2,2.319416832339316,-0.8378016085790696,1.722456938576511,test
DEU,2017Q3,2,2018Q1,2017Q2,2017Q2,1.6611295681063345,0.871080139372804,1.454545454545464,test
DNK,2017Q3,2,2018Q1,2017Q2,2017Q2,0.6981382978723083,-1.224906430758721,0.4975124378109541,test
EST,2017Q3,2,2018Q1,2017Q2,2017Q2,3.395653035608115,0.3959632770341059,3.225701768619227,test
FIN,2017Q3,2,2018Q1,2017Q2,2017Q2,0.9324705491952744,5.094447624499132,0.7765257905693268,test
FRA,2017Q3,2,2018Q1,2017Q2,2017Q2,1.0310645492822346,4.149787234042535,1.5060937345179548,test
GRC,2017Q3,2,2018Q1,2017Q2,2017Q2,1.3431499353298015,9.934888380080164,0.2695148732281938,test
HRV,2017Q3,2,2018Q1,2017Q2,2017Q2,1.1457670273710807,-4.905259429785735,1.113228362250518,test
HUN,2017Q3,2,2018Q1,2017Q2,2017Q2,2.1099701888042333,0.6241030604412057,2.017629774730656,test
IRL,2017Q3,2,2018Q1,2017Q2,2017Q2,0.0332446808510411,-0.7324729682594899,0.5028494803888783,test
ITA,2017Q3,2,2018Q1,2017Q2,2017Q2,1.590984421610897,5.4441260744985565,0.8652246256239726,test
LTU,2017Q3,2,2018Q1,2017Q2,2017Q2,3.401450230718539,-1.8555127804945504,3.0919473103627526,test
LUX,2017Q3,2,2018Q1,2017Q2,2017Q2,2.003927965114327,2.8982845388090706,1.171951940122118,test
LVA,2017Q3,2,2018Q1,2017Q2,2017Q2,3.0305041988913484,1.3456445494237856,2.0323476556118214,test
MLT,2017Q3,2,2018Q1,2017Q2,2017Q2,1.1049903843019626,-0.1043630487476354,1.2823101777059698,test
NLD,2017Q3,2,2018Q1,2017Q2,2017Q2,1.0415975585484016,1.1079065841305802,1.251452282157639,test
AUT,2017Q4,2,2018Q2,2017Q3,2017Q3,2.2108224391858444,-1.3702347035680296,2.135426762292414,test
BEL,2017Q4,2,2018Q2,2017Q3,2017Q3,1.921317474839901,5.045402225348528,2.1612448770491843,test
BGR,2017Q4,2,2018Q2,2017Q3,2017Q3,0.8751556767309321,4.714792576419202,2.3508924684370935,test
CYP,2017Q4,2,2018Q2,2017Q3,2017Q3,0.1825059729227529,10.33814928148118,0.8036279969322324,test
CZE,2017Q4,2,2018Q2,2017Q3,2017Q3,2.414021164021163,-0.3031323678005626,2.072538860103612,test
DEU,2017Q4,2,2018Q2,2017Q3,2017Q3,1.8127883981542416,1.225919439579637,1.9281045751633696,test
DNK,2017Q4,2,2018Q2,2017Q3,2017Q3,1.532822392535782,-0.344946533287338,0.924397490921125,test
EST,2017Q4,2,2018Q2,2017Q3,2017Q3,4.0268015502857635,3.0048203792969685,3.284135199028815,test
FIN,2017Q4,2,2018Q2,2017Q3,2017Q3,0.7236994987219081,5.282343808012979,1.0126249342451432,test
FRA,2017Q4,2,2018Q2,2017Q3,2017Q3,0.9481815469283728,2.552787018806457,2.14609175034457,test
GRC,2017Q4,2,2018Q2,2017Q3,2017Q3,0.8498771661908044,9.333190241110412,0.7428496629360737,test
HRV,2017Q4,2,2018Q2,2017Q3,2017Q3,1.4382713984680606,-4.14622957761387,1.7952369911562904,test
HUN,2017Q4,2,2018Q2,2017Q3,2017Q3,2.4749518943666393,0.7477384250759389,2.805981769228283,test
IRL,2017Q4,2,2018Q2,2017Q3,2017Q3,0.1328903654485014,-0.0704473406128891,0.4320372216683132,test
ITA,2017Q4,2,2018Q2,2017Q3,2017Q3,1.3069705093834203,3.837953091684465,0.978792822185981,test
LTU,2017Q4,2,2018Q2,2017Q3,2017Q3,4.451462765957448,4.5355350258238,2.5341068468698325,test
LUX,2017Q4,2,2018Q2,2017Q3,2017Q3,2.025046629363203,1.63922456281258,1.9319257252880195,test
LVA,2017Q4,2,2018Q2,2017Q3,2017Q3,2.907673860911264,3.0301931929392234,2.374355670103112,test
MLT,2017Q4,2,2018Q2,2017Q3,2017Q3,1.22978599786967,0.5257304620362113,1.724804951963388,test
NLD,2017Q4,2,2018Q2,2017Q3,2017Q3,1.4760514793684454,2.6801327575746603,1.526592252133896,test
AUT,2018Q1,2,2018Q3,2017Q4,2017Q4,2.3753512383192676,-0.3843819542787785,2.2439529838422567,test
BEL,2018Q1,2,2018Q3,2017Q4,2017Q4,1.9968829144749731,6.566190180236164,2.7314696075916745,test
BGR,2018Q1,2,2018Q3,2017Q4,2017Q4,1.7268180589348423,5.781942078364577,3.623744536020568,test
CYP,2018Q1,2,2018Q3,2017Q4,2017Q4,0.0505612296491042,1.9055600087444449,1.583253287403541,test
CZE,2018Q1,2,2018Q3,2017Q4,2017Q4,2.471169686985175,-0.2690884628321566,2.2602518566354535,test
DEU,2018Q1,2,2018Q3,2017Q4,2017Q4,1.552692434753844,1.5961138098542715,2.201359663321467,test
DNK,2018Q1,2,2018Q3,2017Q4,2017Q4,1.1655011655011815,-0.3731343283582156,0.7220216606498298,test
EST,2018Q1,2,2018Q3,2017Q4,2017Q4,4.079211835645324,-0.2069607809320195,3.460469815610012,test
FIN,2018Q1,2,2018Q3,2017Q4,2017Q4,0.6210769739015465,4.407586070177749,1.397448996407502,test
FRA,2018Q1,2,2018Q3,2017Q4,2017Q4,1.2152720288751029,3.1886092449613823,2.555092121251912,test
GRC,2018Q1,2,2018Q3,2017Q4,2017Q4,0.8260076297893493,1.645459996002918,0.931595233392568,test
HRV,2018Q1,2,2018Q3,2017Q4,2017Q4,1.4770258980785431,-1.0513036164844447,1.994922016684808,test
HUN,2018Q1,2,2018Q3,2017Q4,2017Q4,2.32527501482116,1.4396640783817194,3.519166019165998,test
IRL,2018Q1,2,2018Q3,2017Q4,2017Q4,0.5025125628140614,3.40231497720096,1.0285335102853566,test
ITA,2018Q1,2,2018Q3,2017Q4,2017Q4,1.057152296002606,3.5063113604488105,1.6539861065167027,test
LTU,2018Q1,2,2018Q3,2017Q4,2017Q4,4.061597058050936,2.859080525414059,2.180209427416524,test
LUX,2018Q1,2,2018Q3,2017Q4,2017Q4,1.8459201532213143,3.086530524351283,2.530033951423327,test
LVA,2018Q1,2,2018Q3,2017Q4,2017Q4,2.532356048600115,3.1605881504973565,2.9129041654529564,test
MLT,2018Q1,2,2018Q3,2017Q4,2017Q4,1.44599940165544,0.7885956930542948,2.3722976850966138,test
NLD,2018Q1,2,2018Q3,2017Q4,2017Q4,1.3523391812865435,3.281378178835115,1.7912594384336122,test
AUT,2018Q2,2,2018Q4,2018Q1,2018Q1,1.9708124307772137,-0.0577936426992886,2.128746050489938,test
BEL,2018Q2,2,2018Q4,2018Q1,2018Q1,1.5773175924133742,1.202688362221438,2.766370610893598,test
BGR,2018Q2,2,2018Q4,2018Q1,2018Q1,1.5626568512631556,5.445075757575757,2.9830913862405772,test
CYP,2018Q2,2,2018Q4,2018Q1,2018Q1,-0.7667774988125209,-2.130537707135638,1.5228084360892291,test
CZE,2018Q2,2,2018Q4,2018Q1,2018Q1,1.722456938576511,1.1784511784511895,1.7684887459806786,test
DEU,2018Q2,2,2018Q4,2018Q1,2018Q1,1.454545454545464,1.0309278350515427,2.147039687703356,test
DNK,2018Q2,2,2018Q4,2018Q1,2018Q1,0.4975124378109541,-0.5074424898511509,0.6912442396312946,test
EST,2018Q2,2,2018Q4,2018Q1,2018Q1,3.225701768619227,3.7598670544245927,3.6723968721309457,test
FIN,2018Q2,2,2018Q4,2018Q1,2018Q1,0.7765257905693268,2.310937799654811,1.4872939785934849,test
FRA,2018Q2,2,2018Q4,2018Q1,2018Q1,1.5060937345179548,3.411479385610372,2.1854347968330856,test
GRC,2018Q2,2,2018Q4,2018Q1,2018Q1,0.2695148732281938,-0.3945538630703904,1.1482529446601442,test
HRV,2018Q2,2,2018Q4,2018Q1,2018Q1,1.113228362250518,3.9719024677282944,1.320512398327134,test
HUN,2018Q2,2,2018Q4,2018Q1,2018Q1,2.017629774730656,1.512431857465768,3.292777134028557,test
IRL,2018Q2,2,2018Q4,2018Q1,2018Q1,0.5028494803888783,4.4822793606671185,0.9000000000000119,test
ITA,2018Q2,2,2018Q4,2018Q1,2018Q1,0.8652246256239726,5.140507196710065,1.471068976789791,test
LTU,2018Q2,2,2018Q4,2018Q1,2018Q1,3.0919473103627526,6.827309236947787,2.331745180323752,test
LUX,2018Q2,2,2018Q4,2018Q1,2018Q1,1.171951940122118,3.58169201654166,2.4220219181635416,test
LVA,2018Q2,2,2018Q4,2018Q1,2018Q1,2.0323476556118214,2.7412242017992305,2.891643857671866,test
MLT,2018Q2,2,2018Q4,2018Q1,2018Q1,1.2823101777059698,1.0514609240724004,1.5564584835179085,test
NLD,2018Q2,2,2018Q4,2018Q1,2018Q1,1.251452282157639,8.24767328795668,1.829328262793828,test
AUT,2018Q3,2,2019Q1,2018Q2,2018Q2,2.135426762292414,2.0102226338718943,1.6004855764623294,test
BEL,2018Q3,2,2019Q1,2018Q2,2018Q2,2.1612448770491843,5.8054187936085855,1.987869550030208,test
BGR,2018Q3,2,2019Q1,2018Q2,2018Q2,2.3508924684370935,2.8019801980198045,2.500658935160782,test
CYP,2018Q3,2,2019Q1,2018Q2,2018Q2,0.8036279969322324,0.6950190302830173,1.3334245076586315,test
CZE,2018Q3,2,2019Q1,2018Q2,2018Q2,2.072538860103612,1.6559648529908877,2.332268370607049,test
DEU,2018Q3,2,2019Q1,2018Q2,2018Q2,1.9281045751633696,2.832469775474933,1.5640273704790042,test
DNK,2018Q3,2,2019Q1,2018Q2,2018Q2,0.924397490921125,2.4112986565621553,1.1551155115511635,test
EST,2018Q3,2,2019Q1,2018Q2,2018Q2,3.284135199028815,5.183065163519607,2.2949479707000897,test
FIN,2018Q3,2,2019Q1,2018Q2,2018Q2,1.0126249342451432,2.8867102396514133,1.2099154042888085,test
FRA,2018Q3,2,2019Q1,2018Q2,2018Q2,2.14609175034457,4.9029221415964,1.4251781472684133,test
GRC,2018Q3,2,2019Q1,2018Q2,2018Q2,0.7428496629360737,0.9209541475478922,0.7864609258337429,test
HRV,2018Q3,2,2019Q1,2018Q2,2018Q2,1.7952369911562904,6.31284916201118,0.8166369106658689,test
HUN,2018Q3,2,2019Q1,2018Q2,2018Q2,2.805981769228283,1.3300165837479172,3.2322068612391064,test
IRL,2018Q3,2,2019Q1,2018Q2,2018Q2,0.4320372216683132,7.273366127898817,0.867244829886582,test
ITA,2018Q3,2,2019Q1,2018Q2,2018Q2,0.978792822185981,-0.9171195652173948,1.0227647641042337,test
LTU,2018Q3,2,2019Q1,2018Q2,2018Q2,2.5341068468698325,3.282917520672801,2.073957513768643,test
LUX,2018Q3,2,2019Q1,2018Q2,2018Q2,1.9319257252880195,8.296444380979606,2.053927771829067,test
LVA,2018Q3,2,2019Q1,2018Q2,2018Q2,2.374355670103112,3.5666360618688,2.80206231786595,test
MLT,2018Q3,2,2019Q1,2018Q2,2018Q2,1.724804951963388,1.1188622653590885,1.2029375602299552,test
NLD,2018Q3,2,2019Q1,2018Q2,2018Q2,1.526592252133896,8.435662851775838,2.4686905776670542,test
AUT,2018Q4,2,2019Q2,2018Q3,2018Q3,2.2439529838422567,3.363136176066006,1.6637671991143632,test
BEL,2018Q4,2,2019Q2,2018Q3,2018Q3,2.7314696075916745,11.557192427101716,1.6579433980004277,test
BGR,2018Q4,2,2019Q2,2018Q3,2018Q3,3.623744536020568,3.8215937968332447,2.768052874390614,test
CYP,2018Q4,2,2019Q2,2018Q3,2018Q3,1.583253287403541,16.060520957663414,0.5722791928547633,test
CZE,2018Q4,2,2019Q2,2018Q3,2018Q3,2.2602518566354535,2.601351351351311,2.4428934010152226,test
DEU,2018Q4,2,2019Q2,2018Q3,2018Q3,2.201359663321467,4.152249134948094,1.6672010259698888,test
DNK,2018Q4,2,2019Q2,2018Q3,2018Q3,0.7220216606498298,1.869158878504673,0.6869479882237295,test
EST,2018Q4,2,2019Q2,2018Q3,2018Q3,3.460469815610012,9.267292912041023,2.9693782864212537,test
FIN,2018Q4,2,2019Q2,2018Q3,2018Q3,1.397448996407502,5.501410618107183,1.3149329514386077,test
FRA,2018Q4,2,2019Q2,2018Q3,2018Q3,2.555092121251912,8.828202581926515,1.3042919557954225,test
GRC,2018Q4,2,2019Q2,2018Q3,2018Q3,0.931595233392568,1.87154402381966,0.6334253694981307,test
HRV,2018Q4,2,2019Q2,2018Q3,2018Q3,1.994922016684808,5.8754233544396905,0.7874271955227385,test
HUN,2018Q4,2,2019Q2,2018Q3,2018Q3,3.519166019165998,1.4876909313806586,3.795910639909139,test
IRL,2018Q4,2,2019Q2,2018Q3,2018Q3,1.0285335102853566,11.808248149453648,1.2574454003970947,test
ITA,2018Q4,2,2019Q2,2018Q3,2018Q3,1.6539861065167027,5.3730321697467165,0.9046849757673447,test
LTU,2018Q4,2,2019Q2,2018Q3,2018Q3,2.180209427416524,-0.2957447548797676,2.549196381384644,test
LUX,2018Q4,2,2019Q2,2018Q3,2018Q3,2.530033951423327,11.727729885057482,1.9689450936449584,test
LVA,2018Q4,2,2019Q2,2018Q3,2018Q3,2.9129041654529564,4.225153913808244,3.294835887591674,test
MLT,2018Q4,2,2019Q2,2018Q3,2018Q3,2.3722976850966138,0.6235542592778698,1.7462681836909244,test
NLD,2018Q4,2,2019Q2,2018Q3,2018Q3,1.7912594384336122,11.757959126928942,2.700080840743757,test
AUT,2019Q1,2,2019Q3,2018Q4,2018Q4,2.128746050489938,5.094096940157078,1.3491259184190474,test
BEL,2019Q1,2,2019Q3,2018Q4,2018Q4,2.766370610893598,13.46047298282449,0.8769192360504441,test
BGR,2019Q1,2,2019Q3,2018Q4,2018Q4,2.9830913862405772,4.911907752761957,2.2476251811302195,test
CYP,2019Q1,2,2019Q3,2018Q4,2018Q4,1.5228084360892291,26.17898387500448,0.0847761583357753,test
CZE,2019Q1,2,2019Q3,2018Q4,2018Q4,1.7684887459806786,2.765598650927492,2.589201136722452,test
DEU,2019Q1,2,2019Q3,2018Q4,2018Q4,2.147039687703356,4.849726775956276,1.0136205258156616,test
DNK,2019Q1,2,2019Q3,2018Q4,2018Q4,0.6912442396312946,2.2812393598910408,0.4235907461713761,test
EST,2019Q1,2,2019Q3,2018Q4,2018Q4,3.6723968721309457,12.104662818430034,2.133178710937522,test
FIN,2019Q1,2,2019Q3,2018Q4,2018Q4,1.4872939785934849,7.642405063291147,1.0888997237120224,test
FRA,2019Q1,2,2019Q3,2018Q4,2018Q4,2.1854347968330856,9.040261717358211,1.2136932782528032,test
GRC,2019Q1,2,2019Q3,2018Q4,2018Q4,1.1482529446601442,6.599816489710331,0.2446104171422991,test
HRV,2019Q1,2,2019Q3,2018Q4,2018Q4,1.320512398327134,2.372857345233026,0.6692098797361989,test
HUN,2019Q1,2,2019Q3,2018Q4,2018Q4,3.292777134028557,1.2188311048326297,3.1368256450351906,test
IRL,2019Q1,2,2019Q3,2018Q4,2018Q4,0.9000000000000119,7.089552238805941,0.5582922824302061,test
ITA,2019Q1,2,2019Q3,2018Q4,2018Q4,1.471068976789791,9.92547425474255,0.3254149040026188,test
LTU,2019Q1,2,2019Q3,2018Q4,2018Q4,2.331745180323752,7.610091265572416,2.342387241465249,test
LUX,2019Q1,2,2019Q3,2018Q4,2018Q4,2.4220219181635416,11.78846220798664,1.359569522717874,test
LVA,2019Q1,2,2019Q3,2018Q4,2018Q4,2.891643857671866,4.635807860261987,2.8021511463345528,test
MLT,2019Q1,2,2019Q3,2018Q4,2018Q4,1.5564584835179085,0.3611194703581066,1.79717186818662,test
NLD,2019Q1,2,2019Q3,2018Q4,2018Q4,1.829328262793828,13.27485582069965,2.8065893837705858,test
AUT,2019Q2,2,2019Q4,2019Q1,2019Q1,1.6004855764623294,3.8710116334444544,1.3531249999999773,test
BEL,2019Q2,2,2019Q4,2019Q1,2019Q1,1.987869550030208,7.27601071886288,0.4925345393717695,test
BGR,2019Q2,2,2019Q4,2019Q1,2019Q1,2.500658935160782,5.0195650779395695,2.319280023225057,test
CYP,2019Q2,2,2019Q4,2019Q1,2019Q1,1.3334245076586315,15.469937802349731,0.2289772350168917,test
CZE,2019Q2,2,2019Q4,2019Q1,2019Q1,2.332268370607049,6.0232945091514,2.969984202211684,test
DEU,2019Q2,2,2019Q4,2019Q1,2019Q1,1.5640273704790042,4.251700680272119,1.178343949044569,test
DNK,2019Q2,2,2019Q4,2019Q1,2019Q1,1.1551155115511635,2.210132607956461,0.6538084341288108,test
EST,2019Q2,2,2019Q4,2019Q1,2019Q1,2.2949479707000897,7.824491157824465,1.6856505939475408,test
FIN,2019Q2,2,2019Q4,2019Q1,2019Q1,1.2099154042888085,7.97588178324844,0.9349422535666728,test
FRA,2019Q2,2,2019Q4,2019Q1,2019Q1,1.4251781472684133,4.440275171982466,1.251840942562632,test
GRC,2019Q2,2,2019Q4,2019Q1,2019Q1,0.7864609258337429,2.5455371927659787,0.4098493966105954,test
HRV,2019Q2,2,2019Q4,2019Q1,2019Q1,0.8166369106658689,1.7756711824838067,0.8937857514300651,test
HUN,2019Q2,2,2019Q4,2019Q1,2019Q1,3.2322068612391064,1.1755460231179793,3.5181203452681498,test
IRL,2019Q2,2,2019Q4,2019Q1,2019Q1,0.867244829886582,3.9241769205188297,0.8259002312520414,test
ITA,2019Q2,2,2019Q4,2019Q1,2019Q1,1.0227647641042337,7.822685788787487,0.2899484536082797,test
LTU,2019Q2,2,2019Q4,2019Q1,2019Q1,2.073957513768643,8.580662181770204,2.004193389245157,test
LUX,2019Q2,2,2019Q4,2019Q1,2019Q1,2.053927771829067,8.333333333333348,1.22827566557977,test
LVA,2019Q2,2,2019Q4,2019Q1,2019Q1,2.80206231786595,7.097726804477711,2.093700122054254,test
MLT,2019Q2,2,2019Q4,2019Q1,2019Q1,1.2029375602299552,0.1000500250124991,1.3228793598554445,test
NLD,2019Q2,2,2019Q4,2019Q1,2019Q1,2.4686905776670542,17.227551249558836,2.7236727729306853,test
AUT,2019Q3,2,2020Q1,2019Q2,2019Q2,1.6637671991143632,3.191310488616894,1.9777386492265017,test
BEL,2019Q3,2,2020Q1,2019Q2,2019Q2,1.6579433980004277,2.195323874503985,0.9527664476756792,test
BGR,2019Q3,2,2020Q1,2019Q2,2019Q2,2.768052874390614,4.7064111207422155,2.970010607180784,test
CYP,2019Q3,2,2020Q1,2019Q2,2019Q2,0.5722791928547633,8.60805258833195,0.6073284297185788,test
CZE,2019Q3,2,2020Q1,2019Q2,2019Q2,2.4428934010152226,7.480053191489366,3.684046206681235,test
DEU,2019Q3,2,2020Q1,2019Q2,2019Q2,1.6672010259698888,3.829358414511286,1.5720243824189906,test
DNK,2019Q3,2,2020Q1,2019Q2,2019Q2,0.6869479882237295,-0.3699966363942208,0.5872756933115841,test
EST,2019Q3,2,2020Q1,2019Q2,2019Q2,2.9693782864212537,5.086939208919561,1.536617597344736,test
FIN,2019Q3,2,2020Q1,2019Q2,2019Q2,1.3149329514386077,8.376669884470456,1.0626235137849438,test
FRA,2019Q3,2,2020Q1,2019Q2,2019Q2,1.3042919557954225,4.798404686234203,1.3281575823682612,test
GRC,2019Q3,2,2020Q1,2019Q2,2019Q2,0.6334253694981307,0.7803430929962829,0.5564335572237455,test
HRV,2019Q3,2,2020Q1,2019Q2,2019Q2,0.7874271955227385,2.921702574881757,1.1543632964942985,test
HUN,2019Q3,2,2020Q1,2019Q2,2019Q2,3.795910639909139,1.1979967922490342,4.352408704817412,test
IRL,2019Q3,2,2020Q1,2019Q2,2019Q2,1.2574454003970947,4.814936128398295,0.8267195767195812,test
ITA,2019Q3,2,2020Q1,2019Q2,2019Q2,0.9046849757673447,6.5821049022968925,0.2286087524493885,test
LTU,2019Q3,2,2020Q1,2019Q2,2019Q2,2.549196381384644,4.447941971464742,2.466547450206602,test
LUX,2019Q3,2,2020Q1,2019Q2,2019Q2,1.9689450936449584,4.493011603375541,1.5674678875746917,test
LVA,2019Q3,2,2020Q1,2019Q2,2019Q2,3.294835887591674,5.41462084015274,1.9375739829294192,test
MLT,2019Q3,2,2020Q1,2019Q2,2019Q2,1.7462681836909244,0.0333277787035291,1.224757839435231,test
NLD,2019Q3,2,2020Q1,2019Q2,2019Q2,2.700080840743757,15.988707814705494,1.3309870420732617,test
AUT,2019Q4,2,2020Q2,2019Q3,2019Q3,1.3491259184190474,2.6182713420720205,1.0578388973584874,test
BEL,2019Q4,2,2020Q2,2019Q3,2019Q3,0.8769192360504441,-4.924831518921735,-0.0030829942039733,test
BGR,2019Q4,2,2020Q2,2019Q3,2019Q3,2.2476251811302195,4.1892867229422315,1.0729408768187287,test
CYP,2019Q4,2,2020Q2,2019Q3,2019Q3,0.0847761583357753,0.468830343909743,-1.6182613557872538,test
CZE,2019Q4,2,2020Q2,2019Q3,2019Q3,2.589201136722452,6.783009548896923,3.251780737070309,test
DEU,2019Q4,2,2020Q2,2019Q3,2019Q3,1.0136205258156616,2.757475083056482,0.6937874487543461,test
DNK,2019Q4,2,2020Q2,2019Q3,2019Q3,0.4235907461713761,-2.5144410465511413,-0.0324886289798542,test
EST,2019Q4,2,2020Q2,2019Q3,2019Q3,2.133178710937522,-0.1219207202700967,-1.441874436767765,test
FIN,2019Q4,2,2020Q2,2019Q3,2019Q3,1.0888997237120224,5.108180381670135,-0.1317142122847725,test
FRA,2019Q4,2,2020Q2,2019Q3,2019Q3,1.2136932782528032,2.7313927669799343,0.3329739328977954,test
GRC,2019Q4,2,2020Q2,2019Q3,2019Q3,0.2446104171422991,0.2762164766339836,-1.168495803744363,test
HRV,2019Q4,2,2020Q2,2019Q3,2019Q3,0.6692098797361989,1.575104311543818,-0.4261501210653717,test
HUN,2019Q4,2,2020Q2,2019Q3,2019Q3,3.1368256450351906,0.9533137446947616,2.5444596443228384,test
IRL,2019Q4,2,2020Q2,2019Q3,2019Q3,0.5582922824302061,0.3783102143757988,-0.5555555555555536,test
ITA,2019Q4,2,2020Q2,2019Q3,2019Q3,0.3254149040026188,-1.753816174082501,-0.1921229586935524,test
LTU,2019Q4,2,2020Q2,2019Q3,2019Q3,2.342387241465249,-0.6072026800669983,0.6487404128899366,test
LUX,2019Q4,2,2020Q2,2019Q3,2019Q3,1.359569522717874,0.4725928307345972,-0.9105180533752087,test
LVA,2019Q4,2,2020Q2,2019Q3,2019Q3,2.8021511463345528,3.625194086275574,-0.6946136972946437,test
MLT,2019Q4,2,2020Q2,2019Q3,2019Q3,1.79717186818662,0.0,0.9874158983304238,test
NLD,2019Q4,2,2020Q2,2019Q3,2019Q3,2.8065893837705858,9.76830974965015,1.2374055415617091,test
AUT,2020Q1,2,2020Q3,2019Q4,2019Q4,1.3531249999999773,-0.2608779670842942,1.4405349665645997,test
BEL,2020Q1,2,2020Q3,2019Q4,2019Q4,0.4925345393717695,-9.457966023285111,0.4300077339520314,test
BGR,2020Q1,2,2020Q3,2019Q4,2019Q4,2.319280023225057,2.4039051946457057,0.5542783359052894,test
CYP,2020Q1,2,2020Q3,2019Q4,2019Q4,0.2289772350168917,-2.734408206058214,-2.2870174295487766,test
CZE,2020Q1,2,2020Q3,2019Q4,2019Q4,2.969984202211684,7.0889399409255205,3.4779932286857385,test
DEU,2020Q1,2,2020Q3,2019Q4,2019Q4,1.178343949044569,1.00977198697072,-0.156788962057075,test
DNK,2020Q1,2,2020Q3,2019Q4,2019Q4,0.6538084341288108,-1.8641810918774817,0.4218040233614939,test
EST,2020Q1,2,2020Q3,2019Q4,2019Q4,1.6856505939475408,-2.7040360127030927,-1.3087519048615492,test
FIN,2020Q1,2,2020Q3,2019Q4,2019Q4,0.9349422535666728,3.2544465676907386,0.4083601286173577,test
FRA,2020Q1,2,2020Q3,2019Q4,2019Q4,1.251840942562632,0.6505465779467867,0.36069100803644,test
GRC,2020Q1,2,2020Q3,2019Q4,2019Q4,0.4098493966105954,-3.2462342453120185,-2.2221499219156615,test
HRV,2020Q1,2,2020Q3,2019Q4,2019Q4,0.8937857514300651,1.0343873244309076,-0.4688654099361034,test
HUN,2020Q1,2,2020Q3,2019Q4,2019Q4,3.5181203452681498,0.6458941901980042,3.763114803808598,test
IRL,2020Q1,2,2020Q3,2019Q4,2019Q4,0.8259002312520414,1.0452961672473782,-0.947093403004573,test
ITA,2020Q1,2,2020Q3,2019Q4,2019Q4,0.2899484536082797,-4.714946070878289,-0.2270515731430333,test
LTU,2020Q1,2,2020Q3,2019Q4,2019Q4,2.004193389245157,-6.775233795549818,0.8978573167762294,test
LUX,2020Q1,2,2020Q3,2019Q4,2019Q4,1.22827566557977,-2.2610483042137863,-0.1476408871018519,test
LVA,2020Q1,2,2020Q3,2019Q4,2019Q4,2.093700122054254,3.3987713675213582,-0.278389623103259,test
MLT,2020Q1,2,2020Q3,2019Q4,2019Q4,1.3228793598554445,0.0,0.6180583177799015,test
NLD,2020Q1,2,2020Q3,2019Q4,2019Q4,2.7236727729306853,7.258925032773389,0.9714196470404612,test
AUT,2020Q2,2,2020Q4,2020Q1,2020Q1,1.9777386492265017,2.1515588158239396,1.0853143403324106,test
BEL,2020Q2,2,2020Q4,2020Q1,2020Q1,0.9527664476756792,-9.454249253326108,0.3359945747665183,test
BGR,2020Q2,2,2020Q4,2020Q1,2020Q1,2.970010607180784,1.7866414195400582,0.3121059268600179,test
CYP,2020Q2,2,2020Q4,2020Q1,2020Q1,0.6073284297185788,3.426399736660968,-1.076052047809828,test
CZE,2020Q2,2,2020Q4,2020Q1,2020Q1,3.684046206681235,4.708097928436916,2.700214789812838,test
DEU,2020Q2,2,2020Q4,2020Q1,2020Q1,1.5720243824189906,1.566068515497543,-0.5980484734025793,test
DNK,2020Q2,2,2020Q4,2020Q1,2020Q1,0.5872756933115841,-3.3266799733865593,0.3572588502760654,test
EST,2020Q2,2,2020Q4,2020Q1,2020Q1,1.536617597344736,-6.575893547887956,-1.2703084176702184,test
FIN,2020Q2,2,2020Q4,2020Q1,2020Q1,1.0626235137849438,0.7175510676465713,0.1987179487179524,test
FRA,2020Q2,2,2020Q4,2020Q1,2020Q1,1.3281575823682612,1.362275449101813,0.0853754940711271,test
GRC,2020Q2,2,2020Q4,2020Q1,2020Q1,0.5564335572237455,-3.0807713010163384,-2.1898992516764526,test
HRV,2020Q2,2,2020Q4,2020Q1,2020Q1,1.1543632964942985,0.066034129218373,-0.1642882453371297,test
HUN,2020Q2,2,2020Q4,2020Q1,2020Q1,4.352408704817412,0.3883746520810138,2.862733293196862,test
IRL,2020Q2,2,2020Q4,2020Q1,2020Q1,0.8267195767195812,0.3839999999999843,-1.1467889908256756,test
ITA,2020Q2,2,2020Q4,2020Q1,2020Q1,0.2286087524493885,-6.922611850060479,-0.3854802441374927,test
LTU,2020Q2,2,2020Q4,2020Q1,2020Q1,2.466547450206602,-10.046771548320454,0.2599600991475714,test
LUX,2020Q2,2,2020Q4,2020Q1,2020Q1,1.5674678875746917,0.1030638058652666,-0.4722144041029552,test
LVA,2020Q2,2,2020Q4,2020Q1,2020Q1,1.9375739829294192,-2.542563083138283,-0.6069523634357199,test
MLT,2020Q2,2,2020Q4,2020Q1,2020Q1,1.224757839435231,0.0,0.3343629589529939,test
NLD,2020Q2,2,2020Q4,2020Q1,2020Q1,1.3309870420732617,-11.187433294107974,0.9151596828282038,test
AUT,2020Q3,2,2021Q1,2020Q2,2020Q2,1.0578388973584874,-0.0391057811379713,1.483057379829189,test
BEL,2020Q3,2,2021Q1,2020Q2,2020Q2,-0.0030829942039733,-16.302586736689218,0.8450791105079514,test
BGR,2020Q3,2,2021Q1,2020Q2,2020Q2,1.0729408768187287,-1.309213552046573,0.2278757608864978,test
CYP,2020Q3,2,2021Q1,2020Q2,2020Q2,-1.6182613557872538,-8.2980268732599,-0.4628077000469299,test
CZE,2020Q3,2,2021Q1,2020Q2,2020Q2,3.251780737070309,3.7117228580265897,2.168021680216792,test
DEU,2020Q3,2,2021Q1,2020Q2,2020Q2,0.6937874487543461,-0.8411517308314576,1.7372078332280383,test
DNK,2020Q3,2,2021Q1,2020Q2,2020Q2,-0.0324886289798542,-4.996623902768393,0.5838469023678128,test
EST,2020Q3,2,2021Q1,2020Q2,2020Q2,-1.441874436767765,-6.7321355268559095,0.5629710342322847,test
FIN,2020Q3,2,2021Q1,2020Q2,2020Q2,-0.1317142122847725,-2.64919690831249,1.0803013303414266,test
FRA,2020Q3,2,2021Q1,2020Q2,2020Q2,0.3329739328977954,-3.2140096331093604,0.965648250751916,test
GRC,2020Q3,2,2021Q1,2020Q2,2020Q2,-1.168495803744363,-12.814359761950476,-2.0922694083363336,test
HRV,2020Q3,2,2021Q1,2020Q2,2020Q2,-0.4261501210653717,-7.872970489124908,0.7424217863510885,test
HUN,2020Q3,2,2021Q1,2020Q2,2020Q2,2.5444596443228384,0.2749296503541831,3.3479888301348737,test
IRL,2020Q3,2,2021Q1,2020Q2,2020Q2,-0.5555555555555536,-10.156250000000034,-0.1311905542800806,test
ITA,2020Q3,2,2021Q1,2020Q2,2020Q2,-0.1921229586935524,-10.935992280476036,0.7494297816878381,test
LTU,2020Q3,2,2021Q1,2020Q2,2020Q2,0.6487404128899366,-12.506961050872976,0.7432147800445321,test
LUX,2020Q3,2,2021Q1,2020Q2,2020Q2,-0.9105180533752087,-9.41039149499986,0.982939427140428,test
LVA,2020Q3,2,2021Q1,2020Q2,2020Q2,-0.6946136972946437,-3.939707594772912,-0.1191785845251147,test
MLT,2020Q3,2,2021Q1,2020Q2,2020Q2,0.9874158983304238,-0.6296851574212892,0.1427273906837944,test
NLD,2020Q3,2,2021Q1,2020Q2,2020Q2,1.2374055415617091,-12.725412103108749,1.7839664045972592,test
AUT,2020Q4,2,2021Q2,2020Q3,2020Q3,1.4405349665645997,-1.089317555519509,2.5676549367322554,test
BEL,2020Q4,2,2021Q2,2020Q3,2020Q3,0.4300077339520314,-12.948401538196618,2.373978726684123,test
BGR,2020Q4,2,2021Q2,2020Q3,2020Q3,0.5542783359052894,-0.7077886874284567,2.22075222075222,test
CYP,2020Q4,2,2021Q2,2020Q3,2020Q3,-2.2870174295487766,-20.574421965317914,1.6415365584567798,test
CZE,2020Q4,2,2021Q2,2020Q3,2020Q3,3.4779932286857385,3.515263644773392,2.759448110377938,test
DEU,2020Q4,2,2021Q2,2020Q3,2020Q3,-0.156788962057075,-3.524086647268043,2.1609771374882403,test
DNK,2020Q4,2,2021Q2,2020Q3,2020Q3,0.4218040233614939,-1.5684907633321754,1.722456938576511,test
EST,2020Q4,2,2021Q2,2020Q3,2020Q3,-1.3087519048615492,-5.073711227268484,2.846693081377616,test
FIN,2020Q4,2,2021Q2,2020Q3,2020Q3,0.4083601286173577,-2.7725577495735787,2.126290732460534,test
FRA,2020Q4,2,2021Q2,2020Q3,2020Q3,0.36069100803644,-3.523316062176141,1.7636461329372022,test
GRC,2020Q4,2,2021Q2,2020Q3,2020Q3,-2.2221499219156615,-14.227603215784256,-0.5682931608857467,test
HRV,2020Q4,2,2021Q2,2020Q3,2020Q3,-0.4688654099361034,-5.85355834731115,2.2306520118017037,test
HUN,2020Q4,2,2021Q2,2020Q3,2020Q3,3.763114803808598,0.2619494211240969,5.265030238349344,test
IRL,2020Q4,2,2021Q2,2020Q3,2020Q3,-0.947093403004573,-8.919597989949724,1.5116661189615188,test
ITA,2020Q4,2,2021Q2,2020Q3,2020Q3,-0.2270515731430333,-10.115702479338829,1.1549566891241536,test
LTU,2020Q4,2,2021Q2,2020Q3,2020Q3,0.8978573167762294,-14.054490555438528,3.1595433872473766,test
LUX,2020Q4,2,2021Q2,2020Q3,2020Q3,-0.1476408871018519,-7.013951107129124,3.589987325728772,test
LVA,2020Q4,2,2021Q2,2020Q3,2020Q3,-0.278389623103259,-6.442996742670992,2.3193029819609245,test
MLT,2020Q4,2,2021Q2,2020Q3,2020Q3,0.6180583177799015,-0.6296851574212892,0.1264612442552604,test
NLD,2020Q4,2,2021Q2,2020Q3,2020Q3,0.9714196470404612,-12.446169537624671,1.8038752215967513,test
AUT,2021Q1,2,2021Q3,2020Q4,2020Q4,1.0853143403324106,-1.9504004133299,3.083510458059968,test
BEL,2021Q1,2,2021Q3,2020Q4,2020Q4,0.3359945747665183,-10.993783530613989,3.295958600295723,test
BGR,2021Q1,2,2021Q3,2020Q4,2020Q4,0.3121059268600179,-0.410733023534704,2.922108428074788,test
CYP,2021Q1,2,2021Q3,2020Q4,2020Q4,-1.076052047809828,-15.370273262250212,3.214083286100089,test
CZE,2021Q1,2,2021Q3,2020Q4,2020Q4,2.700214789812838,0.3984063745019917,3.2718619869125387,test
DEU,2021Q1,2,2021Q3,2020Q4,2020Q4,-0.5980484734025793,-4.127700741696239,3.5175879396984966,test
DNK,2021Q1,2,2021Q3,2020Q4,2020Q4,0.3572588502760654,-3.4938941655359934,2.003231017770557,test
EST,2021Q1,2,2021Q3,2020Q4,2020Q4,-1.2703084176702184,-1.8316643427557455,5.4164522086651345,test
FIN,2021Q1,2,2021Q3,2020Q4,2020Q4,0.1987179487179524,-4.216730254541301,1.9086047330835632,test
FRA,2021Q1,2,2021Q3,2020Q4,2020Q4,0.0853754940711271,-2.5588053005932476,2.2005044136191865,test
GRC,2021Q1,2,2021Q3,2020Q4,2020Q4,-2.1898992516764526,-11.609582512550066,1.2677602901540963,test
HRV,2021Q1,2,2021Q3,2020Q4,2020Q4,-0.1642882453371297,-5.885978428351302,3.123285903268491,test
HUN,2021Q1,2,2021Q3,2020Q4,2020Q4,2.862733293196862,0.1902673417394806,5.0469037669131245,test
IRL,2021Q1,2,2021Q3,2020Q4,2020Q4,-1.1467889908256756,-6.144200626959229,2.9673590504450953,test
ITA,2021Q1,2,2021Q3,2020Q4,2020Q4,-0.3854802441374927,-5.562742561448919,2.1131339401820215,test
LTU,2021Q1,2,2021Q3,2020Q4,2020Q4,0.2599600991475714,-10.007264173786734,5.218545443576383,test
LUX,2021Q1,2,2021Q3,2020Q4,2020Q4,-0.4722144041029552,-8.12223178153777,3.627269009343448,test
LVA,2021Q1,2,2021Q3,2020Q4,2020Q4,-0.6069523634357199,-7.542783338714853,3.699726968739436,test
MLT,2021Q1,2,2021Q3,2020Q4,2020Q4,0.3343629589529939,-0.6296851574212892,0.4622168161775741,test
NLD,2021Q1,2,2021Q3,2020Q4,2020Q4,0.9151596828282038,-11.51441077823887,2.354142176576146,test
AUT,2021Q2,2,2021Q4,2021Q1,2021Q1,1.483057379829189,1.4426313595998996,3.888973615982927,test
BEL,2021Q2,2,2021Q4,2021Q1,2021Q1,0.8450791105079514,1.1634880652512836,6.3625192012289,test
BGR,2021Q2,2,2021Q4,2021Q1,2021Q1,0.2278757608864978,0.0090014402304605,6.01527389295704,test
CYP,2021Q2,2,2021Q4,2021Q1,2021Q1,-0.4628077000469299,-12.496383311150971,4.6422116607537145,test
CZE,2021Q2,2,2021Q4,2021Q1,2021Q1,2.168021680216792,-2.278177458033559,5.0194203764565515,test
DEU,2021Q2,2,2021Q4,2021Q1,2021Q1,1.7372078332280383,-0.4818503051718603,5.446485117162747,test
DNK,2021Q2,2,2021Q4,2021Q1,2021Q1,0.5838469023678128,-0.5849965588437867,3.462783171521022,test
EST,2021Q2,2,2021Q4,2021Q1,2021Q1,0.5629710342322847,6.634647234183522,9.134322910329695,test
FIN,2021Q2,2,2021Q4,2021Q1,2021Q1,1.0803013303414266,-1.1692042516518453,3.1475913249312315,test
FRA,2021Q2,2,2021Q4,2021Q1,2021Q1,0.965648250751916,0.9511150494756926,3.3331227094654414,test
GRC,2021Q2,2,2021Q4,2021Q1,2021Q1,-2.0922694083363336,-5.3250571708592265,3.7392773159341974,test
HRV,2021Q2,2,2021Q4,2021Q1,2021Q1,0.7424217863510885,-1.82689636010005,4.588280846670134,test
HUN,2021Q2,2,2021Q4,2021Q1,2021Q1,3.3479888301348737,0.3030498420272254,7.134704866699848,test
IRL,2021Q2,2,2021Q4,2021Q1,2021Q1,-0.1311905542800806,-1.37073637233025,5.369572422936675,test
ITA,2021Q2,2,2021Q4,2021Q1,2021Q1,0.7494297816878381,-1.6563819421890114,3.740728797162185,test
LTU,2021Q2,2,2021Q4,2021Q1,2021Q1,0.7432147800445321,-7.302991424133964,9.388567293777127,test
LUX,2021Q2,2,2021Q4,2021Q1,2021Q1,0.982939427140428,0.1247972045426148,5.706026519198137,test
LVA,2021Q2,2,2021Q4,2021Q1,2021Q1,-0.1191785845251147,-4.497302276615334,7.090426844312869,test
MLT,2021Q2,2,2021Q4,2021Q1,2021Q1,0.1427273906837944,-0.6296851574212892,2.107401294909206,test
NLD,2021Q2,2,2021Q4,2021Q1,2021Q1,1.7839664045972592,-2.1199889070347866,5.347992173669991,test
AUT,2021Q3,2,2022Q1,2021Q2,2021Q2,2.5676549367322554,4.035991393362437,5.526523667740202,test
BEL,2021Q3,2,2022Q1,2021Q2,2021Q2,2.373978726684123,17.628996729190316,9.110927608037445,test
BGR,2021Q3,2,2022Q1,2021Q2,2021Q2,2.22075222075222,3.902075307568031,8.866949046966521,test
CYP,2021Q3,2,2022Q1,2021Q2,2021Q2,1.6415365584567798,10.11814401689659,5.6873315363881405,test
CZE,2021Q3,2,2022Q1,2021Q2,2021Q2,2.759448110377938,-2.833283626603067,10.226937813144744,test
DEU,2021Q3,2,2022Q1,2021Q2,2021Q2,2.1609771374882403,1.8270799347471556,6.08506674945668,test
DNK,2021Q3,2,2022Q1,2021Q2,2021Q2,1.722456938576511,4.086709310589898,5.385359561431802,test
EST,2021Q3,2,2022Q1,2021Q2,2021Q2,2.846693081377616,9.940075159968863,12.48156508653122,test
FIN,2021Q3,2,2022Q1,2021Q2,2021Q2,2.126290732460534,2.057200200702458,4.772929087910671,test
FRA,2021Q3,2,2022Q1,2021Q2,2021Q2,1.7636461329372022,6.6138297545541125,4.189401066164922,test
GRC,2021Q3,2,2022Q1,2021Q2,2021Q2,-0.5682931608857467,7.849829351535842,6.584843823155673,test
HRV,2021Q3,2,2022Q1,2021Q2,2021Q2,2.2306520118017037,6.698440848296761,6.355795842183176,test
HUN,2021Q3,2,2022Q1,2021Q2,2021Q2,5.265030238349344,0.3870718018192276,8.31009801948892,test
IRL,2021Q3,2,2022Q1,2021Q2,2021Q2,1.5116661189615188,12.034782608695682,5.9113300492610765,test
ITA,2021Q3,2,2022Q1,2021Q2,2021Q2,1.1549566891241536,12.892741061755151,6.015523932729638,test
LTU,2021Q3,2,2022Q1,2021Q2,2021Q2,3.1595433872473766,2.4486128271368868,13.939249126370168,test
LUX,2021Q3,2,2022Q1,2021Q2,2021Q2,3.589987325728772,15.41301016854717,6.791903034811964,test
LVA,2021Q3,2,2022Q1,2021Q2,2021Q2,2.3193029819609245,-1.9092194760589989,9.245831421141194,test
MLT,2021Q3,2,2022Q1,2021Q2,2021Q2,0.1264612442552604,0.0,4.269240735941948,test
NLD,2021Q3,2,2022Q1,2021Q2,2021Q2,1.8038752215967513,3.337030581524303,8.850353641891061,test
AUT,2021Q4,2,2022Q2,2021Q3,2021Q3,3.083510458059968,7.745255498377501,7.86132372805044,test
BEL,2021Q4,2,2022Q2,2021Q3,2021Q3,3.295958600295723,28.49937364013977,9.93525071525372,test
BGR,2021Q4,2,2022Q2,2021Q3,2021Q3,2.922108428074788,6.6096399429732555,13.407907306400402,test
CYP,2021Q4,2,2022Q2,2021Q3,2021Q3,3.214083286100089,32.317489197179896,8.802052496546287,test
CZE,2021Q4,2,2022Q2,2021Q3,2021Q3,3.2718619869125387,-2.680965147453096,15.032107413893758,test
DEU,2021Q4,2,2022Q2,2021Q3,2021Q3,3.5175879396984966,5.965147453083142,8.277130594727167,test
DNK,2021Q4,2,2022Q2,2021Q3,2021Q3,2.003231017770557,10.587818696883854,8.242811501597469,test
EST,2021Q4,2,2022Q2,2021Q3,2021Q3,5.4164522086651345,25.25718807702455,20.43622569938359,test
FIN,2021Q4,2,2022Q2,2021Q3,2021Q3,1.9086047330835632,3.936961046684506,7.005165679727843,test
FRA,2021Q4,2,2022Q2,2021Q3,2021Q3,2.2005044136191865,11.229093141015788,5.913594434264069,test
GRC,2021Q4,2,2022Q2,2021Q3,2021Q3,1.2677602901540963,10.601590798760242,10.428984364735228,test
HRV,2021Q4,2,2022Q2,2021Q3,2021Q3,3.123285903268491,6.762898592880795,10.795724842218757,test
HUN,2021Q4,2,2022Q2,2021Q3,2021Q3,5.0469037669131245,0.4870496403574176,11.008786752281164,test
IRL,2021Q4,2,2022Q2,2021Q3,2021Q3,2.9673590504450953,18.482758620689665,8.38459048235678,test
ITA,2021Q4,2,2022Q2,2021Q3,2021Q3,2.1131339401820215,22.839279146745103,7.358071677767186,test
LTU,2021Q4,2,2022Q2,2021Q3,2021Q3,5.218545443576383,23.43232975203233,18.54306569343065,test
LUX,2021Q4,2,2022Q2,2021Q3,2021Q3,3.627269009343448,17.677219545767354,9.469917107637738,test
LVA,2021Q4,2,2022Q2,2021Q3,2021Q3,3.699726968739436,10.295244063783882,16.3648356920125,test
MLT,2021Q4,2,2022Q2,2021Q3,2021Q3,0.4622168161775741,0.0,5.766742652948076,test
NLD,2021Q4,2,2022Q2,2021Q3,2021Q3,2.354142176576146,15.25094651004757,10.43900650719458,test
AUT,2022Q1,2,2022Q3,2021Q4,2021Q4,3.888973615982927,14.648926360163372,9.900191250298818,test
BEL,2022Q1,2,2022Q3,2021Q4,2021Q4,6.3625192012289,56.56333716035209,10.982883044074686,test
BGR,2022Q1,2,2022Q3,2021Q4,2021Q4,6.01527389295704,13.227768077548308,15.172539711520905,test
CYP,2022Q1,2,2022Q3,2021Q4,2021Q4,4.6422116607537145,32.47848537005167,9.71670381496912,test
CZE,2022Q1,2,2022Q3,2021Q4,2021Q4,5.0194203764565515,-4.884004884004877,17.396313364055317,test
DEU,2022Q1,2,2022Q3,2021Q4,2021Q4,5.446485117162747,11.200807265388502,9.40533980582523,test
DNK,2022Q1,2,2022Q3,2021Q4,2021Q4,3.462783171521022,22.98769771528999,10.199556541019938,test
EST,2022Q1,2,2022Q3,2021Q4,2021Q4,9.134322910329695,45.64529666214736,24.142684818197505,test
FIN,2022Q1,2,2022Q3,2021Q4,2021Q4,3.1475913249312315,9.637050028239337,8.116770888979662,test
FRA,2022Q1,2,2022Q3,2021Q4,2021Q4,3.3331227094654414,18.44257329779502,6.524153248195441,test
GRC,2022Q1,2,2022Q3,2021Q4,2021Q4,3.7392773159341974,37.33644859813088,11.539725307222204,test
HRV,2022Q1,2,2022Q3,2021Q4,2021Q4,4.588280846670134,9.51029615076764,12.59347329557896,test
HUN,2022Q1,2,2022Q3,2021Q4,2021Q4,7.134704866699848,0.9978112527359252,17.996439103099092,test
IRL,2022Q1,2,2022Q3,2021Q4,2021Q4,5.369572422936675,27.12090848363395,9.061799551713134,test
ITA,2022Q1,2,2022Q3,2021Q4,2021Q4,3.740728797162185,31.780821917808268,8.946195479146768,test
LTU,2022Q1,2,2022Q3,2021Q4,2021Q4,9.388567293777127,35.21678966789672,21.490209569679777,test
LUX,2022Q1,2,2022Q3,2021Q4,2021Q4,5.706026519198137,32.78768120968301,8.904068002428666,test
LVA,2022Q1,2,2022Q3,2021Q4,2021Q4,7.090426844312869,22.60599287560239,21.592758039227288,test
MLT,2022Q1,2,2022Q3,2021Q4,2021Q4,2.107401294909206,0.0,7.076913763356263,test
NLD,2022Q1,2,2022Q3,2021Q4,2021Q4,5.347992173669991,54.874562333365475,14.114304711820358,test
AUT,2022Q2,2,2022Q4,2022Q1,2022Q1,5.526523667740202,23.897860506273098,11.08631826189075,test
BEL,2022Q2,2,2022Q4,2022Q1,2022Q1,9.110927608037445,83.67619160540671,11.244620317148524,test
BGR,2022Q2,2,2022Q4,2022Q1,2022Q1,8.866949046966521,16.294140589841287,14.499155129991426,test
CYP,2022Q2,2,2022Q4,2022Q1,2022Q1,5.6873315363881405,28.46609132691862,8.101711178634275,test
CZE,2022Q2,2,2022Q4,2022Q1,2022Q1,10.226937813144744,22.08588957055211,16.500711237553322,test
DEU,2022Q2,2,2022Q4,2022Q1,2022Q1,6.08506674945668,23.983214977404764,10.81081081081081,test
DNK,2022Q2,2,2022Q4,2022Q1,2022Q1,5.385359561431802,36.483212184146765,10.228339067876105,test
EST,2022Q2,2,2022Q4,2022Q1,2022Q1,12.48156508653122,48.38940142266954,20.410267844700257,test
FIN,2022Q2,2,2022Q4,2022Q1,2022Q1,4.772929087910671,24.09092230328749,8.74837189108726,test
FRA,2022Q2,2,2022Q4,2022Q1,2022Q1,4.189401066164922,21.335986189542687,6.958755006573525,test
GRC,2022Q2,2,2022Q4,2022Q1,2022Q1,6.584843823155673,58.288474810213955,8.61694655513694,test
HRV,2022Q2,2,2022Q4,2022Q1,2022Q1,6.355795842183176,8.77379183471312,12.787684333929782,test
HUN,2022Q2,2,2022Q4,2022Q1,2022Q1,8.31009801948892,1.404602725636428,23.338523313939177,test
IRL,2022Q2,2,2022Q4,2022Q1,2022Q1,5.9113300492610765,34.35681965093731,8.839257628184981,test
ITA,2022Q2,2,2022Q4,2022Q1,2022Q1,6.015523932729638,65.88507265521797,12.49611439229097,test
LTU,2022Q2,2,2022Q4,2022Q1,2022Q1,13.939249126370168,60.20761245674735,21.162008709552936,test
LUX,2022Q2,2,2022Q4,2022Q1,2022Q1,6.791903034811964,39.48647638040632,7.454967005528812,test
LVA,2022Q2,2,2022Q4,2022Q1,2022Q1,9.245831421141194,17.165593027661984,21.386400944618835,test
MLT,2022Q2,2,2022Q4,2022Q1,2022Q1,4.269240735941948,0.0,7.3107049608355235,test
NLD,2022Q2,2,2022Q4,2022Q1,2022Q1,8.850353641891061,107.82622383126083,13.018484124878404,test
AUT,2022Q3,2,2023Q1,2022Q2,2022Q2,7.86132372805044,28.280897468037125,10.59799038378484,test
BEL,2022Q3,2,2023Q1,2022Q2,2022Q2,9.93525071525372,78.24310520939734,5.919946182307423,test
BGR,2022Q3,2,2023Q1,2022Q2,2022Q2,13.407907306400402,20.386317426145204,13.351451866685736,test
CYP,2022Q3,2,2023Q1,2022Q2,2022Q2,8.802052496546287,41.89642771517623,6.54169854628921,test
CZE,2022Q3,2,2023Q1,2022Q2,2022Q2,15.032107413893758,33.578882750153504,17.967914438502653,test
DEU,2022Q3,2,2023Q1,2022Q2,2022Q2,8.277130594727167,35.88593399551423,8.721100380450665,test
DNK,2022Q3,2,2023Q1,2022Q2,2022Q2,8.242811501597469,47.21748036872655,7.986536107711117,test
EST,2022Q3,2,2023Q1,2022Q2,2022Q2,20.43622569938359,108.64718381424564,17.333832816011974,test
FIN,2022Q3,2,2023Q1,2022Q2,2022Q2,7.005165679727843,25.822777488576556,7.494627236129214,test
FRA,2022Q3,2,2023Q1,2022Q2,2022Q2,5.913594434264069,27.718550106609797,7.0035514356227235,test
GRC,2022Q3,2,2023Q1,2022Q2,2022Q2,10.428984364735228,74.10507690213693,6.3913902921150845,test
HRV,2022Q3,2,2023Q1,2022Q2,2022Q2,10.795724842218757,20.16690328612487,11.576749674725416,test
HUN,2022Q3,2,2023Q1,2022Q2,2022Q2,11.008786752281164,1.6901227427543295,25.878450106157104,test
IRL,2022Q3,2,2023Q1,2022Q2,2022Q2,8.38459048235678,54.02049053089102,7.53488372093023,test
ITA,2022Q3,2,2023Q1,2022Q2,2022Q2,7.358071677767186,64.81126039667306,9.517998779743753,test
LTU,2022Q3,2,2023Q1,2022Q2,2022Q2,18.54306569343065,70.24083616562513,16.960260039844812,test
LUX,2022Q3,2,2023Q1,2022Q2,2022Q2,9.469917107637738,35.66471546677927,4.470246734397665,test
LVA,2022Q3,2,2023Q1,2022Q2,2022Q2,16.3648356920125,49.26367100339846,19.514380933710473,test
MLT,2022Q3,2,2023Q1,2022Q2,2022Q2,5.766742652948076,0.0,6.968002485243852,test
NLD,2022Q3,2,2023Q1,2022Q2,2022Q2,10.43900650719458,108.14524043179593,7.238735786143824,test
AUT,2022Q4,2,2023Q2,2022Q3,2022Q3,9.900191250298818,46.6080554879533,8.632492903656708,test
BEL,2022Q4,2,2023Q2,2022Q3,2022Q3,10.982883044074686,75.71256317504296,2.5504054350208305,test
BGR,2022Q4,2,2023Q2,2022Q3,2022Q3,15.172539711520905,31.480111534740814,8.793000380414128,test
CYP,2022Q4,2,2023Q2,2022Q3,2022Q3,9.71670381496912,57.597112409762794,3.43732994739705,test
CZE,2022Q4,2,2023Q2,2022Q3,2022Q3,17.396313364055317,42.17936945209673,12.611012433392531,test
DEU,2022Q4,2,2023Q2,2022Q3,2022Q3,9.40533980582523,46.457938013915246,6.879954699886737,test
DNK,2022Q4,2,2023Q2,2022Q3,2022Q3,10.199556541019938,54.97918667947488,3.630460448642281,test
EST,2022Q4,2,2023Q2,2022Q3,2022Q3,24.142684818197505,122.01484679372432,11.077755905511813,test
FIN,2022Q4,2,2023Q2,2022Q3,2022Q3,8.116770888979662,33.034845797333645,5.130695867184754,test
FRA,2022Q4,2,2023Q2,2022Q3,2022Q3,6.524153248195441,24.928263988522236,6.0731356851705165,test
GRC,2022Q4,2,2023Q2,2022Q3,2022Q3,11.539725307222204,72.88135593220335,3.795472798120114,test
HRV,2022Q4,2,2023Q2,2022Q3,2022Q3,12.59347329557896,19.63355242992879,8.472878202375833,test
HUN,2022Q4,2,2023Q2,2022Q3,2022Q3,17.996439103099092,37.85709700199009,22.056473095364957,test
IRL,2022Q4,2,2023Q2,2022Q3,2022Q3,9.061799551713134,50.989522700814845,5.46594982078854,test
ITA,2022Q4,2,2023Q2,2022Q3,2022Q3,8.946195479146768,71.01796407185633,7.769571639586426,test
LTU,2022Q4,2,2023Q2,2022Q3,2022Q3,21.490209569679777,99.146119477081,10.709095835077951,test
LUX,2022Q4,2,2023Q2,2022Q3,2022Q3,8.904068002428666,25.952568938795828,1.8692894464779508,test
LVA,2022Q4,2,2023Q2,2022Q3,2022Q3,21.592758039227288,84.75646327219918,11.736665807781478,test
MLT,2022Q4,2,2023Q2,2022Q3,2022Q3,7.076913763356263,0.0,6.29696510747364,test
NLD,2022Q4,2,2023Q2,2022Q3,2022Q3,14.114304711820358,153.9785489667565,6.323651452282153,test
AUT,2023Q1,2,2023Q3,2022Q4,2022Q4,11.08631826189075,52.332529012984,6.727030481007157,test
BEL,2023Q1,2,2023Q3,2022Q4,2022Q4,11.244620317148524,60.34588120263997,1.5611145444286212,test
BGR,2023Q1,2,2023Q3,2022Q4,2022Q4,14.499155129991426,21.65000531745187,7.213062777425505,test
CYP,2023Q1,2,2023Q3,2022Q4,2022Q4,8.101711178634275,34.23671560348189,3.262181657588714,test
CZE,2023Q1,2,2023Q3,2022Q4,2022Q4,16.500711237553322,26.412066752246453,9.519136408243355,test
DEU,2023Q1,2,2023Q3,2022Q4,2022Q4,10.81081081081081,47.36842105263157,5.740432612312807,test
DNK,2023Q1,2,2023Q3,2022Q4,2022Q4,10.228339067876105,51.157473563875385,2.0408163265306145,test
EST,2023Q1,2,2023Q3,2022Q4,2022Q4,20.410267844700257,54.556939580655154,4.798260225800477,test
FIN,2023Q1,2,2023Q3,2022Q4,2022Q4,8.74837189108726,41.22224330992594,3.4412602453060215,test
FRA,2023Q1,2,2023Q3,2022Q4,2022Q4,6.958755006573525,22.383326940288978,5.4846089247965635,test
GRC,2023Q1,2,2023Q3,2022Q4,2022Q4,8.61694655513694,10.006019839296451,3.1019855063924906,test
HRV,2023Q1,2,2023Q3,2022Q4,2022Q4,12.787684333929782,20.61794019933556,7.961429444784085,test
HUN,2023Q1,2,2023Q3,2022Q4,2022Q4,23.338523313939177,62.56612913506281,14.577390074266194,test
IRL,2023Q1,2,2023Q3,2022Q4,2022Q4,8.839257628184981,66.36889122438257,4.844392248972396,test
ITA,2023Q1,2,2023Q3,2022Q4,2022Q4,12.49611439229097,129.83367983367984,5.815312682641727,test
LTU,2023Q1,2,2023Q3,2022Q4,2022Q4,21.162008709552936,80.41389504804137,5.871109328173296,test
LUX,2023Q1,2,2023Q3,2022Q4,2022Q4,7.454967005528812,17.300459674049318,2.9799570707774503,test
LVA,2023Q1,2,2023Q3,2022Q4,2022Q4,21.386400944618835,68.92072805993106,5.267383582307428,test
MLT,2023Q1,2,2023Q3,2022Q4,2022Q4,7.3107049608355235,0.0,5.187279151943458,test
NLD,2023Q1,2,2023Q3,2022Q4,2022Q4,13.018484124878404,92.4441033724644,2.751807611833579,test
AUT,2023Q2,2,2023Q4,2023Q1,2023Q1,10.59799038378484,39.31641372273946,5.132677872925262,test
BEL,2023Q2,2,2023Q4,2023Q1,2023Q1,5.919946182307423,-14.133785201323356,-0.6465181492444239,test
BGR,2023Q2,2,2023Q4,2023Q1,2023Q1,13.351451866685736,16.087921159898855,5.470691797845895,test
CYP,2023Q2,2,2023Q4,2023Q1,2023Q1,6.54169854628921,30.430865849891894,2.6451269305876046,test
CZE,2023Q2,2,2023Q4,2023Q1,2023Q1,17.967914438502653,49.34673366834173,8.351648351648366,test
DEU,2023Q2,2,2023Q4,2023Q1,2023Q1,8.721100380450665,29.05493361103879,3.0081300813008083,test
DNK,2023Q2,2,2023Q4,2023Q1,2023Q1,7.986536107711117,16.129850367740282,0.0851305334846896,test
EST,2023Q2,2,2023Q4,2023Q1,2023Q1,17.333832816011974,44.21720290552847,4.481274015091907,test
FIN,2023Q2,2,2023Q4,2023Q1,2023Q1,7.494627236129214,25.782951910238715,1.485727321983643,test
FRA,2023Q2,2,2023Q4,2023Q1,2023Q1,7.0035514356227235,16.26998480792883,4.170597147185751,test
GRC,2023Q2,2,2023Q4,2023Q1,2023Q1,6.3913902921150845,-10.838855946982909,3.4655065988653977,test
HRV,2023Q2,2,2023Q4,2023Q1,2023Q1,11.576749674725416,15.80042932413972,5.86449301129679,test
HUN,2023Q2,2,2023Q4,2023Q1,2023Q1,25.878450106157104,48.31848870011726,7.572032866033274,test
IRL,2023Q2,2,2023Q4,2023Q1,2023Q1,7.53488372093023,47.96728409910993,3.1213872832370093,test
ITA,2023Q2,2,2023Q4,2023Q1,2023Q1,9.517998779743753,40.99143937885727,0.9671179883945946,test
LTU,2023Q2,2,2023Q4,2023Q1,2023Q1,16.960260039844812,43.92406502216666,2.3475887170154586,test
LUX,2023Q2,2,2023Q4,2023Q1,2023Q1,4.470246734397665,-3.3397372888928523,2.442600276625151,test
LVA,2023Q2,2,2023Q4,2023Q1,2023Q1,19.514380933710473,69.78125367517349,1.4282663882891675,test
MLT,2023Q2,2,2023Q4,2023Q1,2023Q1,6.968002485243852,0.0,3.910323253388937,test
NLD,2023Q2,2,2023Q4,2023Q1,2023Q1,7.238735786143824,-17.127666020358678,0.4434358452669373,test
AUT,2023Q3,2,2024Q1,2023Q2,2023Q2,8.632492903656708,31.164960793414267,4.123496641849345,test
BEL,2023Q3,2,2024Q1,2023Q2,2023Q2,2.5504054350208305,-39.737344794651385,2.969196570339805,test
BGR,2023Q3,2,2024Q1,2023Q2,2023Q2,8.793000380414128,8.993591972579607,3.493008934430364,test
CYP,2023Q3,2,2024Q1,2023Q2,2023Q2,3.43732994739705,1.4319506631747858,1.953919808497906,test
CZE,2023Q3,2,2024Q1,2023Q2,2023Q2,12.611012433392531,36.76470588235292,2.357207615593837,test
DEU,2023Q3,2,2024Q1,2023Q2,2023Q2,6.879954699886737,16.387644423485014,2.7187079407806403,test
DNK,2023Q3,2,2024Q1,2023Q2,2023Q2,3.630460448642281,-16.69758812615957,0.7650892604137427,test
EST,2023Q3,2,2024Q1,2023Q2,2023Q2,11.077755905511813,12.911414824217026,4.467502850627136,test
FIN,2023Q3,2,2024Q1,2023Q2,2023Q2,5.130695867184754,13.850644723837547,0.934868921240084,test
FRA,2023Q3,2,2024Q1,2023Q2,2023Q2,6.0731356851705165,8.374317556287526,3.0011532078868086,test
GRC,2023Q3,2,2024Q1,2023Q2,2023Q2,3.795472798120114,-23.06609858108899,3.238173882269657,test
HRV,2023Q3,2,2024Q1,2023Q2,2023Q2,8.472878202375833,1.048900671411701,4.813559322033889,test
HUN,2023Q3,2,2024Q1,2023Q2,2023Q2,22.056473095364957,37.809656218402424,3.6284286647972896,test
IRL,2023Q3,2,2024Q1,2023Q2,2023Q2,5.46594982078854,19.85486797016729,2.249134948096887,test
ITA,2023Q3,2,2024Q1,2023Q2,2023Q2,7.769571639586426,14.421583850931665,1.002785515320315,test
LTU,2023Q3,2,2024Q1,2023Q2,2023Q2,10.709095835077951,19.809801859047266,0.8539154601282073,test
LUX,2023Q3,2,2024Q1,2023Q2,2023Q2,1.8692894464779508,-6.785730172145343,3.139761044734657,test
LVA,2023Q3,2,2024Q1,2023Q2,2023Q2,11.736665807781478,32.22942826916886,0.8857644991212554,test
MLT,2023Q3,2,2024Q1,2023Q2,2023Q2,6.29696510747364,0.0,3.116196671797411,test
NLD,2023Q3,2,2024Q1,2023Q2,2023Q2,6.323651452282153,-25.94737152286658,2.9684551808445647,test
AUT,2023Q4,2,2024Q2,2023Q3,2023Q3,6.727030481007157,9.563629572759492,3.263654062916288,test
BEL,2023Q4,2,2024Q2,2023Q3,2023Q3,1.5611145444286212,-41.80403264662509,5.051422465607036,test
BGR,2023Q4,2,2024Q2,2023Q3,2023Q3,7.213062777425505,-4.083531703094567,2.6549777711174283,test
CYP,2023Q4,2,2024Q2,2023Q3,2023Q3,3.262181657588714,-5.798524012069651,2.706415314920352,test
CZE,2023Q4,2,2024Q2,2023Q3,2023Q3,9.519136408243355,27.298170075349827,2.681388012618302,test
DEU,2023Q4,2,2024Q2,2023Q3,2023Q3,5.740432612312807,5.830274238825317,2.569536423841101,test
DNK,2023Q4,2,2024Q2,2023Q3,2023Q3,2.0408163265306145,-24.62809917355373,1.4525776132155777,test
EST,2023Q4,2,2024Q2,2023Q3,2023Q3,4.798260225800477,-12.45449910480323,3.0082849674361034,test
FIN,2023Q4,2,2024Q2,2023Q3,2023Q3,3.4412602453060215,-2.225758585836879,0.5235895282094338,test
FRA,2023Q4,2,2024Q2,2023Q3,2023Q3,5.4846089247965635,6.952450363303075,2.504699767776186,test
GRC,2023Q4,2,2024Q2,2023Q3,2023Q3,3.1019855063924906,-25.58003280993671,2.6651382719587557,test
HRV,2023Q4,2,2024Q2,2023Q3,2023Q3,7.961429444784085,0.8369391938055193,4.158860007916632,test
HUN,2023Q4,2,2024Q2,2023Q3,2023Q3,14.577390074266194,0.2770792586383575,3.712248758080272,test
IRL,2023Q4,2,2024Q2,2023Q3,2023Q3,4.844392248972396,15.95990747879723,1.699235344095151,test
ITA,2023Q4,2,2024Q2,2023Q3,2023Q3,5.815312682641727,-7.1778711484593805,0.8771929824561653,test
LTU,2023Q4,2,2024Q2,2023Q3,2023Q3,5.871109328173296,-16.06395000997143,0.769761285011894,test
LUX,2023Q4,2,2024Q2,2023Q3,2023Q3,2.9799570707774503,-0.0139301634472732,3.0007131493773542,test
LVA,2023Q4,2,2024Q2,2023Q3,2023Q3,5.267383582307428,-3.4512805617727627,0.8670586878819497,test
MLT,2023Q4,2,2024Q2,2023Q3,2023Q3,5.187279151943458,0.0,2.293402016659307,test
NLD,2023Q4,2,2024Q2,2023Q3,2023Q3,2.751807611833579,-47.87136429463724,2.8697054844416536,test
AUT,2024Q1,2,2024Q3,2023Q4,2023Q4,5.132677872925262,0.4638883650763814,2.3795572087335515,test
BEL,2024Q1,2,2024Q3,2023Q4,2023Q4,-0.6465181492444239,-46.01801389788736,4.6880787343245744,test
BGR,2024Q1,2,2024Q3,2023Q4,2023Q4,5.470691797845895,-2.6488908316031012,2.2302725614865127,test
CYP,2024Q1,2,2024Q3,2023Q4,2023Q4,2.6451269305876046,1.0626971990476353,2.087075528184079,test
CZE,2024Q1,2,2024Q3,2023Q4,2023Q4,8.351648351648366,46.63620208174666,2.553763440860224,test
DEU,2024Q1,2,2024Q3,2023Q4,2023Q4,3.0081300813008083,-2.0320197044335075,2.1505376344086224,test
DNK,2024Q1,2,2024Q3,2023Q4,2023Q4,0.0851305334846896,-28.682170542635653,1.183098591549303,test
EST,2024Q1,2,2024Q3,2023Q4,2023Q4,4.481274015091907,6.288270976438715,3.355556536712423,test
FIN,2024Q1,2,2024Q3,2023Q4,2023Q4,1.485727321983643,-16.687465202449737,0.8513627423433423,test
FRA,2024Q1,2,2024Q3,2023Q4,2023Q4,4.170597147185751,5.07334196999456,2.10832624152415,test
GRC,2024Q1,2,2024Q3,2023Q4,2023Q4,3.4655065988653977,-5.7149655008327365,3.097231349467111,test
HRV,2024Q1,2,2024Q3,2023Q4,2023Q4,5.86449301129679,-2.7185589158816637,3.1221847571490935,test
HUN,2024Q1,2,2024Q3,2023Q4,2023Q4,7.572032866033274,-16.44187414232502,3.4980863410016827,test
IRL,2024Q1,2,2024Q3,2023Q4,2023Q4,3.1213872832370093,-10.849652558433387,0.8681041725006722,test
ITA,2024Q1,2,2024Q3,2023Q4,2023Q4,0.9671179883945946,-41.10131162369969,1.187517260425297,test
LTU,2024Q1,2,2024Q3,2023Q4,2023Q4,2.3475887170154586,-21.179844326095857,0.7556001337345242,test
LUX,2024Q1,2,2024Q3,2023Q4,2023Q4,2.442600276625151,-4.5444424652654085,1.7270315629906552,test
LVA,2024Q1,2,2024Q3,2023Q4,2023Q4,1.4282663882891675,-15.849113872822617,1.0724108442924374,test
MLT,2024Q1,2,2024Q3,2023Q4,2023Q4,3.910323253388937,0.0,2.273582370330529,test
NLD,2024Q1,2,2024Q3,2023Q4,2023Q4,0.4434358452669373,-48.77728081047583,3.350860913496212,test
AUT,2024Q2,2,2024Q4,2024Q1,2024Q1,4.123496641849345,-4.639411193906895,1.95334104278746,test
BEL,2024Q2,2,2024Q4,2024Q1,2024Q1,2.969196570339805,-10.323829571296994,4.573369920292691,test
BGR,2024Q2,2,2024Q4,2024Q1,2024Q1,3.493008934430364,-1.1933863727276672,2.035005032280224,test
CYP,2024Q2,2,2024Q4,2024Q1,2024Q1,1.953919808497906,-3.934879131721747,2.2858295860717304,test
CZE,2024Q2,2,2024Q4,2024Q1,2024Q1,2.357207615593837,4.727456258411844,3.13274735181428,test
DEU,2024Q2,2,2024Q4,2024Q1,2024Q1,2.7187079407806403,-4.296953802703241,2.525651144435681,test
DNK,2024Q2,2,2024Q4,2024Q1,2024Q1,0.7650892604137427,-12.120550338501856,1.6728097533314612,test
EST,2024Q2,2,2024Q4,2024Q1,2024Q1,4.467502850627136,5.6332917235172975,4.107403961185674,test
FIN,2024Q2,2,2024Q4,2024Q1,2024Q1,0.934868921240084,-13.09359752690975,1.5904237383387532,test
FRA,2024Q2,2,2024Q4,2024Q1,2024Q1,3.0011532078868086,8.142525302804039,1.6738927610998378,test
GRC,2024Q2,2,2024Q4,2024Q1,2024Q1,3.238173882269657,-4.8581907090464505,2.994318181818167,test
HRV,2024Q2,2,2024Q4,2024Q1,2024Q1,4.813559322033889,-1.2891809908998964,4.017776399762285,test
HUN,2024Q2,2,2024Q4,2024Q1,2024Q1,3.6284286647972896,-7.911439745261051,4.0228938483076515,test
IRL,2024Q2,2,2024Q4,2024Q1,2024Q1,2.249134948096887,-13.575028450658422,0.5325112107623209,test
ITA,2024Q2,2,2024Q4,2024Q1,2024Q1,1.002785515320315,-28.282970912171713,1.286261631089225,test
LTU,2024Q2,2,2024Q4,2024Q1,2024Q1,0.8539154601282073,-22.46899928915568,1.0290718349928785,test
LUX,2024Q2,2,2024Q4,2024Q1,2024Q1,3.139761044734657,-0.8504934248538376,1.182728917452036,test
LVA,2024Q2,2,2024Q4,2024Q1,2024Q1,0.8857644991212554,-13.93343261870953,2.5800566068629793,test
MLT,2024Q2,2,2024Q4,2024Q1,2024Q1,3.116196671797411,0.0,2.118525951942929,test
NLD,2024Q2,2,2024Q4,2024Q1,2024Q1,2.9684551808445647,-6.106856275932682,3.682447347235618,test
AUT,2024Q3,2,2025Q1,2024Q2,2024Q2,3.263654062916288,-6.6114163329919045,3.310165508275409,test
BEL,2024Q3,2,2025Q1,2024Q2,2024Q2,5.051422465607036,31.106532477481053,4.11205345669492,test
BGR,2024Q3,2,2025Q1,2024Q2,2024Q2,2.6549777711174283,-0.070642389991582,3.9091840218504537,test
CYP,2024Q3,2,2025Q1,2024Q2,2024Q2,2.706415314920352,4.6516470245283825,2.4476858509670407,test
CZE,2024Q3,2,2025Q1,2024Q2,2024Q2,2.681388012618302,3.679435483870952,2.790079716563332,test
DEU,2024Q3,2,2025Q1,2024Q2,2024Q2,2.569536423841101,-3.504862236628836,2.5681341719077544,test
DNK,2024Q3,2,2025Q1,2024Q2,2024Q2,1.4525776132155777,3.786191536748351,1.6310461192350578,test
EST,2024Q3,2,2025Q1,2024Q2,2024Q2,3.0082849674361034,-8.853363310763108,4.385601082756652,test
FIN,2024Q3,2,2025Q1,2024Q2,2024Q2,0.5235895282094338,-10.4940140916157,1.6906123587669075,test
FRA,2024Q3,2,2025Q1,2024Q2,2024Q2,2.504699767776186,7.804238311336831,1.2124522119060677,test
GRC,2024Q3,2,2025Q1,2024Q2,2024Q2,2.6651382719587557,-5.845442536327605,3.0994686625149592,test
HRV,2024Q3,2,2025Q1,2024Q2,2024Q2,4.158860007916632,-1.557019419967498,4.688227684346669,test
HUN,2024Q3,2,2025Q1,2024Q2,2024Q2,3.712248758080272,-3.2145641307836814,5.403645833333348,test
IRL,2024Q3,2,2025Q1,2024Q2,2024Q2,1.699235344095151,-14.42986881937437,1.6356457980823302,test
ITA,2024Q3,2,2025Q1,2024Q2,2024Q2,0.8771929824561653,-21.679389312977097,1.8477661334804107,test
LTU,2024Q3,2,2025Q1,2024Q2,2024Q2,0.769761285011894,-21.05319739836231,3.408964643658763,test
LUX,2024Q3,2,2025Q1,2024Q2,2024Q2,3.0007131493773542,-0.1407744983417336,1.9342672413793285,test
LVA,2024Q3,2,2025Q1,2024Q2,2024Q2,0.8670586878819497,-17.10553777654099,3.416718927833129,test
MLT,2024Q3,2,2025Q1,2024Q2,2024Q2,2.293402016659307,0.0,1.9996620289528533,test
NLD,2024Q3,2,2025Q1,2024Q2,2024Q2,2.8697054844416536,-3.4599391178050665,3.2880813503329387,test
AUT,2024Q4,2,2025Q2,2024Q3,2024Q3,2.3795572087335515,-7.687208817847813,3.153063755891816,test
BEL,2024Q4,2,2025Q2,2024Q3,2024Q3,4.6880787343245744,27.509470884869145,2.929359711132573,test
BGR,2024Q4,2,2025Q2,2024Q3,2024Q3,2.2302725614865127,-0.8483180290142833,2.926936084280185,test
CYP,2024Q4,2,2025Q2,2024Q3,2024Q3,2.087075528184079,-2.2074714418030217,0.7597962493953281,test
CZE,2024Q4,2,2025Q2,2024Q3,2024Q3,2.553763440860224,3.3316421444275157,2.260258942286586,test
DEU,2024Q4,2,2025Q2,2024Q3,2024Q3,2.1505376344086224,-3.468679861252799,2.091942148760318,test
DNK,2024Q4,2,2025Q2,2024Q3,2024Q3,1.183098591549303,4.797149122807021,1.6002245929253256,test
EST,2024Q4,2,2025Q2,2024Q3,2024Q3,3.355556536712423,-3.104218866391273,4.752688172043018,test
FIN,2024Q4,2,2025Q2,2024Q3,2024Q3,0.8513627423433423,-7.297760964236999,1.9274692217703835,test
FRA,2024Q4,2,2025Q2,2024Q3,2024Q3,2.10832624152415,9.11681499989676,0.7929230271319865,test
GRC,2024Q4,2,2025Q2,2024Q3,2024Q3,3.097231349467111,6.959533931664308,3.168178646196784,test
HRV,2024Q4,2,2025Q2,2024Q3,2024Q3,3.1221847571490935,-3.328439952571871,4.215753337893635,test
HUN,2024Q4,2,2025Q2,2024Q3,2024Q3,3.4980863410016827,-4.611419416258389,4.429123995430562,test
IRL,2024Q4,2,2025Q2,2024Q3,2024Q3,0.8681041725006722,-16.40625,1.670843776106934,test
ITA,2024Q4,2,2025Q2,2024Q3,2024Q3,1.187517260425297,-7.129385137683908,1.8478260869565055,test
LTU,2024Q4,2,2025Q2,2024Q3,2024Q3,0.7556001337345242,-12.190630816140647,3.2718843139419196,test
LUX,2024Q4,2,2025Q2,2024Q3,2024Q3,1.7270315629906552,-5.684298518552922,2.093097571367708,test
LVA,2024Q4,2,2025Q2,2024Q3,2024Q3,1.0724108442924374,-16.788476171937226,3.877369058777802,test
MLT,2024Q4,2,2025Q2,2024Q3,2024Q3,2.273582370330529,0.0,2.6116304609862917,test
NLD,2024Q4,2,2025Q2,2024Q3,2024Q3,3.350860913496212,-0.0402935063833265,3.2170768102379954,test
AUT,2025Q1,2,2025Q3,2024Q4,2024Q4,1.95334104278746,-12.063593362865088,3.911907428144823,test
BEL,2025Q1,2,2025Q3,2024Q4,2024Q4,4.573369920292691,23.92629374249873,2.6333080616628424,test
BGR,2025Q1,2,2025Q3,2024Q4,2024Q4,2.035005032280224,-1.430078800260426,3.652098449967456,test
CYP,2025Q1,2,2025Q3,2024Q4,2024Q4,2.2858295860717304,-4.457000574602565,0.0391006842619834,test
CZE,2025Q1,2,2025Q3,2024Q4,2024Q4,3.13274735181428,5.280470914127422,2.2935779816513735,test
DEU,2025Q1,2,2025Q3,2024Q4,2024Q4,2.525651144435681,-1.529436413157348,2.1052631578947434,test
DNK,2025Q1,2,2025Q3,2024Q4,2024Q4,1.6728097533314612,7.979851537645843,2.087973273942101,test
EST,2025Q1,2,2025Q3,2024Q4,2024Q4,4.107403961185674,-3.870854583232153,5.6837113930539696,test
FIN,2025Q1,2,2025Q3,2024Q4,2024Q4,1.5904237383387532,-0.6383223873718258,2.1452650934722817,test
FRA,2025Q1,2,2025Q3,2024Q4,2024Q4,1.6738927610998378,5.999681819989644,0.9463637585697128,test
GRC,2025Q1,2,2025Q3,2024Q4,2024Q4,2.994318181818167,2.3039265166044043,2.860072610370512,test
HRV,2025Q1,2,2025Q3,2024Q4,2024Q4,4.017776399762285,1.3930179223647254,4.602635782747622,test
HUN,2025Q1,2,2025Q3,2024Q4,2024Q4,4.0228938483076515,-2.7121507167491843,4.222831921746395,test
IRL,2025Q1,2,2025Q3,2024Q4,2024Q4,0.5325112107623209,-10.7528786536758,2.054414214325395,test
ITA,2025Q1,2,2025Q3,2024Q4,2024Q4,1.286261631089225,-4.511422537915156,1.719432314410474,test
LTU,2025Q1,2,2025Q3,2024Q4,2024Q4,1.0290718349928785,-7.532384455461361,3.5903902309530222,test
LUX,2025Q1,2,2025Q3,2024Q4,2024Q4,1.182728917452036,-12.819854913577956,2.812666311868006,test
LVA,2025Q1,2,2025Q3,2024Q4,2024Q4,2.5800566068629793,-6.658784866944522,4.095492899773623,test
MLT,2025Q1,2,2025Q3,2024Q4,2024Q4,2.118525951942929,0.0,2.522598276224497,test
NLD,2025Q1,2,2025Q3,2024Q4,2024Q4,3.682447347235618,1.3634355208618445,2.641161213088594,test
AUT,2025Q2,2,2025Q4,2025Q1,2025Q1,3.310165508275409,10.657578957473367,3.937862162495387,test
BEL,2025Q2,2,2025Q4,2025Q1,2025Q1,4.11205345669492,22.184264576434607,2.439085342996372,test
BGR,2025Q2,2,2025Q4,2025Q1,2025Q1,3.9091840218504537,4.1317109376757255,3.6640523504787743,test
CYP,2025Q2,2,2025Q4,2025Q1,2025Q1,2.4476858509670407,1.900125305560696,0.1465407918838757,test
CZE,2025Q2,2,2025Q4,2025Q1,2025Q1,2.790079716563332,-3.3413654618473787,1.966783216783208,test
DEU,2025Q2,2,2025Q4,2025Q1,2025Q1,2.5681341719077544,-1.8338954468802515,2.283808057480119,test
DNK,2025Q2,2,2025Q4,2025Q1,2025Q1,1.6310461192350578,1.4413518886680077,2.0078081427774563,test
EST,2025Q2,2,2025Q4,2025Q1,2025Q1,4.385601082756652,1.324630711095831,4.443309499489279,test
FIN,2025Q2,2,2025Q4,2025Q1,2025Q1,1.6906123587669075,-7.032806908522082,1.5268020136084637,test
FRA,2025Q2,2,2025Q4,2025Q1,2025Q1,1.2124522119060677,-1.933182463273342,0.7610925186225082,test
GRC,2025Q2,2,2025Q4,2025Q1,2025Q1,3.0994686625149592,5.211625934777575,2.435593313841266,test
HRV,2025Q2,2,2025Q4,2025Q1,2025Q1,4.688227684346669,6.026461801109684,4.026528888668102,test
HUN,2025Q2,2,2025Q4,2025Q1,2025Q1,5.403645833333348,-0.935230094451278,3.734710841942768,test
IRL,2025Q2,2,2025Q4,2025Q1,2025Q1,1.6356457980823302,-4.853273137697533,2.899358795650997,test
ITA,2025Q2,2,2025Q4,2025Q1,2025Q1,1.8477661334804107,3.4652490647765433,1.2158875979465078,test
LTU,2025Q2,2,2025Q4,2025Q1,2025Q1,3.408964643658763,1.310079256738872,3.5023649763502585,test
LUX,2025Q2,2,2025Q4,2025Q1,2025Q1,1.9342672413793285,12.992704132770804,3.2905446878919387,test
LVA,2025Q2,2,2025Q4,2025Q1,2025Q1,3.416718927833129,-2.4788732394366297,3.840014593879704,test
MLT,2025Q2,2,2025Q4,2025Q1,2025Q1,1.9996620289528533,0.0,2.470382704591345,test
NLD,2025Q2,2,2025Q4,2025Q1,2025Q1,3.2880813503329387,-3.003815605045934,2.8052598622416935,test
AUT,2011Q2,4,2012Q2,2011Q1,2011Q1,3.0086120120791593,4.980447133475985,2.258397748726515,train
BEL,2011Q2,4,2012Q2,2011Q1,2011Q1,3.4382691106784824,17.164289409504097,2.564999825034131,train
BGR,2011Q2,4,2012Q2,2011Q1,2011Q1,4.500594946454828,3.3988115514174133,1.836026171718519,train
CYP,2011Q2,4,2012Q2,2011Q1,2011Q1,3.1393978356369923,13.995659175243324,3.395820011442807,train
CZE,2011Q2,4,2012Q2,2011Q1,2011Q1,1.9175108538350472,5.379984951091044,3.7729196050775298,train
DEU,2011Q2,4,2012Q2,2011Q1,2011Q1,2.208544532947143,9.115488605639266,2.0738137082601193,train
DNK,2011Q2,4,2012Q2,2011Q1,2011Q1,2.5723472668810254,8.055853920515577,2.132782937736466,train
EST,2011Q2,4,2012Q2,2011Q1,2011Q1,5.242793577094207,5.404502359771124,4.2658479320931475,train
FIN,2011Q2,4,2012Q2,2011Q1,2011Q1,3.358857692449968,25.101280844620845,3.0035147513047145,train
FRA,2011Q2,4,2012Q2,2011Q1,2011Q1,1.989285714285738,12.153202989738588,2.3153595902263735,train
GRC,2011Q2,4,2012Q2,2011Q1,2011Q1,4.453357305857164,23.5042065109474,1.137685843568215,train
HRV,2011Q2,4,2012Q2,2011Q1,2011Q1,2.162946833605517,1.7215719399863216,3.2365640467581835,train
HUN,2011Q2,4,2012Q2,2011Q1,2011Q1,4.256365631266323,7.885109599395301,5.530151471849054,train
IRL,2011Q2,4,2012Q2,2011Q1,2011Q1,0.8336227856895251,9.75710168793742,1.845522898154428,train
ITA,2011Q2,4,2012Q2,2011Q1,2011Q1,2.341748993779724,5.699685534591192,3.6224312086381216,train
LTU,2011Q2,4,2012Q2,2011Q1,2011Q1,3.2018629020521105,9.830472706809235,2.8282688924913257,train
LUX,2011Q2,4,2012Q2,2011Q1,2011Q1,3.788998964956391,12.0140350877193,2.7443411124758343,train
LVA,2011Q2,4,2012Q2,2011Q1,2011Q1,3.808349352580609,14.171351472903094,2.4041919243809717,train
MLT,2011Q2,4,2012Q2,2011Q1,2011Q1,2.9182806212628476,4.015575565831098,3.95872815329541,train
NLD,2011Q2,4,2012Q2,2011Q1,2011Q1,1.8982258888808,3.854405841833852,2.575394588500557,train
AUT,2011Q3,4,2012Q3,2011Q2,2011Q2,3.6937169874044384,5.0481291163060105,2.3963199372392108,train
BEL,2011Q3,4,2012Q3,2011Q2,2011Q2,3.113949628346679,17.392967690327964,2.3978468314167056,train
BGR,2011Q3,4,2012Q3,2011Q2,2011Q2,3.4249413064493694,2.981080877364861,2.9944312914735427,train
CYP,2011Q3,4,2012Q3,2011Q2,2011Q2,4.077200602472941,15.098116427118224,3.9520998710902866,train
CZE,2011Q3,4,2012Q3,2011Q2,2011Q2,1.8678160919540552,5.033557046979853,3.4458509142053506,train
DEU,2011Q3,4,2012Q3,2011Q2,2011Q2,2.5225225225224968,8.908263836239595,2.13510675533779,train
DNK,2011Q3,4,2012Q3,2011Q2,2011Q2,2.939093484419275,6.880894166957741,2.4449035812672326,train
EST,2011Q3,4,2012Q3,2011Q2,2011Q2,5.2821721934895205,3.72434965260946,4.132379248658302,train
FIN,2011Q3,4,2012Q3,2011Q2,2011Q2,3.4144729595770418,21.60106633213108,3.259827420901251,train
FRA,2011Q3,4,2012Q3,2011Q2,2011Q2,2.2181342201152976,10.441321499013778,2.2576177285318355,train
GRC,2011Q3,4,2012Q3,2011Q2,2011Q2,3.3020600313846016,20.18824433346138,0.7725799587520843,train
HRV,2011Q3,4,2012Q3,2011Q2,2011Q2,2.2652211372774067,1.7957620016760378,4.1124854635796515,train
HUN,2011Q3,4,2012Q3,2011Q2,2011Q2,3.9242621124930377,4.003350567574593,6.027987082884811,train
IRL,2011Q3,4,2012Q3,2011Q2,2011Q2,1.280719972308786,7.904191616766454,2.327969873331037,train
ITA,2011Q3,4,2012Q3,2011Q2,2011Q2,2.9770444763271176,6.991116261104646,3.476123595505598,train
LTU,2011Q3,4,2012Q3,2011Q2,2011Q2,4.713233169604147,9.536082474226816,3.2276975068106006,train
LUX,2011Q3,4,2012Q3,2011Q2,2011Q2,3.852321597784125,10.911783514523222,2.9080576700459604,train
LVA,2011Q3,4,2012Q3,2011Q2,2011Q2,4.584691428776111,10.152681180295463,1.897845226268391,train
MLT,2011Q3,4,2012Q3,2011Q2,2011Q2,2.669981623608253,4.221086503880378,3.4491125901275677,train
NLD,2011Q3,4,2012Q3,2011Q2,2011Q2,2.2331076213802037,5.695844185256482,2.567619851570458,train
AUT,2011Q4,4,2012Q4,2011Q3,2011Q3,3.8206656547332463,5.961754780652417,2.9149568416584115,train
BEL,2011Q4,4,2012Q4,2011Q3,2011Q3,3.558242235575171,19.594735019050937,2.3033493817325112,train
BGR,2011Q4,4,2012Q4,2011Q3,2011Q3,3.111676523174234,2.832902987827346,2.845285524568375,train
CYP,2011Q4,4,2012Q4,2011Q3,2011Q3,2.9259776536313176,16.985084100285587,1.8258754539699495,train
CZE,2011Q4,4,2012Q4,2011Q3,2011Q3,2.0452099031216253,5.704821494295165,2.9380902413431276,train
DEU,2011Q4,4,2012Q4,2011Q3,2011Q3,2.622126436781591,9.613928841786556,2.0216103171836863,train
DNK,2011Q4,4,2012Q4,2011Q3,2011Q3,2.5423728813559254,6.963788300835683,2.1276595744680993,train
EST,2011Q4,4,2012Q4,2011Q3,2011Q3,5.404080401252043,7.399610755848585,3.892034326816906,train
FIN,2011Q4,4,2012Q4,2011Q3,2011Q3,3.5292820116907597,19.621395384556298,3.3760186263096736,train
FRA,2011Q4,4,2012Q4,2011Q3,2011Q3,2.306139076835878,9.94263862332694,1.7382939984196932,train
GRC,2011Q4,4,2012Q4,2011Q3,2011Q3,2.1433825988095956,19.36297848028947,0.5524152106885838,train
HRV,2011Q4,4,2012Q4,2011Q3,2011Q3,2.038834951456314,3.0532525510204245,4.358659413932275,train
HUN,2011Q4,4,2012Q4,2011Q3,2011Q3,3.4444361962735037,5.14699493120927,5.459453699428107,train
IRL,2011Q4,4,2012Q4,2011Q3,2011Q3,1.1426592797783908,8.16733067729083,1.7729287419024686,train
ITA,2011Q4,4,2012Q4,2011Q3,2011Q3,2.6676279740447395,7.838660578386603,2.640603566529509,train
LTU,2011Q4,4,2012Q4,2011Q3,2011Q3,4.546110029562356,12.055322827315608,2.990147275910582,train
LUX,2011Q4,4,2012Q4,2011Q3,2011Q3,3.5714285714285365,10.189707299245798,2.790341660288065,train
LVA,2011Q4,4,2012Q4,2011Q3,2011Q3,4.4288627338747055,9.126251718044356,1.5694990596683225,train
MLT,2011Q4,4,2012Q4,2011Q3,2011Q3,2.577961099455961,2.241178340574334,3.1872651208962877,train
NLD,2011Q4,4,2012Q4,2011Q3,2011Q3,3.137923528984987,6.9007043024486014,3.271257905832714,train
AUT,2012Q1,4,2013Q1,2011Q4,2011Q4,3.6749064769309614,7.137458157866305,2.607378175539954,train
BEL,2012Q1,4,2013Q1,2011Q4,2011Q4,3.3025619006726847,17.7815013404826,1.4721056614156902,train
BGR,2012Q1,4,2013Q1,2011Q4,2011Q4,2.5361702127659536,2.6806229257084313,2.153047136940356,train
CYP,2012Q1,4,2013Q1,2011Q4,2011Q4,3.793747406280268,23.430622756360208,1.7139023981217472,train
CZE,2012Q1,4,2013Q1,2011Q4,2011Q4,2.8047464940668787,7.395143487858746,1.7412086036189711,train
DEU,2012Q1,4,2013Q1,2011Q4,2011Q4,2.574186628530573,10.306198655713183,1.8332756831546115,train
DNK,2012Q1,4,2013Q1,2011Q4,2011Q4,2.5695177754311738,7.041276448144318,0.9155645981688832,train
EST,2012Q1,4,2013Q1,2011Q4,2011Q4,4.405532009814839,9.095546399843046,3.838177919932528,train
FIN,2012Q1,4,2013Q1,2011Q4,2011Q4,2.9976019184652314,16.129032258064502,2.512073937667214,train
FRA,2012Q1,4,2013Q1,2011Q4,2011Q4,2.6482826715565455,8.667112141818322,1.2085623570380122,train
GRC,2012Q1,4,2013Q1,2011Q4,2011Q4,2.6235992089650884,21.07006250583077,-0.0195306142378171,train
HRV,2012Q1,4,2013Q1,2011Q4,2011Q4,2.3711155020657015,3.3063106024479705,4.160553343114648,train
HUN,2012Q1,4,2013Q1,2011Q4,2011Q4,4.066092485121797,6.188596617591968,2.6691858467880136,train
IRL,2012Q1,4,2013Q1,2011Q4,2011Q4,1.593349497748564,12.281383598911775,1.11826499491694,train
ITA,2012Q1,4,2013Q1,2011Q4,2011Q4,3.735325506937026,10.887708649468886,2.071823204419898,train
LTU,2012Q1,4,2013Q1,2011Q4,2011Q4,4.028427556158731,12.431814470031057,2.22176856860945,train
LUX,2012Q1,4,2013Q1,2011Q4,2011Q4,3.7168013856813342,8.862485391507601,2.2033430031772383,train
LVA,2012Q1,4,2013Q1,2011Q4,2011Q4,4.0636231007365575,11.448814459965394,0.3957649764908755,train
MLT,2012Q1,4,2013Q1,2011Q4,2011Q4,1.900289017341028,1.2665545511877152,1.8685912322698115,train
NLD,2012Q1,4,2013Q1,2011Q4,2011Q4,2.628826944574647,7.045694905364508,3.2139002054389243,train
AUT,2012Q2,4,2013Q2,2012Q1,2012Q1,2.7180600796236076,5.225611470340175,2.250322221061052,train
BEL,2012Q2,4,2013Q2,2012Q1,2012Q1,3.2494051635356236,13.747752862144004,1.354486523370846,train
BGR,2012Q2,4,2013Q2,2012Q1,2012Q1,1.8821165438713816,3.8178557048208495,1.065364190650997,train
CYP,2012Q2,4,2013Q2,2012Q1,2012Q1,3.24468453494009,28.064734062154507,0.348284616886918,train
CZE,2012Q2,4,2013Q2,2012Q1,2012Q1,3.9758608448704047,10.35344519814354,1.4950730547060864,train
DEU,2012Q2,4,2013Q2,2012Q1,2012Q1,2.408784980517198,6.9734513274335885,1.5495867768595015,train
DNK,2012Q2,4,2013Q2,2012Q1,2012Q1,2.7168234064785635,3.479125248508952,0.6062647356012363,train
EST,2012Q2,4,2013Q2,2012Q1,2012Q1,4.599264705882322,14.25684510837264,3.699854500103972,train
FIN,2012Q2,4,2013Q2,2012Q1,2012Q1,3.0063347768512605,3.2023813417945357,2.4023713507738353,train
FRA,2012Q2,4,2013Q2,2012Q1,2012Q1,2.570298000490246,6.91291087766861,0.9065385786287016,train
GRC,2012Q2,4,2013Q2,2012Q1,2012Q1,1.6914928831512688,20.025386079966133,-0.3770931867570049,train
HRV,2012Q2,4,2013Q2,2012Q1,2012Q1,1.687329046925523,4.563248843370626,2.3598218232514068,train
HUN,2012Q2,4,2013Q2,2012Q1,2012Q1,5.639425170561796,7.255555866939467,1.8517264725795848,train
IRL,2012Q2,4,2013Q2,2012Q1,2012Q1,1.6534619359283464,10.277569392348074,0.5369127516778871,train
ITA,2012Q2,4,2013Q2,2012Q1,2012Q1,3.5395066142295706,13.387876534027509,1.210084033613423,train
LTU,2012Q2,4,2013Q2,2012Q1,2012Q1,3.620786912988261,11.563710891215951,1.398718679770572,train
LUX,2012Q2,4,2013Q2,2012Q1,2012Q1,3.130676354311346,8.488911164014512,1.7009939542985908,train
LVA,2012Q2,4,2013Q2,2012Q1,2012Q1,3.2912896125222524,14.677381233750886,-0.1103642018661532,train
MLT,2012Q2,4,2013Q2,2012Q1,2012Q1,2.272810318997331,0.7097176727499654,0.7798258051448403,train
NLD,2012Q2,4,2013Q2,2012Q1,2012Q1,2.8838575625134144,8.654996194411236,3.0018890606216653,train
AUT,2012Q3,4,2013Q3,2012Q2,2012Q2,2.258397748726515,2.9487753625684787,1.9780602472575517,train
BEL,2012Q3,4,2013Q3,2012Q2,2012Q2,2.564999825034131,6.055578598092093,1.245946407236742,train
BGR,2012Q3,4,2013Q3,2012Q2,2012Q2,1.836026171718519,5.5187557182067914,-0.6669472593647807,train
CYP,2012Q3,4,2013Q3,2012Q2,2012Q2,3.395820011442807,26.93941553813255,0.3459191332441769,train
CZE,2012Q3,4,2013Q3,2012Q2,2012Q2,3.7729196050775298,9.79765708200211,1.2236573759347502,train
DEU,2012Q3,4,2013Q3,2012Q2,2012Q2,2.0738137082601193,5.4646710755307915,1.6792323509253082,train
DNK,2012Q3,4,2013Q3,2012Q2,2012Q2,2.132782937736466,1.0784313725490158,0.201680672268889,train
EST,2012Q3,4,2013Q3,2012Q2,2012Q2,4.2658479320931475,12.800841187008348,3.367119051709344,train
FIN,2012Q3,4,2013Q3,2012Q2,2012Q2,3.0035147513047145,-1.0058675607711454,2.142439561195353,train
FRA,2012Q3,4,2013Q3,2012Q2,2012Q2,2.3153595902263735,4.53175577631435,1.0632534200189614,train
GRC,2012Q3,4,2013Q3,2012Q2,2012Q2,1.137685843568215,14.64759469394279,-0.8153851151609715,train
HRV,2012Q3,4,2013Q3,2012Q2,2012Q2,3.2365640467581835,15.99435493355288,2.223801787164903,train
HUN,2012Q3,4,2013Q3,2012Q2,2012Q2,5.530151471849054,6.851445552253743,1.6311336717428349,train
IRL,2012Q3,4,2013Q3,2012Q2,2012Q2,1.845522898154428,10.17388087310398,0.301104048176648,train
ITA,2012Q3,4,2013Q3,2012Q2,2012Q2,3.6224312086381216,13.429602888086656,1.0858500169664165,train
LTU,2012Q3,4,2013Q3,2012Q2,2012Q2,2.8282688924913257,9.521568627450993,0.5511942542174353,train
LUX,2012Q3,4,2013Q3,2012Q2,2012Q2,2.7443411124758343,6.84611416259524,1.6737114807744424,train
LVA,2012Q3,4,2013Q3,2012Q2,2012Q2,2.4041919243809717,8.861989090637401,0.0134476382585235,train
MLT,2012Q3,4,2013Q3,2012Q2,2012Q2,3.95872815329541,1.4685278397592372,0.7137352142881248,train
NLD,2012Q3,4,2013Q3,2012Q2,2012Q2,2.575394588500557,7.553031926290976,2.7536778574123177,train
AUT,2012Q4,4,2013Q4,2012Q3,2012Q3,2.3963199372392108,3.934662009451406,1.6465007562216138,train
BEL,2012Q4,4,2013Q4,2012Q3,2012Q3,2.3978468314167056,3.087438815999066,0.9242957746479208,train
BGR,2012Q4,4,2013Q4,2012Q3,2012Q3,2.9944312914735427,13.361790659301231,-0.9716886722407004,train
CYP,2012Q4,4,2013Q4,2012Q3,2012Q3,3.9520998710902866,19.26645325809777,-0.8474853571545538,train
CZE,2012Q4,4,2013Q4,2012Q3,2012Q3,3.4458509142053506,7.694986072423382,1.1213047910295648,train
DEU,2012Q4,4,2013Q4,2012Q3,2012Q3,2.13510675533779,5.870165745856326,1.3665869490946392,train
DNK,2012Q4,4,2013Q4,2012Q3,2012Q3,2.4449035812672326,1.432291666666674,0.3696236559139754,train
EST,2012Q4,4,2013Q4,2012Q3,2012Q3,4.132379248658302,10.517751479289972,2.101041952289595,train
FIN,2012Q4,4,2013Q4,2012Q3,2012Q3,3.259827420901251,-0.9790389368599884,1.812039312039304,train
FRA,2012Q4,4,2013Q4,2012Q3,2012Q3,2.2576177285318355,5.439407955596676,0.7833867972311559,train
GRC,2012Q4,4,2013Q4,2012Q3,2012Q3,0.7725799587520843,15.252682382035031,-2.187939184872856,train
HRV,2012Q4,4,2013Q4,2012Q3,2012Q3,4.1124854635796515,18.96418349191613,0.6288462185156884,train
HUN,2012Q4,4,2013Q4,2012Q3,2012Q3,6.027987082884811,5.465263621839034,0.6938363085214005,train
IRL,2012Q4,4,2013Q4,2012Q3,2012Q3,2.327969873331037,10.718232044198906,0.1675041876047167,train
ITA,2012Q4,4,2013Q4,2012Q3,2012Q3,3.476123595505598,12.70289343683839,0.6348145673237493,train
LTU,2012Q4,4,2013Q4,2012Q3,2012Q3,3.2276975068106006,6.129836221220053,0.5066666666666553,train
LUX,2012Q4,4,2013Q4,2012Q3,2012Q3,2.9080576700459604,6.253392027980453,1.2286758732737546,train
LVA,2012Q4,4,2013Q4,2012Q3,2012Q3,1.897845226268391,7.44899060779447,-0.2524912469700879,train
MLT,2012Q4,4,2013Q4,2012Q3,2012Q3,3.4491125901275677,0.8420998082603326,0.5978354234667194,train
NLD,2012Q4,4,2013Q4,2012Q3,2012Q3,2.567619851570458,4.123711340206171,1.2997176006260602,train
AUT,2013Q1,4,2014Q1,2012Q4,2012Q4,2.9149568416584115,2.593563125713927,1.483465540331741,train
BEL,2013Q1,4,2014Q1,2012Q4,2012Q4,2.3033493817325112,1.2661469299493744,0.9185817910650096,train
BGR,2013Q1,4,2014Q1,2012Q4,2012Q4,2.845285524568375,12.811678624707,-1.8116291791357095,train
CYP,2013Q1,4,2014Q1,2012Q4,2012Q4,1.8258754539699495,11.623378265597715,-1.2365626854843992,train
CZE,2013Q1,4,2014Q1,2012Q4,2012Q4,2.9380902413431276,6.132237067488888,0.3020134228188142,train
DEU,2013Q1,4,2014Q1,2012Q4,2012Q4,2.0216103171836863,4.5362220717671375,0.9510869565217516,train
DNK,2013Q1,4,2014Q1,2012Q4,2012Q4,2.1276595744680993,0.6480881399870464,0.4368279569892275,train
EST,2013Q1,4,2014Q1,2012Q4,2012Q4,3.892034326816906,8.355213466172717,1.1305554615306468,train
FIN,2013Q1,4,2014Q1,2012Q4,2012Q4,3.3760186263096736,-0.963261648745506,1.5794468546637574,train
FRA,2013Q1,4,2014Q1,2012Q4,2012Q4,1.7382939984196932,5.158069883527472,0.8601787822567264,train
GRC,2013Q1,4,2014Q1,2012Q4,2012Q4,0.5524152106885838,28.80369870930459,-1.2534592218785612,train
HRV,2013Q1,4,2014Q1,2012Q4,2012Q4,4.358659413932275,19.53377442683488,0.0603682463024446,train
HUN,2013Q1,4,2014Q1,2012Q4,2012Q4,5.459453699428107,4.620560544808305,0.4349717268377961,train
IRL,2013Q1,4,2014Q1,2012Q4,2012Q4,1.7729287419024686,8.065074420214602,0.2010723860590202,train
ITA,2013Q1,4,2014Q1,2012Q4,2012Q4,2.640603566529509,10.742387957577826,0.4397834912042819,train
LTU,2013Q1,4,2014Q1,2012Q4,2012Q4,2.990147275910582,1.5252316899567075,0.3128744508054781,train
LUX,2013Q1,4,2014Q1,2012Q4,2012Q4,2.790341660288065,5.755352776286737,0.996823680475778,train
LVA,2013Q1,4,2014Q1,2012Q4,2012Q4,1.5694990596683225,7.653964240563416,0.4447439353099547,train
MLT,2013Q1,4,2014Q1,2012Q4,2012Q4,3.1872651208962877,1.668483055685277,1.3152356902356832,train
NLD,2013Q1,4,2014Q1,2012Q4,2012Q4,3.271257905832714,5.515620209177952,0.4351933067944014,train
AUT,2013Q2,4,2014Q2,2013Q1,2013Q1,2.607378175539954,3.3196406505694,1.597792389193642,train
BEL,2013Q2,4,2014Q2,2013Q1,2013Q1,1.4721056614156902,-3.18028059668386,0.6732419968357606,train
BGR,2013Q2,4,2014Q2,2013Q1,2013Q1,2.153047136940356,9.036739299062102,-1.628231325613816,train
CYP,2013Q2,4,2014Q2,2013Q1,2013Q1,1.7139023981217472,4.589597870656781,-0.1492101592656336,train
CZE,2013Q2,4,2014Q2,2013Q1,2013Q1,1.7412086036189711,3.1057910061468297,0.2008704385671356,train
DEU,2013Q2,4,2014Q2,2013Q1,2013Q1,1.8332756831546115,6.022501654533441,0.9155645981688832,train
DNK,2013Q2,4,2014Q2,2013Q1,2013Q1,0.9155645981688832,1.6330451488953068,0.4017408771342268,train
EST,2013Q2,4,2014Q2,2013Q1,2013Q1,3.838177919932528,12.935668458470603,0.5979822275673063,train
FIN,2013Q2,4,2014Q2,2013Q1,2013Q1,2.512073937667214,0.0729001584785837,1.0939077751598525,train
FRA,2013Q2,4,2014Q2,2013Q1,2013Q1,1.2085623570380122,4.5958795562599075,0.7508967181790727,train
GRC,2013Q2,4,2014Q2,2013Q1,2013Q1,-0.0195306142378171,21.161167512690348,-1.7290049400141116,train
HRV,2013Q2,4,2014Q2,2013Q1,2013Q1,4.160553343114648,17.513141474114136,0.249144603527851,train
HUN,2013Q2,4,2014Q2,2013Q1,2013Q1,2.6691858467880136,-7.924853678929777,-0.0897397547113376,train
IRL,2013Q2,4,2014Q2,2013Q1,2013Q1,1.11826499491694,6.190476190476191,0.4005340453938633,train
ITA,2013Q2,4,2014Q2,2013Q1,2013Q1,2.071823204419898,6.854706461134796,0.3985386914646449,train
LTU,2013Q2,4,2014Q2,2013Q1,2013Q1,2.22176856860945,1.891612606923476,0.2282500826993105,train
LUX,2013Q2,4,2014Q2,2013Q1,2013Q1,2.2033430031772383,1.842120459663921,1.1620486985726597,train
LVA,2013Q2,4,2014Q2,2013Q1,2013Q1,0.3957649764908755,0.4774663369057297,0.7867952323556748,train
MLT,2013Q2,4,2014Q2,2013Q1,2013Q1,1.8685912322698115,0.4052763365084422,0.5292600408669079,train
NLD,2013Q2,4,2014Q2,2013Q1,2013Q1,3.2139002054389243,4.960138763801347,0.3501283804061339,train
AUT,2013Q3,4,2014Q3,2013Q2,2013Q2,2.250322221061052,2.686966705705207,1.509408189051653,train
BEL,2013Q3,4,2014Q3,2013Q2,2013Q2,1.354486523370846,-5.327113246550108,0.3776129467295996,train
BGR,2013Q3,4,2014Q3,2013Q2,2013Q2,1.065364190650997,2.184996358339397,-1.1798833154069377,train
CYP,2013Q3,4,2014Q3,2013Q2,2013Q2,0.348284616886918,-7.252268439493303,0.5626199225990947,train
CZE,2013Q3,4,2014Q3,2013Q2,2013Q2,1.4950730547060864,1.810539928871635,0.6715916722632498,train
DEU,2013Q3,4,2014Q3,2013Q2,2013Q2,1.5495867768595015,5.181518151815179,0.7751937984496138,train
DNK,2013Q3,4,2014Q3,2013Q2,2013Q2,0.6062647356012363,1.713546718396386,0.3690036900368731,train
EST,2013Q3,4,2014Q3,2013Q2,2013Q2,3.699854500103972,12.8361815984809,0.0033239155725173,train
FIN,2013Q3,4,2014Q3,2013Q2,2013Q2,2.4023713507738353,0.5699211880414445,1.2322402531816268,train
FRA,2013Q3,4,2014Q3,2013Q2,2013Q2,0.9065385786287016,3.97935575725219,0.4925283120016166,train
GRC,2013Q3,4,2014Q3,2013Q2,2013Q2,-0.3770931867570049,18.324388373876065,-0.7303812393554043,train
HRV,2013Q3,4,2014Q3,2013Q2,2013Q2,2.3598218232514068,4.376626449018217,0.3410483096586203,train
HUN,2013Q3,4,2014Q3,2013Q2,2013Q2,1.8517264725795848,-8.514841191453959,0.073255194459243,train
IRL,2013Q3,4,2014Q3,2013Q2,2013Q2,0.5369127516778871,3.7273337810610703,0.5003335557038024,train
ITA,2013Q3,4,2014Q3,2013Q2,2013Q2,1.210084033613423,1.3049013367282036,-0.0671366230278747,train
LTU,2013Q3,4,2014Q3,2013Q2,2013Q2,1.398718679770572,0.4296763105127388,0.2491694352159568,train
LUX,2013Q3,4,2014Q3,2013Q2,2013Q2,1.7009939542985908,-1.8972421823965413,0.7442920843531375,train
LVA,2013Q3,4,2014Q3,2013Q2,2013Q2,-0.1103642018661532,-0.514791680966431,0.8773404148038733,train
MLT,2013Q3,4,2014Q3,2013Q2,2013Q2,0.7798258051448403,-1.1634448194742908,0.6820601543784832,train
NLD,2013Q3,4,2014Q3,2013Q2,2013Q2,3.0018890606216653,4.004382906664006,0.2936857562408024,train
AUT,2013Q4,4,2014Q4,2013Q3,2013Q3,1.9780602472575517,1.5419590787782989,1.2546075546988833,train
BEL,2013Q4,4,2014Q4,2013Q3,2013Q3,1.245946407236742,-4.874553985334185,-0.0033546915361282,train
BGR,2013Q4,4,2014Q4,2013Q3,2013Q3,-0.6669472593647807,-8.92320349333925,-1.7798930760203224,train
CYP,2013Q4,4,2014Q4,2013Q3,2013Q3,0.3459191332441769,-9.853516513511074,-0.2310078542670512,train
CZE,2013Q4,4,2014Q4,2013Q3,2013Q3,1.2236573759347502,0.258648561267405,0.4704301075268979,train
DEU,2013Q4,4,2014Q4,2013Q3,2013Q3,1.6792323509253082,4.533594259621632,0.4381530165149749,train
DNK,2013Q4,4,2014Q4,2013Q3,2013Q3,0.201680672268889,0.2246469833119269,0.2008704385671356,train
EST,2013Q4,4,2014Q4,2013Q3,2013Q3,3.367119051709344,9.854771784232351,0.1812749672697844,train
FIN,2013Q4,4,2014Q4,2013Q3,2013Q3,2.142439561195353,1.2934387966804906,0.9351432880844612,train
FRA,2013Q4,4,2014Q4,2013Q3,2013Q3,1.0632534200189614,3.670819442007378,0.3417428887325435,train
GRC,2013Q4,4,2014Q4,2013Q3,2013Q3,-0.8153851151609715,19.633154525004315,-1.854815008327082,train
HRV,2013Q4,4,2014Q4,2013Q3,2013Q3,2.223801787164903,0.7803101732938966,0.2272423472797768,train
HUN,2013Q4,4,2014Q4,2013Q3,2013Q3,1.6311336717428349,-8.543592958261526,-0.3512175541878326,train
IRL,2013Q4,4,2014Q4,2013Q3,2013Q3,0.301104048176648,3.592814371257469,0.1003344481605328,train
ITA,2013Q4,4,2014Q4,2013Q3,2013Q3,1.0858500169664165,-0.1878522229179391,0.1660026560424965,train
LTU,2013Q4,4,2014Q4,2013Q3,2013Q3,0.5511942542174353,-3.293262510483619,0.179092597505992,train
LUX,2013Q4,4,2014Q4,2013Q3,2013Q3,1.6737114807744424,-2.0459704880817164,-0.1170294579864172,train
LVA,2013Q4,4,2014Q4,2013Q3,2013Q3,0.0134476382585235,-3.6940286010918033,0.651388842012901,train
MLT,2013Q4,4,2014Q4,2013Q3,2013Q3,0.7137352142881248,-0.8941648038233274,0.5806209228457648,train
NLD,2013Q4,4,2014Q4,2013Q3,2013Q3,2.7536778574123177,1.6916923480427617,0.1948073758103019,train
AUT,2014Q1,4,2015Q1,2013Q4,2013Q4,1.6465007562216138,0.3340100857947448,0.6259939769228229,train
BEL,2014Q1,4,2015Q1,2013Q4,2013Q4,0.9242957746479208,-5.189514203028867,-0.386256003761809,train
BGR,2014Q1,4,2015Q1,2013Q4,2013Q4,-0.9716886722407004,-10.487705047070294,-1.7336304647047165,train
CYP,2014Q1,4,2015Q1,2013Q4,2013Q4,-0.8474853571545538,-13.165824591612472,-0.9548929918867466,train
CZE,2014Q1,4,2015Q1,2013Q4,2013Q4,1.1213047910295648,0.0645577792123708,0.0,train
DEU,2014Q1,4,2015Q1,2013Q4,2013Q4,1.3665869490946392,3.3678756476684057,-0.1345895020188336,train
DNK,2014Q1,4,2015Q1,2013Q4,2013Q4,0.3696236559139754,1.4810045074050038,-0.0334560053529608,train
EST,2014Q1,4,2015Q1,2013Q4,2013Q4,2.101041952289595,7.080262895837475,-0.2476821635371884,train
FIN,2014Q1,4,2015Q1,2013Q4,2013Q4,1.812039312039304,0.4523863379325643,-0.0600600600600631,train
FRA,2014Q1,4,2015Q1,2013Q4,2013Q4,0.7833867972311559,3.267749036873968,-0.2374581939799447,train
GRC,2014Q1,4,2015Q1,2013Q4,2013Q4,-2.187939184872856,3.834764141066649,-2.1760633036597365,train
HRV,2014Q1,4,2015Q1,2013Q4,2013Q4,0.6288462185156884,-1.3709210272253358,-0.3284732696497539,train
HUN,2014Q1,4,2015Q1,2013Q4,2013Q4,0.6938363085214005,-14.896265560165956,-0.949461971549459,train
IRL,2014Q1,4,2015Q1,2013Q4,2013Q4,0.1675041876047167,0.6406149903907643,-0.3344481605351501,train
ITA,2014Q1,4,2015Q1,2013Q4,2013Q4,0.6348145673237493,-2.471424158171165,-0.1347254968002587,train
LTU,2014Q1,4,2015Q1,2013Q4,2013Q4,0.5066666666666553,-1.4336404738739872,-1.317273873515168,train
LUX,2014Q1,4,2015Q1,2013Q4,2013Q4,1.2286758732737546,-5.041732461087312,-0.4717454581953162,train
LVA,2014Q1,4,2015Q1,2013Q4,2013Q4,-0.2524912469700879,-3.1472285599248084,0.0704414329800062,train
MLT,2014Q1,4,2015Q1,2013Q4,2013Q4,0.5978354234667194,-0.9137081748806786,0.6265794301934857,train
NLD,2014Q1,4,2015Q1,2013Q4,2013Q4,1.2997176006260602,-0.080718067932306,-0.4668973161801815,train
AUT,2014Q2,4,2015Q2,2014Q1,2014Q1,1.483465540331741,-0.3878850567281655,0.9757896854670988,train
BEL,2014Q2,4,2015Q2,2014Q1,2014Q1,0.9185817910650096,-2.89240814456313,0.6921456515197155,train
BGR,2014Q2,4,2015Q2,2014Q1,2014Q1,-1.8116291791357095,-9.985448666127706,-0.5868970292459696,train
CYP,2014Q2,4,2015Q2,2014Q1,2014Q1,-1.2365626854843992,-15.211958639979816,-1.848422830783236,train
CZE,2014Q2,4,2015Q2,2014Q1,2014Q1,0.3020134228188142,-7.216818324443041,0.7016371533578036,train
DEU,2014Q2,4,2015Q2,2014Q1,2014Q1,0.9510869565217516,-0.4681647940074862,1.2432795698924748,train
DNK,2014Q2,4,2015Q2,2014Q1,2014Q1,0.4368279569892275,0.8191556395715338,0.400133377792633,train
EST,2014Q2,4,2015Q2,2014Q1,2014Q1,1.1305554615306468,-3.6941501612160255,0.4084614618271143,train
FIN,2014Q2,4,2015Q2,2014Q1,2014Q1,1.5794468546637574,-0.3103917904538567,0.033294489761948,train
FRA,2014Q2,4,2015Q2,2014Q1,2014Q1,0.8601787822567264,2.696969696969709,0.266178672433881,train
GRC,2014Q2,4,2015Q2,2014Q1,2014Q1,-1.2534592218785612,0.8088213901254138,-1.4427941896523857,train
HRV,2014Q2,4,2015Q2,2014Q1,2014Q1,0.0603682463024446,-0.1319431035592622,-0.0066273444230824,train
HUN,2014Q2,4,2015Q2,2014Q1,2014Q1,0.4349717268377961,-10.048525781094808,0.4324683965402531,train
IRL,2014Q2,4,2015Q2,2014Q1,2014Q1,0.2010723860590202,1.0890454836643304,0.09973404255319,train
ITA,2014Q2,4,2015Q2,2014Q1,2014Q1,0.4397834912042819,-3.069367710251658,0.0992391663910075,train
LTU,2014Q2,4,2015Q2,2014Q1,2014Q1,0.3128744508054781,-2.2452601628306534,-0.3003399452127464,train
LUX,2014Q2,4,2015Q2,2014Q1,2014Q1,0.996823680475778,-5.4519165343615335,0.2855150891404312,train
LVA,2014Q2,4,2015Q2,2014Q1,2014Q1,0.4447439353099547,-2.040955864756744,0.8072285154303582,train
MLT,2014Q2,4,2015Q2,2014Q1,2014Q1,1.3152356902356832,0.2519539284244976,1.2695345040152128,train
NLD,2014Q2,4,2015Q2,2014Q1,2014Q1,0.4351933067944014,-1.233076971969771,0.3788130524357003,train
AUT,2014Q3,4,2015Q3,2014Q2,2014Q2,1.597792389193642,0.2737226277372384,0.8814129520605674,train
BEL,2014Q3,4,2015Q3,2014Q2,2014Q2,0.6732419968357606,-8.164409430232189,0.8363563079403447,train
BGR,2014Q3,4,2015Q3,2014Q2,2014Q2,-1.628231325613816,-5.695278824288074,-0.9301098321184752,train
CYP,2014Q3,4,2015Q3,2014Q2,2014Q2,-0.1492101592656336,-10.456471727812088,-2.0761917081689396,train
CZE,2014Q3,4,2015Q3,2014Q2,2014Q2,0.2008704385671356,-6.224198158145411,0.3335557038025349,train
DEU,2014Q3,4,2015Q3,2014Q2,2014Q2,0.9155645981688832,0.0627549419516926,1.0702341137123428,train
DNK,2014Q3,4,2015Q3,2014Q2,2014Q2,0.4017408771342268,1.5893197711379647,0.3676470588235281,train
EST,2014Q3,4,2015Q3,2014Q2,2014Q2,0.5979822275673063,-5.296331426123668,-0.0066476101841517,train
FIN,2014Q3,4,2015Q3,2014Q2,2014Q2,1.0939077751598525,-0.518117936595297,-0.3226021019023695,train
FRA,2014Q3,4,2015Q3,2014Q2,2014Q2,0.7508967181790727,3.002088111457213,0.1400326742906577,train
GRC,2014Q3,4,2015Q3,2014Q2,2014Q2,-1.7290049400141116,2.7244344957587208,-0.8050414068428879,train
HRV,2014Q3,4,2015Q3,2014Q2,2014Q2,0.249144603527851,0.0453309156845049,-0.2738912354804723,train
HUN,2014Q3,4,2015Q3,2014Q2,2014Q2,-0.0897397547113376,-12.409796011136995,0.1796765821521218,train
IRL,2014Q3,4,2015Q3,2014Q2,2014Q2,0.4005340453938633,2.2013596633215116,0.0995685363425424,train
ITA,2014Q3,4,2015Q3,2014Q2,2014Q2,0.3985386914646449,-2.9217719132893394,0.3023177695667289,train
LTU,2014Q3,4,2015Q3,2014Q2,2014Q2,0.2282500826993105,-4.492298916143755,-0.6859983429991723,train
LUX,2014Q3,4,2015Q3,2014Q2,2014Q2,1.1620486985726597,-5.01143568512783,0.0232952843688627,train
LVA,2014Q3,4,2015Q3,2014Q2,2014Q2,0.7867952323556748,-1.4488753967158874,-0.1232922359213906,train
MLT,2014Q3,4,2015Q3,2014Q2,2014Q2,0.5292600408669079,-21.71629627713243,1.4044479693334777,train
NLD,2014Q3,4,2015Q3,2014Q2,2014Q2,0.3501283804061339,-1.251476550777375,0.509117529615355,train
AUT,2014Q4,4,2015Q4,2014Q3,2014Q3,1.509408189051653,0.0,0.7347538574577372,train
BEL,2014Q4,4,2015Q4,2014Q3,2014Q3,0.3776129467295996,-9.802705416740489,1.3352120236178378,train
BGR,2014Q4,4,2015Q4,2014Q3,2014Q3,-1.1798833154069377,-2.0289754368897905,-1.012280119482234,train
CYP,2014Q4,4,2015Q4,2014Q3,2014Q3,0.5626199225990947,-4.350020185708492,-1.296639322572124,train
CZE,2014Q4,4,2015Q4,2014Q3,2014Q3,0.6715916722632498,-3.998710093518243,0.0,train
DEU,2014Q4,4,2015Q4,2014Q3,2014Q3,0.7751937984496138,-0.5928237129484981,0.5369127516778871,train
DNK,2014Q4,4,2015Q4,2014Q3,2014Q3,0.3690036900368731,1.2167787383925877,0.1670564650851913,train
EST,2014Q4,4,2015Q4,2014Q3,2014Q3,0.0033239155725173,-4.444241371957725,0.1139295647220484,train
FIN,2014Q4,4,2015Q4,2014Q3,2014Q3,1.2322402531816268,-2.192210452203436,-0.2722985986584048,train
FRA,2014Q4,4,2015Q4,2014Q3,2014Q3,0.4925283120016166,0.903828577231658,0.1769675114360991,train
GRC,2014Q4,4,2015Q4,2014Q3,2014Q3,-0.7303812393554043,1.3017819949085796,0.0632174347030556,train
HRV,2014Q4,4,2015Q4,2014Q3,2014Q3,0.3410483096586203,-0.2193760686517998,-0.416777807415325,train
HUN,2014Q4,4,2015Q4,2014Q3,2014Q3,0.073255194459243,-12.611737826645689,0.5941391695478249,train
IRL,2014Q4,4,2015Q4,2014Q3,2014Q3,0.5003335557038024,1.8625561978163008,0.0,train
ITA,2014Q4,4,2015Q4,2014Q3,2014Q3,-0.0671366230278747,-5.803011292346316,0.1657275439177929,train
LTU,2014Q4,4,2015Q4,2014Q3,2014Q3,0.2491694352159568,-7.241558741905663,-0.4072038667814581,train
LUX,2014Q4,4,2015Q4,2014Q3,2014Q3,0.7442920843531375,-5.452069874561816,0.3950187466523536,train
LVA,2014Q4,4,2015Q4,2014Q3,2014Q3,0.8773404148038733,-0.2642926693559921,0.0938904164710541,train
MLT,2014Q4,4,2015Q4,2014Q3,2014Q3,0.6820601543784832,-21.76246402737807,1.3854460253319043,train
NLD,2014Q4,4,2015Q4,2014Q3,2014Q3,0.2936857562408024,-1.3056934683086996,0.4223794039757367,train
AUT,2015Q1,4,2016Q1,2014Q4,2014Q4,1.2546075546988833,-1.0182767624020483,1.02562378102089,validation
BEL,2015Q1,4,2016Q1,2014Q4,2014Q4,-0.0033546915361282,-9.483167377904234,1.5307842740575728,validation
BGR,2015Q1,4,2016Q1,2014Q4,2014Q4,-1.7798930760203224,6.827295110798448,-1.0938802734700492,validation
CYP,2015Q1,4,2016Q1,2014Q4,2014Q4,-0.2310078542670512,-5.437561968376537,-1.8135850328670045,validation
CZE,2015Q1,4,2016Q1,2014Q4,2014Q4,0.4704301075268979,-3.8064516129031944,0.4349280695884916,validation
DEU,2015Q1,4,2016Q1,2014Q4,2014Q4,0.4381530165149749,-2.036340852130347,0.1347708894878563,validation
DNK,2015Q1,4,2016Q1,2014Q4,2014Q4,0.2008704385671356,0.6662436548223516,0.0669344042838249,validation
EST,2015Q1,4,2016Q1,2014Q4,2014Q4,0.1812749672697844,-2.9728137884001526,0.295272288024706,validation
FIN,2015Q1,4,2016Q1,2014Q4,2014Q4,0.9351432880844612,-2.48656994885319,-0.0434027777777679,validation
FRA,2015Q1,4,2016Q1,2014Q4,2014Q4,0.3417428887325435,0.8760242488841552,0.0435817493043666,validation
GRC,2015Q1,4,2016Q1,2014Q4,2014Q4,-1.854815008327082,-9.935758937573825,-0.242669362992931,validation
HRV,2015Q1,4,2016Q1,2014Q4,2014Q4,0.2272423472797768,0.4992169146436964,-0.5481386824494616,validation
HUN,2015Q1,4,2016Q1,2014Q4,2014Q4,-0.3512175541878326,-8.377011214041941,0.3733351271357321,validation
IRL,2015Q1,4,2016Q1,2014Q4,2014Q4,0.1003344481605328,-0.1273074474856694,-0.2684563758389102,validation
ITA,2015Q1,4,2016Q1,2014Q4,2014Q4,0.1660026560424965,-2.343997465948655,0.0,validation
LTU,2015Q1,4,2016Q1,2014Q4,2014Q4,0.179092597505992,-4.607345042821898,0.6623852594062285,validation
LUX,2015Q1,4,2016Q1,2014Q4,2014Q4,-0.1170294579864172,-6.330918161301813,-0.1647169557617123,validation
LVA,2015Q1,4,2016Q1,2014Q4,2014Q4,0.651388842012901,-0.3464283239797527,-0.5061509067140202,validation
MLT,2015Q1,4,2016Q1,2014Q4,2014Q4,0.5806209228457648,-21.829843134224557,0.9357368928031072,validation
NLD,2015Q1,4,2016Q1,2014Q4,2014Q4,0.1948073758103019,-0.9144666688209124,0.3543466522678118,validation
AUT,2015Q2,4,2016Q2,2015Q1,2015Q1,0.6259939769228229,-1.9210176201447384,0.6243150798658004,validation
BEL,2015Q2,4,2016Q2,2015Q1,2015Q1,-0.386256003761809,-13.580465363177908,1.6437537358039656,validation
BGR,2015Q2,4,2016Q2,2015Q1,2015Q1,-1.7336304647047165,9.149692854833514,-2.315014427382167,validation
CYP,2015Q2,4,2016Q2,2015Q1,2015Q1,-0.9548929918867466,-13.022551511546164,-2.0056927252267265,validation
CZE,2015Q2,4,2016Q2,2015Q1,2015Q1,0.0,1.3527223537369126,0.1327140013271499,validation
DEU,2015Q2,4,2016Q2,2015Q1,2015Q1,-0.1345895020188336,-4.578237692066467,-0.0995685363425424,validation
DNK,2015Q2,4,2016Q2,2015Q1,2015Q1,-0.0334560053529608,-4.812499999999997,-0.0996346728661556,validation
EST,2015Q2,4,2016Q2,2015Q1,2015Q1,-0.2476821635371884,-2.037497608570893,0.1256779997354185,validation
FIN,2015Q2,4,2016Q2,2015Q1,2015Q1,-0.0600600600600631,-2.9896743447180296,0.299550673989013,validation
FRA,2015Q2,4,2016Q2,2015Q1,2015Q1,-0.2374581939799447,-0.429494114947071,0.0929152148664291,validation
GRC,2015Q2,4,2016Q2,2015Q1,2015Q1,-2.1760633036597365,-13.042223440791956,-0.132481038651322,validation
HRV,2015Q2,4,2016Q2,2015Q1,2015Q1,-0.3284732696497539,-2.0365417458834023,-1.0836426299045354,validation
HUN,2015Q2,4,2016Q2,2015Q1,2015Q1,-0.949461971549459,-5.277935516436383,0.0,validation
IRL,2015Q2,4,2016Q2,2015Q1,2015Q1,-0.3344481605351501,-3.802281368821292,-0.0996346728661556,validation
ITA,2015Q2,4,2016Q2,2015Q1,2015Q1,-0.1347254968002587,-3.5782140595313594,-0.2974223397224196,validation
LTU,2015Q2,4,2016Q2,2015Q1,2015Q1,-1.317273873515168,-9.723342939481284,0.436970338983067,validation
LUX,2015Q2,4,2016Q2,2015Q1,2015Q1,-0.4717454581953162,-8.492008755884761,-0.5495414970040136,validation
LVA,2015Q2,4,2016Q2,2015Q1,2015Q1,0.0704414329800062,7.527744817477466,-0.7216766624925874,validation
MLT,2015Q2,4,2016Q2,2015Q1,2015Q1,0.6265794301934857,-22.339334256552306,0.9443274545932744,validation
NLD,2015Q2,4,2016Q2,2015Q1,2015Q1,-0.4668973161801815,-2.2910097174850375,-0.2052436440677651,validation
AUT,2015Q3,4,2016Q3,2015Q2,2015Q2,0.9757896854670988,-1.44936955673991,0.7603294761062918,validation
BEL,2015Q3,4,2016Q3,2015Q2,2015Q2,0.6921456515197155,-4.012980336717675,1.9419739515672552,validation
BGR,2015Q3,4,2016Q3,2015Q2,2015Q2,-0.5868970292459696,8.112290804390842,-1.0919865499217307,validation
CYP,2015Q3,4,2016Q3,2015Q2,2015Q2,-1.848422830783236,-19.449928333829114,-0.4755614266843011,validation
CZE,2015Q3,4,2016Q3,2015Q2,2015Q2,0.7016371533578036,1.6254656281747604,0.5319148936170137,validation
DEU,2015Q3,4,2016Q3,2015Q2,2015Q2,1.2432795698924748,-4.515522107243653,0.3970880211780381,validation
DNK,2015Q3,4,2016Q3,2015Q2,2015Q2,0.400133377792633,-5.444305381727199,-0.066600066600031,validation
EST,2015Q3,4,2016Q3,2015Q2,2015Q2,0.4084614618271143,-2.4618764538640425,1.2032974338518798,validation
FIN,2015Q3,4,2016Q3,2015Q2,2015Q2,0.033294489761948,-1.1848572637609744,0.5071569183544122,validation
FRA,2015Q3,4,2016Q3,2015Q2,2015Q2,0.266178672433881,0.1395812562313025,0.4261694689528861,validation
GRC,2015Q3,4,2016Q3,2015Q2,2015Q2,-1.4427941896523857,-12.687444447630249,0.18958922334944,validation
HRV,2015Q3,4,2016Q3,2015Q2,2015Q2,-0.0066273444230824,-2.3755582885623627,-1.072102180602874,validation
HUN,2015Q3,4,2016Q3,2015Q2,2015Q2,0.4324683965402531,-2.721375283814498,0.1129267968646319,validation
IRL,2015Q3,4,2016Q3,2015Q2,2015Q2,0.09973404255319,-3.5476718403547935,-0.1989389920424855,validation
ITA,2015Q3,4,2016Q3,2015Q2,2015Q2,0.0992391663910075,-3.592233009708745,-0.0669792364367594,validation
LTU,2015Q3,4,2016Q3,2015Q2,2015Q2,-0.3003399452127464,-10.0970583843512,0.3737319807795236,validation
LUX,2015Q3,4,2016Q3,2015Q2,2015Q2,0.2855150891404312,-5.83663517220362,-0.1064679265371459,validation
LVA,2015Q3,4,2016Q3,2015Q2,2015Q2,0.8072285154303582,6.76631195743489,0.1701531378240472,validation
MLT,2015Q3,4,2016Q3,2015Q2,2015Q2,1.2695345040152128,-0.5618163191116632,0.961350452975296,validation
NLD,2015Q3,4,2016Q3,2015Q2,2015Q2,0.3788130524357003,-2.0238595583718544,-0.1887104783976134,validation
AUT,2015Q4,4,2016Q4,2015Q3,2015Q3,0.8814129520605674,-2.822933904409619,1.472050925004953,validation
BEL,2015Q4,4,2016Q4,2015Q3,2015Q3,0.8363563079403447,-0.9758014342316712,1.959875521419563,validation
BGR,2015Q4,4,2016Q4,2015Q3,2015Q3,-0.9301098321184752,5.890279797155928,-0.781223805532294,validation
CYP,2015Q4,4,2016Q4,2015Q3,2015Q3,-2.0761917081689396,-20.83201435053286,-0.5797587131367021,validation
CZE,2015Q4,4,2016Q4,2015Q3,2015Q3,0.3335557038025349,0.7725898555593025,1.5050167224080369,validation
DEU,2015Q4,4,2016Q4,2015Q3,2015Q3,1.0702341137123428,-6.371625863151287,1.0347129506008024,validation
DNK,2015Q4,4,2016Q4,2015Q3,2015Q3,0.3676470588235281,-5.47295159759571,0.1667778519012674,validation
EST,2015Q4,4,2016Q4,2015Q3,2015Q3,-0.0066476101841517,-4.931463181383489,1.5798105566154683,validation
FIN,2015Q4,4,2016Q4,2015Q3,2015Q3,-0.3226021019023695,-2.9252012302859787,0.7924880127863521,validation
FRA,2015Q4,4,2016Q4,2015Q3,2015Q3,0.1400326742906577,-0.2147074610842736,0.6566228918072348,validation
GRC,2015Q4,4,2016Q4,2015Q3,2015Q3,-0.8050414068428879,-13.37026671997259,0.2360843253308209,validation
HRV,2015Q4,4,2016Q4,2015Q3,2015Q3,-0.2738912354804723,-3.5629991270329064,0.1941942612247782,validation
HUN,2015Q4,4,2016Q4,2015Q3,2015Q3,0.1796765821521218,-2.032746168175459,1.3147357180993249,validation
IRL,2015Q4,4,2016Q4,2015Q3,2015Q3,0.0995685363425424,-5.643127364438816,-0.2672903441363283,validation
ITA,2015Q4,4,2016Q4,2015Q3,2015Q3,0.3023177695667289,-1.4319014319014056,0.1654533421575399,validation
LTU,2015Q4,4,2016Q4,2015Q3,2015Q3,-0.6859983429991723,-8.85716957023095,1.239902935212589,validation
LUX,2015Q4,4,2016Q4,2015Q3,2015Q3,0.0232952843688627,-8.701780188130037,0.9769923307769268,validation
LVA,2015Q4,4,2016Q4,2015Q3,2015Q3,-0.1232922359213906,2.461645746164587,1.4673366834170751,validation
MLT,2015Q4,4,2016Q4,2015Q3,2015Q3,1.4044479693334777,-1.0405275540974923,0.7569414207723391,validation
NLD,2015Q4,4,2016Q4,2015Q3,2015Q3,0.509117529615355,-2.743932316336195,0.4639983977033468,validation
AUT,2016Q1,4,2017Q1,2015Q4,2015Q4,0.7347538574577372,-2.73015035610662,2.180208368005898,validation
BEL,2016Q1,4,2017Q1,2015Q4,2015Q4,1.3352120236178378,0.1145887899423936,2.9556323060573986,validation
BGR,2016Q1,4,2017Q1,2015Q4,2015Q4,-1.012280119482234,-2.1566626057752725,0.7687898303941676,validation
CYP,2016Q1,4,2017Q1,2015Q4,2015Q4,-1.296639322572124,-22.639479057447176,1.191334500635155,validation
CZE,2016Q1,4,2017Q1,2015Q4,2015Q4,0.0,0.7042253521126307,2.4983344437041977,validation
DEU,2016Q1,4,2017Q1,2015Q4,2015Q4,0.5369127516778871,-6.299968020466872,1.7833109017496571,validation
DNK,2016Q1,4,2017Q1,2015Q4,2015Q4,0.1670564650851913,-7.217144658052332,0.836120401337781,validation
EST,2016Q1,4,2017Q1,2015Q4,2015Q4,0.1139295647220484,-6.504792332268339,3.091231474356815,validation
FIN,2016Q1,4,2017Q1,2015Q4,2015Q4,-0.2722985986584048,-2.87655868575577,1.0822004742977454,validation
FRA,2016Q1,4,2017Q1,2015Q4,2015Q4,0.1769675114360991,-1.753343239227334,1.4576770993900867,validation
GRC,2016Q1,4,2017Q1,2015Q4,2015Q4,0.0632174347030556,-6.972876151484131,1.540644638151245,validation
HRV,2016Q1,4,2017Q1,2015Q4,2015Q4,-0.416777807415325,-3.873250868478318,1.1462771353215606,validation
HUN,2016Q1,4,2017Q1,2015Q4,2015Q4,0.5941391695478249,-0.2028802341437541,2.6371343363602806,validation
IRL,2016Q1,4,2017Q1,2015Q4,2015Q4,0.0,-6.755895474824703,0.3701211305518148,validation
ITA,2016Q1,4,2017Q1,2015Q4,2015Q4,0.1657275439177929,-2.1407719753486987,1.3490725126475978,validation
LTU,2016Q1,4,2017Q1,2015Q4,2015Q4,-0.4072038667814581,-10.749284801266056,2.9527690560491537,validation
LUX,2016Q1,4,2017Q1,2015Q4,2015Q4,0.3950187466523536,-8.724321582551365,2.5691100710461434,validation
LVA,2016Q1,4,2017Q1,2015Q4,2015Q4,0.0938904164710541,1.8633108530904163,3.109628731217584,validation
MLT,2016Q1,4,2017Q1,2015Q4,2015Q4,1.3854460253319043,-1.9177540529853765,1.2678936605317048,validation
NLD,2016Q1,4,2017Q1,2015Q4,2015Q4,0.4223794039757367,-3.606835376989304,1.3047718330699398,validation
AUT,2016Q2,4,2017Q2,2016Q1,2016Q1,1.02562378102089,-3.126550868486355,2.1550443879740255,validation
BEL,2016Q2,4,2017Q2,2016Q1,2016Q1,1.5307842740575728,-1.8359268359268488,2.0353490803358465,validation
BGR,2016Q2,4,2017Q2,2016Q1,2016Q1,-1.0938802734700492,-2.395997893628232,1.3852578684684147,validation
CYP,2016Q2,4,2017Q2,2016Q1,2016Q1,-1.8135850328670045,-20.981782005844664,1.2868143744933835,validation
CZE,2016Q2,4,2017Q2,2016Q1,2016Q1,0.4349280695884916,0.5338672005338552,2.319416832339316,validation
DEU,2016Q2,4,2017Q2,2016Q1,2016Q1,0.1347708894878563,-6.506736772921484,1.6611295681063345,validation
DNK,2016Q2,4,2017Q2,2016Q1,2016Q1,0.0669344042838249,-3.282994090610658,0.6981382978723083,validation
EST,2016Q2,4,2017Q2,2016Q1,2016Q1,0.295272288024706,-5.875077303648746,3.395653035608115,validation
FIN,2016Q2,4,2017Q2,2016Q1,2016Q1,-0.0434027777777679,-3.8678194799240506,0.9324705491952744,validation
FRA,2016Q2,4,2017Q2,2016Q1,2016Q1,0.0435817493043666,-2.9074744813960995,1.0310645492822346,validation
GRC,2016Q2,4,2017Q2,2016Q1,2016Q1,-0.242669362992931,-7.912379688018579,1.3431499353298015,validation
HRV,2016Q2,4,2017Q2,2016Q1,2016Q1,-0.5481386824494616,-4.943916318542129,1.1457670273710807,validation
HUN,2016Q2,4,2017Q2,2016Q1,2016Q1,0.3733351271357321,-0.0999167360532848,2.1099701888042333,validation
IRL,2016Q2,4,2017Q2,2016Q1,2016Q1,-0.2684563758389102,-6.884057971014467,0.0332446808510411,validation
ITA,2016Q2,4,2017Q2,2016Q1,2016Q1,0.0,-2.627257799671612,1.590984421610897,validation
LTU,2016Q2,4,2017Q2,2016Q1,2016Q1,0.6623852594062285,-4.740471174104599,3.401450230718539,validation
LUX,2016Q2,4,2017Q2,2016Q1,2016Q1,-0.1647169557617123,-9.322672608709892,2.003927965114327,validation
LVA,2016Q2,4,2017Q2,2016Q1,2016Q1,-0.5061509067140202,-6.718379799422259,3.0305041988913484,validation
MLT,2016Q2,4,2017Q2,2016Q1,2016Q1,0.9357368928031072,-1.70722847802397,1.1049903843019626,validation
NLD,2016Q2,4,2017Q2,2016Q1,2016Q1,0.3543466522678118,-4.939735230191666,1.0415975585484016,validation
AUT,2016Q3,4,2017Q3,2016Q2,2016Q2,0.6243150798658004,-2.832552924882925,2.2108224391858444,validation
BEL,2016Q3,4,2017Q3,2016Q2,2016Q2,1.6437537358039656,1.6334728033472912,1.921317474839901,validation
BGR,2016Q3,4,2017Q3,2016Q2,2016Q2,-2.315014427382167,-2.373581011351922,0.8751556767309321,validation
CYP,2016Q3,4,2017Q3,2016Q2,2016Q2,-2.0056927252267265,-20.530468356555343,0.1825059729227529,validation
CZE,2016Q3,4,2017Q3,2016Q2,2016Q2,0.1327140013271499,-0.5664778407198146,2.414021164021163,validation
DEU,2016Q3,4,2017Q3,2016Q2,2016Q2,-0.0995685363425424,-5.747126436781591,1.8127883981542416,validation
DNK,2016Q3,4,2017Q3,2016Q2,2016Q2,-0.0996346728661556,-2.74652547981471,1.532822392535782,validation
EST,2016Q3,4,2017Q3,2016Q2,2016Q2,0.1256779997354185,-5.472010599536247,4.0268015502857635,validation
FIN,2016Q3,4,2017Q3,2016Q2,2016Q2,0.299550673989013,-2.167539611951097,0.7236994987219081,validation
FRA,2016Q3,4,2017Q3,2016Q2,2016Q2,0.0929152148664291,-2.512279304393983,0.9481815469283728,validation
GRC,2016Q3,4,2017Q3,2016Q2,2016Q2,-0.132481038651322,-8.209641402863532,0.8498771661908044,validation
HRV,2016Q3,4,2017Q3,2016Q2,2016Q2,-1.0836426299045354,-6.395040445564259,1.4382713984680606,validation
HUN,2016Q3,4,2017Q3,2016Q2,2016Q2,0.0,-0.0933613417358314,2.4749518943666393,validation
IRL,2016Q3,4,2017Q3,2016Q2,2016Q2,-0.0996346728661556,-5.845648604269293,0.1328903654485014,validation
ITA,2016Q3,4,2017Q3,2016Q2,2016Q2,-0.2974223397224196,-6.27727425310507,1.3069705093834203,validation
LTU,2016Q3,4,2017Q3,2016Q2,2016Q2,0.436970338983067,-4.222030294977419,4.451462765957448,validation
LUX,2016Q3,4,2017Q3,2016Q2,2016Q2,-0.5495414970040136,-11.8854183524842,2.025046629363203,validation
LVA,2016Q3,4,2017Q3,2016Q2,2016Q2,-0.7216766624925874,-8.389888856103077,2.907673860911264,validation
MLT,2016Q3,4,2017Q3,2016Q2,2016Q2,0.9443274545932744,-1.2795373724617254,1.22978599786967,validation
NLD,2016Q3,4,2017Q3,2016Q2,2016Q2,-0.2052436440677651,-6.180498267612622,1.4760514793684454,validation
AUT,2016Q4,4,2017Q4,2016Q3,2016Q3,0.7603294761062918,-1.5526394871281155,2.3753512383192676,validation
BEL,2016Q4,4,2017Q4,2016Q3,2016Q3,1.9419739515672552,3.4225058695148913,1.9968829144749731,validation
BGR,2016Q4,4,2017Q4,2016Q3,2016Q3,-1.0919865499217307,-1.83523107836574,1.7268180589348423,validation
CYP,2016Q4,4,2017Q4,2016Q3,2016Q3,-0.4755614266843011,-13.97487587884443,0.0505612296491042,validation
CZE,2016Q4,4,2017Q4,2016Q3,2016Q3,0.5319148936170137,-1.033333333333364,2.471169686985175,validation
DEU,2016Q4,4,2017Q4,2016Q3,2016Q3,0.3970880211780381,-4.290982232651674,1.552692434753844,validation
DNK,2016Q4,4,2017Q4,2016Q3,2016Q3,-0.066600066600031,-2.978580990629187,1.1655011655011815,validation
EST,2016Q4,4,2017Q4,2016Q3,2016Q3,1.2032974338518798,-4.701069644234302,4.079211835645324,validation
FIN,2016Q4,4,2017Q4,2016Q3,2016Q3,0.5071569183544122,-0.1381960361331979,0.6210769739015465,validation
FRA,2016Q4,4,2017Q4,2016Q3,2016Q3,0.4261694689528861,-0.9615384615384804,1.2152720288751029,validation
GRC,2016Q4,4,2017Q4,2016Q3,2016Q3,0.18958922334944,-7.852056962025311,0.8260076297893493,validation
HRV,2016Q4,4,2017Q4,2016Q3,2016Q3,-1.072102180602874,-4.988768565393764,1.4770258980785431,validation
HUN,2016Q4,4,2017Q4,2016Q3,2016Q3,0.1129267968646319,-0.0667178169930005,2.32527501482116,validation
IRL,2016Q4,4,2017Q4,2016Q3,2016Q3,-0.1989389920424855,-5.145339124624149,0.5025125628140614,validation
ITA,2016Q4,4,2017Q4,2016Q3,2016Q3,-0.0669792364367594,-4.932432432432455,1.057152296002606,validation
LTU,2016Q4,4,2017Q4,2016Q3,2016Q3,0.3737319807795236,-5.9873482646606195,4.061597058050936,validation
LUX,2016Q4,4,2017Q4,2016Q3,2016Q3,-0.1064679265371459,-8.074638386414733,1.8459201532213143,validation
LVA,2016Q4,4,2017Q4,2016Q3,2016Q3,0.1701531378240472,-6.115156877424621,2.532356048600115,validation
MLT,2016Q4,4,2017Q4,2016Q3,2016Q3,0.961350452975296,-0.6362388239627648,1.44599940165544,validation
NLD,2016Q4,4,2017Q4,2016Q3,2016Q3,-0.1887104783976134,-5.884526248614486,1.3523391812865435,validation
AUT,2017Q1,4,2018Q1,2016Q4,2016Q4,1.472050925004953,0.5355932203390035,1.9708124307772137,test
BEL,2017Q1,4,2018Q1,2016Q4,2016Q4,1.959875521419563,5.23561921580169,1.5773175924133742,test
BGR,2017Q1,4,2018Q1,2016Q4,2016Q4,-0.781223805532294,-1.231659711939692,1.5626568512631556,test
CYP,2017Q1,4,2018Q1,2016Q4,2016Q4,-0.5797587131367021,-2.107928808360382,-0.7667774988125209,test
CZE,2017Q1,4,2018Q1,2016Q4,2016Q4,1.5050167224080369,-0.9990009990009984,1.722456938576511,test
DEU,2017Q1,4,2018Q1,2016Q4,2016Q4,1.0347129506008024,-1.638225255972714,1.454545454545464,test
DNK,2017Q1,4,2018Q1,2016Q4,2016Q4,0.1667778519012674,0.1358695652174057,0.4975124378109541,test
EST,2017Q1,4,2018Q1,2016Q4,2016Q4,1.5798105566154683,-0.932886823400758,3.225701768619227,test
FIN,2017Q1,4,2018Q1,2016Q4,2016Q4,0.7924880127863521,2.798722912845575,0.7765257905693268,test
FRA,2017Q1,4,2018Q1,2016Q4,2016Q4,0.6566228918072348,0.5545472877596325,1.5060937345179548,test
GRC,2017Q1,4,2018Q1,2016Q4,2016Q4,0.2360843253308209,3.225140970980611,0.2695148732281938,test
HRV,2017Q1,4,2018Q1,2016Q4,2016Q4,0.1941942612247782,-3.6206430694406655,1.113228362250518,test
HUN,2017Q1,4,2018Q1,2016Q4,2016Q4,1.3147357180993249,0.0033326667999711,2.017629774730656,test
IRL,2017Q1,4,2018Q1,2016Q4,2016Q4,-0.2672903441363283,-2.5632262474367784,0.5028494803888783,test
ITA,2017Q1,4,2018Q1,2016Q4,2016Q4,0.1654533421575399,-5.469008949287368,0.8652246256239726,test
LTU,2017Q1,4,2018Q1,2016Q4,2016Q4,1.239902935212589,-4.467025847370931,3.0919473103627526,test
LUX,2017Q1,4,2018Q1,2016Q4,2016Q4,0.9769923307769268,-3.2265907196443178,1.171951940122118,test
LVA,2017Q1,4,2018Q1,2016Q4,2016Q4,1.4673366834170751,-5.303392259913975,2.0323476556118214,test
MLT,2017Q1,4,2018Q1,2016Q4,2016Q4,0.7569414207723391,-0.3124370086675987,1.2823101777059698,test
NLD,2017Q1,4,2018Q1,2016Q4,2016Q4,0.4639983977033468,-5.145815007781307,1.251452282157639,test
AUT,2017Q2,4,2018Q2,2017Q1,2017Q1,2.180208368005898,0.4610655737705027,2.135426762292414,test
BEL,2017Q2,4,2018Q2,2017Q1,2017Q1,2.9556323060573986,17.930890634777175,2.1612448770491843,test
BGR,2017Q2,4,2018Q2,2017Q1,2017Q1,0.7687898303941676,-0.2967359050445095,2.3508924684370935,test
CYP,2017Q2,4,2018Q2,2017Q1,2017Q1,1.191334500635155,16.339457843175808,0.8036279969322324,test
CZE,2017Q2,4,2018Q2,2017Q1,2017Q1,2.4983344437041977,-1.4271490209094018,2.072538860103612,test
DEU,2017Q2,4,2018Q2,2017Q1,2017Q1,1.7833109017496571,2.2847100175747093,1.9281045751633696,test
DNK,2017Q2,4,2018Q2,2017Q1,2017Q1,0.836120401337781,0.3394433129667584,0.924397490921125,test
EST,2017Q2,4,2018Q2,2017Q1,2017Q1,3.091231474356815,-0.1175738294487582,3.284135199028815,test
FIN,2017Q2,4,2018Q2,2017Q1,2017Q1,1.0822004742977454,6.585357544373682,1.0126249342451432,test
FRA,2017Q2,4,2018Q2,2017Q1,2017Q1,1.4576770993900867,4.876725336588983,2.14609175034457,test
GRC,2017Q2,4,2018Q2,2017Q1,2017Q1,1.540644638151245,11.443090895984987,0.7428496629360737,test
HRV,2017Q2,4,2018Q2,2017Q1,2017Q1,1.1462771353215606,-5.906983182227165,1.7952369911562904,test
HUN,2017Q2,4,2018Q2,2017Q1,2017Q1,2.6371343363602806,0.2967161193532464,2.805981769228283,test
IRL,2017Q2,4,2018Q2,2017Q1,2017Q1,0.3701211305518148,1.8040325433321236,0.4320372216683132,test
ITA,2017Q2,4,2018Q2,2017Q1,2017Q1,1.3490725126475978,-1.5851602023608469,0.978792822185981,test
LTU,2017Q2,4,2018Q2,2017Q1,2017Q1,2.9527690560491537,-4.875841962400706,2.5341068468698325,test
LUX,2017Q2,4,2018Q2,2017Q1,2017Q1,2.5691100710461434,3.115062156692705,1.9319257252880195,test
LVA,2017Q2,4,2018Q2,2017Q1,2017Q1,3.109628731217584,-1.3778226227340484,2.374355670103112,test
MLT,2017Q2,4,2018Q2,2017Q1,2017Q1,1.2678936605317048,-0.3124370086675987,1.724804951963388,test
NLD,2017Q2,4,2018Q2,2017Q1,2017Q1,1.3047718330699398,-0.2424998267858136,1.526592252133896,test
AUT,2017Q3,4,2018Q3,2017Q2,2017Q2,2.1550443879740255,-1.072386058981245,2.2439529838422567,test
BEL,2017Q3,4,2018Q3,2017Q2,2017Q2,2.0353490803358465,9.03731515331161,2.7314696075916745,test
BGR,2017Q3,4,2018Q3,2017Q2,2017Q2,1.3852578684684147,3.321284866671226,3.623744536020568,test
CYP,2017Q3,4,2018Q3,2017Q2,2017Q2,1.2868143744933835,27.65103506548372,1.583253287403541,test
CZE,2017Q3,4,2018Q3,2017Q2,2017Q2,2.319416832339316,-0.8378016085790696,2.2602518566354535,test
DEU,2017Q3,4,2018Q3,2017Q2,2017Q2,1.6611295681063345,0.871080139372804,2.201359663321467,test
DNK,2017Q3,4,2018Q3,2017Q2,2017Q2,0.6981382978723083,-1.224906430758721,0.7220216606498298,test
EST,2017Q3,4,2018Q3,2017Q2,2017Q2,3.395653035608115,0.3959632770341059,3.460469815610012,test
FIN,2017Q3,4,2018Q3,2017Q2,2017Q2,0.9324705491952744,5.094447624499132,1.397448996407502,test
FRA,2017Q3,4,2018Q3,2017Q2,2017Q2,1.0310645492822346,4.149787234042535,2.555092121251912,test
GRC,2017Q3,4,2018Q3,2017Q2,2017Q2,1.3431499353298015,9.934888380080164,0.931595233392568,test
HRV,2017Q3,4,2018Q3,2017Q2,2017Q2,1.1457670273710807,-4.905259429785735,1.994922016684808,test
HUN,2017Q3,4,2018Q3,2017Q2,2017Q2,2.1099701888042333,0.6241030604412057,3.519166019165998,test
IRL,2017Q3,4,2018Q3,2017Q2,2017Q2,0.0332446808510411,-0.7324729682594899,1.0285335102853566,test
ITA,2017Q3,4,2018Q3,2017Q2,2017Q2,1.590984421610897,5.4441260744985565,1.6539861065167027,test
LTU,2017Q3,4,2018Q3,2017Q2,2017Q2,3.401450230718539,-1.8555127804945504,2.180209427416524,test
LUX,2017Q3,4,2018Q3,2017Q2,2017Q2,2.003927965114327,2.8982845388090706,2.530033951423327,test
LVA,2017Q3,4,2018Q3,2017Q2,2017Q2,3.0305041988913484,1.3456445494237856,2.9129041654529564,test
MLT,2017Q3,4,2018Q3,2017Q2,2017Q2,1.1049903843019626,-0.1043630487476354,2.3722976850966138,test
NLD,2017Q3,4,2018Q3,2017Q2,2017Q2,1.0415975585484016,1.1079065841305802,1.7912594384336122,test
AUT,2017Q4,4,2018Q4,2017Q3,2017Q3,2.2108224391858444,-1.3702347035680296,2.128746050489938,test
BEL,2017Q4,4,2018Q4,2017Q3,2017Q3,1.921317474839901,5.045402225348528,2.766370610893598,test
BGR,2017Q4,4,2018Q4,2017Q3,2017Q3,0.8751556767309321,4.714792576419202,2.9830913862405772,test
CYP,2017Q4,4,2018Q4,2017Q3,2017Q3,0.1825059729227529,10.33814928148118,1.5228084360892291,test
CZE,2017Q4,4,2018Q4,2017Q3,2017Q3,2.414021164021163,-0.3031323678005626,1.7684887459806786,test
DEU,2017Q4,4,2018Q4,2017Q3,2017Q3,1.8127883981542416,1.225919439579637,2.147039687703356,test
DNK,2017Q4,4,2018Q4,2017Q3,2017Q3,1.532822392535782,-0.344946533287338,0.6912442396312946,test
EST,2017Q4,4,2018Q4,2017Q3,2017Q3,4.0268015502857635,3.0048203792969685,3.6723968721309457,test
FIN,2017Q4,4,2018Q4,2017Q3,2017Q3,0.7236994987219081,5.282343808012979,1.4872939785934849,test
FRA,2017Q4,4,2018Q4,2017Q3,2017Q3,0.9481815469283728,2.552787018806457,2.1854347968330856,test
GRC,2017Q4,4,2018Q4,2017Q3,2017Q3,0.8498771661908044,9.333190241110412,1.1482529446601442,test
HRV,2017Q4,4,2018Q4,2017Q3,2017Q3,1.4382713984680606,-4.14622957761387,1.320512398327134,test
HUN,2017Q4,4,2018Q4,2017Q3,2017Q3,2.4749518943666393,0.7477384250759389,3.292777134028557,test
IRL,2017Q4,4,2018Q4,2017Q3,2017Q3,0.1328903654485014,-0.0704473406128891,0.9000000000000119,test
ITA,2017Q4,4,2018Q4,2017Q3,2017Q3,1.3069705093834203,3.837953091684465,1.471068976789791,test
LTU,2017Q4,4,2018Q4,2017Q3,2017Q3,4.451462765957448,4.5355350258238,2.331745180323752,test
LUX,2017Q4,4,2018Q4,2017Q3,2017Q3,2.025046629363203,1.63922456281258,2.4220219181635416,test
LVA,2017Q4,4,2018Q4,2017Q3,2017Q3,2.907673860911264,3.0301931929392234,2.891643857671866,test
MLT,2017Q4,4,2018Q4,2017Q3,2017Q3,1.22978599786967,0.5257304620362113,1.5564584835179085,test
NLD,2017Q4,4,2018Q4,2017Q3,2017Q3,1.4760514793684454,2.6801327575746603,1.829328262793828,test
AUT,2018Q1,4,2019Q1,2017Q4,2017Q4,2.3753512383192676,-0.3843819542787785,1.6004855764623294,test
BEL,2018Q1,4,2019Q1,2017Q4,2017Q4,1.9968829144749731,6.566190180236164,1.987869550030208,test
BGR,2018Q1,4,2019Q1,2017Q4,2017Q4,1.7268180589348423,5.781942078364577,2.500658935160782,test
CYP,2018Q1,4,2019Q1,2017Q4,2017Q4,0.0505612296491042,1.9055600087444449,1.3334245076586315,test
CZE,2018Q1,4,2019Q1,2017Q4,2017Q4,2.471169686985175,-0.2690884628321566,2.332268370607049,test
DEU,2018Q1,4,2019Q1,2017Q4,2017Q4,1.552692434753844,1.5961138098542715,1.5640273704790042,test
DNK,2018Q1,4,2019Q1,2017Q4,2017Q4,1.1655011655011815,-0.3731343283582156,1.1551155115511635,test
EST,2018Q1,4,2019Q1,2017Q4,2017Q4,4.079211835645324,-0.2069607809320195,2.2949479707000897,test
FIN,2018Q1,4,2019Q1,2017Q4,2017Q4,0.6210769739015465,4.407586070177749,1.2099154042888085,test
FRA,2018Q1,4,2019Q1,2017Q4,2017Q4,1.2152720288751029,3.1886092449613823,1.4251781472684133,test
GRC,2018Q1,4,2019Q1,2017Q4,2017Q4,0.8260076297893493,1.645459996002918,0.7864609258337429,test
HRV,2018Q1,4,2019Q1,2017Q4,2017Q4,1.4770258980785431,-1.0513036164844447,0.8166369106658689,test
HUN,2018Q1,4,2019Q1,2017Q4,2017Q4,2.32527501482116,1.4396640783817194,3.2322068612391064,test
IRL,2018Q1,4,2019Q1,2017Q4,2017Q4,0.5025125628140614,3.40231497720096,0.867244829886582,test
ITA,2018Q1,4,2019Q1,2017Q4,2017Q4,1.057152296002606,3.5063113604488105,1.0227647641042337,test
LTU,2018Q1,4,2019Q1,2017Q4,2017Q4,4.061597058050936,2.859080525414059,2.073957513768643,test
LUX,2018Q1,4,2019Q1,2017Q4,2017Q4,1.8459201532213143,3.086530524351283,2.053927771829067,test
LVA,2018Q1,4,2019Q1,2017Q4,2017Q4,2.532356048600115,3.1605881504973565,2.80206231786595,test
MLT,2018Q1,4,2019Q1,2017Q4,2017Q4,1.44599940165544,0.7885956930542948,1.2029375602299552,test
NLD,2018Q1,4,2019Q1,2017Q4,2017Q4,1.3523391812865435,3.281378178835115,2.4686905776670542,test
AUT,2018Q2,4,2019Q2,2018Q1,2018Q1,1.9708124307772137,-0.0577936426992886,1.6637671991143632,test
BEL,2018Q2,4,2019Q2,2018Q1,2018Q1,1.5773175924133742,1.202688362221438,1.6579433980004277,test
BGR,2018Q2,4,2019Q2,2018Q1,2018Q1,1.5626568512631556,5.445075757575757,2.768052874390614,test
CYP,2018Q2,4,2019Q2,2018Q1,2018Q1,-0.7667774988125209,-2.130537707135638,0.5722791928547633,test
CZE,2018Q2,4,2019Q2,2018Q1,2018Q1,1.722456938576511,1.1784511784511895,2.4428934010152226,test
DEU,2018Q2,4,2019Q2,2018Q1,2018Q1,1.454545454545464,1.0309278350515427,1.6672010259698888,test
DNK,2018Q2,4,2019Q2,2018Q1,2018Q1,0.4975124378109541,-0.5074424898511509,0.6869479882237295,test
EST,2018Q2,4,2019Q2,2018Q1,2018Q1,3.225701768619227,3.7598670544245927,2.9693782864212537,test
FIN,2018Q2,4,2019Q2,2018Q1,2018Q1,0.7765257905693268,2.310937799654811,1.3149329514386077,test
FRA,2018Q2,4,2019Q2,2018Q1,2018Q1,1.5060937345179548,3.411479385610372,1.3042919557954225,test
GRC,2018Q2,4,2019Q2,2018Q1,2018Q1,0.2695148732281938,-0.3945538630703904,0.6334253694981307,test
HRV,2018Q2,4,2019Q2,2018Q1,2018Q1,1.113228362250518,3.9719024677282944,0.7874271955227385,test
HUN,2018Q2,4,2019Q2,2018Q1,2018Q1,2.017629774730656,1.512431857465768,3.795910639909139,test
IRL,2018Q2,4,2019Q2,2018Q1,2018Q1,0.5028494803888783,4.4822793606671185,1.2574454003970947,test
ITA,2018Q2,4,2019Q2,2018Q1,2018Q1,0.8652246256239726,5.140507196710065,0.9046849757673447,test
LTU,2018Q2,4,2019Q2,2018Q1,2018Q1,3.0919473103627526,6.827309236947787,2.549196381384644,test
LUX,2018Q2,4,2019Q2,2018Q1,2018Q1,1.171951940122118,3.58169201654166,1.9689450936449584,test
LVA,2018Q2,4,2019Q2,2018Q1,2018Q1,2.0323476556118214,2.7412242017992305,3.294835887591674,test
MLT,2018Q2,4,2019Q2,2018Q1,2018Q1,1.2823101777059698,1.0514609240724004,1.7462681836909244,test
NLD,2018Q2,4,2019Q2,2018Q1,2018Q1,1.251452282157639,8.24767328795668,2.700080840743757,test
AUT,2018Q3,4,2019Q3,2018Q2,2018Q2,2.135426762292414,2.0102226338718943,1.3491259184190474,test
BEL,2018Q3,4,2019Q3,2018Q2,2018Q2,2.1612448770491843,5.8054187936085855,0.8769192360504441,test
BGR,2018Q3,4,2019Q3,2018Q2,2018Q2,2.3508924684370935,2.8019801980198045,2.2476251811302195,test
CYP,2018Q3,4,2019Q3,2018Q2,2018Q2,0.8036279969322324,0.6950190302830173,0.0847761583357753,test
CZE,2018Q3,4,2019Q3,2018Q2,2018Q2,2.072538860103612,1.6559648529908877,2.589201136722452,test
DEU,2018Q3,4,2019Q3,2018Q2,2018Q2,1.9281045751633696,2.832469775474933,1.0136205258156616,test
DNK,2018Q3,4,2019Q3,2018Q2,2018Q2,0.924397490921125,2.4112986565621553,0.4235907461713761,test
EST,2018Q3,4,2019Q3,2018Q2,2018Q2,3.284135199028815,5.183065163519607,2.133178710937522,test
FIN,2018Q3,4,2019Q3,2018Q2,2018Q2,1.0126249342451432,2.8867102396514133,1.0888997237120224,test
FRA,2018Q3,4,2019Q3,2018Q2,2018Q2,2.14609175034457,4.9029221415964,1.2136932782528032,test
GRC,2018Q3,4,2019Q3,2018Q2,2018Q2,0.7428496629360737,0.9209541475478922,0.2446104171422991,test
HRV,2018Q3,4,2019Q3,2018Q2,2018Q2,1.7952369911562904,6.31284916201118,0.6692098797361989,test
HUN,2018Q3,4,2019Q3,2018Q2,2018Q2,2.805981769228283,1.3300165837479172,3.1368256450351906,test
IRL,2018Q3,4,2019Q3,2018Q2,2018Q2,0.4320372216683132,7.273366127898817,0.5582922824302061,test
ITA,2018Q3,4,2019Q3,2018Q2,2018Q2,0.978792822185981,-0.9171195652173948,0.3254149040026188,test
LTU,2018Q3,4,2019Q3,2018Q2,2018Q2,2.5341068468698325,3.282917520672801,2.342387241465249,test
LUX,2018Q3,4,2019Q3,2018Q2,2018Q2,1.9319257252880195,8.296444380979606,1.359569522717874,test
LVA,2018Q3,4,2019Q3,2018Q2,2018Q2,2.374355670103112,3.5666360618688,2.8021511463345528,test
MLT,2018Q3,4,2019Q3,2018Q2,2018Q2,1.724804951963388,1.1188622653590885,1.79717186818662,test
NLD,2018Q3,4,2019Q3,2018Q2,2018Q2,1.526592252133896,8.435662851775838,2.8065893837705858,test
AUT,2018Q4,4,2019Q4,2018Q3,2018Q3,2.2439529838422567,3.363136176066006,1.3531249999999773,test
BEL,2018Q4,4,2019Q4,2018Q3,2018Q3,2.7314696075916745,11.557192427101716,0.4925345393717695,test
BGR,2018Q4,4,2019Q4,2018Q3,2018Q3,3.623744536020568,3.8215937968332447,2.319280023225057,test
CYP,2018Q4,4,2019Q4,2018Q3,2018Q3,1.583253287403541,16.060520957663414,0.2289772350168917,test
CZE,2018Q4,4,2019Q4,2018Q3,2018Q3,2.2602518566354535,2.601351351351311,2.969984202211684,test
DEU,2018Q4,4,2019Q4,2018Q3,2018Q3,2.201359663321467,4.152249134948094,1.178343949044569,test
DNK,2018Q4,4,2019Q4,2018Q3,2018Q3,0.7220216606498298,1.869158878504673,0.6538084341288108,test
EST,2018Q4,4,2019Q4,2018Q3,2018Q3,3.460469815610012,9.267292912041023,1.6856505939475408,test
FIN,2018Q4,4,2019Q4,2018Q3,2018Q3,1.397448996407502,5.501410618107183,0.9349422535666728,test
FRA,2018Q4,4,2019Q4,2018Q3,2018Q3,2.555092121251912,8.828202581926515,1.251840942562632,test
GRC,2018Q4,4,2019Q4,2018Q3,2018Q3,0.931595233392568,1.87154402381966,0.4098493966105954,test
HRV,2018Q4,4,2019Q4,2018Q3,2018Q3,1.994922016684808,5.8754233544396905,0.8937857514300651,test
HUN,2018Q4,4,2019Q4,2018Q3,2018Q3,3.519166019165998,1.4876909313806586,3.5181203452681498,test
IRL,2018Q4,4,2019Q4,2018Q3,2018Q3,1.0285335102853566,11.808248149453648,0.8259002312520414,test
ITA,2018Q4,4,2019Q4,2018Q3,2018Q3,1.6539861065167027,5.3730321697467165,0.2899484536082797,test
LTU,2018Q4,4,2019Q4,2018Q3,2018Q3,2.180209427416524,-0.2957447548797676,2.004193389245157,test
LUX,2018Q4,4,2019Q4,2018Q3,2018Q3,2.530033951423327,11.727729885057482,1.22827566557977,test
LVA,2018Q4,4,2019Q4,2018Q3,2018Q3,2.9129041654529564,4.225153913808244,2.093700122054254,test
MLT,2018Q4,4,2019Q4,2018Q3,2018Q3,2.3722976850966138,0.6235542592778698,1.3228793598554445,test
NLD,2018Q4,4,2019Q4,2018Q3,2018Q3,1.7912594384336122,11.757959126928942,2.7236727729306853,test
AUT,2019Q1,4,2020Q1,2018Q4,2018Q4,2.128746050489938,5.094096940157078,1.9777386492265017,test
BEL,2019Q1,4,2020Q1,2018Q4,2018Q4,2.766370610893598,13.46047298282449,0.9527664476756792,test
BGR,2019Q1,4,2020Q1,2018Q4,2018Q4,2.9830913862405772,4.911907752761957,2.970010607180784,test
CYP,2019Q1,4,2020Q1,2018Q4,2018Q4,1.5228084360892291,26.17898387500448,0.6073284297185788,test
CZE,2019Q1,4,2020Q1,2018Q4,2018Q4,1.7684887459806786,2.765598650927492,3.684046206681235,test
DEU,2019Q1,4,2020Q1,2018Q4,2018Q4,2.147039687703356,4.849726775956276,1.5720243824189906,test
DNK,2019Q1,4,2020Q1,2018Q4,2018Q4,0.6912442396312946,2.2812393598910408,0.5872756933115841,test
EST,2019Q1,4,2020Q1,2018Q4,2018Q4,3.6723968721309457,12.104662818430034,1.536617597344736,test
FIN,2019Q1,4,2020Q1,2018Q4,2018Q4,1.4872939785934849,7.642405063291147,1.0626235137849438,test
FRA,2019Q1,4,2020Q1,2018Q4,2018Q4,2.1854347968330856,9.040261717358211,1.3281575823682612,test
GRC,2019Q1,4,2020Q1,2018Q4,2018Q4,1.1482529446601442,6.599816489710331,0.5564335572237455,test
HRV,2019Q1,4,2020Q1,2018Q4,2018Q4,1.320512398327134,2.372857345233026,1.1543632964942985,test
HUN,2019Q1,4,2020Q1,2018Q4,2018Q4,3.292777134028557,1.2188311048326297,4.352408704817412,test
IRL,2019Q1,4,2020Q1,2018Q4,2018Q4,0.9000000000000119,7.089552238805941,0.8267195767195812,test
ITA,2019Q1,4,2020Q1,2018Q4,2018Q4,1.471068976789791,9.92547425474255,0.2286087524493885,test
LTU,2019Q1,4,2020Q1,2018Q4,2018Q4,2.331745180323752,7.610091265572416,2.466547450206602,test
LUX,2019Q1,4,2020Q1,2018Q4,2018Q4,2.4220219181635416,11.78846220798664,1.5674678875746917,test
LVA,2019Q1,4,2020Q1,2018Q4,2018Q4,2.891643857671866,4.635807860261987,1.9375739829294192,test
MLT,2019Q1,4,2020Q1,2018Q4,2018Q4,1.5564584835179085,0.3611194703581066,1.224757839435231,test
NLD,2019Q1,4,2020Q1,2018Q4,2018Q4,1.829328262793828,13.27485582069965,1.3309870420732617,test
AUT,2019Q2,4,2020Q2,2019Q1,2019Q1,1.6004855764623294,3.8710116334444544,1.0578388973584874,test
BEL,2019Q2,4,2020Q2,2019Q1,2019Q1,1.987869550030208,7.27601071886288,-0.0030829942039733,test
BGR,2019Q2,4,2020Q2,2019Q1,2019Q1,2.500658935160782,5.0195650779395695,1.0729408768187287,test
CYP,2019Q2,4,2020Q2,2019Q1,2019Q1,1.3334245076586315,15.469937802349731,-1.6182613557872538,test
CZE,2019Q2,4,2020Q2,2019Q1,2019Q1,2.332268370607049,6.0232945091514,3.251780737070309,test
DEU,2019Q2,4,2020Q2,2019Q1,2019Q1,1.5640273704790042,4.251700680272119,0.6937874487543461,test
DNK,2019Q2,4,2020Q2,2019Q1,2019Q1,1.1551155115511635,2.210132607956461,-0.0324886289798542,test
EST,2019Q2,4,2020Q2,2019Q1,2019Q1,2.2949479707000897,7.824491157824465,-1.441874436767765,test
FIN,2019Q2,4,2020Q2,2019Q1,2019Q1,1.2099154042888085,7.97588178324844,-0.1317142122847725,test
FRA,2019Q2,4,2020Q2,2019Q1,2019Q1,1.4251781472684133,4.440275171982466,0.3329739328977954,test
GRC,2019Q2,4,2020Q2,2019Q1,2019Q1,0.7864609258337429,2.5455371927659787,-1.168495803744363,test
HRV,2019Q2,4,2020Q2,2019Q1,2019Q1,0.8166369106658689,1.7756711824838067,-0.4261501210653717,test
HUN,2019Q2,4,2020Q2,2019Q1,2019Q1,3.2322068612391064,1.1755460231179793,2.5444596443228384,test
IRL,2019Q2,4,2020Q2,2019Q1,2019Q1,0.867244829886582,3.9241769205188297,-0.5555555555555536,test
ITA,2019Q2,4,2020Q2,2019Q1,2019Q1,1.0227647641042337,7.822685788787487,-0.1921229586935524,test
LTU,2019Q2,4,2020Q2,2019Q1,2019Q1,2.073957513768643,8.580662181770204,0.6487404128899366,test
LUX,2019Q2,4,2020Q2,2019Q1,2019Q1,2.053927771829067,8.333333333333348,-0.9105180533752087,test
LVA,2019Q2,4,2020Q2,2019Q1,2019Q1,2.80206231786595,7.097726804477711,-0.6946136972946437,test
MLT,2019Q2,4,2020Q2,2019Q1,2019Q1,1.2029375602299552,0.1000500250124991,0.9874158983304238,test
NLD,2019Q2,4,2020Q2,2019Q1,2019Q1,2.4686905776670542,17.227551249558836,1.2374055415617091,test
AUT,2019Q3,4,2020Q3,2019Q2,2019Q2,1.6637671991143632,3.191310488616894,1.4405349665645997,test
BEL,2019Q3,4,2020Q3,2019Q2,2019Q2,1.6579433980004277,2.195323874503985,0.4300077339520314,test
BGR,2019Q3,4,2020Q3,2019Q2,2019Q2,2.768052874390614,4.7064111207422155,0.5542783359052894,test
CYP,2019Q3,4,2020Q3,2019Q2,2019Q2,0.5722791928547633,8.60805258833195,-2.2870174295487766,test
CZE,2019Q3,4,2020Q3,2019Q2,2019Q2,2.4428934010152226,7.480053191489366,3.4779932286857385,test
DEU,2019Q3,4,2020Q3,2019Q2,2019Q2,1.6672010259698888,3.829358414511286,-0.156788962057075,test
DNK,2019Q3,4,2020Q3,2019Q2,2019Q2,0.6869479882237295,-0.3699966363942208,0.4218040233614939,test
EST,2019Q3,4,2020Q3,2019Q2,2019Q2,2.9693782864212537,5.086939208919561,-1.3087519048615492,test
FIN,2019Q3,4,2020Q3,2019Q2,2019Q2,1.3149329514386077,8.376669884470456,0.4083601286173577,test
FRA,2019Q3,4,2020Q3,2019Q2,2019Q2,1.3042919557954225,4.798404686234203,0.36069100803644,test
GRC,2019Q3,4,2020Q3,2019Q2,2019Q2,0.6334253694981307,0.7803430929962829,-2.2221499219156615,test
HRV,2019Q3,4,2020Q3,2019Q2,2019Q2,0.7874271955227385,2.921702574881757,-0.4688654099361034,test
HUN,2019Q3,4,2020Q3,2019Q2,2019Q2,3.795910639909139,1.1979967922490342,3.763114803808598,test
IRL,2019Q3,4,2020Q3,2019Q2,2019Q2,1.2574454003970947,4.814936128398295,-0.947093403004573,test
ITA,2019Q3,4,2020Q3,2019Q2,2019Q2,0.9046849757673447,6.5821049022968925,-0.2270515731430333,test
LTU,2019Q3,4,2020Q3,2019Q2,2019Q2,2.549196381384644,4.447941971464742,0.8978573167762294,test
LUX,2019Q3,4,2020Q3,2019Q2,2019Q2,1.9689450936449584,4.493011603375541,-0.1476408871018519,test
LVA,2019Q3,4,2020Q3,2019Q2,2019Q2,3.294835887591674,5.41462084015274,-0.278389623103259,test
MLT,2019Q3,4,2020Q3,2019Q2,2019Q2,1.7462681836909244,0.0333277787035291,0.6180583177799015,test
NLD,2019Q3,4,2020Q3,2019Q2,2019Q2,2.700080840743757,15.988707814705494,0.9714196470404612,test
AUT,2019Q4,4,2020Q4,2019Q3,2019Q3,1.3491259184190474,2.6182713420720205,1.0853143403324106,test
BEL,2019Q4,4,2020Q4,2019Q3,2019Q3,0.8769192360504441,-4.924831518921735,0.3359945747665183,test
BGR,2019Q4,4,2020Q4,2019Q3,2019Q3,2.2476251811302195,4.1892867229422315,0.3121059268600179,test
CYP,2019Q4,4,2020Q4,2019Q3,2019Q3,0.0847761583357753,0.468830343909743,-1.076052047809828,test
CZE,2019Q4,4,2020Q4,2019Q3,2019Q3,2.589201136722452,6.783009548896923,2.700214789812838,test
DEU,2019Q4,4,2020Q4,2019Q3,2019Q3,1.0136205258156616,2.757475083056482,-0.5980484734025793,test
DNK,2019Q4,4,2020Q4,2019Q3,2019Q3,0.4235907461713761,-2.5144410465511413,0.3572588502760654,test
EST,2019Q4,4,2020Q4,2019Q3,2019Q3,2.133178710937522,-0.1219207202700967,-1.2703084176702184,test
FIN,2019Q4,4,2020Q4,2019Q3,2019Q3,1.0888997237120224,5.108180381670135,0.1987179487179524,test
FRA,2019Q4,4,2020Q4,2019Q3,2019Q3,1.2136932782528032,2.7313927669799343,0.0853754940711271,test
GRC,2019Q4,4,2020Q4,2019Q3,2019Q3,0.2446104171422991,0.2762164766339836,-2.1898992516764526,test
HRV,2019Q4,4,2020Q4,2019Q3,2019Q3,0.6692098797361989,1.575104311543818,-0.1642882453371297,test
HUN,2019Q4,4,2020Q4,2019Q3,2019Q3,3.1368256450351906,0.9533137446947616,2.862733293196862,test
IRL,2019Q4,4,2020Q4,2019Q3,2019Q3,0.5582922824302061,0.3783102143757988,-1.1467889908256756,test
ITA,2019Q4,4,2020Q4,2019Q3,2019Q3,0.3254149040026188,-1.753816174082501,-0.3854802441374927,test
LTU,2019Q4,4,2020Q4,2019Q3,2019Q3,2.342387241465249,-0.6072026800669983,0.2599600991475714,test
LUX,2019Q4,4,2020Q4,2019Q3,2019Q3,1.359569522717874,0.4725928307345972,-0.4722144041029552,test
LVA,2019Q4,4,2020Q4,2019Q3,2019Q3,2.8021511463345528,3.625194086275574,-0.6069523634357199,test
MLT,2019Q4,4,2020Q4,2019Q3,2019Q3,1.79717186818662,0.0,0.3343629589529939,test
NLD,2019Q4,4,2020Q4,2019Q3,2019Q3,2.8065893837705858,9.76830974965015,0.9151596828282038,test
AUT,2020Q1,4,2021Q1,2019Q4,2019Q4,1.3531249999999773,-0.2608779670842942,1.483057379829189,test
BEL,2020Q1,4,2021Q1,2019Q4,2019Q4,0.4925345393717695,-9.457966023285111,0.8450791105079514,test
BGR,2020Q1,4,2021Q1,2019Q4,2019Q4,2.319280023225057,2.4039051946457057,0.2278757608864978,test
CYP,2020Q1,4,2021Q1,2019Q4,2019Q4,0.2289772350168917,-2.734408206058214,-0.4628077000469299,test
CZE,2020Q1,4,2021Q1,2019Q4,2019Q4,2.969984202211684,7.0889399409255205,2.168021680216792,test
DEU,2020Q1,4,2021Q1,2019Q4,2019Q4,1.178343949044569,1.00977198697072,1.7372078332280383,test
DNK,2020Q1,4,2021Q1,2019Q4,2019Q4,0.6538084341288108,-1.8641810918774817,0.5838469023678128,test
EST,2020Q1,4,2021Q1,2019Q4,2019Q4,1.6856505939475408,-2.7040360127030927,0.5629710342322847,test
FIN,2020Q1,4,2021Q1,2019Q4,2019Q4,0.9349422535666728,3.2544465676907386,1.0803013303414266,test
FRA,2020Q1,4,2021Q1,2019Q4,2019Q4,1.251840942562632,0.6505465779467867,0.965648250751916,test
GRC,2020Q1,4,2021Q1,2019Q4,2019Q4,0.4098493966105954,-3.2462342453120185,-2.0922694083363336,test
HRV,2020Q1,4,2021Q1,2019Q4,2019Q4,0.8937857514300651,1.0343873244309076,0.7424217863510885,test
HUN,2020Q1,4,2021Q1,2019Q4,2019Q4,3.5181203452681498,0.6458941901980042,3.3479888301348737,test
IRL,2020Q1,4,2021Q1,2019Q4,2019Q4,0.8259002312520414,1.0452961672473782,-0.1311905542800806,test
ITA,2020Q1,4,2021Q1,2019Q4,2019Q4,0.2899484536082797,-4.714946070878289,0.7494297816878381,test
LTU,2020Q1,4,2021Q1,2019Q4,2019Q4,2.004193389245157,-6.775233795549818,0.7432147800445321,test
LUX,2020Q1,4,2021Q1,2019Q4,2019Q4,1.22827566557977,-2.2610483042137863,0.982939427140428,test
LVA,2020Q1,4,2021Q1,2019Q4,2019Q4,2.093700122054254,3.3987713675213582,-0.1191785845251147,test
MLT,2020Q1,4,2021Q1,2019Q4,2019Q4,1.3228793598554445,0.0,0.1427273906837944,test
NLD,2020Q1,4,2021Q1,2019Q4,2019Q4,2.7236727729306853,7.258925032773389,1.7839664045972592,test
AUT,2020Q2,4,2021Q2,2020Q1,2020Q1,1.9777386492265017,2.1515588158239396,2.5676549367322554,test
BEL,2020Q2,4,2021Q2,2020Q1,2020Q1,0.9527664476756792,-9.454249253326108,2.373978726684123,test
BGR,2020Q2,4,2021Q2,2020Q1,2020Q1,2.970010607180784,1.7866414195400582,2.22075222075222,test
CYP,2020Q2,4,2021Q2,2020Q1,2020Q1,0.6073284297185788,3.426399736660968,1.6415365584567798,test
CZE,2020Q2,4,2021Q2,2020Q1,2020Q1,3.684046206681235,4.708097928436916,2.759448110377938,test
DEU,2020Q2,4,2021Q2,2020Q1,2020Q1,1.5720243824189906,1.566068515497543,2.1609771374882403,test
DNK,2020Q2,4,2021Q2,2020Q1,2020Q1,0.5872756933115841,-3.3266799733865593,1.722456938576511,test
EST,2020Q2,4,2021Q2,2020Q1,2020Q1,1.536617597344736,-6.575893547887956,2.846693081377616,test
FIN,2020Q2,4,2021Q2,2020Q1,2020Q1,1.0626235137849438,0.7175510676465713,2.126290732460534,test
FRA,2020Q2,4,2021Q2,2020Q1,2020Q1,1.3281575823682612,1.362275449101813,1.7636461329372022,test
GRC,2020Q2,4,2021Q2,2020Q1,2020Q1,0.5564335572237455,-3.0807713010163384,-0.5682931608857467,test
HRV,2020Q2,4,2021Q2,2020Q1,2020Q1,1.1543632964942985,0.066034129218373,2.2306520118017037,test
HUN,2020Q2,4,2021Q2,2020Q1,2020Q1,4.352408704817412,0.3883746520810138,5.265030238349344,test
IRL,2020Q2,4,2021Q2,2020Q1,2020Q1,0.8267195767195812,0.3839999999999843,1.5116661189615188,test
ITA,2020Q2,4,2021Q2,2020Q1,2020Q1,0.2286087524493885,-6.922611850060479,1.1549566891241536,test
LTU,2020Q2,4,2021Q2,2020Q1,2020Q1,2.466547450206602,-10.046771548320454,3.1595433872473766,test
LUX,2020Q2,4,2021Q2,2020Q1,2020Q1,1.5674678875746917,0.1030638058652666,3.589987325728772,test
LVA,2020Q2,4,2021Q2,2020Q1,2020Q1,1.9375739829294192,-2.542563083138283,2.3193029819609245,test
MLT,2020Q2,4,2021Q2,2020Q1,2020Q1,1.224757839435231,0.0,0.1264612442552604,test
NLD,2020Q2,4,2021Q2,2020Q1,2020Q1,1.3309870420732617,-11.187433294107974,1.8038752215967513,test
AUT,2020Q3,4,2021Q3,2020Q2,2020Q2,1.0578388973584874,-0.0391057811379713,3.083510458059968,test
BEL,2020Q3,4,2021Q3,2020Q2,2020Q2,-0.0030829942039733,-16.302586736689218,3.295958600295723,test
BGR,2020Q3,4,2021Q3,2020Q2,2020Q2,1.0729408768187287,-1.309213552046573,2.922108428074788,test
CYP,2020Q3,4,2021Q3,2020Q2,2020Q2,-1.6182613557872538,-8.2980268732599,3.214083286100089,test
CZE,2020Q3,4,2021Q3,2020Q2,2020Q2,3.251780737070309,3.7117228580265897,3.2718619869125387,test
DEU,2020Q3,4,2021Q3,2020Q2,2020Q2,0.6937874487543461,-0.8411517308314576,3.5175879396984966,test
DNK,2020Q3,4,2021Q3,2020Q2,2020Q2,-0.0324886289798542,-4.996623902768393,2.003231017770557,test
EST,2020Q3,4,2021Q3,2020Q2,2020Q2,-1.441874436767765,-6.7321355268559095,5.4164522086651345,test
FIN,2020Q3,4,2021Q3,2020Q2,2020Q2,-0.1317142122847725,-2.64919690831249,1.9086047330835632,test
FRA,2020Q3,4,2021Q3,2020Q2,2020Q2,0.3329739328977954,-3.2140096331093604,2.2005044136191865,test
GRC,2020Q3,4,2021Q3,2020Q2,2020Q2,-1.168495803744363,-12.814359761950476,1.2677602901540963,test
HRV,2020Q3,4,2021Q3,2020Q2,2020Q2,-0.4261501210653717,-7.872970489124908,3.123285903268491,test
HUN,2020Q3,4,2021Q3,2020Q2,2020Q2,2.5444596443228384,0.2749296503541831,5.0469037669131245,test
IRL,2020Q3,4,2021Q3,2020Q2,2020Q2,-0.5555555555555536,-10.156250000000034,2.9673590504450953,test
ITA,2020Q3,4,2021Q3,2020Q2,2020Q2,-0.1921229586935524,-10.935992280476036,2.1131339401820215,test
LTU,2020Q3,4,2021Q3,2020Q2,2020Q2,0.6487404128899366,-12.506961050872976,5.218545443576383,test
LUX,2020Q3,4,2021Q3,2020Q2,2020Q2,-0.9105180533752087,-9.41039149499986,3.627269009343448,test
LVA,2020Q3,4,2021Q3,2020Q2,2020Q2,-0.6946136972946437,-3.939707594772912,3.699726968739436,test
MLT,2020Q3,4,2021Q3,2020Q2,2020Q2,0.9874158983304238,-0.6296851574212892,0.4622168161775741,test
NLD,2020Q3,4,2021Q3,2020Q2,2020Q2,1.2374055415617091,-12.725412103108749,2.354142176576146,test
AUT,2020Q4,4,2021Q4,2020Q3,2020Q3,1.4405349665645997,-1.089317555519509,3.888973615982927,test
BEL,2020Q4,4,2021Q4,2020Q3,2020Q3,0.4300077339520314,-12.948401538196618,6.3625192012289,test
BGR,2020Q4,4,2021Q4,2020Q3,2020Q3,0.5542783359052894,-0.7077886874284567,6.01527389295704,test
CYP,2020Q4,4,2021Q4,2020Q3,2020Q3,-2.2870174295487766,-20.574421965317914,4.6422116607537145,test
CZE,2020Q4,4,2021Q4,2020Q3,2020Q3,3.4779932286857385,3.515263644773392,5.0194203764565515,test
DEU,2020Q4,4,2021Q4,2020Q3,2020Q3,-0.156788962057075,-3.524086647268043,5.446485117162747,test
DNK,2020Q4,4,2021Q4,2020Q3,2020Q3,0.4218040233614939,-1.5684907633321754,3.462783171521022,test
EST,2020Q4,4,2021Q4,2020Q3,2020Q3,-1.3087519048615492,-5.073711227268484,9.134322910329695,test
FIN,2020Q4,4,2021Q4,2020Q3,2020Q3,0.4083601286173577,-2.7725577495735787,3.1475913249312315,test
FRA,2020Q4,4,2021Q4,2020Q3,2020Q3,0.36069100803644,-3.523316062176141,3.3331227094654414,test
GRC,2020Q4,4,2021Q4,2020Q3,2020Q3,-2.2221499219156615,-14.227603215784256,3.7392773159341974,test
HRV,2020Q4,4,2021Q4,2020Q3,2020Q3,-0.4688654099361034,-5.85355834731115,4.588280846670134,test
HUN,2020Q4,4,2021Q4,2020Q3,2020Q3,3.763114803808598,0.2619494211240969,7.134704866699848,test
IRL,2020Q4,4,2021Q4,2020Q3,2020Q3,-0.947093403004573,-8.919597989949724,5.369572422936675,test
ITA,2020Q4,4,2021Q4,2020Q3,2020Q3,-0.2270515731430333,-10.115702479338829,3.740728797162185,test
LTU,2020Q4,4,2021Q4,2020Q3,2020Q3,0.8978573167762294,-14.054490555438528,9.388567293777127,test
LUX,2020Q4,4,2021Q4,2020Q3,2020Q3,-0.1476408871018519,-7.013951107129124,5.706026519198137,test
LVA,2020Q4,4,2021Q4,2020Q3,2020Q3,-0.278389623103259,-6.442996742670992,7.090426844312869,test
MLT,2020Q4,4,2021Q4,2020Q3,2020Q3,0.6180583177799015,-0.6296851574212892,2.107401294909206,test
NLD,2020Q4,4,2021Q4,2020Q3,2020Q3,0.9714196470404612,-12.446169537624671,5.347992173669991,test
AUT,2021Q1,4,2022Q1,2020Q4,2020Q4,1.0853143403324106,-1.9504004133299,5.526523667740202,test
BEL,2021Q1,4,2022Q1,2020Q4,2020Q4,0.3359945747665183,-10.993783530613989,9.110927608037445,test
BGR,2021Q1,4,2022Q1,2020Q4,2020Q4,0.3121059268600179,-0.410733023534704,8.866949046966521,test
CYP,2021Q1,4,2022Q1,2020Q4,2020Q4,-1.076052047809828,-15.370273262250212,5.6873315363881405,test
CZE,2021Q1,4,2022Q1,2020Q4,2020Q4,2.700214789812838,0.3984063745019917,10.226937813144744,test
DEU,2021Q1,4,2022Q1,2020Q4,2020Q4,-0.5980484734025793,-4.127700741696239,6.08506674945668,test
DNK,2021Q1,4,2022Q1,2020Q4,2020Q4,0.3572588502760654,-3.4938941655359934,5.385359561431802,test
EST,2021Q1,4,2022Q1,2020Q4,2020Q4,-1.2703084176702184,-1.8316643427557455,12.48156508653122,test
FIN,2021Q1,4,2022Q1,2020Q4,2020Q4,0.1987179487179524,-4.216730254541301,4.772929087910671,test
FRA,2021Q1,4,2022Q1,2020Q4,2020Q4,0.0853754940711271,-2.5588053005932476,4.189401066164922,test
GRC,2021Q1,4,2022Q1,2020Q4,2020Q4,-2.1898992516764526,-11.609582512550066,6.584843823155673,test
HRV,2021Q1,4,2022Q1,2020Q4,2020Q4,-0.1642882453371297,-5.885978428351302,6.355795842183176,test
HUN,2021Q1,4,2022Q1,2020Q4,2020Q4,2.862733293196862,0.1902673417394806,8.31009801948892,test
IRL,2021Q1,4,2022Q1,2020Q4,2020Q4,-1.1467889908256756,-6.144200626959229,5.9113300492610765,test
ITA,2021Q1,4,2022Q1,2020Q4,2020Q4,-0.3854802441374927,-5.562742561448919,6.015523932729638,test
LTU,2021Q1,4,2022Q1,2020Q4,2020Q4,0.2599600991475714,-10.007264173786734,13.939249126370168,test
LUX,2021Q1,4,2022Q1,2020Q4,2020Q4,-0.4722144041029552,-8.12223178153777,6.791903034811964,test
LVA,2021Q1,4,2022Q1,2020Q4,2020Q4,-0.6069523634357199,-7.542783338714853,9.245831421141194,test
MLT,2021Q1,4,2022Q1,2020Q4,2020Q4,0.3343629589529939,-0.6296851574212892,4.269240735941948,test
NLD,2021Q1,4,2022Q1,2020Q4,2020Q4,0.9151596828282038,-11.51441077823887,8.850353641891061,test
AUT,2021Q2,4,2022Q2,2021Q1,2021Q1,1.483057379829189,1.4426313595998996,7.86132372805044,test
BEL,2021Q2,4,2022Q2,2021Q1,2021Q1,0.8450791105079514,1.1634880652512836,9.93525071525372,test
BGR,2021Q2,4,2022Q2,2021Q1,2021Q1,0.2278757608864978,0.0090014402304605,13.407907306400402,test
CYP,2021Q2,4,2022Q2,2021Q1,2021Q1,-0.4628077000469299,-12.496383311150971,8.802052496546287,test
CZE,2021Q2,4,2022Q2,2021Q1,2021Q1,2.168021680216792,-2.278177458033559,15.032107413893758,test
DEU,2021Q2,4,2022Q2,2021Q1,2021Q1,1.7372078332280383,-0.4818503051718603,8.277130594727167,test
DNK,2021Q2,4,2022Q2,2021Q1,2021Q1,0.5838469023678128,-0.5849965588437867,8.242811501597469,test
EST,2021Q2,4,2022Q2,2021Q1,2021Q1,0.5629710342322847,6.634647234183522,20.43622569938359,test
FIN,2021Q2,4,2022Q2,2021Q1,2021Q1,1.0803013303414266,-1.1692042516518453,7.005165679727843,test
FRA,2021Q2,4,2022Q2,2021Q1,2021Q1,0.965648250751916,0.9511150494756926,5.913594434264069,test
GRC,2021Q2,4,2022Q2,2021Q1,2021Q1,-2.0922694083363336,-5.3250571708592265,10.428984364735228,test
HRV,2021Q2,4,2022Q2,2021Q1,2021Q1,0.7424217863510885,-1.82689636010005,10.795724842218757,test
HUN,2021Q2,4,2022Q2,2021Q1,2021Q1,3.3479888301348737,0.3030498420272254,11.008786752281164,test
IRL,2021Q2,4,2022Q2,2021Q1,2021Q1,-0.1311905542800806,-1.37073637233025,8.38459048235678,test
ITA,2021Q2,4,2022Q2,2021Q1,2021Q1,0.7494297816878381,-1.6563819421890114,7.358071677767186,test
LTU,2021Q2,4,2022Q2,2021Q1,2021Q1,0.7432147800445321,-7.302991424133964,18.54306569343065,test
LUX,2021Q2,4,2022Q2,2021Q1,2021Q1,0.982939427140428,0.1247972045426148,9.469917107637738,test
LVA,2021Q2,4,2022Q2,2021Q1,2021Q1,-0.1191785845251147,-4.497302276615334,16.3648356920125,test
MLT,2021Q2,4,2022Q2,2021Q1,2021Q1,0.1427273906837944,-0.6296851574212892,5.766742652948076,test
NLD,2021Q2,4,2022Q2,2021Q1,2021Q1,1.7839664045972592,-2.1199889070347866,10.43900650719458,test
AUT,2021Q3,4,2022Q3,2021Q2,2021Q2,2.5676549367322554,4.035991393362437,9.900191250298818,test
BEL,2021Q3,4,2022Q3,2021Q2,2021Q2,2.373978726684123,17.628996729190316,10.982883044074686,test
BGR,2021Q3,4,2022Q3,2021Q2,2021Q2,2.22075222075222,3.902075307568031,15.172539711520905,test
CYP,2021Q3,4,2022Q3,2021Q2,2021Q2,1.6415365584567798,10.11814401689659,9.71670381496912,test
CZE,2021Q3,4,2022Q3,2021Q2,2021Q2,2.759448110377938,-2.833283626603067,17.396313364055317,test
DEU,2021Q3,4,2022Q3,2021Q2,2021Q2,2.1609771374882403,1.8270799347471556,9.40533980582523,test
DNK,2021Q3,4,2022Q3,2021Q2,2021Q2,1.722456938576511,4.086709310589898,10.199556541019938,test
EST,2021Q3,4,2022Q3,2021Q2,2021Q2,2.846693081377616,9.940075159968863,24.142684818197505,test
FIN,2021Q3,4,2022Q3,2021Q2,2021Q2,2.126290732460534,2.057200200702458,8.116770888979662,test
FRA,2021Q3,4,2022Q3,2021Q2,2021Q2,1.7636461329372022,6.6138297545541125,6.524153248195441,test
GRC,2021Q3,4,2022Q3,2021Q2,2021Q2,-0.5682931608857467,7.849829351535842,11.539725307222204,test
HRV,2021Q3,4,2022Q3,2021Q2,2021Q2,2.2306520118017037,6.698440848296761,12.59347329557896,test
HUN,2021Q3,4,2022Q3,2021Q2,2021Q2,5.265030238349344,0.3870718018192276,17.996439103099092,test
IRL,2021Q3,4,2022Q3,2021Q2,2021Q2,1.5116661189615188,12.034782608695682,9.061799551713134,test
ITA,2021Q3,4,2022Q3,2021Q2,2021Q2,1.1549566891241536,12.892741061755151,8.946195479146768,test
LTU,2021Q3,4,2022Q3,2021Q2,2021Q2,3.1595433872473766,2.4486128271368868,21.490209569679777,test
LUX,2021Q3,4,2022Q3,2021Q2,2021Q2,3.589987325728772,15.41301016854717,8.904068002428666,test
LVA,2021Q3,4,2022Q3,2021Q2,2021Q2,2.3193029819609245,-1.9092194760589989,21.592758039227288,test
MLT,2021Q3,4,2022Q3,2021Q2,2021Q2,0.1264612442552604,0.0,7.076913763356263,test
NLD,2021Q3,4,2022Q3,2021Q2,2021Q2,1.8038752215967513,3.337030581524303,14.114304711820358,test
AUT,2021Q4,4,2022Q4,2021Q3,2021Q3,3.083510458059968,7.745255498377501,11.08631826189075,test
BEL,2021Q4,4,2022Q4,2021Q3,2021Q3,3.295958600295723,28.49937364013977,11.244620317148524,test
BGR,2021Q4,4,2022Q4,2021Q3,2021Q3,2.922108428074788,6.6096399429732555,14.499155129991426,test
CYP,2021Q4,4,2022Q4,2021Q3,2021Q3,3.214083286100089,32.317489197179896,8.101711178634275,test
CZE,2021Q4,4,2022Q4,2021Q3,2021Q3,3.2718619869125387,-2.680965147453096,16.500711237553322,test
DEU,2021Q4,4,2022Q4,2021Q3,2021Q3,3.5175879396984966,5.965147453083142,10.81081081081081,test
DNK,2021Q4,4,2022Q4,2021Q3,2021Q3,2.003231017770557,10.587818696883854,10.228339067876105,test
EST,2021Q4,4,2022Q4,2021Q3,2021Q3,5.4164522086651345,25.25718807702455,20.410267844700257,test
FIN,2021Q4,4,2022Q4,2021Q3,2021Q3,1.9086047330835632,3.936961046684506,8.74837189108726,test
FRA,2021Q4,4,2022Q4,2021Q3,2021Q3,2.2005044136191865,11.229093141015788,6.958755006573525,test
GRC,2021Q4,4,2022Q4,2021Q3,2021Q3,1.2677602901540963,10.601590798760242,8.61694655513694,test
HRV,2021Q4,4,2022Q4,2021Q3,2021Q3,3.123285903268491,6.762898592880795,12.787684333929782,test
HUN,2021Q4,4,2022Q4,2021Q3,2021Q3,5.0469037669131245,0.4870496403574176,23.338523313939177,test
IRL,2021Q4,4,2022Q4,2021Q3,2021Q3,2.9673590504450953,18.482758620689665,8.839257628184981,test
ITA,2021Q4,4,2022Q4,2021Q3,2021Q3,2.1131339401820215,22.839279146745103,12.49611439229097,test
LTU,2021Q4,4,2022Q4,2021Q3,2021Q3,5.218545443576383,23.43232975203233,21.162008709552936,test
LUX,2021Q4,4,2022Q4,2021Q3,2021Q3,3.627269009343448,17.677219545767354,7.454967005528812,test
LVA,2021Q4,4,2022Q4,2021Q3,2021Q3,3.699726968739436,10.295244063783882,21.386400944618835,test
MLT,2021Q4,4,2022Q4,2021Q3,2021Q3,0.4622168161775741,0.0,7.3107049608355235,test
NLD,2021Q4,4,2022Q4,2021Q3,2021Q3,2.354142176576146,15.25094651004757,13.018484124878404,test
AUT,2022Q1,4,2023Q1,2021Q4,2021Q4,3.888973615982927,14.648926360163372,10.59799038378484,test
BEL,2022Q1,4,2023Q1,2021Q4,2021Q4,6.3625192012289,56.56333716035209,5.919946182307423,test
BGR,2022Q1,4,2023Q1,2021Q4,2021Q4,6.01527389295704,13.227768077548308,13.351451866685736,test
CYP,2022Q1,4,2023Q1,2021Q4,2021Q4,4.6422116607537145,32.47848537005167,6.54169854628921,test
CZE,2022Q1,4,2023Q1,2021Q4,2021Q4,5.0194203764565515,-4.884004884004877,17.967914438502653,test
DEU,2022Q1,4,2023Q1,2021Q4,2021Q4,5.446485117162747,11.200807265388502,8.721100380450665,test
DNK,2022Q1,4,2023Q1,2021Q4,2021Q4,3.462783171521022,22.98769771528999,7.986536107711117,test
EST,2022Q1,4,2023Q1,2021Q4,2021Q4,9.134322910329695,45.64529666214736,17.333832816011974,test
FIN,2022Q1,4,2023Q1,2021Q4,2021Q4,3.1475913249312315,9.637050028239337,7.494627236129214,test
FRA,2022Q1,4,2023Q1,2021Q4,2021Q4,3.3331227094654414,18.44257329779502,7.0035514356227235,test
GRC,2022Q1,4,2023Q1,2021Q4,2021Q4,3.7392773159341974,37.33644859813088,6.3913902921150845,test
HRV,2022Q1,4,2023Q1,2021Q4,2021Q4,4.588280846670134,9.51029615076764,11.576749674725416,test
HUN,2022Q1,4,2023Q1,2021Q4,2021Q4,7.134704866699848,0.9978112527359252,25.878450106157104,test
IRL,2022Q1,4,2023Q1,2021Q4,2021Q4,5.369572422936675,27.12090848363395,7.53488372093023,test
ITA,2022Q1,4,2023Q1,2021Q4,2021Q4,3.740728797162185,31.780821917808268,9.517998779743753,test
LTU,2022Q1,4,2023Q1,2021Q4,2021Q4,9.388567293777127,35.21678966789672,16.960260039844812,test
LUX,2022Q1,4,2023Q1,2021Q4,2021Q4,5.706026519198137,32.78768120968301,4.470246734397665,test
LVA,2022Q1,4,2023Q1,2021Q4,2021Q4,7.090426844312869,22.60599287560239,19.514380933710473,test
MLT,2022Q1,4,2023Q1,2021Q4,2021Q4,2.107401294909206,0.0,6.968002485243852,test
NLD,2022Q1,4,2023Q1,2021Q4,2021Q4,5.347992173669991,54.874562333365475,7.238735786143824,test
AUT,2022Q2,4,2023Q2,2022Q1,2022Q1,5.526523667740202,23.897860506273098,8.632492903656708,test
BEL,2022Q2,4,2023Q2,2022Q1,2022Q1,9.110927608037445,83.67619160540671,2.5504054350208305,test
BGR,2022Q2,4,2023Q2,2022Q1,2022Q1,8.866949046966521,16.294140589841287,8.793000380414128,test
CYP,2022Q2,4,2023Q2,2022Q1,2022Q1,5.6873315363881405,28.46609132691862,3.43732994739705,test
CZE,2022Q2,4,2023Q2,2022Q1,2022Q1,10.226937813144744,22.08588957055211,12.611012433392531,test
DEU,2022Q2,4,2023Q2,2022Q1,2022Q1,6.08506674945668,23.983214977404764,6.879954699886737,test
DNK,2022Q2,4,2023Q2,2022Q1,2022Q1,5.385359561431802,36.483212184146765,3.630460448642281,test
EST,2022Q2,4,2023Q2,2022Q1,2022Q1,12.48156508653122,48.38940142266954,11.077755905511813,test
FIN,2022Q2,4,2023Q2,2022Q1,2022Q1,4.772929087910671,24.09092230328749,5.130695867184754,test
FRA,2022Q2,4,2023Q2,2022Q1,2022Q1,4.189401066164922,21.335986189542687,6.0731356851705165,test
GRC,2022Q2,4,2023Q2,2022Q1,2022Q1,6.584843823155673,58.288474810213955,3.795472798120114,test
HRV,2022Q2,4,2023Q2,2022Q1,2022Q1,6.355795842183176,8.77379183471312,8.472878202375833,test
HUN,2022Q2,4,2023Q2,2022Q1,2022Q1,8.31009801948892,1.404602725636428,22.056473095364957,test
IRL,2022Q2,4,2023Q2,2022Q1,2022Q1,5.9113300492610765,34.35681965093731,5.46594982078854,test
ITA,2022Q2,4,2023Q2,2022Q1,2022Q1,6.015523932729638,65.88507265521797,7.769571639586426,test
LTU,2022Q2,4,2023Q2,2022Q1,2022Q1,13.939249126370168,60.20761245674735,10.709095835077951,test
LUX,2022Q2,4,2023Q2,2022Q1,2022Q1,6.791903034811964,39.48647638040632,1.8692894464779508,test
LVA,2022Q2,4,2023Q2,2022Q1,2022Q1,9.245831421141194,17.165593027661984,11.736665807781478,test
MLT,2022Q2,4,2023Q2,2022Q1,2022Q1,4.269240735941948,0.0,6.29696510747364,test
NLD,2022Q2,4,2023Q2,2022Q1,2022Q1,8.850353641891061,107.82622383126083,6.323651452282153,test
AUT,2022Q3,4,2023Q3,2022Q2,2022Q2,7.86132372805044,28.280897468037125,6.727030481007157,test
BEL,2022Q3,4,2023Q3,2022Q2,2022Q2,9.93525071525372,78.24310520939734,1.5611145444286212,test
BGR,2022Q3,4,2023Q3,2022Q2,2022Q2,13.407907306400402,20.386317426145204,7.213062777425505,test
CYP,2022Q3,4,2023Q3,2022Q2,2022Q2,8.802052496546287,41.89642771517623,3.262181657588714,test
CZE,2022Q3,4,2023Q3,2022Q2,2022Q2,15.032107413893758,33.578882750153504,9.519136408243355,test
DEU,2022Q3,4,2023Q3,2022Q2,2022Q2,8.277130594727167,35.88593399551423,5.740432612312807,test
DNK,2022Q3,4,2023Q3,2022Q2,2022Q2,8.242811501597469,47.21748036872655,2.0408163265306145,test
EST,2022Q3,4,2023Q3,2022Q2,2022Q2,20.43622569938359,108.64718381424564,4.798260225800477,test
FIN,2022Q3,4,2023Q3,2022Q2,2022Q2,7.005165679727843,25.822777488576556,3.4412602453060215,test
FRA,2022Q3,4,2023Q3,2022Q2,2022Q2,5.913594434264069,27.718550106609797,5.4846089247965635,test
GRC,2022Q3,4,2023Q3,2022Q2,2022Q2,10.428984364735228,74.10507690213693,3.1019855063924906,test
HRV,2022Q3,4,2023Q3,2022Q2,2022Q2,10.795724842218757,20.16690328612487,7.961429444784085,test
HUN,2022Q3,4,2023Q3,2022Q2,2022Q2,11.008786752281164,1.6901227427543295,14.577390074266194,test
IRL,2022Q3,4,2023Q3,2022Q2,2022Q2,8.38459048235678,54.02049053089102,4.844392248972396,test
ITA,2022Q3,4,2023Q3,2022Q2,2022Q2,7.358071677767186,64.81126039667306,5.815312682641727,test
LTU,2022Q3,4,2023Q3,2022Q2,2022Q2,18.54306569343065,70.24083616562513,5.871109328173296,test
LUX,2022Q3,4,2023Q3,2022Q2,2022Q2,9.469917107637738,35.66471546677927,2.9799570707774503,test
LVA,2022Q3,4,2023Q3,2022Q2,2022Q2,16.3648356920125,49.26367100339846,5.267383582307428,test
MLT,2022Q3,4,2023Q3,2022Q2,2022Q2,5.766742652948076,0.0,5.187279151943458,test
NLD,2022Q3,4,2023Q3,2022Q2,2022Q2,10.43900650719458,108.14524043179593,2.751807611833579,test
AUT,2022Q4,4,2023Q4,2022Q3,2022Q3,9.900191250298818,46.6080554879533,5.132677872925262,test
BEL,2022Q4,4,2023Q4,2022Q3,2022Q3,10.982883044074686,75.71256317504296,-0.6465181492444239,test
BGR,2022Q4,4,2023Q4,2022Q3,2022Q3,15.172539711520905,31.480111534740814,5.470691797845895,test
CYP,2022Q4,4,2023Q4,2022Q3,2022Q3,9.71670381496912,57.597112409762794,2.6451269305876046,test
CZE,2022Q4,4,2023Q4,2022Q3,2022Q3,17.396313364055317,42.17936945209673,8.351648351648366,test
DEU,2022Q4,4,2023Q4,2022Q3,2022Q3,9.40533980582523,46.457938013915246,3.0081300813008083,test
DNK,2022Q4,4,2023Q4,2022Q3,2022Q3,10.199556541019938,54.97918667947488,0.0851305334846896,test
EST,2022Q4,4,2023Q4,2022Q3,2022Q3,24.142684818197505,122.01484679372432,4.481274015091907,test
FIN,2022Q4,4,2023Q4,2022Q3,2022Q3,8.116770888979662,33.034845797333645,1.485727321983643,test
FRA,2022Q4,4,2023Q4,2022Q3,2022Q3,6.524153248195441,24.928263988522236,4.170597147185751,test
GRC,2022Q4,4,2023Q4,2022Q3,2022Q3,11.539725307222204,72.88135593220335,3.4655065988653977,test
HRV,2022Q4,4,2023Q4,2022Q3,2022Q3,12.59347329557896,19.63355242992879,5.86449301129679,test
HUN,2022Q4,4,2023Q4,2022Q3,2022Q3,17.996439103099092,37.85709700199009,7.572032866033274,test
IRL,2022Q4,4,2023Q4,2022Q3,2022Q3,9.061799551713134,50.989522700814845,3.1213872832370093,test
ITA,2022Q4,4,2023Q4,2022Q3,2022Q3,8.946195479146768,71.01796407185633,0.9671179883945946,test
LTU,2022Q4,4,2023Q4,2022Q3,2022Q3,21.490209569679777,99.146119477081,2.3475887170154586,test
LUX,2022Q4,4,2023Q4,2022Q3,2022Q3,8.904068002428666,25.952568938795828,2.442600276625151,test
LVA,2022Q4,4,2023Q4,2022Q3,2022Q3,21.592758039227288,84.75646327219918,1.4282663882891675,test
MLT,2022Q4,4,2023Q4,2022Q3,2022Q3,7.076913763356263,0.0,3.910323253388937,test
NLD,2022Q4,4,2023Q4,2022Q3,2022Q3,14.114304711820358,153.9785489667565,0.4434358452669373,test
AUT,2023Q1,4,2024Q1,2022Q4,2022Q4,11.08631826189075,52.332529012984,4.123496641849345,test
BEL,2023Q1,4,2024Q1,2022Q4,2022Q4,11.244620317148524,60.34588120263997,2.969196570339805,test
BGR,2023Q1,4,2024Q1,2022Q4,2022Q4,14.499155129991426,21.65000531745187,3.493008934430364,test
CYP,2023Q1,4,2024Q1,2022Q4,2022Q4,8.101711178634275,34.23671560348189,1.953919808497906,test
CZE,2023Q1,4,2024Q1,2022Q4,2022Q4,16.500711237553322,26.412066752246453,2.357207615593837,test
DEU,2023Q1,4,2024Q1,2022Q4,2022Q4,10.81081081081081,47.36842105263157,2.7187079407806403,test
DNK,2023Q1,4,2024Q1,2022Q4,2022Q4,10.228339067876105,51.157473563875385,0.7650892604137427,test
EST,2023Q1,4,2024Q1,2022Q4,2022Q4,20.410267844700257,54.556939580655154,4.467502850627136,test
FIN,2023Q1,4,2024Q1,2022Q4,2022Q4,8.74837189108726,41.22224330992594,0.934868921240084,test
FRA,2023Q1,4,2024Q1,2022Q4,2022Q4,6.958755006573525,22.383326940288978,3.0011532078868086,test
GRC,2023Q1,4,2024Q1,2022Q4,2022Q4,8.61694655513694,10.006019839296451,3.238173882269657,test
HRV,2023Q1,4,2024Q1,2022Q4,2022Q4,12.787684333929782,20.61794019933556,4.813559322033889,test
HUN,2023Q1,4,2024Q1,2022Q4,2022Q4,23.338523313939177,62.56612913506281,3.6284286647972896,test
IRL,2023Q1,4,2024Q1,2022Q4,2022Q4,8.839257628184981,66.36889122438257,2.249134948096887,test
ITA,2023Q1,4,2024Q1,2022Q4,2022Q4,12.49611439229097,129.83367983367984,1.002785515320315,test
LTU,2023Q1,4,2024Q1,2022Q4,2022Q4,21.162008709552936,80.41389504804137,0.8539154601282073,test
LUX,2023Q1,4,2024Q1,2022Q4,2022Q4,7.454967005528812,17.300459674049318,3.139761044734657,test
LVA,2023Q1,4,2024Q1,2022Q4,2022Q4,21.386400944618835,68.92072805993106,0.8857644991212554,test
MLT,2023Q1,4,2024Q1,2022Q4,2022Q4,7.3107049608355235,0.0,3.116196671797411,test
NLD,2023Q1,4,2024Q1,2022Q4,2022Q4,13.018484124878404,92.4441033724644,2.9684551808445647,test
AUT,2023Q2,4,2024Q2,2023Q1,2023Q1,10.59799038378484,39.31641372273946,3.263654062916288,test
BEL,2023Q2,4,2024Q2,2023Q1,2023Q1,5.919946182307423,-14.133785201323356,5.051422465607036,test
BGR,2023Q2,4,2024Q2,2023Q1,2023Q1,13.351451866685736,16.087921159898855,2.6549777711174283,test
CYP,2023Q2,4,2024Q2,2023Q1,2023Q1,6.54169854628921,30.430865849891894,2.706415314920352,test
CZE,2023Q2,4,2024Q2,2023Q1,2023Q1,17.967914438502653,49.34673366834173,2.681388012618302,test
DEU,2023Q2,4,2024Q2,2023Q1,2023Q1,8.721100380450665,29.05493361103879,2.569536423841101,test
DNK,2023Q2,4,2024Q2,2023Q1,2023Q1,7.986536107711117,16.129850367740282,1.4525776132155777,test
EST,2023Q2,4,2024Q2,2023Q1,2023Q1,17.333832816011974,44.21720290552847,3.0082849674361034,test
FIN,2023Q2,4,2024Q2,2023Q1,2023Q1,7.494627236129214,25.782951910238715,0.5235895282094338,test
FRA,2023Q2,4,2024Q2,2023Q1,2023Q1,7.0035514356227235,16.26998480792883,2.504699767776186,test
GRC,2023Q2,4,2024Q2,2023Q1,2023Q1,6.3913902921150845,-10.838855946982909,2.6651382719587557,test
HRV,2023Q2,4,2024Q2,2023Q1,2023Q1,11.576749674725416,15.80042932413972,4.158860007916632,test
HUN,2023Q2,4,2024Q2,2023Q1,2023Q1,25.878450106157104,48.31848870011726,3.712248758080272,test
IRL,2023Q2,4,2024Q2,2023Q1,2023Q1,7.53488372093023,47.96728409910993,1.699235344095151,test
ITA,2023Q2,4,2024Q2,2023Q1,2023Q1,9.517998779743753,40.99143937885727,0.8771929824561653,test
LTU,2023Q2,4,2024Q2,2023Q1,2023Q1,16.960260039844812,43.92406502216666,0.769761285011894,test
LUX,2023Q2,4,2024Q2,2023Q1,2023Q1,4.470246734397665,-3.3397372888928523,3.0007131493773542,test
LVA,2023Q2,4,2024Q2,2023Q1,2023Q1,19.514380933710473,69.78125367517349,0.8670586878819497,test
MLT,2023Q2,4,2024Q2,2023Q1,2023Q1,6.968002485243852,0.0,2.293402016659307,test
NLD,2023Q2,4,2024Q2,2023Q1,2023Q1,7.238735786143824,-17.127666020358678,2.8697054844416536,test
AUT,2023Q3,4,2024Q3,2023Q2,2023Q2,8.632492903656708,31.164960793414267,2.3795572087335515,test
BEL,2023Q3,4,2024Q3,2023Q2,2023Q2,2.5504054350208305,-39.737344794651385,4.6880787343245744,test
BGR,2023Q3,4,2024Q3,2023Q2,2023Q2,8.793000380414128,8.993591972579607,2.2302725614865127,test
CYP,2023Q3,4,2024Q3,2023Q2,2023Q2,3.43732994739705,1.4319506631747858,2.087075528184079,test
CZE,2023Q3,4,2024Q3,2023Q2,2023Q2,12.611012433392531,36.76470588235292,2.553763440860224,test
DEU,2023Q3,4,2024Q3,2023Q2,2023Q2,6.879954699886737,16.387644423485014,2.1505376344086224,test
DNK,2023Q3,4,2024Q3,2023Q2,2023Q2,3.630460448642281,-16.69758812615957,1.183098591549303,test
EST,2023Q3,4,2024Q3,2023Q2,2023Q2,11.077755905511813,12.911414824217026,3.355556536712423,test
FIN,2023Q3,4,2024Q3,2023Q2,2023Q2,5.130695867184754,13.850644723837547,0.8513627423433423,test
FRA,2023Q3,4,2024Q3,2023Q2,2023Q2,6.0731356851705165,8.374317556287526,2.10832624152415,test
GRC,2023Q3,4,2024Q3,2023Q2,2023Q2,3.795472798120114,-23.06609858108899,3.097231349467111,test
HRV,2023Q3,4,2024Q3,2023Q2,2023Q2,8.472878202375833,1.048900671411701,3.1221847571490935,test
HUN,2023Q3,4,2024Q3,2023Q2,2023Q2,22.056473095364957,37.809656218402424,3.4980863410016827,test
IRL,2023Q3,4,2024Q3,2023Q2,2023Q2,5.46594982078854,19.85486797016729,0.8681041725006722,test
ITA,2023Q3,4,2024Q3,2023Q2,2023Q2,7.769571639586426,14.421583850931665,1.187517260425297,test
LTU,2023Q3,4,2024Q3,2023Q2,2023Q2,10.709095835077951,19.809801859047266,0.7556001337345242,test
LUX,2023Q3,4,2024Q3,2023Q2,2023Q2,1.8692894464779508,-6.785730172145343,1.7270315629906552,test
LVA,2023Q3,4,2024Q3,2023Q2,2023Q2,11.736665807781478,32.22942826916886,1.0724108442924374,test
MLT,2023Q3,4,2024Q3,2023Q2,2023Q2,6.29696510747364,0.0,2.273582370330529,test
NLD,2023Q3,4,2024Q3,2023Q2,2023Q2,6.323651452282153,-25.94737152286658,3.350860913496212,test
AUT,2023Q4,4,2024Q4,2023Q3,2023Q3,6.727030481007157,9.563629572759492,1.95334104278746,test
BEL,2023Q4,4,2024Q4,2023Q3,2023Q3,1.5611145444286212,-41.80403264662509,4.573369920292691,test
BGR,2023Q4,4,2024Q4,2023Q3,2023Q3,7.213062777425505,-4.083531703094567,2.035005032280224,test
CYP,2023Q4,4,2024Q4,2023Q3,2023Q3,3.262181657588714,-5.798524012069651,2.2858295860717304,test
CZE,2023Q4,4,2024Q4,2023Q3,2023Q3,9.519136408243355,27.298170075349827,3.13274735181428,test
DEU,2023Q4,4,2024Q4,2023Q3,2023Q3,5.740432612312807,5.830274238825317,2.525651144435681,test
DNK,2023Q4,4,2024Q4,2023Q3,2023Q3,2.0408163265306145,-24.62809917355373,1.6728097533314612,test
EST,2023Q4,4,2024Q4,2023Q3,2023Q3,4.798260225800477,-12.45449910480323,4.107403961185674,test
FIN,2023Q4,4,2024Q4,2023Q3,2023Q3,3.4412602453060215,-2.225758585836879,1.5904237383387532,test
FRA,2023Q4,4,2024Q4,2023Q3,2023Q3,5.4846089247965635,6.952450363303075,1.6738927610998378,test
GRC,2023Q4,4,2024Q4,2023Q3,2023Q3,3.1019855063924906,-25.58003280993671,2.994318181818167,test
HRV,2023Q4,4,2024Q4,2023Q3,2023Q3,7.961429444784085,0.8369391938055193,4.017776399762285,test
HUN,2023Q4,4,2024Q4,2023Q3,2023Q3,14.577390074266194,0.2770792586383575,4.0228938483076515,test
IRL,2023Q4,4,2024Q4,2023Q3,2023Q3,4.844392248972396,15.95990747879723,0.5325112107623209,test
ITA,2023Q4,4,2024Q4,2023Q3,2023Q3,5.815312682641727,-7.1778711484593805,1.286261631089225,test
LTU,2023Q4,4,2024Q4,2023Q3,2023Q3,5.871109328173296,-16.06395000997143,1.0290718349928785,test
LUX,2023Q4,4,2024Q4,2023Q3,2023Q3,2.9799570707774503,-0.0139301634472732,1.182728917452036,test
LVA,2023Q4,4,2024Q4,2023Q3,2023Q3,5.267383582307428,-3.4512805617727627,2.5800566068629793,test
MLT,2023Q4,4,2024Q4,2023Q3,2023Q3,5.187279151943458,0.0,2.118525951942929,test
NLD,2023Q4,4,2024Q4,2023Q3,2023Q3,2.751807611833579,-47.87136429463724,3.682447347235618,test
AUT,2024Q1,4,2025Q1,2023Q4,2023Q4,5.132677872925262,0.4638883650763814,3.310165508275409,test
BEL,2024Q1,4,2025Q1,2023Q4,2023Q4,-0.6465181492444239,-46.01801389788736,4.11205345669492,test
BGR,2024Q1,4,2025Q1,2023Q4,2023Q4,5.470691797845895,-2.6488908316031012,3.9091840218504537,test
CYP,2024Q1,4,2025Q1,2023Q4,2023Q4,2.6451269305876046,1.0626971990476353,2.4476858509670407,test
CZE,2024Q1,4,2025Q1,2023Q4,2023Q4,8.351648351648366,46.63620208174666,2.790079716563332,test
DEU,2024Q1,4,2025Q1,2023Q4,2023Q4,3.0081300813008083,-2.0320197044335075,2.5681341719077544,test
DNK,2024Q1,4,2025Q1,2023Q4,2023Q4,0.0851305334846896,-28.682170542635653,1.6310461192350578,test
EST,2024Q1,4,2025Q1,2023Q4,2023Q4,4.481274015091907,6.288270976438715,4.385601082756652,test
FIN,2024Q1,4,2025Q1,2023Q4,2023Q4,1.485727321983643,-16.687465202449737,1.6906123587669075,test
FRA,2024Q1,4,2025Q1,2023Q4,2023Q4,4.170597147185751,5.07334196999456,1.2124522119060677,test
GRC,2024Q1,4,2025Q1,2023Q4,2023Q4,3.4655065988653977,-5.7149655008327365,3.0994686625149592,test
HRV,2024Q1,4,2025Q1,2023Q4,2023Q4,5.86449301129679,-2.7185589158816637,4.688227684346669,test
HUN,2024Q1,4,2025Q1,2023Q4,2023Q4,7.572032866033274,-16.44187414232502,5.403645833333348,test
IRL,2024Q1,4,2025Q1,2023Q4,2023Q4,3.1213872832370093,-10.849652558433387,1.6356457980823302,test
ITA,2024Q1,4,2025Q1,2023Q4,2023Q4,0.9671179883945946,-41.10131162369969,1.8477661334804107,test
LTU,2024Q1,4,2025Q1,2023Q4,2023Q4,2.3475887170154586,-21.179844326095857,3.408964643658763,test
LUX,2024Q1,4,2025Q1,2023Q4,2023Q4,2.442600276625151,-4.5444424652654085,1.9342672413793285,test
LVA,2024Q1,4,2025Q1,2023Q4,2023Q4,1.4282663882891675,-15.849113872822617,3.416718927833129,test
MLT,2024Q1,4,2025Q1,2023Q4,2023Q4,3.910323253388937,0.0,1.9996620289528533,test
NLD,2024Q1,4,2025Q1,2023Q4,2023Q4,0.4434358452669373,-48.77728081047583,3.2880813503329387,test
AUT,2024Q2,4,2025Q2,2024Q1,2024Q1,4.123496641849345,-4.639411193906895,3.153063755891816,test
BEL,2024Q2,4,2025Q2,2024Q1,2024Q1,2.969196570339805,-10.323829571296994,2.929359711132573,test
BGR,2024Q2,4,2025Q2,2024Q1,2024Q1,3.493008934430364,-1.1933863727276672,2.926936084280185,test
CYP,2024Q2,4,2025Q2,2024Q1,2024Q1,1.953919808497906,-3.934879131721747,0.7597962493953281,test
CZE,2024Q2,4,2025Q2,2024Q1,2024Q1,2.357207615593837,4.727456258411844,2.260258942286586,test
DEU,2024Q2,4,2025Q2,2024Q1,2024Q1,2.7187079407806403,-4.296953802703241,2.091942148760318,test
DNK,2024Q2,4,2025Q2,2024Q1,2024Q1,0.7650892604137427,-12.120550338501856,1.6002245929253256,test
EST,2024Q2,4,2025Q2,2024Q1,2024Q1,4.467502850627136,5.6332917235172975,4.752688172043018,test
FIN,2024Q2,4,2025Q2,2024Q1,2024Q1,0.934868921240084,-13.09359752690975,1.9274692217703835,test
FRA,2024Q2,4,2025Q2,2024Q1,2024Q1,3.0011532078868086,8.142525302804039,0.7929230271319865,test
GRC,2024Q2,4,2025Q2,2024Q1,2024Q1,3.238173882269657,-4.8581907090464505,3.168178646196784,test
HRV,2024Q2,4,2025Q2,2024Q1,2024Q1,4.813559322033889,-1.2891809908998964,4.215753337893635,test
HUN,2024Q2,4,2025Q2,2024Q1,2024Q1,3.6284286647972896,-7.911439745261051,4.429123995430562,test
IRL,2024Q2,4,2025Q2,2024Q1,2024Q1,2.249134948096887,-13.575028450658422,1.670843776106934,test
ITA,2024Q2,4,2025Q2,2024Q1,2024Q1,1.002785515320315,-28.282970912171713,1.8478260869565055,test
LTU,2024Q2,4,2025Q2,2024Q1,2024Q1,0.8539154601282073,-22.46899928915568,3.2718843139419196,test
LUX,2024Q2,4,2025Q2,2024Q1,2024Q1,3.139761044734657,-0.8504934248538376,2.093097571367708,test
LVA,2024Q2,4,2025Q2,2024Q1,2024Q1,0.8857644991212554,-13.93343261870953,3.877369058777802,test
MLT,2024Q2,4,2025Q2,2024Q1,2024Q1,3.116196671797411,0.0,2.6116304609862917,test
NLD,2024Q2,4,2025Q2,2024Q1,2024Q1,2.9684551808445647,-6.106856275932682,3.2170768102379954,test
AUT,2024Q3,4,2025Q3,2024Q2,2024Q2,3.263654062916288,-6.6114163329919045,3.911907428144823,test
BEL,2024Q3,4,2025Q3,2024Q2,2024Q2,5.051422465607036,31.106532477481053,2.6333080616628424,test
BGR,2024Q3,4,2025Q3,2024Q2,2024Q2,2.6549777711174283,-0.070642389991582,3.652098449967456,test
CYP,2024Q3,4,2025Q3,2024Q2,2024Q2,2.706415314920352,4.6516470245283825,0.0391006842619834,test
CZE,2024Q3,4,2025Q3,2024Q2,2024Q2,2.681388012618302,3.679435483870952,2.2935779816513735,test
DEU,2024Q3,4,2025Q3,2024Q2,2024Q2,2.569536423841101,-3.504862236628836,2.1052631578947434,test
DNK,2024Q3,4,2025Q3,2024Q2,2024Q2,1.4525776132155777,3.786191536748351,2.087973273942101,test
EST,2024Q3,4,2025Q3,2024Q2,2024Q2,3.0082849674361034,-8.853363310763108,5.6837113930539696,test
FIN,2024Q3,4,2025Q3,2024Q2,2024Q2,0.5235895282094338,-10.4940140916157,2.1452650934722817,test
FRA,2024Q3,4,2025Q3,2024Q2,2024Q2,2.504699767776186,7.804238311336831,0.9463637585697128,test
GRC,2024Q3,4,2025Q3,2024Q2,2024Q2,2.6651382719587557,-5.845442536327605,2.860072610370512,test
HRV,2024Q3,4,2025Q3,2024Q2,2024Q2,4.158860007916632,-1.557019419967498,4.602635782747622,test
HUN,2024Q3,4,2025Q3,2024Q2,2024Q2,3.712248758080272,-3.2145641307836814,4.222831921746395,test
IRL,2024Q3,4,2025Q3,2024Q2,2024Q2,1.699235344095151,-14.42986881937437,2.054414214325395,test
ITA,2024Q3,4,2025Q3,2024Q2,2024Q2,0.8771929824561653,-21.679389312977097,1.719432314410474,test
LTU,2024Q3,4,2025Q3,2024Q2,2024Q2,0.769761285011894,-21.05319739836231,3.5903902309530222,test
LUX,2024Q3,4,2025Q3,2024Q2,2024Q2,3.0007131493773542,-0.1407744983417336,2.812666311868006,test
LVA,2024Q3,4,2025Q3,2024Q2,2024Q2,0.8670586878819497,-17.10553777654099,4.095492899773623,test
MLT,2024Q3,4,2025Q3,2024Q2,2024Q2,2.293402016659307,0.0,2.522598276224497,test
NLD,2024Q3,4,2025Q3,2024Q2,2024Q2,2.8697054844416536,-3.4599391178050665,2.641161213088594,test
AUT,2024Q4,4,2025Q4,2024Q3,2024Q3,2.3795572087335515,-7.687208817847813,3.937862162495387,test
BEL,2024Q4,4,2025Q4,2024Q3,2024Q3,4.6880787343245744,27.509470884869145,2.439085342996372,test
BGR,2024Q4,4,2025Q4,2024Q3,2024Q3,2.2302725614865127,-0.8483180290142833,3.6640523504787743,test
CYP,2024Q4,4,2025Q4,2024Q3,2024Q3,2.087075528184079,-2.2074714418030217,0.1465407918838757,test
CZE,2024Q4,4,2025Q4,2024Q3,2024Q3,2.553763440860224,3.3316421444275157,1.966783216783208,test
DEU,2024Q4,4,2025Q4,2024Q3,2024Q3,2.1505376344086224,-3.468679861252799,2.283808057480119,test
DNK,2024Q4,4,2025Q4,2024Q3,2024Q3,1.183098591549303,4.797149122807021,2.0078081427774563,test
EST,2024Q4,4,2025Q4,2024Q3,2024Q3,3.355556536712423,-3.104218866391273,4.443309499489279,test
FIN,2024Q4,4,2025Q4,2024Q3,2024Q3,0.8513627423433423,-7.297760964236999,1.5268020136084637,test
FRA,2024Q4,4,2025Q4,2024Q3,2024Q3,2.10832624152415,9.11681499989676,0.7610925186225082,test
GRC,2024Q4,4,2025Q4,2024Q3,2024Q3,3.097231349467111,6.959533931664308,2.435593313841266,test
HRV,2024Q4,4,2025Q4,2024Q3,2024Q3,3.1221847571490935,-3.328439952571871,4.026528888668102,test
HUN,2024Q4,4,2025Q4,2024Q3,2024Q3,3.4980863410016827,-4.611419416258389,3.734710841942768,test
IRL,2024Q4,4,2025Q4,2024Q3,2024Q3,0.8681041725006722,-16.40625,2.899358795650997,test
ITA,2024Q4,4,2025Q4,2024Q3,2024Q3,1.187517260425297,-7.129385137683908,1.2158875979465078,test
LTU,2024Q4,4,2025Q4,2024Q3,2024Q3,0.7556001337345242,-12.190630816140647,3.5023649763502585,test
LUX,2024Q4,4,2025Q4,2024Q3,2024Q3,1.7270315629906552,-5.684298518552922,3.2905446878919387,test
LVA,2024Q4,4,2025Q4,2024Q3,2024Q3,1.0724108442924374,-16.788476171937226,3.840014593879704,test
MLT,2024Q4,4,2025Q4,2024Q3,2024Q3,2.273582370330529,0.0,2.470382704591345,test
NLD,2024Q4,4,2025Q4,2024Q3,2024Q3,3.350860913496212,-0.0402935063833265,2.8052598622416935,test
