entity_id,quarter,source_identifiers,source_release_dates,retrieved_at,hicp_all_items_quarterly_average,hicp_energy_quarterly_average,hicp_all_items_months_observed,hicp_energy_months_observed,hicp_all_items_complete,hicp_energy_complete,cpi_yoy,energy_cpi_yoy
AUT,2010Q1,eurostat_hicp_midx_cp00_i15_2010_2019_2026_02_06|eurostat_hicp_midx_cp045_i15_2010_2025_2026_02_06,2026-02-06,2026-07-18T13:36:09.327867+00:00|2026-07-18T13:36:12.596560+00:00,89.41000000000001,90.35333333333334,3,3,True,True,,
AUT,2010Q2,eurostat_hicp_midx_cp00_i15_2010_2019_2026_02_06|eurostat_hicp_midx_cp045_i15_2010_2025_2026_02_06,2026-02-06,2026-07-18T13:36:09.327867+00:00|2026-07-18T13:36:12.596560+00:00,90.24333333333334,92.11333333333332,3,3,True,True,,
AUT,2010Q3,eurostat_hicp_midx_cp00_i15_2010_2019_2026_02_06|eurostat_hicp_midx_cp045_i15_2010_2025_2026_02_06,2026-02-06,2026-07-18T13:36:09.327867+00:00|2026-07-18T13:36:12.596560+00:00,90.03666666666668,91.86333333333334,3,3,True,True,,
AUT,2010Q4,eurostat_hicp_midx_cp00_i15_2010_2019_2026_02_06|eurostat_hicp_midx_cp045_i15_2010_2025_2026_02_06,2026-02-06,2026-07-18T13:36:09.327867+00:00|2026-07-18T13:36:12.596560+00:00,90.88666666666668,92.61,3,3,True,True,,
AUT,2011Q1,eurostat_hicp_midx_cp00_i15_2010_2019_2026_02_06|eurostat_hicp_midx_cp045_i15_2010_2025_2026_02_06,2026-02-06,2026-07-18T13:36:09.327867+00:00|2026-07-18T13:36:12.596560+00:00,92.1,94.85333333333334,3,3,True,True,3.0086120120791593,4.980447133475985
AUT,2011Q2,eurostat_hicp_midx_cp00_i15_2010_2019_2026_02_06|eurostat_hicp_midx_cp045_i15_2010_2025_2026_02_06,2026-02-06,2026-07-18T13:36:09.327867+00:00|2026-07-18T13:36:12.596560+00:00,93.57666666666668,96.76333333333332,3,3,True,True,3.6937169874044384,5.0481291163060105
AUT,2011Q3,eurostat_hicp_midx_cp00_i15_2010_2019_2026_02_06|eurostat_hicp_midx_cp045_i15_2010_2025_2026_02_06,2026-02-06,2026-07-18T13:36:09.327867+00:00|2026-07-18T13:36:12.596560+00:00,93.47666666666667,97.34,3,3,True,True,3.8206656547332463,5.961754780652417
AUT,2011Q4,eurostat_hicp_midx_cp00_i15_2010_2019_2026_02_06|eurostat_hicp_midx_cp045_i15_2010_2025_2026_02_06,2026-02-06,2026-07-18T13:36:09.327867+00:00|2026-07-18T13:36:12.596560+00:00,94.22666666666667,99.21999999999998,3,3,True,True,3.6749064769309614,7.137458157866305
AUT,2012Q1,eurostat_hicp_midx_cp00_i15_2010_2019_2026_02_06|eurostat_hicp_midx_cp045_i15_2010_2025_2026_02_06,2026-02-06,2026-07-18T13:36:09.327867+00:00|2026-07-18T13:36:12.596560+00:00,94.60333333333334,99.81,3,3,True,True,2.7180600796236076,5.225611470340175
AUT,2012Q2,eurostat_hicp_midx_cp00_i15_2010_2019_2026_02_06|eurostat_hicp_midx_cp045_i15_2010_2025_2026_02_06,2026-02-06,2026-07-18T13:36:09.327867+00:00|2026-07-18T13:36:12.596560+00:00,95.69,99.61666666666667,3,3,True,True,2.258397748726515,2.9487753625684787
AUT,2012Q3,eurostat_hicp_midx_cp00_i15_2010_2019_2026_02_06|eurostat_hicp_midx_cp045_i15_2010_2025_2026_02_06,2026-02-06,2026-07-18T13:36:09.327867+00:00|2026-07-18T13:36:12.596560+00:00,95.71666666666664,101.17,3,3,True,True,2.3963199372392108,3.934662009451406
AUT,2012Q4,eurostat_hicp_midx_cp00_i15_2010_2019_2026_02_06|eurostat_hicp_midx_cp045_i15_2010_2025_2026_02_06,2026-02-06,2026-07-18T13:36:09.327867+00:00|2026-07-18T13:36:12.596560+00:00,96.97333333333334,101.79333333333334,3,3,True,True,2.9149568416584115,2.593563125713927
AUT,2013Q1,eurostat_hicp_midx_cp00_i15_2010_2019_2026_02_06|eurostat_hicp_midx_cp045_i15_2010_2025_2026_02_06,2026-02-06,2026-07-18T13:36:09.327867+00:00|2026-07-18T13:36:12.596560+00:00,97.07,103.12333333333332,3,3,True,True,2.607378175539954,3.3196406505694
AUT,2013Q2,eurostat_hicp_midx_cp00_i15_2010_2019_2026_02_06|eurostat_hicp_midx_cp045_i15_2010_2025_2026_02_06,2026-02-06,2026-07-18T13:36:09.327867+00:00|2026-07-18T13:36:12.596560+00:00,97.84333333333332,102.29333333333334,3,3,True,True,2.250322221061052,2.686966705705207
AUT,2013Q3,eurostat_hicp_midx_cp00_i15_2010_2019_2026_02_06|eurostat_hicp_midx_cp045_i15_2010_2025_2026_02_06,2026-02-06,2026-07-18T13:36:09.327867+00:00|2026-07-18T13:36:12.596560+00:00,97.61,102.73,3,3,True,True,1.9780602472575515,1.5419590787782989
AUT,2013Q4,eurostat_hicp_midx_cp00_i15_2010_2019_2026_02_06|eurostat_hicp_midx_cp045_i15_2010_2025_2026_02_06,2026-02-06,2026-07-18T13:36:09.327867+00:00|2026-07-18T13:36:12.596560+00:00,98.57,102.13333333333333,3,3,True,True,1.6465007562216138,0.3340100857947448
AUT,2014Q1,eurostat_hicp_midx_cp00_i15_2010_2019_2026_02_06|eurostat_hicp_midx_cp045_i15_2010_2025_2026_02_06,2026-02-06,2026-07-18T13:36:09.327867+00:00|2026-07-18T13:36:12.596560+00:00,98.51,102.72333333333334,3,3,True,True,1.483465540331741,-0.38788505672816553
AUT,2014Q2,eurostat_hicp_midx_cp00_i15_2010_2019_2026_02_06|eurostat_hicp_midx_cp045_i15_2010_2025_2026_02_06,2026-02-06,2026-07-18T13:36:09.327867+00:00|2026-07-18T13:36:12.596560+00:00,99.40666666666668,102.57333333333334,3,3,True,True,1.5977923891936419,0.27372262773723843
AUT,2014Q3,eurostat_hicp_midx_cp00_i15_2010_2019_2026_02_06|eurostat_hicp_midx_cp045_i15_2010_2025_2026_02_06,2026-02-06,2026-07-18T13:36:09.327867+00:00|2026-07-18T13:36:12.596560+00:00,99.08333333333331,102.73,3,3,True,True,1.509408189051653,0.0
AUT,2014Q4,eurostat_hicp_midx_cp00_i15_2010_2019_2026_02_06|eurostat_hicp_midx_cp045_i15_2010_2025_2026_02_06,2026-02-06,2026-07-18T13:36:09.327867+00:00|2026-07-18T13:36:12.596560+00:00,99.80666666666669,101.09333333333336,3,3,True,True,1.2546075546988833,-1.0182767624020483
AUT,2015Q1,eurostat_hicp_midx_cp00_i15_2010_2019_2026_02_06|eurostat_hicp_midx_cp045_i15_2010_2025_2026_02_06,2026-02-06,2026-07-18T13:36:09.327867+00:00|2026-07-18T13:36:12.596560+00:00,99.12666666666668,100.75,3,3,True,True,0.6259939769228229,-1.9210176201447382
AUT,2015Q2,eurostat_hicp_midx_cp00_i15_2010_2019_2026_02_06|eurostat_hicp_midx_cp045_i15_2010_2025_2026_02_06,2026-02-06,2026-07-18T13:36:09.327867+00:00|2026-07-18T13:36:12.596560+00:00,100.37666666666668,101.08666666666666,3,3,True,True,0.9757896854670989,-1.44936955673991
AUT,2015Q3,eurostat_hicp_midx_cp00_i15_2010_2019_2026_02_06|eurostat_hicp_midx_cp045_i15_2010_2025_2026_02_06,2026-02-06,2026-07-18T13:36:09.327867+00:00|2026-07-18T13:36:12.596560+00:00,99.95666666666666,99.83,3,3,True,True,0.8814129520605674,-2.822933904409619
AUT,2015Q4,eurostat_hicp_midx_cp00_i15_2010_2019_2026_02_06|eurostat_hicp_midx_cp045_i15_2010_2025_2026_02_06,2026-02-06,2026-07-18T13:36:09.327867+00:00|2026-07-18T13:36:12.596560+00:00,100.54,98.33333333333331,3,3,True,True,0.7347538574577372,-2.73015035610662
AUT,2016Q1,eurostat_hicp_midx_cp00_i15_2010_2019_2026_02_06|eurostat_hicp_midx_cp045_i15_2010_2025_2026_02_06,2026-02-06,2026-07-18T13:36:09.327867+00:00|2026-07-18T13:36:12.596560+00:00,100.14333333333332,97.6,3,3,True,True,1.0256237810208901,-3.126550868486355
AUT,2016Q2,eurostat_hicp_midx_cp00_i15_2010_2019_2026_02_06|eurostat_hicp_midx_cp045_i15_2010_2025_2026_02_06,2026-02-06,2026-07-18T13:36:09.327867+00:00|2026-07-18T13:36:12.596560+00:00,101.00333333333332,98.22333333333334,3,3,True,True,0.6243150798658004,-2.832552924882925
AUT,2016Q3,eurostat_hicp_midx_cp00_i15_2010_2019_2026_02_06|eurostat_hicp_midx_cp045_i15_2010_2025_2026_02_06,2026-02-06,2026-07-18T13:36:09.327867+00:00|2026-07-18T13:36:12.596560+00:00,100.71666666666664,98.28,3,3,True,True,0.7603294761062918,-1.5526394871281157
AUT,2016Q4,eurostat_hicp_midx_cp00_i15_2010_2019_2026_02_06|eurostat_hicp_midx_cp045_i15_2010_2025_2026_02_06,2026-02-06,2026-07-18T13:36:09.327867+00:00|2026-07-18T13:36:12.596560+00:00,102.02,98.86,3,3,True,True,1.472050925004953,0.5355932203390035
AUT,2017Q1,eurostat_hicp_midx_cp00_i15_2010_2019_2026_02_06|eurostat_hicp_midx_cp045_i15_2010_2025_2026_02_06,2026-02-06,2026-07-18T13:36:09.327867+00:00|2026-07-18T13:36:12.596560+00:00,102.32666666666668,98.05,3,3,True,True,2.180208368005898,0.4610655737705027
AUT,2017Q2,eurostat_hicp_midx_cp00_i15_2010_2019_2026_02_06|eurostat_hicp_midx_cp045_i15_2010_2025_2026_02_06,2026-02-06,2026-07-18T13:36:09.327867+00:00|2026-07-18T13:36:12.596560+00:00,103.18,97.17,3,3,True,True,2.1550443879740255,-1.072386058981245
AUT,2017Q3,eurostat_hicp_midx_cp00_i15_2010_2019_2026_02_06|eurostat_hicp_midx_cp045_i15_2010_2025_2026_02_06,2026-02-06,2026-07-18T13:36:09.327867+00:00|2026-07-18T13:36:12.596560+00:00,102.94333333333331,96.93333333333334,3,3,True,True,2.2108224391858444,-1.3702347035680296
AUT,2017Q4,eurostat_hicp_midx_cp00_i15_2010_2019_2026_02_06|eurostat_hicp_midx_cp045_i15_2010_2025_2026_02_06,2026-02-06,2026-07-18T13:36:09.327867+00:00|2026-07-18T13:36:12.596560+00:00,104.44333333333331,98.48,3,3,True,True,2.3753512383192676,-0.3843819542787785
AUT,2018Q1,eurostat_hicp_midx_cp00_i15_2010_2019_2026_02_06|eurostat_hicp_midx_cp045_i15_2010_2025_2026_02_06,2026-02-06,2026-07-18T13:36:09.327867+00:00|2026-07-18T13:36:12.596560+00:00,104.34333333333332,97.99333333333334,3,3,True,True,1.9708124307772135,-0.05779364269928866
AUT,2018Q2,eurostat_hicp_midx_cp00_i15_2010_2019_2026_02_06|eurostat_hicp_midx_cp045_i15_2010_2025_2026_02_06,2026-02-06,2026-07-18T13:36:09.327867+00:00|2026-07-18T13:36:12.596560+00:00,105.38333333333333,99.12333333333332,3,3,True,True,2.135426762292414,2.0102226338718943
AUT,2018Q3,eurostat_hicp_midx_cp00_i15_2010_2019_2026_02_06|eurostat_hicp_midx_cp045_i15_2010_2025_2026_02_06,2026-02-06,2026-07-18T13:36:09.327867+00:00|2026-07-18T13:36:12.596560+00:00,105.25333333333332,100.19333333333331,3,3,True,True,2.2439529838422567,3.363136176066006
AUT,2018Q4,eurostat_hicp_midx_cp00_i15_2010_2019_2026_02_06|eurostat_hicp_midx_cp045_i15_2010_2025_2026_02_06,2026-02-06,2026-07-18T13:36:09.327867+00:00|2026-07-18T13:36:12.596560+00:00,106.66666666666669,103.49666666666668,3,3,True,True,2.128746050489938,5.094096940157078
AUT,2019Q1,eurostat_hicp_midx_cp00_i15_2010_2019_2026_02_06|eurostat_hicp_midx_cp045_i15_2010_2025_2026_02_06,2026-02-06,2026-07-18T13:36:09.327867+00:00|2026-07-18T13:36:12.596560+00:00,106.01333333333334,101.78666666666668,3,3,True,True,1.6004855764623294,3.8710116334444544
AUT,2019Q2,eurostat_hicp_midx_cp00_i15_2010_2019_2026_02_06|eurostat_hicp_midx_cp045_i15_2010_2025_2026_02_06,2026-02-06,2026-07-18T13:36:09.327867+00:00|2026-07-18T13:36:12.596560+00:00,107.13666666666668,102.28666666666668,3,3,True,True,1.6637671991143632,3.191310488616894
AUT,2019Q3,eurostat_hicp_midx_cp00_i15_2010_2019_2026_02_06|eurostat_hicp_midx_cp045_i15_2010_2025_2026_02_06,2026-02-06,2026-07-18T13:36:09.327867+00:00|2026-07-18T13:36:12.596560+00:00,106.67333333333332,102.81666666666666,3,3,True,True,1.3491259184190474,2.6182713420720205
AUT,2019Q4,eurostat_hicp_midx_cp00_i15_2010_2019_2026_02_06|eurostat_hicp_midx_cp045_i15_2010_2025_2026_02_06,2026-02-06,2026-07-18T13:36:09.327867+00:00|2026-07-18T13:36:12.596560+00:00,108.11,103.22666666666667,3,3,True,True,1.3531249999999773,-0.2608779670842942
AUT,2020Q1,eurostat_hicp_midx_cp00_i15_2026_02_06|eurostat_hicp_midx_cp045_i15_2010_2025_2026_02_06,2026-02-06,2026-07-18T13:22:23.066990+00:00|2026-07-18T13:36:12.596560+00:00,108.11,103.97666666666667,3,3,True,True,1.9777386492265014,2.1515588158239396
AUT,2020Q2,eurostat_hicp_midx_cp00_i15_2026_02_06|eurostat_hicp_midx_cp045_i15_2010_2025_2026_02_06,2026-02-06,2026-07-18T13:22:23.066990+00:00|2026-07-18T13:36:12.596560+00:00,108.27,102.24666666666668,3,3,True,True,1.0578388973584874,-0.03910578113797136
AUT,2020Q3,eurostat_hicp_midx_cp00_i15_2026_02_06|eurostat_hicp_midx_cp045_i15_2010_2025_2026_02_06,2026-02-06,2026-07-18T13:22:23.066990+00:00|2026-07-18T13:36:12.596560+00:00,108.21,101.69666666666669,3,3,True,True,1.4405349665645995,-1.089317555519509
AUT,2020Q4,eurostat_hicp_midx_cp00_i15_2026_02_06|eurostat_hicp_midx_cp045_i15_2010_2025_2026_02_06,2026-02-06,2026-07-18T13:22:23.066990+00:00|2026-07-18T13:36:12.596560+00:00,109.28333333333336,101.21333333333332,3,3,True,True,1.0853143403324106,-1.9504004133299002
AUT,2021Q1,eurostat_hicp_midx_cp00_i15_2026_02_06|eurostat_hicp_midx_cp045_i15_2010_2025_2026_02_06,2026-02-06,2026-07-18T13:22:23.066990+00:00|2026-07-18T13:36:12.596560+00:00,109.71333333333332,105.47666666666667,3,3,True,True,1.483057379829189,1.4426313595998996
AUT,2021Q2,eurostat_hicp_midx_cp00_i15_2026_02_06|eurostat_hicp_midx_cp045_i15_2010_2025_2026_02_06,2026-02-06,2026-07-18T13:22:23.066990+00:00|2026-07-18T13:36:12.596560+00:00,111.05,106.37333333333332,3,3,True,True,2.5676549367322554,4.035991393362437
AUT,2021Q3,eurostat_hicp_midx_cp00_i15_2026_02_06|eurostat_hicp_midx_cp045_i15_2010_2025_2026_02_06,2026-02-06,2026-07-18T13:22:23.066990+00:00|2026-07-18T13:36:12.596560+00:00,111.54666666666668,109.57333333333334,3,3,True,True,3.083510458059968,7.745255498377501
AUT,2021Q4,eurostat_hicp_midx_cp00_i15_2026_02_06|eurostat_hicp_midx_cp045_i15_2010_2025_2026_02_06,2026-02-06,2026-07-18T13:22:23.066990+00:00|2026-07-18T13:36:12.596560+00:00,113.53333333333336,116.04,3,3,True,True,3.888973615982927,14.648926360163372
AUT,2022Q1,eurostat_hicp_midx_cp00_i15_2026_02_06|eurostat_hicp_midx_cp045_i15_2010_2025_2026_02_06,2026-02-06,2026-07-18T13:22:23.066990+00:00|2026-07-18T13:36:12.596560+00:00,115.77666666666669,130.68333333333334,3,3,True,True,5.526523667740202,23.897860506273094
AUT,2022Q2,eurostat_hicp_midx_cp00_i15_2026_02_06|eurostat_hicp_midx_cp045_i15_2010_2025_2026_02_06,2026-02-06,2026-07-18T13:22:23.066990+00:00|2026-07-18T13:36:12.596560+00:00,119.78,136.45666666666668,3,3,True,True,7.86132372805044,28.280897468037125
AUT,2022Q3,eurostat_hicp_midx_cp00_i15_2026_02_06|eurostat_hicp_midx_cp045_i15_2010_2025_2026_02_06,2026-02-06,2026-07-18T13:22:23.066990+00:00|2026-07-18T13:36:12.596560+00:00,122.59,160.64333333333337,3,3,True,True,9.900191250298818,46.6080554879533
AUT,2022Q4,eurostat_hicp_midx_cp00_i15_2026_02_06|eurostat_hicp_midx_cp045_i15_2010_2025_2026_02_06,2026-02-06,2026-07-18T13:22:23.066990+00:00|2026-07-18T13:36:12.596560+00:00,126.12,176.76666666666665,3,3,True,True,11.08631826189075,52.332529012984
AUT,2023Q1,eurostat_hicp_midx_cp00_i15_2026_02_06|eurostat_hicp_midx_cp045_i15_2010_2025_2026_02_06,2026-02-06,2026-07-18T13:22:23.066990+00:00|2026-07-18T13:36:12.596560+00:00,128.04666666666665,182.06333333333336,3,3,True,True,10.59799038378484,39.31641372273946
AUT,2023Q2,eurostat_hicp_midx_cp00_i15_2026_02_06|eurostat_hicp_midx_cp045_i15_2010_2025_2026_02_06,2026-02-06,2026-07-18T13:22:23.066990+00:00|2026-07-18T13:36:12.596560+00:00,130.12,178.98333333333335,3,3,True,True,8.632492903656708,31.164960793414267
AUT,2023Q3,eurostat_hicp_midx_cp00_i15_2026_02_06|eurostat_hicp_midx_cp045_i15_2010_2025_2026_02_06,2026-02-06,2026-07-18T13:22:23.066990+00:00|2026-07-18T13:36:12.596560+00:00,130.83666666666667,176.00666666666666,3,3,True,True,6.727030481007157,9.563629572759492
AUT,2023Q4,eurostat_hicp_midx_cp00_i15_2026_02_06|eurostat_hicp_midx_cp045_i15_2010_2025_2026_02_06,2026-02-06,2026-07-18T13:22:23.066990+00:00|2026-07-18T13:36:12.596560+00:00,132.59333333333333,177.58666666666667,3,3,True,True,5.132677872925262,0.4638883650763814
AUT,2024Q1,eurostat_hicp_midx_cp00_i15_2026_02_06|eurostat_hicp_midx_cp045_i15_2010_2025_2026_02_06,2026-02-06,2026-07-18T13:22:23.066990+00:00|2026-07-18T13:36:12.596560+00:00,133.32666666666668,173.61666666666667,3,3,True,True,4.123496641849345,-4.639411193906895
AUT,2024Q2,eurostat_hicp_midx_cp00_i15_2026_02_06|eurostat_hicp_midx_cp045_i15_2010_2025_2026_02_06,2026-02-06,2026-07-18T13:22:23.066990+00:00|2026-07-18T13:36:12.596560+00:00,134.36666666666667,167.15,3,3,True,True,3.263654062916288,-6.6114163329919045
AUT,2024Q3,eurostat_hicp_midx_cp00_i15_2026_02_06|eurostat_hicp_midx_cp045_i15_2010_2025_2026_02_06,2026-02-06,2026-07-18T13:22:23.066990+00:00|2026-07-18T13:36:12.596560+00:00,133.95000000000002,162.47666666666666,3,3,True,True,2.3795572087335515,-7.687208817847813
AUT,2024Q4,eurostat_hicp_midx_cp00_i15_2026_02_06|eurostat_hicp_midx_cp045_i15_2010_2025_2026_02_06,2026-02-06,2026-07-18T13:22:23.066990+00:00|2026-07-18T13:36:12.596560+00:00,135.1833333333333,156.16333333333333,3,3,True,True,1.9533410427874598,-12.063593362865088
AUT,2025Q1,eurostat_hicp_midx_cp00_i15_2026_02_06|eurostat_hicp_midx_cp045_i15_2010_2025_2026_02_06,2026-02-06,2026-07-18T13:22:23.066990+00:00|2026-07-18T13:36:12.596560+00:00,137.74,192.12,3,3,True,True,3.310165508275409,10.657578957473369
AUT,2025Q2,eurostat_hicp_midx_cp00_i15_2026_02_06|eurostat_hicp_midx_cp045_i15_2010_2025_2026_02_06,2026-02-06,2026-07-18T13:22:23.066990+00:00|2026-07-18T13:36:12.596560+00:00,138.60333333333332,188.8,3,3,True,True,3.153063755891816,12.952437930003002
AUT,2025Q3,eurostat_hicp_midx_cp00_i15_2026_02_06|eurostat_hicp_midx_cp045_i15_2010_2025_2026_02_06,2026-02-06,2026-07-18T13:22:23.066990+00:00|2026-07-18T13:36:12.596560+00:00,139.19,188.03333333333333,3,3,True,True,3.911907428144823,15.72943807315923
AUT,2025Q4,eurostat_hicp_midx_cp00_i15_2026_02_06|eurostat_hicp_midx_cp045_i15_2010_2025_2026_02_06,2026-02-06,2026-07-18T13:22:23.066990+00:00|2026-07-18T13:36:12.596560+00:00,140.50666666666666,187.4333333333333,3,3,True,True,3.937862162495387,20.023906593523865
BEL,2010Q1,eurostat_hicp_midx_cp00_i15_2010_2019_2026_02_06|eurostat_hicp_midx_cp045_i15_2010_2025_2026_02_06,2026-02-06,2026-07-18T13:36:09.327867+00:00|2026-07-18T13:36:12.596560+00:00,90.74333333333334,90.20666666666666,3,3,True,True,,
BEL,2010Q2,eurostat_hicp_midx_cp00_i15_2010_2019_2026_02_06|eurostat_hicp_midx_cp045_i15_2010_2025_2026_02_06,2026-02-06,2026-07-18T13:36:09.327867+00:00|2026-07-18T13:36:12.596560+00:00,92.38,95.84333333333332,3,3,True,True,,
BEL,2010Q3,eurostat_hicp_midx_cp00_i15_2010_2019_2026_02_06|eurostat_hicp_midx_cp045_i15_2010_2025_2026_02_06,2026-02-06,2026-07-18T13:36:09.327867+00:00|2026-07-18T13:36:12.596560+00:00,92.08666666666666,96.23333333333332,3,3,True,True,,
BEL,2010Q4,eurostat_hicp_midx_cp00_i15_2010_2019_2026_02_06|eurostat_hicp_midx_cp045_i15_2010_2025_2026_02_06,2026-02-06,2026-07-18T13:36:09.327867+00:00|2026-07-18T13:36:12.596560+00:00,93.16,99.46666666666664,3,3,True,True,,
BEL,2011Q1,eurostat_hicp_midx_cp00_i15_2010_2019_2026_02_06|eurostat_hicp_midx_cp045_i15_2010_2025_2026_02_06,2026-02-06,2026-07-18T13:36:09.327867+00:00|2026-07-18T13:36:12.596560+00:00,93.86333333333334,105.69,3,3,True,True,3.4382691106784824,17.164289409504097
BEL,2011Q2,eurostat_hicp_midx_cp00_i15_2010_2019_2026_02_06|eurostat_hicp_midx_cp045_i15_2010_2025_2026_02_06,2026-02-06,2026-07-18T13:36:09.327867+00:00|2026-07-18T13:36:12.596560+00:00,95.25666666666666,112.51333333333332,3,3,True,True,3.1139496283466794,17.392967690327964
BEL,2011Q3,eurostat_hicp_midx_cp00_i15_2010_2019_2026_02_06|eurostat_hicp_midx_cp045_i15_2010_2025_2026_02_06,2026-02-06,2026-07-18T13:36:09.327867+00:00|2026-07-18T13:36:12.596560+00:00,95.36333333333332,115.09,3,3,True,True,3.558242235575171,19.594735019050937
BEL,2011Q4,eurostat_hicp_midx_cp00_i15_2010_2019_2026_02_06|eurostat_hicp_midx_cp045_i15_2010_2025_2026_02_06,2026-02-06,2026-07-18T13:36:09.327867+00:00|2026-07-18T13:36:12.596560+00:00,96.23666666666668,117.15333333333332,3,3,True,True,3.3025619006726847,17.7815013404826
BEL,2012Q1,eurostat_hicp_midx_cp00_i15_2010_2019_2026_02_06|eurostat_hicp_midx_cp045_i15_2010_2025_2026_02_06,2026-02-06,2026-07-18T13:36:09.327867+00:00|2026-07-18T13:36:12.596560+00:00,96.91333333333334,120.22,3,3,True,True,3.2494051635356236,13.747752862144003
BEL,2012Q2,eurostat_hicp_midx_cp00_i15_2010_2019_2026_02_06|eurostat_hicp_midx_cp045_i15_2010_2025_2026_02_06,2026-02-06,2026-07-18T13:36:09.327867+00:00|2026-07-18T13:36:12.596560+00:00,97.7,119.32666666666668,3,3,True,True,2.564999825034131,6.055578598092093
BEL,2012Q3,eurostat_hicp_midx_cp00_i15_2010_2019_2026_02_06|eurostat_hicp_midx_cp045_i15_2010_2025_2026_02_06,2026-02-06,2026-07-18T13:36:09.327867+00:00|2026-07-18T13:36:12.596560+00:00,97.65,118.64333333333332,3,3,True,True,2.3978468314167056,3.087438815999066
BEL,2012Q4,eurostat_hicp_midx_cp00_i15_2010_2019_2026_02_06|eurostat_hicp_midx_cp045_i15_2010_2025_2026_02_06,2026-02-06,2026-07-18T13:36:09.327867+00:00|2026-07-18T13:36:12.596560+00:00,98.45333333333332,118.63666666666668,3,3,True,True,2.3033493817325112,1.2661469299493744
BEL,2013Q1,eurostat_hicp_midx_cp00_i15_2010_2019_2026_02_06|eurostat_hicp_midx_cp045_i15_2010_2025_2026_02_06,2026-02-06,2026-07-18T13:36:09.327867+00:00|2026-07-18T13:36:12.596560+00:00,98.34,116.39666666666666,3,3,True,True,1.4721056614156902,-3.18028059668386
BEL,2013Q2,eurostat_hicp_midx_cp00_i15_2010_2019_2026_02_06|eurostat_hicp_midx_cp045_i15_2010_2025_2026_02_06,2026-02-06,2026-07-18T13:36:09.327867+00:00|2026-07-18T13:36:12.596560+00:00,99.02333333333333,112.96999999999998,3,3,True,True,1.3544865233708459,-5.327113246550108
BEL,2013Q3,eurostat_hicp_midx_cp00_i15_2010_2019_2026_02_06|eurostat_hicp_midx_cp045_i15_2010_2025_2026_02_06,2026-02-06,2026-07-18T13:36:09.327867+00:00|2026-07-18T13:36:12.596560+00:00,98.86666666666667,112.86,3,3,True,True,1.245946407236742,-4.874553985334185
BEL,2013Q4,eurostat_hicp_midx_cp00_i15_2010_2019_2026_02_06|eurostat_hicp_midx_cp045_i15_2010_2025_2026_02_06,2026-02-06,2026-07-18T13:36:09.327867+00:00|2026-07-18T13:36:12.596560+00:00,99.36333333333334,112.48,3,3,True,True,0.9242957746479208,-5.189514203028867
BEL,2014Q1,eurostat_hicp_midx_cp00_i15_2010_2019_2026_02_06|eurostat_hicp_midx_cp045_i15_2010_2025_2026_02_06,2026-02-06,2026-07-18T13:36:09.327867+00:00|2026-07-18T13:36:12.596560+00:00,99.24333333333334,113.03,3,3,True,True,0.9185817910650096,-2.89240814456313
BEL,2014Q2,eurostat_hicp_midx_cp00_i15_2010_2019_2026_02_06|eurostat_hicp_midx_cp045_i15_2010_2025_2026_02_06,2026-02-06,2026-07-18T13:36:09.327867+00:00|2026-07-18T13:36:12.596560+00:00,99.69,103.74666666666668,3,3,True,True,0.6732419968357606,-8.164409430232189
BEL,2014Q3,eurostat_hicp_midx_cp00_i15_2010_2019_2026_02_06|eurostat_hicp_midx_cp045_i15_2010_2025_2026_02_06,2026-02-06,2026-07-18T13:36:09.327867+00:00|2026-07-18T13:36:12.596560+00:00,99.24,101.79666666666668,3,3,True,True,0.37761294672959966,-9.802705416740487
BEL,2014Q4,eurostat_hicp_midx_cp00_i15_2010_2019_2026_02_06|eurostat_hicp_midx_cp045_i15_2010_2025_2026_02_06,2026-02-06,2026-07-18T13:36:09.327867+00:00|2026-07-18T13:36:12.596560+00:00,99.36,101.81333333333332,3,3,True,True,-0.003354691536128218,-9.483167377904234
BEL,2015Q1,eurostat_hicp_midx_cp00_i15_2010_2019_2026_02_06|eurostat_hicp_midx_cp045_i15_2010_2025_2026_02_06,2026-02-06,2026-07-18T13:36:09.327867+00:00|2026-07-18T13:36:12.596560+00:00,98.86,97.68,3,3,True,True,-0.386256003761809,-13.580465363177908
BEL,2015Q2,eurostat_hicp_midx_cp00_i15_2010_2019_2026_02_06|eurostat_hicp_midx_cp045_i15_2010_2025_2026_02_06,2026-02-06,2026-07-18T13:36:09.327867+00:00|2026-07-18T13:36:12.596560+00:00,100.38,99.58333333333331,3,3,True,True,0.6921456515197155,-4.012980336717675
BEL,2015Q3,eurostat_hicp_midx_cp00_i15_2010_2019_2026_02_06|eurostat_hicp_midx_cp045_i15_2010_2025_2026_02_06,2026-02-06,2026-07-18T13:36:09.327867+00:00|2026-07-18T13:36:12.596560+00:00,100.07,100.80333333333331,3,3,True,True,0.8363563079403447,-0.9758014342316712
BEL,2015Q4,eurostat_hicp_midx_cp00_i15_2010_2019_2026_02_06|eurostat_hicp_midx_cp045_i15_2010_2025_2026_02_06,2026-02-06,2026-07-18T13:36:09.327867+00:00|2026-07-18T13:36:12.596560+00:00,100.68666666666668,101.93,3,3,True,True,1.3352120236178378,0.11458878994239363
BEL,2016Q1,eurostat_hicp_midx_cp00_i15_2010_2019_2026_02_06|eurostat_hicp_midx_cp045_i15_2010_2025_2026_02_06,2026-02-06,2026-07-18T13:36:09.327867+00:00|2026-07-18T13:36:12.596560+00:00,100.37333333333332,95.88666666666666,3,3,True,True,1.5307842740575728,-1.8359268359268488
BEL,2016Q2,eurostat_hicp_midx_cp00_i15_2010_2019_2026_02_06|eurostat_hicp_midx_cp045_i15_2010_2025_2026_02_06,2026-02-06,2026-07-18T13:36:09.327867+00:00|2026-07-18T13:36:12.596560+00:00,102.03000000000002,101.21,3,3,True,True,1.6437537358039656,1.6334728033472912
BEL,2016Q3,eurostat_hicp_midx_cp00_i15_2010_2019_2026_02_06|eurostat_hicp_midx_cp045_i15_2010_2025_2026_02_06,2026-02-06,2026-07-18T13:36:09.327867+00:00|2026-07-18T13:36:12.596560+00:00,102.01333333333334,104.25333333333332,3,3,True,True,1.9419739515672552,3.4225058695148913
BEL,2016Q4,eurostat_hicp_midx_cp00_i15_2010_2019_2026_02_06|eurostat_hicp_midx_cp045_i15_2010_2025_2026_02_06,2026-02-06,2026-07-18T13:36:09.327867+00:00|2026-07-18T13:36:12.596560+00:00,102.66,107.26666666666668,3,3,True,True,1.959875521419563,5.23561921580169
BEL,2017Q1,eurostat_hicp_midx_cp00_i15_2010_2019_2026_02_06|eurostat_hicp_midx_cp045_i15_2010_2025_2026_02_06,2026-02-06,2026-07-18T13:36:09.327867+00:00|2026-07-18T13:36:12.596560+00:00,103.34,113.08,3,3,True,True,2.9556323060573986,17.930890634777175
BEL,2017Q2,eurostat_hicp_midx_cp00_i15_2010_2019_2026_02_06|eurostat_hicp_midx_cp045_i15_2010_2025_2026_02_06,2026-02-06,2026-07-18T13:36:09.327867+00:00|2026-07-18T13:36:12.596560+00:00,104.10666666666668,110.35666666666668,3,3,True,True,2.0353490803358465,9.03731515331161
BEL,2017Q3,eurostat_hicp_midx_cp00_i15_2010_2019_2026_02_06|eurostat_hicp_midx_cp045_i15_2010_2025_2026_02_06,2026-02-06,2026-07-18T13:36:09.327867+00:00|2026-07-18T13:36:12.596560+00:00,103.97333333333334,109.51333333333334,3,3,True,True,1.921317474839901,5.045402225348528
BEL,2017Q4,eurostat_hicp_midx_cp00_i15_2010_2019_2026_02_06|eurostat_hicp_midx_cp045_i15_2010_2025_2026_02_06,2026-02-06,2026-07-18T13:36:09.327867+00:00|2026-07-18T13:36:12.596560+00:00,104.71,114.31,3,3,True,True,1.9968829144749733,6.566190180236164
BEL,2018Q1,eurostat_hicp_midx_cp00_i15_2010_2019_2026_02_06|eurostat_hicp_midx_cp045_i15_2010_2025_2026_02_06,2026-02-06,2026-07-18T13:36:09.327867+00:00|2026-07-18T13:36:12.596560+00:00,104.96999999999998,114.44,3,3,True,True,1.5773175924133742,1.202688362221438
BEL,2018Q2,eurostat_hicp_midx_cp00_i15_2010_2019_2026_02_06|eurostat_hicp_midx_cp045_i15_2010_2025_2026_02_06,2026-02-06,2026-07-18T13:36:09.327867+00:00|2026-07-18T13:36:12.596560+00:00,106.35666666666668,116.76333333333334,3,3,True,True,2.1612448770491843,5.8054187936085855
BEL,2018Q3,eurostat_hicp_midx_cp00_i15_2010_2019_2026_02_06|eurostat_hicp_midx_cp045_i15_2010_2025_2026_02_06,2026-02-06,2026-07-18T13:36:09.327867+00:00|2026-07-18T13:36:12.596560+00:00,106.81333333333332,122.17,3,3,True,True,2.7314696075916745,11.557192427101715
BEL,2018Q4,eurostat_hicp_midx_cp00_i15_2010_2019_2026_02_06|eurostat_hicp_midx_cp045_i15_2010_2025_2026_02_06,2026-02-06,2026-07-18T13:36:09.327867+00:00|2026-07-18T13:36:12.596560+00:00,107.60666666666668,129.6966666666667,3,3,True,True,2.766370610893598,13.46047298282449
BEL,2019Q1,eurostat_hicp_midx_cp00_i15_2010_2019_2026_02_06|eurostat_hicp_midx_cp045_i15_2010_2025_2026_02_06,2026-02-06,2026-07-18T13:36:09.327867+00:00|2026-07-18T13:36:12.596560+00:00,107.05666666666669,122.76666666666668,3,3,True,True,1.987869550030208,7.27601071886288
BEL,2019Q2,eurostat_hicp_midx_cp00_i15_2010_2019_2026_02_06|eurostat_hicp_midx_cp045_i15_2010_2025_2026_02_06,2026-02-06,2026-07-18T13:36:09.327867+00:00|2026-07-18T13:36:12.596560+00:00,108.12,119.32666666666668,3,3,True,True,1.6579433980004277,2.195323874503985
BEL,2019Q3,eurostat_hicp_midx_cp00_i15_2010_2019_2026_02_06|eurostat_hicp_midx_cp045_i15_2010_2025_2026_02_06,2026-02-06,2026-07-18T13:36:09.327867+00:00|2026-07-18T13:36:12.596560+00:00,107.75,116.15333333333332,3,3,True,True,0.8769192360504441,-4.924831518921735
BEL,2019Q4,eurostat_hicp_midx_cp00_i15_2010_2019_2026_02_06|eurostat_hicp_midx_cp045_i15_2010_2025_2026_02_06,2026-02-06,2026-07-18T13:36:09.327867+00:00|2026-07-18T13:36:12.596560+00:00,108.13666666666666,117.43,3,3,True,True,0.4925345393717695,-9.457966023285113
BEL,2020Q1,eurostat_hicp_midx_cp00_i15_2026_02_06|eurostat_hicp_midx_cp045_i15_2010_2025_2026_02_06,2026-02-06,2026-07-18T13:22:23.066990+00:00|2026-07-18T13:36:12.596560+00:00,108.07666666666668,111.16,3,3,True,True,0.9527664476756792,-9.454249253326108
BEL,2020Q2,eurostat_hicp_midx_cp00_i15_2026_02_06|eurostat_hicp_midx_cp045_i15_2010_2025_2026_02_06,2026-02-06,2026-07-18T13:22:23.066990+00:00|2026-07-18T13:36:12.596560+00:00,108.11666666666667,99.87333333333332,3,3,True,True,-0.0030829942039733993,-16.302586736689218
BEL,2020Q3,eurostat_hicp_midx_cp00_i15_2026_02_06|eurostat_hicp_midx_cp045_i15_2010_2025_2026_02_06,2026-02-06,2026-07-18T13:22:23.066990+00:00|2026-07-18T13:36:12.596560+00:00,108.21333333333332,101.11333333333334,3,3,True,True,0.4300077339520314,-12.948401538196618
BEL,2020Q4,eurostat_hicp_midx_cp00_i15_2026_02_06|eurostat_hicp_midx_cp045_i15_2010_2025_2026_02_06,2026-02-06,2026-07-18T13:22:23.066990+00:00|2026-07-18T13:36:12.596560+00:00,108.5,104.52,3,3,True,True,0.3359945747665183,-10.993783530613987
BEL,2021Q1,eurostat_hicp_midx_cp00_i15_2026_02_06|eurostat_hicp_midx_cp045_i15_2010_2025_2026_02_06,2026-02-06,2026-07-18T13:22:23.066990+00:00|2026-07-18T13:36:12.596560+00:00,108.99,112.45333333333332,3,3,True,True,0.8450791105079514,1.1634880652512836
BEL,2021Q2,eurostat_hicp_midx_cp00_i15_2026_02_06|eurostat_hicp_midx_cp045_i15_2010_2025_2026_02_06,2026-02-06,2026-07-18T13:22:23.066990+00:00|2026-07-18T13:36:12.596560+00:00,110.68333333333334,117.48,3,3,True,True,2.373978726684123,17.628996729190316
BEL,2021Q3,eurostat_hicp_midx_cp00_i15_2026_02_06|eurostat_hicp_midx_cp045_i15_2010_2025_2026_02_06,2026-02-06,2026-07-18T13:22:23.066990+00:00|2026-07-18T13:36:12.596560+00:00,111.78,129.93,3,3,True,True,3.295958600295723,28.49937364013977
BEL,2021Q4,eurostat_hicp_midx_cp00_i15_2026_02_06|eurostat_hicp_midx_cp045_i15_2010_2025_2026_02_06,2026-02-06,2026-07-18T13:22:23.066990+00:00|2026-07-18T13:36:12.596560+00:00,115.40333333333336,163.64,3,3,True,True,6.3625192012289,56.56333716035209
BEL,2022Q1,eurostat_hicp_midx_cp00_i15_2026_02_06|eurostat_hicp_midx_cp045_i15_2010_2025_2026_02_06,2026-02-06,2026-07-18T13:22:23.066990+00:00|2026-07-18T13:36:12.596560+00:00,118.92,206.55,3,3,True,True,9.110927608037445,83.67619160540671
BEL,2022Q2,eurostat_hicp_midx_cp00_i15_2026_02_06|eurostat_hicp_midx_cp045_i15_2010_2025_2026_02_06,2026-02-06,2026-07-18T13:22:23.066990+00:00|2026-07-18T13:36:12.596560+00:00,121.68,209.4,3,3,True,True,9.93525071525372,78.24310520939734
BEL,2022Q3,eurostat_hicp_midx_cp00_i15_2026_02_06|eurostat_hicp_midx_cp045_i15_2010_2025_2026_02_06,2026-02-06,2026-07-18T13:22:23.066990+00:00|2026-07-18T13:36:12.596560+00:00,124.05666666666669,228.3033333333333,3,3,True,True,10.982883044074686,75.71256317504296
BEL,2022Q4,eurostat_hicp_midx_cp00_i15_2026_02_06|eurostat_hicp_midx_cp045_i15_2010_2025_2026_02_06,2026-02-06,2026-07-18T13:22:23.066990+00:00|2026-07-18T13:36:12.596560+00:00,128.38,262.39000000000004,3,3,True,True,11.244620317148524,60.34588120263997
BEL,2023Q1,eurostat_hicp_midx_cp00_i15_2026_02_06|eurostat_hicp_midx_cp045_i15_2010_2025_2026_02_06,2026-02-06,2026-07-18T13:22:23.066990+00:00|2026-07-18T13:36:12.596560+00:00,125.96,177.35666666666663,3,3,True,True,5.919946182307423,-14.133785201323356
BEL,2023Q2,eurostat_hicp_midx_cp00_i15_2026_02_06|eurostat_hicp_midx_cp045_i15_2010_2025_2026_02_06,2026-02-06,2026-07-18T13:22:23.066990+00:00|2026-07-18T13:36:12.596560+00:00,124.78333333333336,126.19,3,3,True,True,2.5504054350208305,-39.737344794651385
BEL,2023Q3,eurostat_hicp_midx_cp00_i15_2026_02_06|eurostat_hicp_midx_cp045_i15_2010_2025_2026_02_06,2026-02-06,2026-07-18T13:22:23.066990+00:00|2026-07-18T13:36:12.596560+00:00,125.99333333333334,132.86333333333334,3,3,True,True,1.5611145444286212,-41.80403264662509
BEL,2023Q4,eurostat_hicp_midx_cp00_i15_2026_02_06|eurostat_hicp_midx_cp045_i15_2010_2025_2026_02_06,2026-02-06,2026-07-18T13:22:23.066990+00:00|2026-07-18T13:36:12.596560+00:00,127.55,141.64333333333337,3,3,True,True,-0.6465181492444239,-46.018013897887364
BEL,2024Q1,eurostat_hicp_midx_cp00_i15_2026_02_06|eurostat_hicp_midx_cp045_i15_2010_2025_2026_02_06,2026-02-06,2026-07-18T13:22:23.066990+00:00|2026-07-18T13:36:12.596560+00:00,129.70000000000002,159.04666666666665,3,3,True,True,2.969196570339805,-10.323829571296994
BEL,2024Q2,eurostat_hicp_midx_cp00_i15_2026_02_06|eurostat_hicp_midx_cp045_i15_2010_2025_2026_02_06,2026-02-06,2026-07-18T13:22:23.066990+00:00|2026-07-18T13:36:12.596560+00:00,131.08666666666667,165.44333333333333,3,3,True,True,5.051422465607036,31.106532477481053
BEL,2024Q3,eurostat_hicp_midx_cp00_i15_2026_02_06|eurostat_hicp_midx_cp045_i15_2010_2025_2026_02_06,2026-02-06,2026-07-18T13:22:23.066990+00:00|2026-07-18T13:36:12.596560+00:00,131.9,169.41333333333333,3,3,True,True,4.6880787343245744,27.509470884869145
BEL,2024Q4,eurostat_hicp_midx_cp00_i15_2026_02_06|eurostat_hicp_midx_cp045_i15_2010_2025_2026_02_06,2026-02-06,2026-07-18T13:22:23.066990+00:00|2026-07-18T13:36:12.596560+00:00,133.38333333333333,175.53333333333333,3,3,True,True,4.573369920292691,23.92629374249873
BEL,2025Q1,eurostat_hicp_midx_cp00_i15_2026_02_06|eurostat_hicp_midx_cp045_i15_2010_2025_2026_02_06,2026-02-06,2026-07-18T13:22:23.066990+00:00|2026-07-18T13:36:12.596560+00:00,135.03333333333333,194.33,3,3,True,True,4.11205345669492,22.184264576434607
BEL,2025Q2,eurostat_hicp_midx_cp00_i15_2026_02_06|eurostat_hicp_midx_cp045_i15_2010_2025_2026_02_06,2026-02-06,2026-07-18T13:22:23.066990+00:00|2026-07-18T13:36:12.596560+00:00,134.92666666666665,178.74666666666667,3,3,True,True,2.929359711132573,8.04102109483611
BEL,2025Q3,eurostat_hicp_midx_cp00_i15_2026_02_06|eurostat_hicp_midx_cp045_i15_2010_2025_2026_02_06,2026-02-06,2026-07-18T13:22:23.066990+00:00|2026-07-18T13:36:12.596560+00:00,135.3733333333333,176.74,3,3,True,True,2.6333080616628424,4.32472847473635
BEL,2025Q4,eurostat_hicp_midx_cp00_i15_2026_02_06|eurostat_hicp_midx_cp045_i15_2010_2025_2026_02_06,2026-02-06,2026-07-18T13:22:23.066990+00:00|2026-07-18T13:36:12.596560+00:00,136.63666666666666,174.3766666666667,3,3,True,True,2.439085342996372,-0.6589441701481014
BGR,2010Q1,eurostat_hicp_midx_cp00_i15_2010_2019_2026_02_06|eurostat_hicp_midx_cp045_i15_2010_2025_2026_02_06,2026-02-06,2026-07-18T13:36:09.327867+00:00|2026-07-18T13:36:12.596560+00:00,95.24666666666668,88.07,3,3,True,True,,
BGR,2010Q2,eurostat_hicp_midx_cp00_i15_2010_2019_2026_02_06|eurostat_hicp_midx_cp045_i15_2010_2025_2026_02_06,2026-02-06,2026-07-18T13:36:09.327867+00:00|2026-07-18T13:36:12.596560+00:00,96.54666666666668,88.44666666666667,3,3,True,True,,
BGR,2010Q3,eurostat_hicp_midx_cp00_i15_2010_2019_2026_02_06|eurostat_hicp_midx_cp045_i15_2010_2025_2026_02_06,2026-02-06,2026-07-18T13:36:09.327867+00:00|2026-07-18T13:36:12.596560+00:00,96.94666666666669,90.36666666666667,3,3,True,True,,
BGR,2010Q4,eurostat_hicp_midx_cp00_i15_2010_2019_2026_02_06|eurostat_hicp_midx_cp045_i15_2010_2025_2026_02_06,2026-02-06,2026-07-18T13:36:09.327867+00:00|2026-07-18T13:36:12.596560+00:00,97.91666666666669,91.39666666666666,3,3,True,True,,
BGR,2011Q1,eurostat_hicp_midx_cp00_i15_2010_2019_2026_02_06|eurostat_hicp_midx_cp045_i15_2010_2025_2026_02_06,2026-02-06,2026-07-18T13:36:09.327867+00:00|2026-07-18T13:36:12.596560+00:00,99.53333333333336,91.06333333333332,3,3,True,True,4.500594946454828,3.3988115514174133
BGR,2011Q2,eurostat_hicp_midx_cp00_i15_2010_2019_2026_02_06|eurostat_hicp_midx_cp045_i15_2010_2025_2026_02_06,2026-02-06,2026-07-18T13:36:09.327867+00:00|2026-07-18T13:36:12.596560+00:00,99.85333333333334,91.08333333333331,3,3,True,True,3.4249413064493694,2.981080877364861
BGR,2011Q3,eurostat_hicp_midx_cp00_i15_2010_2019_2026_02_06|eurostat_hicp_midx_cp045_i15_2010_2025_2026_02_06,2026-02-06,2026-07-18T13:36:09.327867+00:00|2026-07-18T13:36:12.596560+00:00,99.96333333333332,92.92666666666666,3,3,True,True,3.111676523174234,2.832902987827346
BGR,2011Q4,eurostat_hicp_midx_cp00_i15_2010_2019_2026_02_06|eurostat_hicp_midx_cp045_i15_2010_2025_2026_02_06,2026-02-06,2026-07-18T13:36:09.327867+00:00|2026-07-18T13:36:12.596560+00:00,100.4,93.84666666666664,3,3,True,True,2.5361702127659536,2.6806229257084313
BGR,2012Q1,eurostat_hicp_midx_cp00_i15_2010_2019_2026_02_06|eurostat_hicp_midx_cp045_i15_2010_2025_2026_02_06,2026-02-06,2026-07-18T13:36:09.327867+00:00|2026-07-18T13:36:12.596560+00:00,101.40666666666668,94.54,3,3,True,True,1.8821165438713816,3.8178557048208495
BGR,2012Q2,eurostat_hicp_midx_cp00_i15_2010_2019_2026_02_06|eurostat_hicp_midx_cp045_i15_2010_2025_2026_02_06,2026-02-06,2026-07-18T13:36:09.327867+00:00|2026-07-18T13:36:12.596560+00:00,101.68666666666668,96.11,3,3,True,True,1.836026171718519,5.5187557182067914
BGR,2012Q3,eurostat_hicp_midx_cp00_i15_2010_2019_2026_02_06|eurostat_hicp_midx_cp045_i15_2010_2025_2026_02_06,2026-02-06,2026-07-18T13:36:09.327867+00:00|2026-07-18T13:36:12.596560+00:00,102.95666666666666,105.34333333333332,3,3,True,True,2.9944312914735427,13.361790659301231
BGR,2012Q4,eurostat_hicp_midx_cp00_i15_2010_2019_2026_02_06|eurostat_hicp_midx_cp045_i15_2010_2025_2026_02_06,2026-02-06,2026-07-18T13:36:09.327867+00:00|2026-07-18T13:36:12.596560+00:00,103.25666666666666,105.87,3,3,True,True,2.845285524568375,12.811678624707001
BGR,2013Q1,eurostat_hicp_midx_cp00_i15_2010_2019_2026_02_06|eurostat_hicp_midx_cp045_i15_2010_2025_2026_02_06,2026-02-06,2026-07-18T13:36:09.327867+00:00|2026-07-18T13:36:12.596560+00:00,103.59,103.08333333333331,3,3,True,True,2.153047136940356,9.036739299062102
BGR,2013Q2,eurostat_hicp_midx_cp00_i15_2010_2019_2026_02_06|eurostat_hicp_midx_cp045_i15_2010_2025_2026_02_06,2026-02-06,2026-07-18T13:36:09.327867+00:00|2026-07-18T13:36:12.596560+00:00,102.77,98.21,3,3,True,True,1.065364190650997,2.184996358339397
BGR,2013Q3,eurostat_hicp_midx_cp00_i15_2010_2019_2026_02_06|eurostat_hicp_midx_cp045_i15_2010_2025_2026_02_06,2026-02-06,2026-07-18T13:36:09.327867+00:00|2026-07-18T13:36:12.596560+00:00,102.27,95.94333333333331,3,3,True,True,-0.6669472593647807,-8.92320349333925
BGR,2013Q4,eurostat_hicp_midx_cp00_i15_2010_2019_2026_02_06|eurostat_hicp_midx_cp045_i15_2010_2025_2026_02_06,2026-02-06,2026-07-18T13:36:09.327867+00:00|2026-07-18T13:36:12.596560+00:00,102.25333333333332,94.76666666666668,3,3,True,True,-0.9716886722407003,-10.487705047070294
BGR,2014Q1,eurostat_hicp_midx_cp00_i15_2010_2019_2026_02_06|eurostat_hicp_midx_cp045_i15_2010_2025_2026_02_06,2026-02-06,2026-07-18T13:36:09.327867+00:00|2026-07-18T13:36:12.596560+00:00,101.71333333333332,92.79,3,3,True,True,-1.8116291791357098,-9.985448666127706
BGR,2014Q2,eurostat_hicp_midx_cp00_i15_2010_2019_2026_02_06|eurostat_hicp_midx_cp045_i15_2010_2025_2026_02_06,2026-02-06,2026-07-18T13:36:09.327867+00:00|2026-07-18T13:36:12.596560+00:00,101.09666666666668,92.61666666666667,3,3,True,True,-1.628231325613816,-5.695278824288074
BGR,2014Q3,eurostat_hicp_midx_cp00_i15_2010_2019_2026_02_06|eurostat_hicp_midx_cp045_i15_2010_2025_2026_02_06,2026-02-06,2026-07-18T13:36:09.327867+00:00|2026-07-18T13:36:12.596560+00:00,101.06333333333332,93.99666666666668,3,3,True,True,-1.1798833154069377,-2.0289754368897905
BGR,2014Q4,eurostat_hicp_midx_cp00_i15_2010_2019_2026_02_06|eurostat_hicp_midx_cp045_i15_2010_2025_2026_02_06,2026-02-06,2026-07-18T13:36:09.327867+00:00|2026-07-18T13:36:12.596560+00:00,100.43333333333334,101.23666666666668,3,3,True,True,-1.7798930760203224,6.827295110798448
BGR,2015Q1,eurostat_hicp_midx_cp00_i15_2010_2019_2026_02_06|eurostat_hicp_midx_cp045_i15_2010_2025_2026_02_06,2026-02-06,2026-07-18T13:36:09.327867+00:00|2026-07-18T13:36:12.596560+00:00,99.95,101.28000000000002,3,3,True,True,-1.7336304647047163,9.149692854833514
BGR,2015Q2,eurostat_hicp_midx_cp00_i15_2010_2019_2026_02_06|eurostat_hicp_midx_cp045_i15_2010_2025_2026_02_06,2026-02-06,2026-07-18T13:36:09.327867+00:00|2026-07-18T13:36:12.596560+00:00,100.50333333333332,100.13,3,3,True,True,-0.5868970292459696,8.112290804390842
BGR,2015Q3,eurostat_hicp_midx_cp00_i15_2010_2019_2026_02_06|eurostat_hicp_midx_cp045_i15_2010_2025_2026_02_06,2026-02-06,2026-07-18T13:36:09.327867+00:00|2026-07-18T13:36:12.596560+00:00,100.12333333333332,99.53333333333336,3,3,True,True,-0.9301098321184753,5.890279797155928
BGR,2015Q4,eurostat_hicp_midx_cp00_i15_2010_2019_2026_02_06|eurostat_hicp_midx_cp045_i15_2010_2025_2026_02_06,2026-02-06,2026-07-18T13:36:09.327867+00:00|2026-07-18T13:36:12.596560+00:00,99.41666666666669,99.05333333333331,3,3,True,True,-1.012280119482234,-2.1566626057752725
BGR,2016Q1,eurostat_hicp_midx_cp00_i15_2010_2019_2026_02_06|eurostat_hicp_midx_cp045_i15_2010_2025_2026_02_06,2026-02-06,2026-07-18T13:36:09.327867+00:00|2026-07-18T13:36:12.596560+00:00,98.85666666666668,98.85333333333334,3,3,True,True,-1.0938802734700492,-2.3959978936282322
BGR,2016Q2,eurostat_hicp_midx_cp00_i15_2010_2019_2026_02_06|eurostat_hicp_midx_cp045_i15_2010_2025_2026_02_06,2026-02-06,2026-07-18T13:36:09.327867+00:00|2026-07-18T13:36:12.596560+00:00,98.17666666666666,97.75333333333332,3,3,True,True,-2.315014427382167,-2.373581011351922
BGR,2016Q3,eurostat_hicp_midx_cp00_i15_2010_2019_2026_02_06|eurostat_hicp_midx_cp045_i15_2010_2025_2026_02_06,2026-02-06,2026-07-18T13:36:09.327867+00:00|2026-07-18T13:36:12.596560+00:00,99.03000000000002,97.70666666666666,3,3,True,True,-1.0919865499217307,-1.83523107836574
BGR,2016Q4,eurostat_hicp_midx_cp00_i15_2010_2019_2026_02_06|eurostat_hicp_midx_cp045_i15_2010_2025_2026_02_06,2026-02-06,2026-07-18T13:36:09.327867+00:00|2026-07-18T13:36:12.596560+00:00,98.64,97.83333333333331,3,3,True,True,-0.781223805532294,-1.2316597119396921
BGR,2017Q1,eurostat_hicp_midx_cp00_i15_2010_2019_2026_02_06|eurostat_hicp_midx_cp045_i15_2010_2025_2026_02_06,2026-02-06,2026-07-18T13:36:09.327867+00:00|2026-07-18T13:36:12.596560+00:00,99.61666666666667,98.56,3,3,True,True,0.7687898303941676,-0.29673590504450953
BGR,2017Q2,eurostat_hicp_midx_cp00_i15_2010_2019_2026_02_06|eurostat_hicp_midx_cp045_i15_2010_2025_2026_02_06,2026-02-06,2026-07-18T13:36:09.327867+00:00|2026-07-18T13:36:12.596560+00:00,99.53666666666668,101.0,3,3,True,True,1.3852578684684147,3.321284866671226
BGR,2017Q3,eurostat_hicp_midx_cp00_i15_2010_2019_2026_02_06|eurostat_hicp_midx_cp045_i15_2010_2025_2026_02_06,2026-02-06,2026-07-18T13:36:09.327867+00:00|2026-07-18T13:36:12.596560+00:00,99.89666666666666,102.31333333333332,3,3,True,True,0.8751556767309321,4.714792576419202
BGR,2017Q4,eurostat_hicp_midx_cp00_i15_2010_2019_2026_02_06|eurostat_hicp_midx_cp045_i15_2010_2025_2026_02_06,2026-02-06,2026-07-18T13:36:09.327867+00:00|2026-07-18T13:36:12.596560+00:00,100.34333333333332,103.49,3,3,True,True,1.7268180589348425,5.781942078364577
BGR,2018Q1,eurostat_hicp_midx_cp00_i15_2010_2019_2026_02_06|eurostat_hicp_midx_cp045_i15_2010_2025_2026_02_06,2026-02-06,2026-07-18T13:36:09.327867+00:00|2026-07-18T13:36:12.596560+00:00,101.17333333333332,103.92666666666666,3,3,True,True,1.5626568512631556,5.445075757575757
BGR,2018Q2,eurostat_hicp_midx_cp00_i15_2010_2019_2026_02_06|eurostat_hicp_midx_cp045_i15_2010_2025_2026_02_06,2026-02-06,2026-07-18T13:36:09.327867+00:00|2026-07-18T13:36:12.596560+00:00,101.87666666666668,103.83,3,3,True,True,2.3508924684370935,2.8019801980198045
BGR,2018Q3,eurostat_hicp_midx_cp00_i15_2010_2019_2026_02_06|eurostat_hicp_midx_cp045_i15_2010_2025_2026_02_06,2026-02-06,2026-07-18T13:36:09.327867+00:00|2026-07-18T13:36:12.596560+00:00,103.51666666666668,106.22333333333331,3,3,True,True,3.623744536020568,3.8215937968332447
BGR,2018Q4,eurostat_hicp_midx_cp00_i15_2010_2019_2026_02_06|eurostat_hicp_midx_cp045_i15_2010_2025_2026_02_06,2026-02-06,2026-07-18T13:36:09.327867+00:00|2026-07-18T13:36:12.596560+00:00,103.33666666666666,108.57333333333334,3,3,True,True,2.9830913862405772,4.911907752761957
BGR,2019Q1,eurostat_hicp_midx_cp00_i15_2010_2019_2026_02_06|eurostat_hicp_midx_cp045_i15_2010_2025_2026_02_06,2026-02-06,2026-07-18T13:36:09.327867+00:00|2026-07-18T13:36:12.596560+00:00,103.70333333333332,109.14333333333332,3,3,True,True,2.500658935160782,5.0195650779395695
BGR,2019Q2,eurostat_hicp_midx_cp00_i15_2010_2019_2026_02_06|eurostat_hicp_midx_cp045_i15_2010_2025_2026_02_06,2026-02-06,2026-07-18T13:36:09.327867+00:00|2026-07-18T13:36:12.596560+00:00,104.69666666666669,108.71666666666664,3,3,True,True,2.768052874390614,4.7064111207422155
BGR,2019Q3,eurostat_hicp_midx_cp00_i15_2010_2019_2026_02_06|eurostat_hicp_midx_cp045_i15_2010_2025_2026_02_06,2026-02-06,2026-07-18T13:36:09.327867+00:00|2026-07-18T13:36:12.596560+00:00,105.84333333333332,110.67333333333332,3,3,True,True,2.2476251811302195,4.1892867229422315
BGR,2019Q4,eurostat_hicp_midx_cp00_i15_2010_2019_2026_02_06|eurostat_hicp_midx_cp045_i15_2010_2025_2026_02_06,2026-02-06,2026-07-18T13:36:09.327867+00:00|2026-07-18T13:36:12.596560+00:00,105.73333333333332,111.18333333333334,3,3,True,True,2.3192800232250566,2.4039051946457057
BGR,2020Q1,eurostat_hicp_midx_cp00_i15_2026_02_06|eurostat_hicp_midx_cp045_i15_2010_2025_2026_02_06,2026-02-06,2026-07-18T13:22:23.066990+00:00|2026-07-18T13:36:12.596560+00:00,106.78333333333336,111.09333333333332,3,3,True,True,2.970010607180784,1.7866414195400582
BGR,2020Q2,eurostat_hicp_midx_cp00_i15_2026_02_06|eurostat_hicp_midx_cp045_i15_2010_2025_2026_02_06,2026-02-06,2026-07-18T13:22:23.066990+00:00|2026-07-18T13:36:12.596560+00:00,105.82,107.29333333333334,3,3,True,True,1.0729408768187287,-1.309213552046573
BGR,2020Q3,eurostat_hicp_midx_cp00_i15_2026_02_06|eurostat_hicp_midx_cp045_i15_2010_2025_2026_02_06,2026-02-06,2026-07-18T13:22:23.066990+00:00|2026-07-18T13:36:12.596560+00:00,106.43,109.89,3,3,True,True,0.5542783359052894,-0.7077886874284567
BGR,2020Q4,eurostat_hicp_midx_cp00_i15_2026_02_06|eurostat_hicp_midx_cp045_i15_2010_2025_2026_02_06,2026-02-06,2026-07-18T13:22:23.066990+00:00|2026-07-18T13:36:12.596560+00:00,106.06333333333332,110.72666666666667,3,3,True,True,0.3121059268600179,-0.410733023534704
BGR,2021Q1,eurostat_hicp_midx_cp00_i15_2026_02_06|eurostat_hicp_midx_cp045_i15_2010_2025_2026_02_06,2026-02-06,2026-07-18T13:22:23.066990+00:00|2026-07-18T13:36:12.596560+00:00,107.02666666666666,111.10333333333334,3,3,True,True,0.22787576088649786,0.009001440230460567
BGR,2021Q2,eurostat_hicp_midx_cp00_i15_2026_02_06|eurostat_hicp_midx_cp045_i15_2010_2025_2026_02_06,2026-02-06,2026-07-18T13:22:23.066990+00:00|2026-07-18T13:36:12.596560+00:00,108.17,111.48,3,3,True,True,2.22075222075222,3.9020753075680314
BGR,2021Q3,eurostat_hicp_midx_cp00_i15_2026_02_06|eurostat_hicp_midx_cp045_i15_2010_2025_2026_02_06,2026-02-06,2026-07-18T13:22:23.066990+00:00|2026-07-18T13:36:12.596560+00:00,109.54,117.15333333333332,3,3,True,True,2.9221084280747878,6.6096399429732555
BGR,2021Q4,eurostat_hicp_midx_cp00_i15_2026_02_06|eurostat_hicp_midx_cp045_i15_2010_2025_2026_02_06,2026-02-06,2026-07-18T13:22:23.066990+00:00|2026-07-18T13:36:12.596560+00:00,112.44333333333331,125.37333333333332,3,3,True,True,6.01527389295704,13.227768077548308
BGR,2022Q1,eurostat_hicp_midx_cp00_i15_2026_02_06|eurostat_hicp_midx_cp045_i15_2010_2025_2026_02_06,2026-02-06,2026-07-18T13:22:23.066990+00:00|2026-07-18T13:36:12.596560+00:00,116.51666666666668,129.20666666666668,3,3,True,True,8.866949046966521,16.294140589841287
BGR,2022Q2,eurostat_hicp_midx_cp00_i15_2026_02_06|eurostat_hicp_midx_cp045_i15_2010_2025_2026_02_06,2026-02-06,2026-07-18T13:22:23.066990+00:00|2026-07-18T13:36:12.596560+00:00,122.67333333333332,134.20666666666668,3,3,True,True,13.407907306400402,20.386317426145204
BGR,2022Q3,eurostat_hicp_midx_cp00_i15_2026_02_06|eurostat_hicp_midx_cp045_i15_2010_2025_2026_02_06,2026-02-06,2026-07-18T13:22:23.066990+00:00|2026-07-18T13:36:12.596560+00:00,126.16,154.03333333333333,3,3,True,True,15.172539711520905,31.480111534740818
BGR,2022Q4,eurostat_hicp_midx_cp00_i15_2026_02_06|eurostat_hicp_midx_cp045_i15_2010_2025_2026_02_06,2026-02-06,2026-07-18T13:22:23.066990+00:00|2026-07-18T13:36:12.596560+00:00,128.74666666666667,152.51666666666665,3,3,True,True,14.499155129991426,21.65000531745187
BGR,2023Q1,eurostat_hicp_midx_cp00_i15_2026_02_06|eurostat_hicp_midx_cp045_i15_2010_2025_2026_02_06,2026-02-06,2026-07-18T13:22:23.066990+00:00|2026-07-18T13:36:12.596560+00:00,132.07333333333335,149.99333333333334,3,3,True,True,13.351451866685737,16.087921159898855
BGR,2023Q2,eurostat_hicp_midx_cp00_i15_2026_02_06|eurostat_hicp_midx_cp045_i15_2010_2025_2026_02_06,2026-02-06,2026-07-18T13:22:23.066990+00:00|2026-07-18T13:36:12.596560+00:00,133.46,146.27666666666667,3,3,True,True,8.793000380414128,8.993591972579607
BGR,2023Q3,eurostat_hicp_midx_cp00_i15_2026_02_06|eurostat_hicp_midx_cp045_i15_2010_2025_2026_02_06,2026-02-06,2026-07-18T13:22:23.066990+00:00|2026-07-18T13:36:12.596560+00:00,135.26000000000002,147.74333333333334,3,3,True,True,7.213062777425505,-4.083531703094567
BGR,2023Q4,eurostat_hicp_midx_cp00_i15_2026_02_06|eurostat_hicp_midx_cp045_i15_2010_2025_2026_02_06,2026-02-06,2026-07-18T13:22:23.066990+00:00|2026-07-18T13:36:12.596560+00:00,135.79,148.47666666666666,3,3,True,True,5.470691797845895,-2.6488908316031012
BGR,2024Q1,eurostat_hicp_midx_cp00_i15_2026_02_06|eurostat_hicp_midx_cp045_i15_2010_2025_2026_02_06,2026-02-06,2026-07-18T13:22:23.066990+00:00|2026-07-18T13:36:12.596560+00:00,136.68666666666667,148.20333333333335,3,3,True,True,3.493008934430364,-1.1933863727276672
BGR,2024Q2,eurostat_hicp_midx_cp00_i15_2026_02_06|eurostat_hicp_midx_cp045_i15_2010_2025_2026_02_06,2026-02-06,2026-07-18T13:22:23.066990+00:00|2026-07-18T13:36:12.596560+00:00,137.00333333333333,146.17333333333332,3,3,True,True,2.6549777711174283,-0.07064238999158201
BGR,2024Q3,eurostat_hicp_midx_cp00_i15_2026_02_06|eurostat_hicp_midx_cp045_i15_2010_2025_2026_02_06,2026-02-06,2026-07-18T13:22:23.066990+00:00|2026-07-18T13:36:12.596560+00:00,138.27666666666667,146.49,3,3,True,True,2.2302725614865127,-0.8483180290142833
BGR,2024Q4,eurostat_hicp_midx_cp00_i15_2026_02_06|eurostat_hicp_midx_cp045_i15_2010_2025_2026_02_06,2026-02-06,2026-07-18T13:22:23.066990+00:00|2026-07-18T13:36:12.596560+00:00,138.5533333333333,146.35333333333332,3,3,True,True,2.035005032280224,-1.4300788002604259
BGR,2025Q1,eurostat_hicp_midx_cp00_i15_2026_02_06|eurostat_hicp_midx_cp045_i15_2010_2025_2026_02_06,2026-02-06,2026-07-18T13:22:23.066990+00:00|2026-07-18T13:36:12.596560+00:00,142.03,154.32666666666668,3,3,True,True,3.9091840218504537,4.1317109376757255
BGR,2025Q2,eurostat_hicp_midx_cp00_i15_2026_02_06|eurostat_hicp_midx_cp045_i15_2010_2025_2026_02_06,2026-02-06,2026-07-18T13:22:23.066990+00:00|2026-07-18T13:36:12.596560+00:00,141.01333333333332,153.01333333333332,3,3,True,True,2.926936084280185,4.679376083188913
BGR,2025Q3,eurostat_hicp_midx_cp00_i15_2026_02_06|eurostat_hicp_midx_cp045_i15_2010_2025_2026_02_06,2026-02-06,2026-07-18T13:22:23.066990+00:00|2026-07-18T13:36:12.596560+00:00,143.32666666666668,156.67,3,3,True,True,3.652098449967456,6.949279814321785
BGR,2025Q4,eurostat_hicp_midx_cp00_i15_2026_02_06|eurostat_hicp_midx_cp045_i15_2010_2025_2026_02_06,2026-02-06,2026-07-18T13:22:23.066990+00:00|2026-07-18T13:36:12.596560+00:00,143.63,156.97,3,3,True,True,3.6640523504787748,7.254133831367016
CYP,2010Q1,eurostat_hicp_midx_cp00_i15_2010_2019_2026_02_06|eurostat_hicp_midx_cp045_i15_2010_2025_2026_02_06,2026-02-06,2026-07-18T13:36:09.327867+00:00|2026-07-18T13:36:12.596560+00:00,93.33,95.21999999999998,3,3,True,True,,
CYP,2010Q2,eurostat_hicp_midx_cp00_i15_2010_2019_2026_02_06|eurostat_hicp_midx_cp045_i15_2010_2025_2026_02_06,2026-02-06,2026-07-18T13:36:09.327867+00:00|2026-07-18T13:36:12.596560+00:00,95.16333333333334,101.58,3,3,True,True,,
CYP,2010Q3,eurostat_hicp_midx_cp00_i15_2010_2019_2026_02_06|eurostat_hicp_midx_cp045_i15_2010_2025_2026_02_06,2026-02-06,2026-07-18T13:36:09.327867+00:00|2026-07-18T13:36:12.596560+00:00,95.46666666666664,105.03333333333336,3,3,True,True,,
CYP,2010Q4,eurostat_hicp_midx_cp00_i15_2010_2019_2026_02_06|eurostat_hicp_midx_cp045_i15_2010_2025_2026_02_06,2026-02-06,2026-07-18T13:36:09.327867+00:00|2026-07-18T13:36:12.596560+00:00,96.38666666666666,106.78333333333336,3,3,True,True,,
CYP,2011Q1,eurostat_hicp_midx_cp00_i15_2010_2019_2026_02_06|eurostat_hicp_midx_cp045_i15_2010_2025_2026_02_06,2026-02-06,2026-07-18T13:36:09.327867+00:00|2026-07-18T13:36:12.596560+00:00,96.26,108.54666666666668,3,3,True,True,3.1393978356369923,13.995659175243325
CYP,2011Q2,eurostat_hicp_midx_cp00_i15_2010_2019_2026_02_06|eurostat_hicp_midx_cp045_i15_2010_2025_2026_02_06,2026-02-06,2026-07-18T13:36:09.327867+00:00|2026-07-18T13:36:12.596560+00:00,99.04333333333334,116.91666666666669,3,3,True,True,4.077200602472941,15.098116427118224
CYP,2011Q3,eurostat_hicp_midx_cp00_i15_2010_2019_2026_02_06|eurostat_hicp_midx_cp045_i15_2010_2025_2026_02_06,2026-02-06,2026-07-18T13:36:09.327867+00:00|2026-07-18T13:36:12.596560+00:00,98.26,122.87333333333332,3,3,True,True,2.9259776536313176,16.985084100285587
CYP,2011Q4,eurostat_hicp_midx_cp00_i15_2010_2019_2026_02_06|eurostat_hicp_midx_cp045_i15_2010_2025_2026_02_06,2026-02-06,2026-07-18T13:36:09.327867+00:00|2026-07-18T13:36:12.596560+00:00,100.04333333333334,131.80333333333334,3,3,True,True,3.793747406280268,23.430622756360208
CYP,2012Q1,eurostat_hicp_midx_cp00_i15_2010_2019_2026_02_06|eurostat_hicp_midx_cp045_i15_2010_2025_2026_02_06,2026-02-06,2026-07-18T13:36:09.327867+00:00|2026-07-18T13:36:12.596560+00:00,99.38333333333333,139.01,3,3,True,True,3.24468453494009,28.064734062154507
CYP,2012Q2,eurostat_hicp_midx_cp00_i15_2010_2019_2026_02_06|eurostat_hicp_midx_cp045_i15_2010_2025_2026_02_06,2026-02-06,2026-07-18T13:36:09.327867+00:00|2026-07-18T13:36:12.596560+00:00,102.40666666666668,148.41333333333333,3,3,True,True,3.395820011442807,26.93941553813255
CYP,2012Q3,eurostat_hicp_midx_cp00_i15_2010_2019_2026_02_06|eurostat_hicp_midx_cp045_i15_2010_2025_2026_02_06,2026-02-06,2026-07-18T13:36:09.327867+00:00|2026-07-18T13:36:12.596560+00:00,102.14333333333332,146.54666666666665,3,3,True,True,3.9520998710902866,19.26645325809777
CYP,2012Q4,eurostat_hicp_midx_cp00_i15_2010_2019_2026_02_06|eurostat_hicp_midx_cp045_i15_2010_2025_2026_02_06,2026-02-06,2026-07-18T13:36:09.327867+00:00|2026-07-18T13:36:12.596560+00:00,101.87,147.1233333333333,3,3,True,True,1.8258754539699495,11.623378265597717
CYP,2013Q1,eurostat_hicp_midx_cp00_i15_2010_2019_2026_02_06|eurostat_hicp_midx_cp045_i15_2010_2025_2026_02_06,2026-02-06,2026-07-18T13:36:09.327867+00:00|2026-07-18T13:36:12.596560+00:00,101.08666666666666,145.39,3,3,True,True,1.7139023981217472,4.589597870656781
CYP,2013Q2,eurostat_hicp_midx_cp00_i15_2010_2019_2026_02_06|eurostat_hicp_midx_cp045_i15_2010_2025_2026_02_06,2026-02-06,2026-07-18T13:36:09.327867+00:00|2026-07-18T13:36:12.596560+00:00,102.76333333333334,137.65,3,3,True,True,0.34828461688691803,-7.252268439493303
CYP,2013Q3,eurostat_hicp_midx_cp00_i15_2010_2019_2026_02_06|eurostat_hicp_midx_cp045_i15_2010_2025_2026_02_06,2026-02-06,2026-07-18T13:36:09.327867+00:00|2026-07-18T13:36:12.596560+00:00,102.49666666666668,132.10666666666663,3,3,True,True,0.3459191332441769,-9.853516513511074
CYP,2013Q4,eurostat_hicp_midx_cp00_i15_2010_2019_2026_02_06|eurostat_hicp_midx_cp045_i15_2010_2025_2026_02_06,2026-02-06,2026-07-18T13:36:09.327867+00:00|2026-07-18T13:36:12.596560+00:00,101.00666666666666,127.75333333333332,3,3,True,True,-0.8474853571545538,-13.165824591612473
CYP,2014Q1,eurostat_hicp_midx_cp00_i15_2010_2019_2026_02_06|eurostat_hicp_midx_cp045_i15_2010_2025_2026_02_06,2026-02-06,2026-07-18T13:36:09.327867+00:00|2026-07-18T13:36:12.596560+00:00,99.83666666666666,123.27333333333333,3,3,True,True,-1.2365626854843992,-15.211958639979816
CYP,2014Q2,eurostat_hicp_midx_cp00_i15_2010_2019_2026_02_06|eurostat_hicp_midx_cp045_i15_2010_2025_2026_02_06,2026-02-06,2026-07-18T13:36:09.327867+00:00|2026-07-18T13:36:12.596560+00:00,102.61,123.25666666666666,3,3,True,True,-0.14921015926563364,-10.456471727812088
CYP,2014Q3,eurostat_hicp_midx_cp00_i15_2010_2019_2026_02_06|eurostat_hicp_midx_cp045_i15_2010_2025_2026_02_06,2026-02-06,2026-07-18T13:36:09.327867+00:00|2026-07-18T13:36:12.596560+00:00,103.07333333333334,126.36,3,3,True,True,0.5626199225990947,-4.350020185708492
CYP,2014Q4,eurostat_hicp_midx_cp00_i15_2010_2019_2026_02_06|eurostat_hicp_midx_cp045_i15_2010_2025_2026_02_06,2026-02-06,2026-07-18T13:36:09.327867+00:00|2026-07-18T13:36:12.596560+00:00,100.77333333333333,120.80666666666669,3,3,True,True,-0.23100785426705128,-5.437561968376537
CYP,2015Q1,eurostat_hicp_midx_cp00_i15_2010_2019_2026_02_06|eurostat_hicp_midx_cp045_i15_2010_2025_2026_02_06,2026-02-06,2026-07-18T13:36:09.327867+00:00|2026-07-18T13:36:12.596560+00:00,98.88333333333333,107.21999999999998,3,3,True,True,-0.9548929918867466,-13.022551511546165
CYP,2015Q2,eurostat_hicp_midx_cp00_i15_2010_2019_2026_02_06|eurostat_hicp_midx_cp045_i15_2010_2025_2026_02_06,2026-02-06,2026-07-18T13:36:09.327867+00:00|2026-07-18T13:36:12.596560+00:00,100.71333333333332,99.28333333333336,3,3,True,True,-1.8484228307832362,-19.449928333829114
CYP,2015Q3,eurostat_hicp_midx_cp00_i15_2010_2019_2026_02_06|eurostat_hicp_midx_cp045_i15_2010_2025_2026_02_06,2026-02-06,2026-07-18T13:36:09.327867+00:00|2026-07-18T13:36:12.596560+00:00,100.93333333333334,100.03666666666668,3,3,True,True,-2.0761917081689396,-20.83201435053286
CYP,2015Q4,eurostat_hicp_midx_cp00_i15_2010_2019_2026_02_06|eurostat_hicp_midx_cp045_i15_2010_2025_2026_02_06,2026-02-06,2026-07-18T13:36:09.327867+00:00|2026-07-18T13:36:12.596560+00:00,99.46666666666664,93.45666666666666,3,3,True,True,-1.296639322572124,-22.639479057447176
CYP,2016Q1,eurostat_hicp_midx_cp00_i15_2010_2019_2026_02_06|eurostat_hicp_midx_cp045_i15_2010_2025_2026_02_06,2026-02-06,2026-07-18T13:36:09.327867+00:00|2026-07-18T13:36:12.596560+00:00,97.09,84.72333333333334,3,3,True,True,-1.8135850328670045,-20.981782005844664
CYP,2016Q2,eurostat_hicp_midx_cp00_i15_2010_2019_2026_02_06|eurostat_hicp_midx_cp045_i15_2010_2025_2026_02_06,2026-02-06,2026-07-18T13:36:09.327867+00:00|2026-07-18T13:36:12.596560+00:00,98.69333333333331,78.89999999999999,3,3,True,True,-2.0056927252267265,-20.530468356555343
CYP,2016Q3,eurostat_hicp_midx_cp00_i15_2010_2019_2026_02_06|eurostat_hicp_midx_cp045_i15_2010_2025_2026_02_06,2026-02-06,2026-07-18T13:36:09.327867+00:00|2026-07-18T13:36:12.596560+00:00,100.45333333333332,86.05666666666667,3,3,True,True,-0.4755614266843011,-13.97487587884443
CYP,2016Q4,eurostat_hicp_midx_cp00_i15_2010_2019_2026_02_06|eurostat_hicp_midx_cp045_i15_2010_2025_2026_02_06,2026-02-06,2026-07-18T13:36:09.327867+00:00|2026-07-18T13:36:12.596560+00:00,98.89,91.48666666666666,3,3,True,True,-0.5797587131367021,-2.107928808360382
CYP,2017Q1,eurostat_hicp_midx_cp00_i15_2010_2019_2026_02_06|eurostat_hicp_midx_cp045_i15_2010_2025_2026_02_06,2026-02-06,2026-07-18T13:36:09.327867+00:00|2026-07-18T13:36:12.596560+00:00,98.24666666666668,98.56666666666666,3,3,True,True,1.191334500635155,16.339457843175808
CYP,2017Q2,eurostat_hicp_midx_cp00_i15_2010_2019_2026_02_06|eurostat_hicp_midx_cp045_i15_2010_2025_2026_02_06,2026-02-06,2026-07-18T13:36:09.327867+00:00|2026-07-18T13:36:12.596560+00:00,99.96333333333332,100.71666666666664,3,3,True,True,1.2868143744933835,27.65103506548372
CYP,2017Q3,eurostat_hicp_midx_cp00_i15_2010_2019_2026_02_06|eurostat_hicp_midx_cp045_i15_2010_2025_2026_02_06,2026-02-06,2026-07-18T13:36:09.327867+00:00|2026-07-18T13:36:12.596560+00:00,100.63666666666666,94.95333333333332,3,3,True,True,0.18250597292275295,10.33814928148118
CYP,2017Q4,eurostat_hicp_midx_cp00_i15_2010_2019_2026_02_06|eurostat_hicp_midx_cp045_i15_2010_2025_2026_02_06,2026-02-06,2026-07-18T13:36:09.327867+00:00|2026-07-18T13:36:12.596560+00:00,98.94,93.23,3,3,True,True,0.050561229649104256,1.9055600087444446
CYP,2018Q1,eurostat_hicp_midx_cp00_i15_2010_2019_2026_02_06|eurostat_hicp_midx_cp045_i15_2010_2025_2026_02_06,2026-02-06,2026-07-18T13:36:09.327867+00:00|2026-07-18T13:36:12.596560+00:00,97.49333333333334,96.46666666666664,3,3,True,True,-0.7667774988125209,-2.130537707135638
CYP,2018Q2,eurostat_hicp_midx_cp00_i15_2010_2019_2026_02_06|eurostat_hicp_midx_cp045_i15_2010_2025_2026_02_06,2026-02-06,2026-07-18T13:36:09.327867+00:00|2026-07-18T13:36:12.596560+00:00,100.76666666666668,101.41666666666669,3,3,True,True,0.8036279969322324,0.6950190302830173
CYP,2018Q3,eurostat_hicp_midx_cp00_i15_2010_2019_2026_02_06|eurostat_hicp_midx_cp045_i15_2010_2025_2026_02_06,2026-02-06,2026-07-18T13:36:09.327867+00:00|2026-07-18T13:36:12.596560+00:00,102.23,110.20333333333332,3,3,True,True,1.583253287403541,16.060520957663414
CYP,2018Q4,eurostat_hicp_midx_cp00_i15_2010_2019_2026_02_06|eurostat_hicp_midx_cp045_i15_2010_2025_2026_02_06,2026-02-06,2026-07-18T13:36:09.327867+00:00|2026-07-18T13:36:12.596560+00:00,100.44666666666669,117.63666666666668,3,3,True,True,1.5228084360892291,26.17898387500448
CYP,2019Q1,eurostat_hicp_midx_cp00_i15_2010_2019_2026_02_06|eurostat_hicp_midx_cp045_i15_2010_2025_2026_02_06,2026-02-06,2026-07-18T13:36:09.327867+00:00|2026-07-18T13:36:12.596560+00:00,98.79333333333334,111.39,3,3,True,True,1.3334245076586315,15.469937802349731
CYP,2019Q2,eurostat_hicp_midx_cp00_i15_2010_2019_2026_02_06|eurostat_hicp_midx_cp045_i15_2010_2025_2026_02_06,2026-02-06,2026-07-18T13:36:09.327867+00:00|2026-07-18T13:36:12.596560+00:00,101.34333333333332,110.14666666666666,3,3,True,True,0.5722791928547633,8.60805258833195
CYP,2019Q3,eurostat_hicp_midx_cp00_i15_2010_2019_2026_02_06|eurostat_hicp_midx_cp045_i15_2010_2025_2026_02_06,2026-02-06,2026-07-18T13:36:09.327867+00:00|2026-07-18T13:36:12.596560+00:00,102.31666666666666,110.71999999999998,3,3,True,True,0.08477615833577534,0.468830343909743
CYP,2019Q4,eurostat_hicp_midx_cp00_i15_2010_2019_2026_02_06|eurostat_hicp_midx_cp045_i15_2010_2025_2026_02_06,2026-02-06,2026-07-18T13:36:09.327867+00:00|2026-07-18T13:36:12.596560+00:00,100.67666666666666,114.42,3,3,True,True,0.2289772350168917,-2.734408206058214
CYP,2020Q1,eurostat_hicp_midx_cp00_i15_2026_02_06|eurostat_hicp_midx_cp045_i15_2010_2025_2026_02_06,2026-02-06,2026-07-18T13:22:23.066990+00:00|2026-07-18T13:36:12.596560+00:00,99.39333333333332,115.20666666666666,3,3,True,True,0.6073284297185788,3.4263997366609678
CYP,2020Q2,eurostat_hicp_midx_cp00_i15_2026_02_06|eurostat_hicp_midx_cp045_i15_2010_2025_2026_02_06,2026-02-06,2026-07-18T13:22:23.066990+00:00|2026-07-18T13:36:12.596560+00:00,99.70333333333332,101.00666666666666,3,3,True,True,-1.6182613557872538,-8.2980268732599
CYP,2020Q3,eurostat_hicp_midx_cp00_i15_2026_02_06|eurostat_hicp_midx_cp045_i15_2010_2025_2026_02_06,2026-02-06,2026-07-18T13:22:23.066990+00:00|2026-07-18T13:36:12.596560+00:00,99.97666666666667,87.94,3,3,True,True,-2.2870174295487766,-20.574421965317914
CYP,2020Q4,eurostat_hicp_midx_cp00_i15_2026_02_06|eurostat_hicp_midx_cp045_i15_2010_2025_2026_02_06,2026-02-06,2026-07-18T13:22:23.066990+00:00|2026-07-18T13:36:12.596560+00:00,99.59333333333332,96.83333333333331,3,3,True,True,-1.0760520478098279,-15.370273262250212
CYP,2021Q1,eurostat_hicp_midx_cp00_i15_2026_02_06|eurostat_hicp_midx_cp045_i15_2010_2025_2026_02_06,2026-02-06,2026-07-18T13:22:23.066990+00:00|2026-07-18T13:36:12.596560+00:00,98.93333333333334,100.81,3,3,True,True,-0.46280770004692995,-12.496383311150971
CYP,2021Q2,eurostat_hicp_midx_cp00_i15_2026_02_06|eurostat_hicp_midx_cp045_i15_2010_2025_2026_02_06,2026-02-06,2026-07-18T13:22:23.066990+00:00|2026-07-18T13:36:12.596560+00:00,101.34,111.22666666666667,3,3,True,True,1.6415365584567798,10.11814401689659
CYP,2021Q3,eurostat_hicp_midx_cp00_i15_2026_02_06|eurostat_hicp_midx_cp045_i15_2010_2025_2026_02_06,2026-02-06,2026-07-18T13:22:23.066990+00:00|2026-07-18T13:36:12.596560+00:00,103.19,116.36,3,3,True,True,3.214083286100089,32.317489197179896
CYP,2021Q4,eurostat_hicp_midx_cp00_i15_2026_02_06|eurostat_hicp_midx_cp045_i15_2010_2025_2026_02_06,2026-02-06,2026-07-18T13:22:23.066990+00:00|2026-07-18T13:36:12.596560+00:00,104.21666666666664,128.28333333333333,3,3,True,True,4.6422116607537145,32.47848537005167
CYP,2022Q1,eurostat_hicp_midx_cp00_i15_2026_02_06|eurostat_hicp_midx_cp045_i15_2010_2025_2026_02_06,2026-02-06,2026-07-18T13:22:23.066990+00:00|2026-07-18T13:36:12.596560+00:00,104.56,129.50666666666666,3,3,True,True,5.6873315363881405,28.46609132691862
CYP,2022Q2,eurostat_hicp_midx_cp00_i15_2026_02_06|eurostat_hicp_midx_cp045_i15_2010_2025_2026_02_06,2026-02-06,2026-07-18T13:22:23.066990+00:00|2026-07-18T13:36:12.596560+00:00,110.26,157.82666666666668,3,3,True,True,8.802052496546287,41.89642771517623
CYP,2022Q3,eurostat_hicp_midx_cp00_i15_2026_02_06|eurostat_hicp_midx_cp045_i15_2010_2025_2026_02_06,2026-02-06,2026-07-18T13:22:23.066990+00:00|2026-07-18T13:36:12.596560+00:00,113.21666666666664,183.38,3,3,True,True,9.716703814969119,57.597112409762794
CYP,2022Q4,eurostat_hicp_midx_cp00_i15_2026_02_06|eurostat_hicp_midx_cp045_i15_2010_2025_2026_02_06,2026-02-06,2026-07-18T13:22:23.066990+00:00|2026-07-18T13:36:12.596560+00:00,112.66,172.20333333333335,3,3,True,True,8.101711178634275,34.23671560348189
CYP,2023Q1,eurostat_hicp_midx_cp00_i15_2026_02_06|eurostat_hicp_midx_cp045_i15_2010_2025_2026_02_06,2026-02-06,2026-07-18T13:22:23.066990+00:00|2026-07-18T13:36:12.596560+00:00,111.4,168.91666666666666,3,3,True,True,6.54169854628921,30.430865849891898
CYP,2023Q2,eurostat_hicp_midx_cp00_i15_2026_02_06|eurostat_hicp_midx_cp045_i15_2010_2025_2026_02_06,2026-02-06,2026-07-18T13:22:23.066990+00:00|2026-07-18T13:36:12.596560+00:00,114.05,160.08666666666667,3,3,True,True,3.43732994739705,1.4319506631747858
CYP,2023Q3,eurostat_hicp_midx_cp00_i15_2026_02_06|eurostat_hicp_midx_cp045_i15_2010_2025_2026_02_06,2026-02-06,2026-07-18T13:22:23.066990+00:00|2026-07-18T13:36:12.596560+00:00,116.91,172.74666666666667,3,3,True,True,3.262181657588714,-5.798524012069651
CYP,2023Q4,eurostat_hicp_midx_cp00_i15_2026_02_06|eurostat_hicp_midx_cp045_i15_2010_2025_2026_02_06,2026-02-06,2026-07-18T13:22:23.066990+00:00|2026-07-18T13:36:12.596560+00:00,115.64,174.03333333333333,3,3,True,True,2.6451269305876046,1.0626971990476353
CYP,2024Q1,eurostat_hicp_midx_cp00_i15_2026_02_06|eurostat_hicp_midx_cp045_i15_2010_2025_2026_02_06,2026-02-06,2026-07-18T13:22:23.066990+00:00|2026-07-18T13:36:12.596560+00:00,113.57666666666668,162.27,3,3,True,True,1.953919808497906,-3.934879131721747
CYP,2024Q2,eurostat_hicp_midx_cp00_i15_2026_02_06|eurostat_hicp_midx_cp045_i15_2010_2025_2026_02_06,2026-02-06,2026-07-18T13:22:23.066990+00:00|2026-07-18T13:36:12.596560+00:00,117.13666666666666,167.53333333333333,3,3,True,True,2.706415314920352,4.6516470245283825
CYP,2024Q3,eurostat_hicp_midx_cp00_i15_2026_02_06|eurostat_hicp_midx_cp045_i15_2010_2025_2026_02_06,2026-02-06,2026-07-18T13:22:23.066990+00:00|2026-07-18T13:36:12.596560+00:00,119.35,168.93333333333334,3,3,True,True,2.087075528184079,-2.2074714418030217
CYP,2024Q4,eurostat_hicp_midx_cp00_i15_2026_02_06|eurostat_hicp_midx_cp045_i15_2010_2025_2026_02_06,2026-02-06,2026-07-18T13:22:23.066990+00:00|2026-07-18T13:36:12.596560+00:00,118.28333333333336,166.27666666666667,3,3,True,True,2.2858295860717304,-4.457000574602565
CYP,2025Q1,eurostat_hicp_midx_cp00_i15_2026_02_06|eurostat_hicp_midx_cp045_i15_2010_2025_2026_02_06,2026-02-06,2026-07-18T13:22:23.066990+00:00|2026-07-18T13:36:12.596560+00:00,116.35666666666668,165.35333333333335,3,3,True,True,2.4476858509670407,1.900125305560696
CYP,2025Q2,eurostat_hicp_midx_cp00_i15_2026_02_06|eurostat_hicp_midx_cp045_i15_2010_2025_2026_02_06,2026-02-06,2026-07-18T13:22:23.066990+00:00|2026-07-18T13:36:12.596560+00:00,118.02666666666669,153.61333333333332,3,3,True,True,0.7597962493953281,-8.30879426979706
CYP,2025Q3,eurostat_hicp_midx_cp00_i15_2026_02_06|eurostat_hicp_midx_cp045_i15_2010_2025_2026_02_06,2026-02-06,2026-07-18T13:22:23.066990+00:00|2026-07-18T13:36:12.596560+00:00,119.39666666666666,152.39666666666668,3,3,True,True,0.03910068426198343,-9.788871349644824
CYP,2025Q4,eurostat_hicp_midx_cp00_i15_2026_02_06|eurostat_hicp_midx_cp045_i15_2010_2025_2026_02_06,2026-02-06,2026-07-18T13:22:23.066990+00:00|2026-07-18T13:36:12.596560+00:00,118.45666666666666,154.70333333333335,3,3,True,True,0.1465407918838757,-6.960287071747883
CZE,2010Q1,eurostat_hicp_midx_cp00_i15_2010_2019_2026_02_06|eurostat_hicp_midx_cp045_i15_2010_2025_2026_02_06,2026-02-06,2026-07-18T13:36:09.327867+00:00|2026-07-18T13:36:12.596560+00:00,92.13333333333333,88.60000000000001,3,3,True,True,,
CZE,2010Q2,eurostat_hicp_midx_cp00_i15_2010_2019_2026_02_06|eurostat_hicp_midx_cp045_i15_2010_2025_2026_02_06,2026-02-06,2026-07-18T13:36:09.327867+00:00|2026-07-18T13:36:12.596560+00:00,92.8,89.40000000000002,3,3,True,True,,
CZE,2010Q3,eurostat_hicp_midx_cp00_i15_2010_2019_2026_02_06|eurostat_hicp_midx_cp045_i15_2010_2025_2026_02_06,2026-02-06,2026-07-18T13:36:09.327867+00:00|2026-07-18T13:36:12.596560+00:00,92.9,90.56666666666666,3,3,True,True,,
CZE,2010Q4,eurostat_hicp_midx_cp00_i15_2010_2019_2026_02_06|eurostat_hicp_midx_cp045_i15_2010_2025_2026_02_06,2026-02-06,2026-07-18T13:36:09.327867+00:00|2026-07-18T13:36:12.596560+00:00,92.7,90.59999999999998,3,3,True,True,,
CZE,2011Q1,eurostat_hicp_midx_cp00_i15_2010_2019_2026_02_06|eurostat_hicp_midx_cp045_i15_2010_2025_2026_02_06,2026-02-06,2026-07-18T13:36:09.327867+00:00|2026-07-18T13:36:12.596560+00:00,93.9,93.36666666666667,3,3,True,True,1.9175108538350472,5.379984951091044
CZE,2011Q2,eurostat_hicp_midx_cp00_i15_2010_2019_2026_02_06|eurostat_hicp_midx_cp045_i15_2010_2025_2026_02_06,2026-02-06,2026-07-18T13:36:09.327867+00:00|2026-07-18T13:36:12.596560+00:00,94.53333333333336,93.9,3,3,True,True,1.8678160919540554,5.033557046979853
CZE,2011Q3,eurostat_hicp_midx_cp00_i15_2010_2019_2026_02_06|eurostat_hicp_midx_cp045_i15_2010_2025_2026_02_06,2026-02-06,2026-07-18T13:36:09.327867+00:00|2026-07-18T13:36:12.596560+00:00,94.8,95.73333333333332,3,3,True,True,2.0452099031216253,5.704821494295165
CZE,2011Q4,eurostat_hicp_midx_cp00_i15_2010_2019_2026_02_06|eurostat_hicp_midx_cp045_i15_2010_2025_2026_02_06,2026-02-06,2026-07-18T13:36:09.327867+00:00|2026-07-18T13:36:12.596560+00:00,95.3,97.3,3,3,True,True,2.8047464940668787,7.395143487858746
CZE,2012Q1,eurostat_hicp_midx_cp00_i15_2010_2019_2026_02_06|eurostat_hicp_midx_cp045_i15_2010_2025_2026_02_06,2026-02-06,2026-07-18T13:36:09.327867+00:00|2026-07-18T13:36:12.596560+00:00,97.63333333333333,103.03333333333336,3,3,True,True,3.9758608448704047,10.35344519814354
CZE,2012Q2,eurostat_hicp_midx_cp00_i15_2010_2019_2026_02_06|eurostat_hicp_midx_cp045_i15_2010_2025_2026_02_06,2026-02-06,2026-07-18T13:36:09.327867+00:00|2026-07-18T13:36:12.596560+00:00,98.1,103.09999999999998,3,3,True,True,3.7729196050775293,9.79765708200211
CZE,2012Q3,eurostat_hicp_midx_cp00_i15_2010_2019_2026_02_06|eurostat_hicp_midx_cp045_i15_2010_2025_2026_02_06,2026-02-06,2026-07-18T13:36:09.327867+00:00|2026-07-18T13:36:12.596560+00:00,98.06666666666666,103.09999999999998,3,3,True,True,3.4458509142053506,7.694986072423382
CZE,2012Q4,eurostat_hicp_midx_cp00_i15_2010_2019_2026_02_06|eurostat_hicp_midx_cp045_i15_2010_2025_2026_02_06,2026-02-06,2026-07-18T13:36:09.327867+00:00|2026-07-18T13:36:12.596560+00:00,98.1,103.26666666666668,3,3,True,True,2.9380902413431276,6.132237067488888
CZE,2013Q1,eurostat_hicp_midx_cp00_i15_2010_2019_2026_02_06|eurostat_hicp_midx_cp045_i15_2010_2025_2026_02_06,2026-02-06,2026-07-18T13:36:09.327867+00:00|2026-07-18T13:36:12.596560+00:00,99.33333333333331,106.23333333333332,3,3,True,True,1.7412086036189711,3.1057910061468297
CZE,2013Q2,eurostat_hicp_midx_cp00_i15_2010_2019_2026_02_06|eurostat_hicp_midx_cp045_i15_2010_2025_2026_02_06,2026-02-06,2026-07-18T13:36:09.327867+00:00|2026-07-18T13:36:12.596560+00:00,99.56666666666666,104.96666666666664,3,3,True,True,1.4950730547060864,1.810539928871635
CZE,2013Q3,eurostat_hicp_midx_cp00_i15_2010_2019_2026_02_06|eurostat_hicp_midx_cp045_i15_2010_2025_2026_02_06,2026-02-06,2026-07-18T13:36:09.327867+00:00|2026-07-18T13:36:12.596560+00:00,99.26666666666668,103.36666666666667,3,3,True,True,1.2236573759347502,0.258648561267405
CZE,2013Q4,eurostat_hicp_midx_cp00_i15_2010_2019_2026_02_06|eurostat_hicp_midx_cp045_i15_2010_2025_2026_02_06,2026-02-06,2026-07-18T13:36:09.327867+00:00|2026-07-18T13:36:12.596560+00:00,99.2,103.33333333333331,3,3,True,True,1.1213047910295648,0.06455777921237082
CZE,2014Q1,eurostat_hicp_midx_cp00_i15_2010_2019_2026_02_06|eurostat_hicp_midx_cp045_i15_2010_2025_2026_02_06,2026-02-06,2026-07-18T13:36:09.327867+00:00|2026-07-18T13:36:12.596560+00:00,99.63333333333333,98.56666666666666,3,3,True,True,0.30201342281881427,-7.216818324443041
CZE,2014Q2,eurostat_hicp_midx_cp00_i15_2010_2019_2026_02_06|eurostat_hicp_midx_cp045_i15_2010_2025_2026_02_06,2026-02-06,2026-07-18T13:36:09.327867+00:00|2026-07-18T13:36:12.596560+00:00,99.76666666666668,98.43333333333334,3,3,True,True,0.2008704385671356,-6.224198158145411
CZE,2014Q3,eurostat_hicp_midx_cp00_i15_2010_2019_2026_02_06|eurostat_hicp_midx_cp045_i15_2010_2025_2026_02_06,2026-02-06,2026-07-18T13:36:09.327867+00:00|2026-07-18T13:36:12.596560+00:00,99.93333333333334,99.23333333333332,3,3,True,True,0.6715916722632498,-3.998710093518243
CZE,2014Q4,eurostat_hicp_midx_cp00_i15_2010_2019_2026_02_06|eurostat_hicp_midx_cp045_i15_2010_2025_2026_02_06,2026-02-06,2026-07-18T13:36:09.327867+00:00|2026-07-18T13:36:12.596560+00:00,99.66666666666669,99.40000000000002,3,3,True,True,0.47043010752689796,-3.8064516129031944
CZE,2015Q1,eurostat_hicp_midx_cp00_i15_2010_2019_2026_02_06|eurostat_hicp_midx_cp045_i15_2010_2025_2026_02_06,2026-02-06,2026-07-18T13:36:09.327867+00:00|2026-07-18T13:36:12.596560+00:00,99.63333333333333,99.9,3,3,True,True,0.0,1.3527223537369126
CZE,2015Q2,eurostat_hicp_midx_cp00_i15_2010_2019_2026_02_06|eurostat_hicp_midx_cp045_i15_2010_2025_2026_02_06,2026-02-06,2026-07-18T13:36:09.327867+00:00|2026-07-18T13:36:12.596560+00:00,100.46666666666664,100.03333333333336,3,3,True,True,0.7016371533578036,1.6254656281747604
CZE,2015Q3,eurostat_hicp_midx_cp00_i15_2010_2019_2026_02_06|eurostat_hicp_midx_cp045_i15_2010_2025_2026_02_06,2026-02-06,2026-07-18T13:36:09.327867+00:00|2026-07-18T13:36:12.596560+00:00,100.26666666666668,100.0,3,3,True,True,0.33355570380253496,0.7725898555593025
CZE,2015Q4,eurostat_hicp_midx_cp00_i15_2010_2019_2026_02_06|eurostat_hicp_midx_cp045_i15_2010_2025_2026_02_06,2026-02-06,2026-07-18T13:36:09.327867+00:00|2026-07-18T13:36:12.596560+00:00,99.66666666666669,100.09999999999998,3,3,True,True,0.0,0.7042253521126307
CZE,2016Q1,eurostat_hicp_midx_cp00_i15_2010_2019_2026_02_06|eurostat_hicp_midx_cp045_i15_2010_2025_2026_02_06,2026-02-06,2026-07-18T13:36:09.327867+00:00|2026-07-18T13:36:12.596560+00:00,100.06666666666666,100.43333333333334,3,3,True,True,0.4349280695884916,0.5338672005338552
CZE,2016Q2,eurostat_hicp_midx_cp00_i15_2010_2019_2026_02_06|eurostat_hicp_midx_cp045_i15_2010_2025_2026_02_06,2026-02-06,2026-07-18T13:36:09.327867+00:00|2026-07-18T13:36:12.596560+00:00,100.6,99.46666666666664,3,3,True,True,0.13271400132714994,-0.5664778407198146
CZE,2016Q3,eurostat_hicp_midx_cp00_i15_2010_2019_2026_02_06|eurostat_hicp_midx_cp045_i15_2010_2025_2026_02_06,2026-02-06,2026-07-18T13:36:09.327867+00:00|2026-07-18T13:36:12.596560+00:00,100.8,98.96666666666664,3,3,True,True,0.5319148936170137,-1.0333333333333639
CZE,2016Q4,eurostat_hicp_midx_cp00_i15_2010_2019_2026_02_06|eurostat_hicp_midx_cp045_i15_2010_2025_2026_02_06,2026-02-06,2026-07-18T13:36:09.327867+00:00|2026-07-18T13:36:12.596560+00:00,101.16666666666669,99.09999999999998,3,3,True,True,1.5050167224080369,-0.9990009990009985
CZE,2017Q1,eurostat_hicp_midx_cp00_i15_2010_2019_2026_02_06|eurostat_hicp_midx_cp045_i15_2010_2025_2026_02_06,2026-02-06,2026-07-18T13:36:09.327867+00:00|2026-07-18T13:36:12.596560+00:00,102.56666666666666,99.0,3,3,True,True,2.4983344437041977,-1.4271490209094018
CZE,2017Q2,eurostat_hicp_midx_cp00_i15_2010_2019_2026_02_06|eurostat_hicp_midx_cp045_i15_2010_2025_2026_02_06,2026-02-06,2026-07-18T13:36:09.327867+00:00|2026-07-18T13:36:12.596560+00:00,102.93333333333334,98.63333333333333,3,3,True,True,2.319416832339316,-0.8378016085790696
CZE,2017Q3,eurostat_hicp_midx_cp00_i15_2010_2019_2026_02_06|eurostat_hicp_midx_cp045_i15_2010_2025_2026_02_06,2026-02-06,2026-07-18T13:36:09.327867+00:00|2026-07-18T13:36:12.596560+00:00,103.23333333333332,98.66666666666669,3,3,True,True,2.414021164021163,-0.30313236780056263
CZE,2017Q4,eurostat_hicp_midx_cp00_i15_2010_2019_2026_02_06|eurostat_hicp_midx_cp045_i15_2010_2025_2026_02_06,2026-02-06,2026-07-18T13:36:09.327867+00:00|2026-07-18T13:36:12.596560+00:00,103.66666666666669,98.83333333333331,3,3,True,True,2.471169686985175,-0.2690884628321566
CZE,2018Q1,eurostat_hicp_midx_cp00_i15_2010_2019_2026_02_06|eurostat_hicp_midx_cp045_i15_2010_2025_2026_02_06,2026-02-06,2026-07-18T13:36:09.327867+00:00|2026-07-18T13:36:12.596560+00:00,104.33333333333331,100.16666666666669,3,3,True,True,1.722456938576511,1.1784511784511897
CZE,2018Q2,eurostat_hicp_midx_cp00_i15_2010_2019_2026_02_06|eurostat_hicp_midx_cp045_i15_2010_2025_2026_02_06,2026-02-06,2026-07-18T13:36:09.327867+00:00|2026-07-18T13:36:12.596560+00:00,105.06666666666666,100.26666666666668,3,3,True,True,2.072538860103612,1.6559648529908877
CZE,2018Q3,eurostat_hicp_midx_cp00_i15_2010_2019_2026_02_06|eurostat_hicp_midx_cp045_i15_2010_2025_2026_02_06,2026-02-06,2026-07-18T13:36:09.327867+00:00|2026-07-18T13:36:12.596560+00:00,105.56666666666666,101.23333333333332,3,3,True,True,2.2602518566354535,2.601351351351311
CZE,2018Q4,eurostat_hicp_midx_cp00_i15_2010_2019_2026_02_06|eurostat_hicp_midx_cp045_i15_2010_2025_2026_02_06,2026-02-06,2026-07-18T13:36:09.327867+00:00|2026-07-18T13:36:12.596560+00:00,105.5,101.56666666666666,3,3,True,True,1.7684887459806786,2.765598650927492
CZE,2019Q1,eurostat_hicp_midx_cp00_i15_2010_2019_2026_02_06|eurostat_hicp_midx_cp045_i15_2010_2025_2026_02_06,2026-02-06,2026-07-18T13:36:09.327867+00:00|2026-07-18T13:36:12.596560+00:00,106.76666666666668,106.2,3,3,True,True,2.332268370607049,6.0232945091514
CZE,2019Q2,eurostat_hicp_midx_cp00_i15_2010_2019_2026_02_06|eurostat_hicp_midx_cp045_i15_2010_2025_2026_02_06,2026-02-06,2026-07-18T13:36:09.327867+00:00|2026-07-18T13:36:12.596560+00:00,107.63333333333333,107.76666666666668,3,3,True,True,2.4428934010152226,7.480053191489366
CZE,2019Q3,eurostat_hicp_midx_cp00_i15_2010_2019_2026_02_06|eurostat_hicp_midx_cp045_i15_2010_2025_2026_02_06,2026-02-06,2026-07-18T13:36:09.327867+00:00|2026-07-18T13:36:12.596560+00:00,108.3,108.09999999999998,3,3,True,True,2.589201136722452,6.783009548896923
CZE,2019Q4,eurostat_hicp_midx_cp00_i15_2010_2019_2026_02_06|eurostat_hicp_midx_cp045_i15_2010_2025_2026_02_06,2026-02-06,2026-07-18T13:36:09.327867+00:00|2026-07-18T13:36:12.596560+00:00,108.63333333333333,108.76666666666668,3,3,True,True,2.969984202211684,7.0889399409255205
CZE,2020Q1,eurostat_hicp_midx_cp00_i15_2026_02_06|eurostat_hicp_midx_cp045_i15_2010_2025_2026_02_06,2026-02-06,2026-07-18T13:22:23.066990+00:00|2026-07-18T13:36:12.596560+00:00,110.7,111.2,3,3,True,True,3.684046206681235,4.708097928436916
CZE,2020Q2,eurostat_hicp_midx_cp00_i15_2026_02_06|eurostat_hicp_midx_cp045_i15_2010_2025_2026_02_06,2026-02-06,2026-07-18T13:22:23.066990+00:00|2026-07-18T13:36:12.596560+00:00,111.13333333333333,111.76666666666668,3,3,True,True,3.251780737070309,3.7117228580265893
CZE,2020Q3,eurostat_hicp_midx_cp00_i15_2026_02_06|eurostat_hicp_midx_cp045_i15_2010_2025_2026_02_06,2026-02-06,2026-07-18T13:22:23.066990+00:00|2026-07-18T13:36:12.596560+00:00,112.06666666666666,111.90000000000002,3,3,True,True,3.4779932286857385,3.515263644773392
CZE,2020Q4,eurostat_hicp_midx_cp00_i15_2026_02_06|eurostat_hicp_midx_cp045_i15_2010_2025_2026_02_06,2026-02-06,2026-07-18T13:22:23.066990+00:00|2026-07-18T13:36:12.596560+00:00,111.56666666666666,109.2,3,3,True,True,2.700214789812838,0.3984063745019917
CZE,2021Q1,eurostat_hicp_midx_cp00_i15_2026_02_06|eurostat_hicp_midx_cp045_i15_2010_2025_2026_02_06,2026-02-06,2026-07-18T13:22:23.066990+00:00|2026-07-18T13:36:12.596560+00:00,113.1,108.66666666666669,3,3,True,True,2.1680216802167918,-2.278177458033559
CZE,2021Q2,eurostat_hicp_midx_cp00_i15_2026_02_06|eurostat_hicp_midx_cp045_i15_2010_2025_2026_02_06,2026-02-06,2026-07-18T13:22:23.066990+00:00|2026-07-18T13:36:12.596560+00:00,114.2,108.59999999999998,3,3,True,True,2.759448110377938,-2.833283626603067
CZE,2021Q3,eurostat_hicp_midx_cp00_i15_2026_02_06|eurostat_hicp_midx_cp045_i15_2010_2025_2026_02_06,2026-02-06,2026-07-18T13:22:23.066990+00:00|2026-07-18T13:36:12.596560+00:00,115.73333333333332,108.9,3,3,True,True,3.2718619869125387,-2.680965147453096
CZE,2021Q4,eurostat_hicp_midx_cp00_i15_2026_02_06|eurostat_hicp_midx_cp045_i15_2010_2025_2026_02_06,2026-02-06,2026-07-18T13:22:23.066990+00:00|2026-07-18T13:36:12.596560+00:00,117.16666666666669,103.86666666666667,3,3,True,True,5.0194203764565515,-4.884004884004877
CZE,2022Q1,eurostat_hicp_midx_cp00_i15_2026_02_06|eurostat_hicp_midx_cp045_i15_2010_2025_2026_02_06,2026-02-06,2026-07-18T13:22:23.066990+00:00|2026-07-18T13:36:12.596560+00:00,124.66666666666669,132.66666666666666,3,3,True,True,10.226937813144744,22.08588957055211
CZE,2022Q2,eurostat_hicp_midx_cp00_i15_2026_02_06|eurostat_hicp_midx_cp045_i15_2010_2025_2026_02_06,2026-02-06,2026-07-18T13:22:23.066990+00:00|2026-07-18T13:36:12.596560+00:00,131.36666666666667,145.0666666666667,3,3,True,True,15.032107413893758,33.578882750153504
CZE,2022Q3,eurostat_hicp_midx_cp00_i15_2026_02_06|eurostat_hicp_midx_cp045_i15_2010_2025_2026_02_06,2026-02-06,2026-07-18T13:22:23.066990+00:00|2026-07-18T13:36:12.596560+00:00,135.86666666666667,154.83333333333334,3,3,True,True,17.396313364055317,42.17936945209673
CZE,2022Q4,eurostat_hicp_midx_cp00_i15_2026_02_06|eurostat_hicp_midx_cp045_i15_2010_2025_2026_02_06,2026-02-06,2026-07-18T13:22:23.066990+00:00|2026-07-18T13:36:12.596560+00:00,136.5,131.29999999999998,3,3,True,True,16.500711237553322,26.412066752246453
CZE,2023Q1,eurostat_hicp_midx_cp00_i15_2026_02_06|eurostat_hicp_midx_cp045_i15_2010_2025_2026_02_06,2026-02-06,2026-07-18T13:22:23.066990+00:00|2026-07-18T13:36:12.596560+00:00,147.06666666666666,198.13333333333333,3,3,True,True,17.967914438502653,49.34673366834173
CZE,2023Q2,eurostat_hicp_midx_cp00_i15_2026_02_06|eurostat_hicp_midx_cp045_i15_2010_2025_2026_02_06,2026-02-06,2026-07-18T13:22:23.066990+00:00|2026-07-18T13:36:12.596560+00:00,147.93333333333334,198.4,3,3,True,True,12.611012433392531,36.76470588235292
CZE,2023Q3,eurostat_hicp_midx_cp00_i15_2026_02_06|eurostat_hicp_midx_cp045_i15_2010_2025_2026_02_06,2026-02-06,2026-07-18T13:22:23.066990+00:00|2026-07-18T13:36:12.596560+00:00,148.79999999999998,197.1,3,3,True,True,9.519136408243355,27.298170075349827
CZE,2023Q4,eurostat_hicp_midx_cp00_i15_2026_02_06|eurostat_hicp_midx_cp045_i15_2010_2025_2026_02_06,2026-02-06,2026-07-18T13:22:23.066990+00:00|2026-07-18T13:36:12.596560+00:00,147.9,192.53333333333333,3,3,True,True,8.351648351648366,46.63620208174666
CZE,2024Q1,eurostat_hicp_midx_cp00_i15_2026_02_06|eurostat_hicp_midx_cp045_i15_2010_2025_2026_02_06,2026-02-06,2026-07-18T13:22:23.066990+00:00|2026-07-18T13:36:12.596560+00:00,150.53333333333333,207.5,3,3,True,True,2.357207615593837,4.727456258411844
CZE,2024Q2,eurostat_hicp_midx_cp00_i15_2026_02_06|eurostat_hicp_midx_cp045_i15_2010_2025_2026_02_06,2026-02-06,2026-07-18T13:22:23.066990+00:00|2026-07-18T13:36:12.596560+00:00,151.9,205.7,3,3,True,True,2.681388012618302,3.679435483870952
CZE,2024Q3,eurostat_hicp_midx_cp00_i15_2026_02_06|eurostat_hicp_midx_cp045_i15_2010_2025_2026_02_06,2026-02-06,2026-07-18T13:22:23.066990+00:00|2026-07-18T13:36:12.596560+00:00,152.6,203.66666666666663,3,3,True,True,2.553763440860224,3.3316421444275157
CZE,2024Q4,eurostat_hicp_midx_cp00_i15_2026_02_06|eurostat_hicp_midx_cp045_i15_2010_2025_2026_02_06,2026-02-06,2026-07-18T13:22:23.066990+00:00|2026-07-18T13:36:12.596560+00:00,152.53333333333333,202.7,3,3,True,True,3.13274735181428,5.280470914127422
CZE,2025Q1,eurostat_hicp_midx_cp00_i15_2026_02_06|eurostat_hicp_midx_cp045_i15_2010_2025_2026_02_06,2026-02-06,2026-07-18T13:22:23.066990+00:00|2026-07-18T13:36:12.596560+00:00,154.73333333333335,200.5666666666667,3,3,True,True,2.7900797165633318,-3.3413654618473787
CZE,2025Q2,eurostat_hicp_midx_cp00_i15_2026_02_06|eurostat_hicp_midx_cp045_i15_2010_2025_2026_02_06,2026-02-06,2026-07-18T13:22:23.066990+00:00|2026-07-18T13:36:12.596560+00:00,155.33333333333334,198.9,3,3,True,True,2.260258942286586,-3.305785123966931
CZE,2025Q3,eurostat_hicp_midx_cp00_i15_2026_02_06|eurostat_hicp_midx_cp045_i15_2010_2025_2026_02_06,2026-02-06,2026-07-18T13:22:23.066990+00:00|2026-07-18T13:36:12.596560+00:00,156.1,197.4333333333333,3,3,True,True,2.2935779816513735,-3.060556464811781
CZE,2025Q4,eurostat_hicp_midx_cp00_i15_2026_02_06|eurostat_hicp_midx_cp045_i15_2010_2025_2026_02_06,2026-02-06,2026-07-18T13:22:23.066990+00:00|2026-07-18T13:36:12.596560+00:00,155.53333333333333,194.8,3,3,True,True,1.9667832167832078,-3.8973852984706348
DEU,2010Q1,eurostat_hicp_midx_cp00_i15_2010_2019_2026_02_06|eurostat_hicp_midx_cp045_i15_2010_2025_2026_02_06,2026-02-06,2026-07-18T13:36:09.327867+00:00|2026-07-18T13:36:12.596560+00:00,92.06666666666666,86.3,3,3,True,True,,
DEU,2010Q2,eurostat_hicp_midx_cp00_i15_2010_2019_2026_02_06|eurostat_hicp_midx_cp045_i15_2010_2025_2026_02_06,2026-02-06,2026-07-18T13:36:09.327867+00:00|2026-07-18T13:36:12.596560+00:00,92.5,87.93333333333332,3,3,True,True,,
DEU,2010Q3,eurostat_hicp_midx_cp00_i15_2010_2019_2026_02_06|eurostat_hicp_midx_cp045_i15_2010_2025_2026_02_06,2026-02-06,2026-07-18T13:36:09.327867+00:00|2026-07-18T13:36:12.596560+00:00,92.8,88.06666666666666,3,3,True,True,,
DEU,2010Q4,eurostat_hicp_midx_cp00_i15_2010_2019_2026_02_06|eurostat_hicp_midx_cp045_i15_2010_2025_2026_02_06,2026-02-06,2026-07-18T13:36:09.327867+00:00|2026-07-18T13:36:12.596560+00:00,93.23333333333332,89.26666666666667,3,3,True,True,,
DEU,2011Q1,eurostat_hicp_midx_cp00_i15_2010_2019_2026_02_06|eurostat_hicp_midx_cp045_i15_2010_2025_2026_02_06,2026-02-06,2026-07-18T13:36:09.327867+00:00|2026-07-18T13:36:12.596560+00:00,94.1,94.16666666666669,3,3,True,True,2.208544532947143,9.115488605639266
DEU,2011Q2,eurostat_hicp_midx_cp00_i15_2010_2019_2026_02_06|eurostat_hicp_midx_cp045_i15_2010_2025_2026_02_06,2026-02-06,2026-07-18T13:36:09.327867+00:00|2026-07-18T13:36:12.596560+00:00,94.83333333333331,95.76666666666668,3,3,True,True,2.5225225225224968,8.908263836239595
DEU,2011Q3,eurostat_hicp_midx_cp00_i15_2010_2019_2026_02_06|eurostat_hicp_midx_cp045_i15_2010_2025_2026_02_06,2026-02-06,2026-07-18T13:36:09.327867+00:00|2026-07-18T13:36:12.596560+00:00,95.23333333333332,96.53333333333336,3,3,True,True,2.622126436781591,9.613928841786556
DEU,2011Q4,eurostat_hicp_midx_cp00_i15_2010_2019_2026_02_06|eurostat_hicp_midx_cp045_i15_2010_2025_2026_02_06,2026-02-06,2026-07-18T13:36:09.327867+00:00|2026-07-18T13:36:12.596560+00:00,95.63333333333333,98.46666666666664,3,3,True,True,2.5741866285305726,10.306198655713183
DEU,2012Q1,eurostat_hicp_midx_cp00_i15_2010_2019_2026_02_06|eurostat_hicp_midx_cp045_i15_2010_2025_2026_02_06,2026-02-06,2026-07-18T13:36:09.327867+00:00|2026-07-18T13:36:12.596560+00:00,96.36666666666667,100.73333333333332,3,3,True,True,2.408784980517198,6.9734513274335885
DEU,2012Q2,eurostat_hicp_midx_cp00_i15_2010_2019_2026_02_06|eurostat_hicp_midx_cp045_i15_2010_2025_2026_02_06,2026-02-06,2026-07-18T13:36:09.327867+00:00|2026-07-18T13:36:12.596560+00:00,96.8,101.0,3,3,True,True,2.0738137082601193,5.4646710755307915
DEU,2012Q3,eurostat_hicp_midx_cp00_i15_2010_2019_2026_02_06|eurostat_hicp_midx_cp045_i15_2010_2025_2026_02_06,2026-02-06,2026-07-18T13:36:09.327867+00:00|2026-07-18T13:36:12.596560+00:00,97.26666666666668,102.2,3,3,True,True,2.13510675533779,5.870165745856326
DEU,2012Q4,eurostat_hicp_midx_cp00_i15_2010_2019_2026_02_06|eurostat_hicp_midx_cp045_i15_2010_2025_2026_02_06,2026-02-06,2026-07-18T13:36:09.327867+00:00|2026-07-18T13:36:12.596560+00:00,97.56666666666666,102.93333333333334,3,3,True,True,2.0216103171836863,4.5362220717671375
DEU,2013Q1,eurostat_hicp_midx_cp00_i15_2010_2019_2026_02_06|eurostat_hicp_midx_cp045_i15_2010_2025_2026_02_06,2026-02-06,2026-07-18T13:36:09.327867+00:00|2026-07-18T13:36:12.596560+00:00,98.13333333333333,106.8,3,3,True,True,1.8332756831546115,6.022501654533441
DEU,2013Q2,eurostat_hicp_midx_cp00_i15_2010_2019_2026_02_06|eurostat_hicp_midx_cp045_i15_2010_2025_2026_02_06,2026-02-06,2026-07-18T13:36:09.327867+00:00|2026-07-18T13:36:12.596560+00:00,98.3,106.23333333333332,3,3,True,True,1.5495867768595017,5.181518151815179
DEU,2013Q3,eurostat_hicp_midx_cp00_i15_2010_2019_2026_02_06|eurostat_hicp_midx_cp045_i15_2010_2025_2026_02_06,2026-02-06,2026-07-18T13:36:09.327867+00:00|2026-07-18T13:36:12.596560+00:00,98.90000000000002,106.83333333333331,3,3,True,True,1.6792323509253082,4.533594259621632
DEU,2013Q4,eurostat_hicp_midx_cp00_i15_2010_2019_2026_02_06|eurostat_hicp_midx_cp045_i15_2010_2025_2026_02_06,2026-02-06,2026-07-18T13:36:09.327867+00:00|2026-07-18T13:36:12.596560+00:00,98.9,106.4,3,3,True,True,1.3665869490946392,3.3678756476684057
DEU,2014Q1,eurostat_hicp_midx_cp00_i15_2010_2019_2026_02_06|eurostat_hicp_midx_cp045_i15_2010_2025_2026_02_06,2026-02-06,2026-07-18T13:36:09.327867+00:00|2026-07-18T13:36:12.596560+00:00,99.06666666666666,106.3,3,3,True,True,0.9510869565217517,-0.46816479400748623
DEU,2014Q2,eurostat_hicp_midx_cp00_i15_2010_2019_2026_02_06|eurostat_hicp_midx_cp045_i15_2010_2025_2026_02_06,2026-02-06,2026-07-18T13:36:09.327867+00:00|2026-07-18T13:36:12.596560+00:00,99.2,106.3,3,3,True,True,0.9155645981688831,0.06275494195169262
DEU,2014Q3,eurostat_hicp_midx_cp00_i15_2010_2019_2026_02_06|eurostat_hicp_midx_cp045_i15_2010_2025_2026_02_06,2026-02-06,2026-07-18T13:36:09.327867+00:00|2026-07-18T13:36:12.596560+00:00,99.66666666666669,106.2,3,3,True,True,0.7751937984496138,-0.5928237129484981
DEU,2014Q4,eurostat_hicp_midx_cp00_i15_2010_2019_2026_02_06|eurostat_hicp_midx_cp045_i15_2010_2025_2026_02_06,2026-02-06,2026-07-18T13:36:09.327867+00:00|2026-07-18T13:36:12.596560+00:00,99.33333333333331,104.23333333333332,3,3,True,True,0.43815301651497496,-2.036340852130347
DEU,2015Q1,eurostat_hicp_midx_cp00_i15_2010_2019_2026_02_06|eurostat_hicp_midx_cp045_i15_2010_2025_2026_02_06,2026-02-06,2026-07-18T13:36:09.327867+00:00|2026-07-18T13:36:12.596560+00:00,98.93333333333334,101.43333333333334,3,3,True,True,-0.13458950201883368,-4.578237692066467
DEU,2015Q2,eurostat_hicp_midx_cp00_i15_2010_2019_2026_02_06|eurostat_hicp_midx_cp045_i15_2010_2025_2026_02_06,2026-02-06,2026-07-18T13:36:09.327867+00:00|2026-07-18T13:36:12.596560+00:00,100.43333333333334,101.5,3,3,True,True,1.2432795698924748,-4.515522107243653
DEU,2015Q3,eurostat_hicp_midx_cp00_i15_2010_2019_2026_02_06|eurostat_hicp_midx_cp045_i15_2010_2025_2026_02_06,2026-02-06,2026-07-18T13:36:09.327867+00:00|2026-07-18T13:36:12.596560+00:00,100.73333333333332,99.43333333333334,3,3,True,True,1.0702341137123428,-6.371625863151287
DEU,2015Q4,eurostat_hicp_midx_cp00_i15_2010_2019_2026_02_06|eurostat_hicp_midx_cp045_i15_2010_2025_2026_02_06,2026-02-06,2026-07-18T13:36:09.327867+00:00|2026-07-18T13:36:12.596560+00:00,99.86666666666667,97.66666666666669,3,3,True,True,0.5369127516778871,-6.299968020466872
DEU,2016Q1,eurostat_hicp_midx_cp00_i15_2010_2019_2026_02_06|eurostat_hicp_midx_cp045_i15_2010_2025_2026_02_06,2026-02-06,2026-07-18T13:36:09.327867+00:00|2026-07-18T13:36:12.596560+00:00,99.06666666666666,94.83333333333331,3,3,True,True,0.13477088948785632,-6.506736772921484
DEU,2016Q2,eurostat_hicp_midx_cp00_i15_2010_2019_2026_02_06|eurostat_hicp_midx_cp045_i15_2010_2025_2026_02_06,2026-02-06,2026-07-18T13:36:09.327867+00:00|2026-07-18T13:36:12.596560+00:00,100.33333333333331,95.66666666666669,3,3,True,True,-0.09956853634254248,-5.747126436781591
DEU,2016Q3,eurostat_hicp_midx_cp00_i15_2010_2019_2026_02_06|eurostat_hicp_midx_cp045_i15_2010_2025_2026_02_06,2026-02-06,2026-07-18T13:36:09.327867+00:00|2026-07-18T13:36:12.596560+00:00,101.13333333333333,95.16666666666669,3,3,True,True,0.3970880211780381,-4.290982232651674
DEU,2016Q4,eurostat_hicp_midx_cp00_i15_2010_2019_2026_02_06|eurostat_hicp_midx_cp045_i15_2010_2025_2026_02_06,2026-02-06,2026-07-18T13:36:09.327867+00:00|2026-07-18T13:36:12.596560+00:00,100.9,96.06666666666666,3,3,True,True,1.0347129506008024,-1.638225255972714
DEU,2017Q1,eurostat_hicp_midx_cp00_i15_2010_2019_2026_02_06|eurostat_hicp_midx_cp045_i15_2010_2025_2026_02_06,2026-02-06,2026-07-18T13:36:09.327867+00:00|2026-07-18T13:36:12.596560+00:00,100.83333333333331,97.0,3,3,True,True,1.7833109017496573,2.2847100175747093
DEU,2017Q2,eurostat_hicp_midx_cp00_i15_2010_2019_2026_02_06|eurostat_hicp_midx_cp045_i15_2010_2025_2026_02_06,2026-02-06,2026-07-18T13:36:09.327867+00:00|2026-07-18T13:36:12.596560+00:00,102.0,96.5,3,3,True,True,1.6611295681063343,0.871080139372804
DEU,2017Q3,eurostat_hicp_midx_cp00_i15_2010_2019_2026_02_06|eurostat_hicp_midx_cp045_i15_2010_2025_2026_02_06,2026-02-06,2026-07-18T13:36:09.327867+00:00|2026-07-18T13:36:12.596560+00:00,102.96666666666664,96.33333333333331,3,3,True,True,1.8127883981542414,1.225919439579637
DEU,2017Q4,eurostat_hicp_midx_cp00_i15_2010_2019_2026_02_06|eurostat_hicp_midx_cp045_i15_2010_2025_2026_02_06,2026-02-06,2026-07-18T13:36:09.327867+00:00|2026-07-18T13:36:12.596560+00:00,102.46666666666664,97.6,3,3,True,True,1.552692434753844,1.5961138098542715
DEU,2018Q1,eurostat_hicp_midx_cp00_i15_2010_2019_2026_02_06|eurostat_hicp_midx_cp045_i15_2010_2025_2026_02_06,2026-02-06,2026-07-18T13:36:09.327867+00:00|2026-07-18T13:36:12.596560+00:00,102.3,98.0,3,3,True,True,1.454545454545464,1.0309278350515427
DEU,2018Q2,eurostat_hicp_midx_cp00_i15_2010_2019_2026_02_06|eurostat_hicp_midx_cp045_i15_2010_2025_2026_02_06,2026-02-06,2026-07-18T13:36:09.327867+00:00|2026-07-18T13:36:12.596560+00:00,103.96666666666664,99.23333333333332,3,3,True,True,1.9281045751633696,2.832469775474933
DEU,2018Q3,eurostat_hicp_midx_cp00_i15_2010_2019_2026_02_06|eurostat_hicp_midx_cp045_i15_2010_2025_2026_02_06,2026-02-06,2026-07-18T13:36:09.327867+00:00|2026-07-18T13:36:12.596560+00:00,105.23333333333332,100.33333333333331,3,3,True,True,2.201359663321467,4.152249134948094
DEU,2018Q4,eurostat_hicp_midx_cp00_i15_2010_2019_2026_02_06|eurostat_hicp_midx_cp045_i15_2010_2025_2026_02_06,2026-02-06,2026-07-18T13:36:09.327867+00:00|2026-07-18T13:36:12.596560+00:00,104.66666666666669,102.33333333333331,3,3,True,True,2.147039687703356,4.849726775956276
DEU,2019Q1,eurostat_hicp_midx_cp00_i15_2010_2019_2026_02_06|eurostat_hicp_midx_cp045_i15_2010_2025_2026_02_06,2026-02-06,2026-07-18T13:36:09.327867+00:00|2026-07-18T13:36:12.596560+00:00,103.90000000000002,102.16666666666669,3,3,True,True,1.5640273704790042,4.251700680272119
DEU,2019Q2,eurostat_hicp_midx_cp00_i15_2010_2019_2026_02_06|eurostat_hicp_midx_cp045_i15_2010_2025_2026_02_06,2026-02-06,2026-07-18T13:36:09.327867+00:00|2026-07-18T13:36:12.596560+00:00,105.7,103.03333333333336,3,3,True,True,1.6672010259698888,3.829358414511286
DEU,2019Q3,eurostat_hicp_midx_cp00_i15_2010_2019_2026_02_06|eurostat_hicp_midx_cp045_i15_2010_2025_2026_02_06,2026-02-06,2026-07-18T13:36:09.327867+00:00|2026-07-18T13:36:12.596560+00:00,106.3,103.1,3,3,True,True,1.0136205258156616,2.757475083056482
DEU,2019Q4,eurostat_hicp_midx_cp00_i15_2010_2019_2026_02_06|eurostat_hicp_midx_cp045_i15_2010_2025_2026_02_06,2026-02-06,2026-07-18T13:36:09.327867+00:00|2026-07-18T13:36:12.596560+00:00,105.9,103.36666666666667,3,3,True,True,1.178343949044569,1.00977198697072
DEU,2020Q1,eurostat_hicp_midx_cp00_i15_2026_02_06|eurostat_hicp_midx_cp045_i15_2010_2025_2026_02_06,2026-02-06,2026-07-18T13:22:23.066990+00:00|2026-07-18T13:36:12.596560+00:00,105.53333333333336,103.76666666666668,3,3,True,True,1.5720243824189906,1.566068515497543
DEU,2020Q2,eurostat_hicp_midx_cp00_i15_2026_02_06|eurostat_hicp_midx_cp045_i15_2010_2025_2026_02_06,2026-02-06,2026-07-18T13:22:23.066990+00:00|2026-07-18T13:36:12.596560+00:00,106.43333333333334,102.16666666666669,3,3,True,True,0.6937874487543461,-0.8411517308314576
DEU,2020Q3,eurostat_hicp_midx_cp00_i15_2026_02_06|eurostat_hicp_midx_cp045_i15_2010_2025_2026_02_06,2026-02-06,2026-07-18T13:22:23.066990+00:00|2026-07-18T13:36:12.596560+00:00,106.13333333333333,99.46666666666664,3,3,True,True,-0.15678896205707504,-3.524086647268043
DEU,2020Q4,eurostat_hicp_midx_cp00_i15_2026_02_06|eurostat_hicp_midx_cp045_i15_2010_2025_2026_02_06,2026-02-06,2026-07-18T13:22:23.066990+00:00|2026-07-18T13:36:12.596560+00:00,105.26666666666668,99.1,3,3,True,True,-0.5980484734025793,-4.127700741696239
DEU,2021Q1,eurostat_hicp_midx_cp00_i15_2026_02_06|eurostat_hicp_midx_cp045_i15_2010_2025_2026_02_06,2026-02-06,2026-07-18T13:22:23.066990+00:00|2026-07-18T13:36:12.596560+00:00,107.36666666666667,103.26666666666668,3,3,True,True,1.7372078332280383,-0.48185030517186034
DEU,2021Q2,eurostat_hicp_midx_cp00_i15_2026_02_06|eurostat_hicp_midx_cp045_i15_2010_2025_2026_02_06,2026-02-06,2026-07-18T13:22:23.066990+00:00|2026-07-18T13:36:12.596560+00:00,108.73333333333332,104.03333333333336,3,3,True,True,2.1609771374882403,1.8270799347471556
DEU,2021Q3,eurostat_hicp_midx_cp00_i15_2026_02_06|eurostat_hicp_midx_cp045_i15_2010_2025_2026_02_06,2026-02-06,2026-07-18T13:22:23.066990+00:00|2026-07-18T13:36:12.596560+00:00,109.86666666666667,105.4,3,3,True,True,3.5175879396984966,5.965147453083142
DEU,2021Q4,eurostat_hicp_midx_cp00_i15_2026_02_06|eurostat_hicp_midx_cp045_i15_2010_2025_2026_02_06,2026-02-06,2026-07-18T13:22:23.066990+00:00|2026-07-18T13:36:12.596560+00:00,111.0,110.2,3,3,True,True,5.446485117162747,11.200807265388502
DEU,2022Q1,eurostat_hicp_midx_cp00_i15_2026_02_06|eurostat_hicp_midx_cp045_i15_2010_2025_2026_02_06,2026-02-06,2026-07-18T13:22:23.066990+00:00|2026-07-18T13:36:12.596560+00:00,113.9,128.03333333333333,3,3,True,True,6.08506674945668,23.983214977404764
DEU,2022Q2,eurostat_hicp_midx_cp00_i15_2026_02_06|eurostat_hicp_midx_cp045_i15_2010_2025_2026_02_06,2026-02-06,2026-07-18T13:22:23.066990+00:00|2026-07-18T13:36:12.596560+00:00,117.73333333333332,141.36666666666667,3,3,True,True,8.277130594727167,35.88593399551423
DEU,2022Q3,eurostat_hicp_midx_cp00_i15_2026_02_06|eurostat_hicp_midx_cp045_i15_2010_2025_2026_02_06,2026-02-06,2026-07-18T13:22:23.066990+00:00|2026-07-18T13:36:12.596560+00:00,120.2,154.36666666666667,3,3,True,True,9.40533980582523,46.457938013915246
DEU,2022Q4,eurostat_hicp_midx_cp00_i15_2026_02_06|eurostat_hicp_midx_cp045_i15_2010_2025_2026_02_06,2026-02-06,2026-07-18T13:22:23.066990+00:00|2026-07-18T13:36:12.596560+00:00,123.0,162.4,3,3,True,True,10.81081081081081,47.36842105263157
DEU,2023Q1,eurostat_hicp_midx_cp00_i15_2026_02_06|eurostat_hicp_midx_cp045_i15_2010_2025_2026_02_06,2026-02-06,2026-07-18T13:22:23.066990+00:00|2026-07-18T13:36:12.596560+00:00,123.83333333333331,165.23333333333332,3,3,True,True,8.721100380450665,29.05493361103879
DEU,2023Q2,eurostat_hicp_midx_cp00_i15_2026_02_06|eurostat_hicp_midx_cp045_i15_2010_2025_2026_02_06,2026-02-06,2026-07-18T13:22:23.066990+00:00|2026-07-18T13:36:12.596560+00:00,125.83333333333331,164.53333333333333,3,3,True,True,6.879954699886737,16.387644423485014
DEU,2023Q3,eurostat_hicp_midx_cp00_i15_2026_02_06|eurostat_hicp_midx_cp045_i15_2010_2025_2026_02_06,2026-02-06,2026-07-18T13:22:23.066990+00:00|2026-07-18T13:36:12.596560+00:00,127.1,163.36666666666667,3,3,True,True,5.740432612312807,5.830274238825317
DEU,2023Q4,eurostat_hicp_midx_cp00_i15_2026_02_06|eurostat_hicp_midx_cp045_i15_2010_2025_2026_02_06,2026-02-06,2026-07-18T13:22:23.066990+00:00|2026-07-18T13:36:12.596560+00:00,126.7,159.1,3,3,True,True,3.0081300813008083,-2.0320197044335075
DEU,2024Q1,eurostat_hicp_midx_cp00_i15_2026_02_06|eurostat_hicp_midx_cp045_i15_2010_2025_2026_02_06,2026-02-06,2026-07-18T13:22:23.066990+00:00|2026-07-18T13:36:12.596560+00:00,127.2,158.13333333333333,3,3,True,True,2.7187079407806403,-4.296953802703241
DEU,2024Q2,eurostat_hicp_midx_cp00_i15_2026_02_06|eurostat_hicp_midx_cp045_i15_2010_2025_2026_02_06,2026-02-06,2026-07-18T13:22:23.066990+00:00|2026-07-18T13:36:12.596560+00:00,129.0666666666667,158.76666666666668,3,3,True,True,2.569536423841101,-3.5048622366288362
DEU,2024Q3,eurostat_hicp_midx_cp00_i15_2026_02_06|eurostat_hicp_midx_cp045_i15_2010_2025_2026_02_06,2026-02-06,2026-07-18T13:22:23.066990+00:00|2026-07-18T13:36:12.596560+00:00,129.83333333333334,157.70000000000002,3,3,True,True,2.1505376344086224,-3.468679861252799
DEU,2024Q4,eurostat_hicp_midx_cp00_i15_2026_02_06|eurostat_hicp_midx_cp045_i15_2010_2025_2026_02_06,2026-02-06,2026-07-18T13:22:23.066990+00:00|2026-07-18T13:36:12.596560+00:00,129.9,156.66666666666666,3,3,True,True,2.525651144435681,-1.529436413157348
DEU,2025Q1,eurostat_hicp_midx_cp00_i15_2026_02_06|eurostat_hicp_midx_cp045_i15_2010_2025_2026_02_06,2026-02-06,2026-07-18T13:22:23.066990+00:00|2026-07-18T13:36:12.596560+00:00,130.46666666666667,155.23333333333335,3,3,True,True,2.5681341719077544,-1.8338954468802515
DEU,2025Q2,eurostat_hicp_midx_cp00_i15_2026_02_06|eurostat_hicp_midx_cp045_i15_2010_2025_2026_02_06,2026-02-06,2026-07-18T13:22:23.066990+00:00|2026-07-18T13:36:12.596560+00:00,131.76666666666668,154.29999999999998,3,3,True,True,2.0919421487603174,-2.8133529288263848
DEU,2025Q3,eurostat_hicp_midx_cp00_i15_2026_02_06|eurostat_hicp_midx_cp045_i15_2010_2025_2026_02_06,2026-02-06,2026-07-18T13:22:23.066990+00:00|2026-07-18T13:36:12.596560+00:00,132.5666666666667,154.26666666666665,3,3,True,True,2.1052631578947434,-2.1771295709152594
DEU,2025Q4,eurostat_hicp_midx_cp00_i15_2026_02_06|eurostat_hicp_midx_cp045_i15_2010_2025_2026_02_06,2026-02-06,2026-07-18T13:22:23.066990+00:00|2026-07-18T13:36:12.596560+00:00,132.86666666666667,154.16666666666666,3,3,True,True,2.283808057480119,-1.5957446808510634
DNK,2010Q1,eurostat_hicp_midx_cp00_i15_2010_2019_2026_02_06|eurostat_hicp_midx_cp045_i15_2010_2025_2026_02_06,2026-02-06,2026-07-18T13:36:09.327867+00:00|2026-07-18T13:36:12.596560+00:00,93.3,93.1,3,3,True,True,,
DNK,2010Q2,eurostat_hicp_midx_cp00_i15_2010_2019_2026_02_06|eurostat_hicp_midx_cp045_i15_2010_2025_2026_02_06,2026-02-06,2026-07-18T13:36:09.327867+00:00|2026-07-18T13:36:12.596560+00:00,94.13333333333333,95.43333333333334,3,3,True,True,,
DNK,2010Q3,eurostat_hicp_midx_cp00_i15_2010_2019_2026_02_06|eurostat_hicp_midx_cp045_i15_2010_2025_2026_02_06,2026-02-06,2026-07-18T13:36:09.327867+00:00|2026-07-18T13:36:12.596560+00:00,94.4,95.73333333333332,3,3,True,True,,
DNK,2010Q4,eurostat_hicp_midx_cp00_i15_2010_2019_2026_02_06|eurostat_hicp_midx_cp045_i15_2010_2025_2026_02_06,2026-02-06,2026-07-18T13:36:09.327867+00:00|2026-07-18T13:36:12.596560+00:00,94.7,96.1,3,3,True,True,,
DNK,2011Q1,eurostat_hicp_midx_cp00_i15_2010_2019_2026_02_06|eurostat_hicp_midx_cp045_i15_2010_2025_2026_02_06,2026-02-06,2026-07-18T13:36:09.327867+00:00|2026-07-18T13:36:12.596560+00:00,95.7,100.6,3,3,True,True,2.5723472668810254,8.055853920515577
DNK,2011Q2,eurostat_hicp_midx_cp00_i15_2010_2019_2026_02_06|eurostat_hicp_midx_cp045_i15_2010_2025_2026_02_06,2026-02-06,2026-07-18T13:36:09.327867+00:00|2026-07-18T13:36:12.596560+00:00,96.9,102.0,3,3,True,True,2.939093484419275,6.880894166957741
DNK,2011Q3,eurostat_hicp_midx_cp00_i15_2010_2019_2026_02_06|eurostat_hicp_midx_cp045_i15_2010_2025_2026_02_06,2026-02-06,2026-07-18T13:36:09.327867+00:00|2026-07-18T13:36:12.596560+00:00,96.8,102.4,3,3,True,True,2.5423728813559254,6.963788300835683
DNK,2011Q4,eurostat_hicp_midx_cp00_i15_2010_2019_2026_02_06|eurostat_hicp_midx_cp045_i15_2010_2025_2026_02_06,2026-02-06,2026-07-18T13:36:09.327867+00:00|2026-07-18T13:36:12.596560+00:00,97.13333333333333,102.86666666666667,3,3,True,True,2.5695177754311738,7.041276448144318
DNK,2012Q1,eurostat_hicp_midx_cp00_i15_2010_2019_2026_02_06|eurostat_hicp_midx_cp045_i15_2010_2025_2026_02_06,2026-02-06,2026-07-18T13:36:09.327867+00:00|2026-07-18T13:36:12.596560+00:00,98.3,104.1,3,3,True,True,2.7168234064785635,3.479125248508952
DNK,2012Q2,eurostat_hicp_midx_cp00_i15_2010_2019_2026_02_06|eurostat_hicp_midx_cp045_i15_2010_2025_2026_02_06,2026-02-06,2026-07-18T13:36:09.327867+00:00|2026-07-18T13:36:12.596560+00:00,98.96666666666664,103.1,3,3,True,True,2.132782937736466,1.0784313725490158
DNK,2012Q3,eurostat_hicp_midx_cp00_i15_2010_2019_2026_02_06|eurostat_hicp_midx_cp045_i15_2010_2025_2026_02_06,2026-02-06,2026-07-18T13:36:09.327867+00:00|2026-07-18T13:36:12.596560+00:00,99.16666666666669,103.86666666666667,3,3,True,True,2.4449035812672326,1.432291666666674
DNK,2012Q4,eurostat_hicp_midx_cp00_i15_2010_2019_2026_02_06|eurostat_hicp_midx_cp045_i15_2010_2025_2026_02_06,2026-02-06,2026-07-18T13:36:09.327867+00:00|2026-07-18T13:36:12.596560+00:00,99.2,103.53333333333336,3,3,True,True,2.1276595744680993,0.6480881399870464
DNK,2013Q1,eurostat_hicp_midx_cp00_i15_2010_2019_2026_02_06|eurostat_hicp_midx_cp045_i15_2010_2025_2026_02_06,2026-02-06,2026-07-18T13:36:09.327867+00:00|2026-07-18T13:36:12.596560+00:00,99.2,105.8,3,3,True,True,0.9155645981688831,1.6330451488953068
DNK,2013Q2,eurostat_hicp_midx_cp00_i15_2010_2019_2026_02_06|eurostat_hicp_midx_cp045_i15_2010_2025_2026_02_06,2026-02-06,2026-07-18T13:36:09.327867+00:00|2026-07-18T13:36:12.596560+00:00,99.56666666666666,104.86666666666667,3,3,True,True,0.6062647356012363,1.713546718396386
DNK,2013Q3,eurostat_hicp_midx_cp00_i15_2010_2019_2026_02_06|eurostat_hicp_midx_cp045_i15_2010_2025_2026_02_06,2026-02-06,2026-07-18T13:36:09.327867+00:00|2026-07-18T13:36:12.596560+00:00,99.36666666666667,104.1,3,3,True,True,0.20168067226888908,0.2246469833119269
DNK,2013Q4,eurostat_hicp_midx_cp00_i15_2010_2019_2026_02_06|eurostat_hicp_midx_cp045_i15_2010_2025_2026_02_06,2026-02-06,2026-07-18T13:36:09.327867+00:00|2026-07-18T13:36:12.596560+00:00,99.56666666666666,105.06666666666666,3,3,True,True,0.3696236559139754,1.4810045074050038
DNK,2014Q1,eurostat_hicp_midx_cp00_i15_2010_2019_2026_02_06|eurostat_hicp_midx_cp045_i15_2010_2025_2026_02_06,2026-02-06,2026-07-18T13:36:09.327867+00:00|2026-07-18T13:36:12.596560+00:00,99.63333333333333,106.66666666666669,3,3,True,True,0.4368279569892275,0.8191556395715338
DNK,2014Q2,eurostat_hicp_midx_cp00_i15_2010_2019_2026_02_06|eurostat_hicp_midx_cp045_i15_2010_2025_2026_02_06,2026-02-06,2026-07-18T13:36:09.327867+00:00|2026-07-18T13:36:12.596560+00:00,99.96666666666664,106.53333333333336,3,3,True,True,0.4017408771342268,1.5893197711379647
DNK,2014Q3,eurostat_hicp_midx_cp00_i15_2010_2019_2026_02_06|eurostat_hicp_midx_cp045_i15_2010_2025_2026_02_06,2026-02-06,2026-07-18T13:36:09.327867+00:00|2026-07-18T13:36:12.596560+00:00,99.73333333333332,105.36666666666667,3,3,True,True,0.36900369003687317,1.2167787383925877
DNK,2014Q4,eurostat_hicp_midx_cp00_i15_2010_2019_2026_02_06|eurostat_hicp_midx_cp045_i15_2010_2025_2026_02_06,2026-02-06,2026-07-18T13:36:09.327867+00:00|2026-07-18T13:36:12.596560+00:00,99.76666666666668,105.76666666666668,3,3,True,True,0.2008704385671356,0.6662436548223516
DNK,2015Q1,eurostat_hicp_midx_cp00_i15_2010_2019_2026_02_06|eurostat_hicp_midx_cp045_i15_2010_2025_2026_02_06,2026-02-06,2026-07-18T13:36:09.327867+00:00|2026-07-18T13:36:12.596560+00:00,99.6,101.53333333333336,3,3,True,True,-0.033456005352960894,-4.812499999999997
DNK,2015Q2,eurostat_hicp_midx_cp00_i15_2010_2019_2026_02_06|eurostat_hicp_midx_cp045_i15_2010_2025_2026_02_06,2026-02-06,2026-07-18T13:36:09.327867+00:00|2026-07-18T13:36:12.596560+00:00,100.36666666666667,100.73333333333332,3,3,True,True,0.400133377792633,-5.444305381727199
DNK,2015Q3,eurostat_hicp_midx_cp00_i15_2010_2019_2026_02_06|eurostat_hicp_midx_cp045_i15_2010_2025_2026_02_06,2026-02-06,2026-07-18T13:36:09.327867+00:00|2026-07-18T13:36:12.596560+00:00,100.1,99.6,3,3,True,True,0.3676470588235281,-5.47295159759571
DNK,2015Q4,eurostat_hicp_midx_cp00_i15_2010_2019_2026_02_06|eurostat_hicp_midx_cp045_i15_2010_2025_2026_02_06,2026-02-06,2026-07-18T13:36:09.327867+00:00|2026-07-18T13:36:12.596560+00:00,99.93333333333334,98.13333333333333,3,3,True,True,0.16705646508519134,-7.217144658052332
DNK,2016Q1,eurostat_hicp_midx_cp00_i15_2010_2019_2026_02_06|eurostat_hicp_midx_cp045_i15_2010_2025_2026_02_06,2026-02-06,2026-07-18T13:36:09.327867+00:00|2026-07-18T13:36:12.596560+00:00,99.66666666666669,98.2,3,3,True,True,0.06693440428382491,-3.282994090610658
DNK,2016Q2,eurostat_hicp_midx_cp00_i15_2010_2019_2026_02_06|eurostat_hicp_midx_cp045_i15_2010_2025_2026_02_06,2026-02-06,2026-07-18T13:36:09.327867+00:00|2026-07-18T13:36:12.596560+00:00,100.26666666666668,97.96666666666664,3,3,True,True,-0.09963467286615568,-2.74652547981471
DNK,2016Q3,eurostat_hicp_midx_cp00_i15_2010_2019_2026_02_06|eurostat_hicp_midx_cp045_i15_2010_2025_2026_02_06,2026-02-06,2026-07-18T13:36:09.327867+00:00|2026-07-18T13:36:12.596560+00:00,100.03333333333336,96.63333333333333,3,3,True,True,-0.06660006660003104,-2.978580990629187
DNK,2016Q4,eurostat_hicp_midx_cp00_i15_2010_2019_2026_02_06|eurostat_hicp_midx_cp045_i15_2010_2025_2026_02_06,2026-02-06,2026-07-18T13:36:09.327867+00:00|2026-07-18T13:36:12.596560+00:00,100.1,98.26666666666668,3,3,True,True,0.16677785190126748,0.13586956521740579
DNK,2017Q1,eurostat_hicp_midx_cp00_i15_2010_2019_2026_02_06|eurostat_hicp_midx_cp045_i15_2010_2025_2026_02_06,2026-02-06,2026-07-18T13:36:09.327867+00:00|2026-07-18T13:36:12.596560+00:00,100.5,98.53333333333336,3,3,True,True,0.836120401337781,0.33944331296675845
DNK,2017Q2,eurostat_hicp_midx_cp00_i15_2010_2019_2026_02_06|eurostat_hicp_midx_cp045_i15_2010_2025_2026_02_06,2026-02-06,2026-07-18T13:36:09.327867+00:00|2026-07-18T13:36:12.596560+00:00,100.96666666666664,96.76666666666668,3,3,True,True,0.6981382978723083,-1.224906430758721
DNK,2017Q3,eurostat_hicp_midx_cp00_i15_2010_2019_2026_02_06|eurostat_hicp_midx_cp045_i15_2010_2025_2026_02_06,2026-02-06,2026-07-18T13:36:09.327867+00:00|2026-07-18T13:36:12.596560+00:00,101.56666666666666,96.3,3,3,True,True,1.532822392535782,-0.34494653328733804
DNK,2017Q4,eurostat_hicp_midx_cp00_i15_2010_2019_2026_02_06|eurostat_hicp_midx_cp045_i15_2010_2025_2026_02_06,2026-02-06,2026-07-18T13:36:09.327867+00:00|2026-07-18T13:36:12.596560+00:00,101.26666666666668,97.9,3,3,True,True,1.1655011655011815,-0.3731343283582156
DNK,2018Q1,eurostat_hicp_midx_cp00_i15_2010_2019_2026_02_06|eurostat_hicp_midx_cp045_i15_2010_2025_2026_02_06,2026-02-06,2026-07-18T13:36:09.327867+00:00|2026-07-18T13:36:12.596560+00:00,101.0,98.03333333333336,3,3,True,True,0.4975124378109541,-0.5074424898511509
DNK,2018Q2,eurostat_hicp_midx_cp00_i15_2010_2019_2026_02_06|eurostat_hicp_midx_cp045_i15_2010_2025_2026_02_06,2026-02-06,2026-07-18T13:36:09.327867+00:00|2026-07-18T13:36:12.596560+00:00,101.9,99.1,3,3,True,True,0.924397490921125,2.4112986565621553
DNK,2018Q3,eurostat_hicp_midx_cp00_i15_2010_2019_2026_02_06|eurostat_hicp_midx_cp045_i15_2010_2025_2026_02_06,2026-02-06,2026-07-18T13:36:09.327867+00:00|2026-07-18T13:36:12.596560+00:00,102.3,98.1,3,3,True,True,0.7220216606498298,1.869158878504673
DNK,2018Q4,eurostat_hicp_midx_cp00_i15_2010_2019_2026_02_06|eurostat_hicp_midx_cp045_i15_2010_2025_2026_02_06,2026-02-06,2026-07-18T13:36:09.327867+00:00|2026-07-18T13:36:12.596560+00:00,101.96666666666664,100.13333333333333,3,3,True,True,0.6912442396312946,2.2812393598910408
DNK,2019Q1,eurostat_hicp_midx_cp00_i15_2010_2019_2026_02_06|eurostat_hicp_midx_cp045_i15_2010_2025_2026_02_06,2026-02-06,2026-07-18T13:36:09.327867+00:00|2026-07-18T13:36:12.596560+00:00,102.16666666666669,100.2,3,3,True,True,1.1551155115511635,2.210132607956461
DNK,2019Q2,eurostat_hicp_midx_cp00_i15_2010_2019_2026_02_06|eurostat_hicp_midx_cp045_i15_2010_2025_2026_02_06,2026-02-06,2026-07-18T13:36:09.327867+00:00|2026-07-18T13:36:12.596560+00:00,102.6,98.73333333333332,3,3,True,True,0.6869479882237295,-0.36999663639422087
DNK,2019Q3,eurostat_hicp_midx_cp00_i15_2010_2019_2026_02_06|eurostat_hicp_midx_cp045_i15_2010_2025_2026_02_06,2026-02-06,2026-07-18T13:36:09.327867+00:00|2026-07-18T13:36:12.596560+00:00,102.73333333333332,95.63333333333333,3,3,True,True,0.42359074617137615,-2.5144410465511413
DNK,2019Q4,eurostat_hicp_midx_cp00_i15_2010_2019_2026_02_06|eurostat_hicp_midx_cp045_i15_2010_2025_2026_02_06,2026-02-06,2026-07-18T13:36:09.327867+00:00|2026-07-18T13:36:12.596560+00:00,102.63333333333333,98.26666666666668,3,3,True,True,0.6538084341288108,-1.8641810918774815
DNK,2020Q1,eurostat_hicp_midx_cp00_i15_2026_02_06|eurostat_hicp_midx_cp045_i15_2010_2025_2026_02_06,2026-02-06,2026-07-18T13:22:23.066990+00:00|2026-07-18T13:36:12.596560+00:00,102.76666666666668,96.86666666666667,3,3,True,True,0.5872756933115841,-3.3266799733865593
DNK,2020Q2,eurostat_hicp_midx_cp00_i15_2026_02_06|eurostat_hicp_midx_cp045_i15_2010_2025_2026_02_06,2026-02-06,2026-07-18T13:22:23.066990+00:00|2026-07-18T13:36:12.596560+00:00,102.56666666666666,93.8,3,3,True,True,-0.03248862897985427,-4.996623902768393
DNK,2020Q3,eurostat_hicp_midx_cp00_i15_2026_02_06|eurostat_hicp_midx_cp045_i15_2010_2025_2026_02_06,2026-02-06,2026-07-18T13:22:23.066990+00:00|2026-07-18T13:36:12.596560+00:00,103.16666666666669,94.13333333333333,3,3,True,True,0.4218040233614939,-1.5684907633321754
DNK,2020Q4,eurostat_hicp_midx_cp00_i15_2026_02_06|eurostat_hicp_midx_cp045_i15_2010_2025_2026_02_06,2026-02-06,2026-07-18T13:22:23.066990+00:00|2026-07-18T13:36:12.596560+00:00,103.0,94.83333333333331,3,3,True,True,0.3572588502760654,-3.4938941655359934
DNK,2021Q1,eurostat_hicp_midx_cp00_i15_2026_02_06|eurostat_hicp_midx_cp045_i15_2010_2025_2026_02_06,2026-02-06,2026-07-18T13:22:23.066990+00:00|2026-07-18T13:36:12.596560+00:00,103.36666666666667,96.3,3,3,True,True,0.5838469023678128,-0.5849965588437867
DNK,2021Q2,eurostat_hicp_midx_cp00_i15_2026_02_06|eurostat_hicp_midx_cp045_i15_2010_2025_2026_02_06,2026-02-06,2026-07-18T13:22:23.066990+00:00|2026-07-18T13:36:12.596560+00:00,104.33333333333331,97.63333333333333,3,3,True,True,1.722456938576511,4.086709310589898
DNK,2021Q3,eurostat_hicp_midx_cp00_i15_2026_02_06|eurostat_hicp_midx_cp045_i15_2010_2025_2026_02_06,2026-02-06,2026-07-18T13:22:23.066990+00:00|2026-07-18T13:36:12.596560+00:00,105.23333333333332,104.1,3,3,True,True,2.003231017770557,10.587818696883854
DNK,2021Q4,eurostat_hicp_midx_cp00_i15_2026_02_06|eurostat_hicp_midx_cp045_i15_2010_2025_2026_02_06,2026-02-06,2026-07-18T13:22:23.066990+00:00|2026-07-18T13:36:12.596560+00:00,106.56666666666666,116.63333333333333,3,3,True,True,3.462783171521022,22.98769771528999
DNK,2022Q1,eurostat_hicp_midx_cp00_i15_2026_02_06|eurostat_hicp_midx_cp045_i15_2010_2025_2026_02_06,2026-02-06,2026-07-18T13:22:23.066990+00:00|2026-07-18T13:36:12.596560+00:00,108.93333333333334,131.43333333333334,3,3,True,True,5.385359561431802,36.483212184146765
DNK,2022Q2,eurostat_hicp_midx_cp00_i15_2026_02_06|eurostat_hicp_midx_cp045_i15_2010_2025_2026_02_06,2026-02-06,2026-07-18T13:22:23.066990+00:00|2026-07-18T13:36:12.596560+00:00,112.93333333333334,143.73333333333335,3,3,True,True,8.242811501597469,47.21748036872655
DNK,2022Q3,eurostat_hicp_midx_cp00_i15_2026_02_06|eurostat_hicp_midx_cp045_i15_2010_2025_2026_02_06,2026-02-06,2026-07-18T13:22:23.066990+00:00|2026-07-18T13:36:12.596560+00:00,115.96666666666664,161.33333333333334,3,3,True,True,10.199556541019938,54.97918667947488
DNK,2022Q4,eurostat_hicp_midx_cp00_i15_2026_02_06|eurostat_hicp_midx_cp045_i15_2010_2025_2026_02_06,2026-02-06,2026-07-18T13:22:23.066990+00:00|2026-07-18T13:36:12.596560+00:00,117.46666666666664,176.29999999999998,3,3,True,True,10.228339067876103,51.157473563875385
DNK,2023Q1,eurostat_hicp_midx_cp00_i15_2026_02_06|eurostat_hicp_midx_cp045_i15_2010_2025_2026_02_06,2026-02-06,2026-07-18T13:22:23.066990+00:00|2026-07-18T13:36:12.596560+00:00,117.63333333333333,152.63333333333333,3,3,True,True,7.986536107711117,16.129850367740282
DNK,2023Q2,eurostat_hicp_midx_cp00_i15_2026_02_06|eurostat_hicp_midx_cp045_i15_2010_2025_2026_02_06,2026-02-06,2026-07-18T13:22:23.066990+00:00|2026-07-18T13:36:12.596560+00:00,117.03333333333336,119.73333333333332,3,3,True,True,3.630460448642281,-16.69758812615957
DNK,2023Q3,eurostat_hicp_midx_cp00_i15_2026_02_06|eurostat_hicp_midx_cp045_i15_2010_2025_2026_02_06,2026-02-06,2026-07-18T13:22:23.066990+00:00|2026-07-18T13:36:12.596560+00:00,118.33333333333331,121.6,3,3,True,True,2.0408163265306145,-24.62809917355373
DNK,2023Q4,eurostat_hicp_midx_cp00_i15_2026_02_06|eurostat_hicp_midx_cp045_i15_2010_2025_2026_02_06,2026-02-06,2026-07-18T13:22:23.066990+00:00|2026-07-18T13:36:12.596560+00:00,117.56666666666666,125.73333333333332,3,3,True,True,0.08513053348468969,-28.682170542635653
DNK,2024Q1,eurostat_hicp_midx_cp00_i15_2026_02_06|eurostat_hicp_midx_cp045_i15_2010_2025_2026_02_06,2026-02-06,2026-07-18T13:22:23.066990+00:00|2026-07-18T13:36:12.596560+00:00,118.53333333333336,134.13333333333333,3,3,True,True,0.7650892604137427,-12.120550338501857
DNK,2024Q2,eurostat_hicp_midx_cp00_i15_2026_02_06|eurostat_hicp_midx_cp045_i15_2010_2025_2026_02_06,2026-02-06,2026-07-18T13:22:23.066990+00:00|2026-07-18T13:36:12.596560+00:00,118.73333333333332,124.26666666666668,3,3,True,True,1.4525776132155777,3.786191536748351
DNK,2024Q3,eurostat_hicp_midx_cp00_i15_2026_02_06|eurostat_hicp_midx_cp045_i15_2010_2025_2026_02_06,2026-02-06,2026-07-18T13:22:23.066990+00:00|2026-07-18T13:36:12.596560+00:00,119.73333333333332,127.43333333333334,3,3,True,True,1.183098591549303,4.797149122807021
DNK,2024Q4,eurostat_hicp_midx_cp00_i15_2026_02_06|eurostat_hicp_midx_cp045_i15_2010_2025_2026_02_06,2026-02-06,2026-07-18T13:22:23.066990+00:00|2026-07-18T13:36:12.596560+00:00,119.53333333333336,135.76666666666668,3,3,True,True,1.6728097533314612,7.979851537645843
DNK,2025Q1,eurostat_hicp_midx_cp00_i15_2026_02_06|eurostat_hicp_midx_cp045_i15_2010_2025_2026_02_06,2026-02-06,2026-07-18T13:22:23.066990+00:00|2026-07-18T13:36:12.596560+00:00,120.46666666666664,136.0666666666667,3,3,True,True,1.6310461192350578,1.4413518886680077
DNK,2025Q2,eurostat_hicp_midx_cp00_i15_2026_02_06|eurostat_hicp_midx_cp045_i15_2010_2025_2026_02_06,2026-02-06,2026-07-18T13:22:23.066990+00:00|2026-07-18T13:36:12.596560+00:00,120.63333333333333,121.93333333333334,3,3,True,True,1.6002245929253256,-1.8776824034334894
DNK,2025Q3,eurostat_hicp_midx_cp00_i15_2026_02_06|eurostat_hicp_midx_cp045_i15_2010_2025_2026_02_06,2026-02-06,2026-07-18T13:22:23.066990+00:00|2026-07-18T13:36:12.596560+00:00,122.23333333333332,122.36666666666667,3,3,True,True,2.087973273942101,-3.9759351294794687
DNK,2025Q4,eurostat_hicp_midx_cp00_i15_2026_02_06|eurostat_hicp_midx_cp045_i15_2010_2025_2026_02_06,2026-02-06,2026-07-18T13:22:23.066990+00:00|2026-07-18T13:36:12.596560+00:00,121.93333333333334,128.29999999999998,3,3,True,True,2.0078081427774563,-5.499631721090125
ESP,2010Q1,eurostat_hicp_midx_cp00_i15_2010_2019_2026_02_06|eurostat_hicp_midx_cp045_i15_2010_2025_2026_02_06,2026-02-06,2026-07-18T13:36:09.327867+00:00|2026-07-18T13:36:12.596560+00:00,92.41,78.26,3,3,True,True,,
ESP,2010Q2,eurostat_hicp_midx_cp00_i15_2010_2019_2026_02_06|eurostat_hicp_midx_cp045_i15_2010_2025_2026_02_06,2026-02-06,2026-07-18T13:36:09.327867+00:00|2026-07-18T13:36:12.596560+00:00,94.51666666666664,79.98,3,3,True,True,,
ESP,2010Q3,eurostat_hicp_midx_cp00_i15_2010_2019_2026_02_06|eurostat_hicp_midx_cp045_i15_2010_2025_2026_02_06,2026-02-06,2026-07-18T13:36:09.327867+00:00|2026-07-18T13:36:12.596560+00:00,93.96666666666664,81.96666666666667,3,3,True,True,,
ESP,2010Q4,eurostat_hicp_midx_cp00_i15_2010_2019_2026_02_06|eurostat_hicp_midx_cp045_i15_2010_2025_2026_02_06,2026-02-06,2026-07-18T13:36:09.327867+00:00|2026-07-18T13:36:12.596560+00:00,95.40666666666668,85.05666666666667,3,3,True,True,,
ESP,2011Q1,eurostat_hicp_midx_cp00_i15_2010_2019_2026_02_06|eurostat_hicp_midx_cp045_i15_2010_2025_2026_02_06,2026-02-06,2026-07-18T13:36:09.327867+00:00|2026-07-18T13:36:12.596560+00:00,95.41,91.69666666666669,3,3,True,True,3.2464019045557846,17.169264843683465
ESP,2011Q2,eurostat_hicp_midx_cp00_i15_2010_2019_2026_02_06|eurostat_hicp_midx_cp045_i15_2010_2025_2026_02_06,2026-02-06,2026-07-18T13:36:09.327867+00:00|2026-07-18T13:36:12.596560+00:00,97.64,93.32333333333334,3,3,True,True,3.3045318286016867,16.68333750104192
ESP,2011Q3,eurostat_hicp_midx_cp00_i15_2010_2019_2026_02_06|eurostat_hicp_midx_cp045_i15_2010_2025_2026_02_06,2026-02-06,2026-07-18T13:36:09.327867+00:00|2026-07-18T13:36:12.596560+00:00,96.70333333333332,95.09666666666668,3,3,True,True,2.912380276693871,16.018706791378623
ESP,2011Q4,eurostat_hicp_midx_cp00_i15_2010_2019_2026_02_06|eurostat_hicp_midx_cp045_i15_2010_2025_2026_02_06,2026-02-06,2026-07-18T13:36:09.327867+00:00|2026-07-18T13:36:12.596560+00:00,98.02333333333333,96.18,3,3,True,True,2.742645517434128,13.077556139044555
ESP,2012Q1,eurostat_hicp_midx_cp00_i15_2010_2019_2026_02_06|eurostat_hicp_midx_cp045_i15_2010_2025_2026_02_06,2026-02-06,2026-07-18T13:36:09.327867+00:00|2026-07-18T13:36:12.596560+00:00,97.21,96.95333333333332,3,3,True,True,1.8865946965726854,5.732669308226357
ESP,2012Q2,eurostat_hicp_midx_cp00_i15_2010_2019_2026_02_06|eurostat_hicp_midx_cp045_i15_2010_2025_2026_02_06,2026-02-06,2026-07-18T13:36:09.327867+00:00|2026-07-18T13:36:12.596560+00:00,99.49,102.44333333333331,3,3,True,True,1.894715280622683,9.772475622388077
ESP,2012Q3,eurostat_hicp_midx_cp00_i15_2010_2019_2026_02_06|eurostat_hicp_midx_cp045_i15_2010_2025_2026_02_06,2026-02-06,2026-07-18T13:36:09.327867+00:00|2026-07-18T13:36:12.596560+00:00,99.39,106.99,3,3,True,True,2.778256523387701,12.506572259805782
ESP,2012Q4,eurostat_hicp_midx_cp00_i15_2010_2019_2026_02_06|eurostat_hicp_midx_cp045_i15_2010_2025_2026_02_06,2026-02-06,2026-07-18T13:36:09.327867+00:00|2026-07-18T13:36:12.596560+00:00,101.13333333333333,106.71999999999998,3,3,True,True,3.1727139796646986,10.958619255562475
ESP,2013Q1,eurostat_hicp_midx_cp00_i15_2010_2019_2026_02_06|eurostat_hicp_midx_cp045_i15_2010_2025_2026_02_06,2026-02-06,2026-07-18T13:36:09.327867+00:00|2026-07-18T13:36:12.596560+00:00,99.89666666666666,104.10666666666668,3,3,True,True,2.763776017556485,7.378120057759774
ESP,2013Q2,eurostat_hicp_midx_cp00_i15_2010_2019_2026_02_06|eurostat_hicp_midx_cp045_i15_2010_2025_2026_02_06,2026-02-06,2026-07-18T13:36:09.327867+00:00|2026-07-18T13:36:12.596560+00:00,101.33333333333331,100.15333333333332,3,3,True,True,1.8527825242067752,-2.2353821624963355
ESP,2013Q3,eurostat_hicp_midx_cp00_i15_2010_2019_2026_02_06|eurostat_hicp_midx_cp045_i15_2010_2025_2026_02_06,2026-02-06,2026-07-18T13:36:09.327867+00:00|2026-07-18T13:36:12.596560+00:00,100.71666666666664,102.55,3,3,True,True,1.3348090015762537,-4.149920553322739
ESP,2013Q4,eurostat_hicp_midx_cp00_i15_2010_2019_2026_02_06|eurostat_hicp_midx_cp045_i15_2010_2025_2026_02_06,2026-02-06,2026-07-18T13:36:09.327867+00:00|2026-07-18T13:36:12.596560+00:00,101.35333333333334,104.75666666666666,3,3,True,True,0.2175346077785134,-1.8397051474262738
ESP,2014Q1,eurostat_hicp_midx_cp00_i15_2010_2019_2026_02_06|eurostat_hicp_midx_cp045_i15_2010_2025_2026_02_06,2026-02-06,2026-07-18T13:36:09.327867+00:00|2026-07-18T13:36:12.596560+00:00,99.93,105.84666666666664,3,3,True,True,0.033367813407192415,1.671362704917989
ESP,2014Q2,eurostat_hicp_midx_cp00_i15_2010_2019_2026_02_06|eurostat_hicp_midx_cp045_i15_2010_2025_2026_02_06,2026-02-06,2026-07-18T13:36:09.327867+00:00|2026-07-18T13:36:12.596560+00:00,101.53333333333336,105.3,3,3,True,True,0.19736842105266827,5.138787192970784
ESP,2014Q3,eurostat_hicp_midx_cp00_i15_2010_2019_2026_02_06|eurostat_hicp_midx_cp045_i15_2010_2025_2026_02_06,2026-02-06,2026-07-18T13:36:09.327867+00:00|2026-07-18T13:36:12.596560+00:00,100.33,105.27666666666666,3,3,True,True,-0.383915273870572,2.6588655940191774
ESP,2014Q4,eurostat_hicp_midx_cp00_i15_2010_2019_2026_02_06|eurostat_hicp_midx_cp045_i15_2010_2025_2026_02_06,2026-02-06,2026-07-18T13:36:09.327867+00:00|2026-07-18T13:36:12.596560+00:00,100.74,104.87666666666668,3,3,True,True,-0.605143721633894,0.11455118210457194
ESP,2015Q1,eurostat_hicp_midx_cp00_i15_2010_2019_2026_02_06|eurostat_hicp_midx_cp045_i15_2010_2025_2026_02_06,2026-02-06,2026-07-18T13:36:09.327867+00:00|2026-07-18T13:36:12.596560+00:00,98.79,101.97,3,3,True,True,-1.1407985589912961,-3.6625307047930655
ESP,2015Q2,eurostat_hicp_midx_cp00_i15_2010_2019_2026_02_06|eurostat_hicp_midx_cp045_i15_2010_2025_2026_02_06,2026-02-06,2026-07-18T13:36:09.327867+00:00|2026-07-18T13:36:12.596560+00:00,101.18666666666668,100.97333333333331,3,3,True,True,-0.3414313854235185,-4.108895220006348
ESP,2015Q3,eurostat_hicp_midx_cp00_i15_2010_2019_2026_02_06|eurostat_hicp_midx_cp045_i15_2010_2025_2026_02_06,2026-02-06,2026-07-18T13:36:09.327867+00:00|2026-07-18T13:36:12.596560+00:00,99.76666666666668,99.94,3,3,True,True,-0.5614804478554003,-5.0691827882088365
ESP,2015Q4,eurostat_hicp_midx_cp00_i15_2010_2019_2026_02_06|eurostat_hicp_midx_cp045_i15_2010_2025_2026_02_06,2026-02-06,2026-07-18T13:36:09.327867+00:00|2026-07-18T13:36:12.596560+00:00,100.25666666666666,97.12,3,3,True,True,-0.47978293958044205,-7.395988939389131
ESP,2016Q1,eurostat_hicp_midx_cp00_i15_2010_2019_2026_02_06|eurostat_hicp_midx_cp045_i15_2010_2025_2026_02_06,2026-02-06,2026-07-18T13:36:09.327867+00:00|2026-07-18T13:36:12.596560+00:00,98.0,86.91666666666667,3,3,True,True,-0.7996760805749625,-14.76251184989048
ESP,2016Q2,eurostat_hicp_midx_cp00_i15_2010_2019_2026_02_06|eurostat_hicp_midx_cp045_i15_2010_2025_2026_02_06,2026-02-06,2026-07-18T13:36:09.327867+00:00|2026-07-18T13:36:12.596560+00:00,100.13666666666668,85.35000000000001,3,3,True,True,-1.0376861246541025,-15.472732074475083
ESP,2016Q3,eurostat_hicp_midx_cp00_i15_2010_2019_2026_02_06|eurostat_hicp_midx_cp045_i15_2010_2025_2026_02_06,2026-02-06,2026-07-18T13:36:09.327867+00:00|2026-07-18T13:36:12.596560+00:00,99.46333333333332,89.15333333333332,3,3,True,True,-0.30404276645508155,-10.793142552197999
ESP,2016Q4,eurostat_hicp_midx_cp00_i15_2010_2019_2026_02_06|eurostat_hicp_midx_cp045_i15_2010_2025_2026_02_06,2026-02-06,2026-07-18T13:36:09.327867+00:00|2026-07-18T13:36:12.596560+00:00,101.05333333333331,96.64666666666666,3,3,True,True,0.7946271237157854,-0.4873695771554165
ESP,2017Q1,eurostat_hicp_midx_cp00_i15_2010_2019_2026_02_06|eurostat_hicp_midx_cp045_i15_2010_2025_2026_02_06,2026-02-06,2026-07-18T13:36:09.327867+00:00|2026-07-18T13:36:12.596560+00:00,100.65,99.77333333333333,3,3,True,True,2.704081632653077,14.791946308724825
ESP,2017Q2,eurostat_hicp_midx_cp00_i15_2010_2019_2026_02_06|eurostat_hicp_midx_cp045_i15_2010_2025_2026_02_06,2026-02-06,2026-07-18T13:36:09.327867+00:00|2026-07-18T13:36:12.596560+00:00,102.19666666666666,95.42,3,3,True,True,2.057188509037622,11.798476859988272
ESP,2017Q3,eurostat_hicp_midx_cp00_i15_2010_2019_2026_02_06|eurostat_hicp_midx_cp045_i15_2010_2025_2026_02_06,2026-02-06,2026-07-18T13:36:09.327867+00:00|2026-07-18T13:36:12.596560+00:00,101.3,95.54666666666668,3,3,True,True,1.8465766279030849,7.171165781799171
ESP,2017Q4,eurostat_hicp_midx_cp00_i15_2010_2019_2026_02_06|eurostat_hicp_midx_cp045_i15_2010_2025_2026_02_06,2026-02-06,2026-07-18T13:36:09.327867+00:00|2026-07-18T13:36:12.596560+00:00,102.62333333333332,100.40666666666664,3,3,True,True,1.553635044201096,3.8904600951920942
ESP,2018Q1,eurostat_hicp_midx_cp00_i15_2010_2019_2026_02_06|eurostat_hicp_midx_cp045_i15_2010_2025_2026_02_06,2026-02-06,2026-07-18T13:36:09.327867+00:00|2026-07-18T13:36:12.596560+00:00,101.72666666666667,98.71,3,3,True,True,1.069713528729932,-1.065749031137242
ESP,2018Q2,eurostat_hicp_midx_cp00_i15_2010_2019_2026_02_06|eurostat_hicp_midx_cp045_i15_2010_2025_2026_02_06,2026-02-06,2026-07-18T13:36:09.327867+00:00|2026-07-18T13:36:12.596560+00:00,104.08,98.53333333333336,3,3,True,True,1.84285201735217,3.2627681129043795
ESP,2018Q3,eurostat_hicp_midx_cp00_i15_2010_2019_2026_02_06|eurostat_hicp_midx_cp045_i15_2010_2025_2026_02_06,2026-02-06,2026-07-18T13:36:09.327867+00:00|2026-07-18T13:36:12.596560+00:00,103.59333333333332,104.58333333333331,3,3,True,True,2.2639025995393025,9.45785654479483
ESP,2018Q4,eurostat_hicp_midx_cp00_i15_2010_2019_2026_02_06|eurostat_hicp_midx_cp045_i15_2010_2025_2026_02_06,2026-02-06,2026-07-18T13:36:09.327867+00:00|2026-07-18T13:36:12.596560+00:00,104.43,106.21333333333332,3,3,True,True,1.7604833208822113,5.783148529314142
ESP,2019Q1,eurostat_hicp_midx_cp00_i15_2010_2019_2026_02_06|eurostat_hicp_midx_cp045_i15_2010_2025_2026_02_06,2026-02-06,2026-07-18T13:36:09.327867+00:00|2026-07-18T13:36:12.596560+00:00,102.87666666666668,101.55333333333331,3,3,True,True,1.1304803722393286,2.880491675953123
ESP,2019Q2,eurostat_hicp_midx_cp00_i15_2010_2019_2026_02_06|eurostat_hicp_midx_cp045_i15_2010_2025_2026_02_06,2026-02-06,2026-07-18T13:36:09.327867+00:00|2026-07-18T13:36:12.596560+00:00,105.18333333333334,97.16333333333334,3,3,True,True,1.0600819882141899,-1.390392422192166
ESP,2019Q3,eurostat_hicp_midx_cp00_i15_2010_2019_2026_02_06|eurostat_hicp_midx_cp045_i15_2010_2025_2026_02_06,2026-02-06,2026-07-18T13:36:09.327867+00:00|2026-07-18T13:36:12.596560+00:00,104.04333333333334,94.98,3,3,True,True,0.4343908874445024,-9.182470119521891
ESP,2019Q4,eurostat_hicp_midx_cp00_i15_2010_2019_2026_02_06|eurostat_hicp_midx_cp045_i15_2010_2025_2026_02_06,2026-02-06,2026-07-18T13:36:09.327867+00:00|2026-07-18T13:36:12.596560+00:00,104.95333333333332,94.07,3,3,True,True,0.5011331354336068,-11.432965101682147
ESP,2020Q1,eurostat_hicp_midx_cp00_i15_2026_02_06|eurostat_hicp_midx_cp045_i15_2010_2025_2026_02_06,2026-02-06,2026-07-18T13:22:23.066990+00:00|2026-07-18T13:36:12.596560+00:00,103.58666666666666,90.49333333333334,3,3,True,True,0.6901467776949444,-10.890829120987311
ESP,2020Q2,eurostat_hicp_midx_cp00_i15_2026_02_06|eurostat_hicp_midx_cp045_i15_2010_2025_2026_02_06,2026-02-06,2026-07-18T13:22:23.066990+00:00|2026-07-18T13:36:12.596560+00:00,104.54333333333334,83.31,3,3,True,True,-0.6084614165742352,-14.257778997564241
ESP,2020Q3,eurostat_hicp_midx_cp00_i15_2026_02_06|eurostat_hicp_midx_cp045_i15_2010_2025_2026_02_06,2026-02-06,2026-07-18T13:22:23.066990+00:00|2026-07-18T13:36:12.596560+00:00,103.38333333333333,87.66333333333334,3,3,True,True,-0.6343510716688705,-7.703376149364772
ESP,2020Q4,eurostat_hicp_midx_cp00_i15_2026_02_06|eurostat_hicp_midx_cp045_i15_2010_2025_2026_02_06,2026-02-06,2026-07-18T13:22:23.066990+00:00|2026-07-18T13:36:12.596560+00:00,104.13666666666668,88.56,3,3,True,True,-0.7781236104935196,-5.857340278515988
ESP,2021Q1,eurostat_hicp_midx_cp00_i15_2026_02_06|eurostat_hicp_midx_cp045_i15_2010_2025_2026_02_06,2026-02-06,2026-07-18T13:22:23.066990+00:00|2026-07-18T13:36:12.596560+00:00,104.12,94.18333333333334,3,3,True,True,0.5148667782211458,4.077648445557691
ESP,2021Q2,eurostat_hicp_midx_cp00_i15_2026_02_06|eurostat_hicp_midx_cp045_i15_2010_2025_2026_02_06,2026-02-06,2026-07-18T13:22:23.066990+00:00|2026-07-18T13:36:12.596560+00:00,106.93333333333334,104.46333333333332,3,3,True,True,2.2861333418359164,25.391109510662968
ESP,2021Q3,eurostat_hicp_midx_cp00_i15_2026_02_06|eurostat_hicp_midx_cp045_i15_2010_2025_2026_02_06,2026-02-06,2026-07-18T13:22:23.066990+00:00|2026-07-18T13:36:12.596560+00:00,106.90000000000002,112.17333333333332,3,3,True,True,3.4015798807029096,27.959237993840034
ESP,2021Q4,eurostat_hicp_midx_cp00_i15_2026_02_06|eurostat_hicp_midx_cp045_i15_2010_2025_2026_02_06,2026-02-06,2026-07-18T13:22:23.066990+00:00|2026-07-18T13:36:12.596560+00:00,110.2,131.18666666666667,3,3,True,True,5.822476873339499,48.13309244203552
ESP,2022Q1,eurostat_hicp_midx_cp00_i15_2026_02_06|eurostat_hicp_midx_cp045_i15_2010_2025_2026_02_06,2026-02-06,2026-07-18T13:22:23.066990+00:00|2026-07-18T13:36:12.596560+00:00,112.30666666666669,150.31333333333333,3,3,True,True,7.862722499679875,59.59653158732967
ESP,2022Q2,eurostat_hicp_midx_cp00_i15_2026_02_06|eurostat_hicp_midx_cp045_i15_2010_2025_2026_02_06,2026-02-06,2026-07-18T13:22:23.066990+00:00|2026-07-18T13:36:12.596560+00:00,116.48666666666666,145.07666666666668,3,3,True,True,8.933915211970067,38.87807524171163
ESP,2022Q3,eurostat_hicp_midx_cp00_i15_2026_02_06|eurostat_hicp_midx_cp045_i15_2010_2025_2026_02_06,2026-02-06,2026-07-18T13:22:23.066990+00:00|2026-07-18T13:36:12.596560+00:00,117.64333333333332,161.25333333333333,3,3,True,True,10.049890863735534,43.75371448948058
ESP,2022Q4,eurostat_hicp_midx_cp00_i15_2026_02_06|eurostat_hicp_midx_cp045_i15_2010_2025_2026_02_06,2026-02-06,2026-07-18T13:22:23.066990+00:00|2026-07-18T13:36:12.596560+00:00,117.35,123.96999999999998,3,3,True,True,6.488203266787651,-5.501067181624164
ESP,2023Q1,eurostat_hicp_midx_cp00_i15_2026_02_06|eurostat_hicp_midx_cp045_i15_2010_2025_2026_02_06,2026-02-06,2026-07-18T13:22:23.066990+00:00|2026-07-18T13:36:12.596560+00:00,117.86666666666667,111.53,3,3,True,True,4.950730143654258,-25.8016587572626
ESP,2023Q2,eurostat_hicp_midx_cp00_i15_2026_02_06|eurostat_hicp_midx_cp045_i15_2010_2025_2026_02_06,2026-02-06,2026-07-18T13:22:23.066990+00:00|2026-07-18T13:36:12.596560+00:00,119.72666666666667,104.19666666666666,3,3,True,True,2.7814342127854497,-28.178204627438376
ESP,2023Q3,eurostat_hicp_midx_cp00_i15_2026_02_06|eurostat_hicp_midx_cp045_i15_2010_2025_2026_02_06,2026-02-06,2026-07-18T13:22:23.066990+00:00|2026-07-18T13:36:12.596560+00:00,120.69666666666669,104.93333333333334,3,3,True,True,2.5954155214915398,-34.92640978997849
ESP,2023Q4,eurostat_hicp_midx_cp00_i15_2026_02_06|eurostat_hicp_midx_cp045_i15_2010_2025_2026_02_06,2026-02-06,2026-07-18T13:22:23.066990+00:00|2026-07-18T13:36:12.596560+00:00,121.26666666666668,100.56666666666666,3,3,True,True,3.3375940917483415,-18.878223226049307
ESP,2024Q1,eurostat_hicp_midx_cp00_i15_2026_02_06|eurostat_hicp_midx_cp045_i15_2010_2025_2026_02_06,2026-02-06,2026-07-18T13:22:23.066990+00:00|2026-07-18T13:36:12.596560+00:00,121.68,107.16,3,3,True,True,3.2352941176470473,-3.918228279386715
ESP,2024Q2,eurostat_hicp_midx_cp00_i15_2026_02_06|eurostat_hicp_midx_cp045_i15_2010_2025_2026_02_06,2026-02-06,2026-07-18T13:22:23.066990+00:00|2026-07-18T13:36:12.596560+00:00,124.02,112.10666666666668,3,3,True,True,3.5859457653544036,7.591413672862246
ESP,2024Q3,eurostat_hicp_midx_cp00_i15_2026_02_06|eurostat_hicp_midx_cp045_i15_2010_2025_2026_02_06,2026-02-06,2026-07-18T13:22:23.066990+00:00|2026-07-18T13:36:12.596560+00:00,123.49,108.97,3,3,True,True,2.314341738241854,3.846886912325287
ESP,2024Q4,eurostat_hicp_midx_cp00_i15_2026_02_06|eurostat_hicp_midx_cp045_i15_2010_2025_2026_02_06,2026-02-06,2026-07-18T13:22:23.066990+00:00|2026-07-18T13:36:12.596560+00:00,124.11666666666667,112.39666666666666,3,3,True,True,2.350192413413965,11.763341067285381
ESP,2025Q1,eurostat_hicp_midx_cp00_i15_2026_02_06|eurostat_hicp_midx_cp045_i15_2010_2025_2026_02_06,2026-02-06,2026-07-18T13:22:23.066990+00:00|2026-07-18T13:36:12.596560+00:00,124.92333333333332,123.64333333333332,3,3,True,True,2.6654613193074495,15.381983327112092
ESP,2025Q2,eurostat_hicp_midx_cp00_i15_2026_02_06|eurostat_hicp_midx_cp045_i15_2010_2025_2026_02_06,2026-02-06,2026-07-18T13:22:23.066990+00:00|2026-07-18T13:36:12.596560+00:00,126.70333333333332,118.58333333333331,3,3,True,True,2.1636295221200808,5.777235965746885
ESP,2025Q3,eurostat_hicp_midx_cp00_i15_2026_02_06|eurostat_hicp_midx_cp045_i15_2010_2025_2026_02_06,2026-02-06,2026-07-18T13:22:23.066990+00:00|2026-07-18T13:36:12.596560+00:00,126.96333333333332,121.73,3,3,True,True,2.812643398925685,11.709644856382507
ESP,2025Q4,eurostat_hicp_midx_cp00_i15_2026_02_06|eurostat_hicp_midx_cp045_i15_2010_2025_2026_02_06,2026-02-06,2026-07-18T13:22:23.066990+00:00|2026-07-18T13:36:12.596560+00:00,128.0,123.89666666666666,3,3,True,True,3.128776688599433,10.231620154808851
EST,2010Q1,eurostat_hicp_midx_cp00_i15_2010_2019_2026_02_06|eurostat_hicp_midx_cp045_i15_2010_2025_2026_02_06,2026-02-06,2026-07-18T13:36:09.327867+00:00|2026-07-18T13:36:12.596560+00:00,86.15000000000002,79.81,3,3,True,True,,
EST,2010Q2,eurostat_hicp_midx_cp00_i15_2010_2019_2026_02_06|eurostat_hicp_midx_cp045_i15_2010_2025_2026_02_06,2026-02-06,2026-07-18T13:36:09.327867+00:00|2026-07-18T13:36:12.596560+00:00,87.65333333333335,82.52,3,3,True,True,,
EST,2010Q3,eurostat_hicp_midx_cp00_i15_2010_2019_2026_02_06|eurostat_hicp_midx_cp045_i15_2010_2025_2026_02_06,2026-02-06,2026-07-18T13:36:09.327867+00:00|2026-07-18T13:36:12.596560+00:00,88.39,83.92333333333333,3,3,True,True,,
EST,2010Q4,eurostat_hicp_midx_cp00_i15_2010_2019_2026_02_06|eurostat_hicp_midx_cp045_i15_2010_2025_2026_02_06,2026-02-06,2026-07-18T13:36:09.327867+00:00|2026-07-18T13:36:12.596560+00:00,89.66000000000001,84.95,3,3,True,True,,
EST,2011Q1,eurostat_hicp_midx_cp00_i15_2010_2019_2026_02_06|eurostat_hicp_midx_cp045_i15_2010_2025_2026_02_06,2026-02-06,2026-07-18T13:36:09.327867+00:00|2026-07-18T13:36:12.596560+00:00,90.66666666666669,84.12333333333333,3,3,True,True,5.242793577094207,5.404502359771124
EST,2011Q2,eurostat_hicp_midx_cp00_i15_2010_2019_2026_02_06|eurostat_hicp_midx_cp045_i15_2010_2025_2026_02_06,2026-02-06,2026-07-18T13:36:09.327867+00:00|2026-07-18T13:36:12.596560+00:00,92.28333333333336,85.59333333333332,3,3,True,True,5.2821721934895205,3.72434965260946
EST,2011Q3,eurostat_hicp_midx_cp00_i15_2010_2019_2026_02_06|eurostat_hicp_midx_cp045_i15_2010_2025_2026_02_06,2026-02-06,2026-07-18T13:36:09.327867+00:00|2026-07-18T13:36:12.596560+00:00,93.16666666666669,90.13333333333333,3,3,True,True,5.404080401252043,7.399610755848585
EST,2011Q4,eurostat_hicp_midx_cp00_i15_2010_2019_2026_02_06|eurostat_hicp_midx_cp045_i15_2010_2025_2026_02_06,2026-02-06,2026-07-18T13:36:09.327867+00:00|2026-07-18T13:36:12.596560+00:00,93.61,92.67666666666666,3,3,True,True,4.405532009814839,9.095546399843046
EST,2012Q1,eurostat_hicp_midx_cp00_i15_2010_2019_2026_02_06|eurostat_hicp_midx_cp045_i15_2010_2025_2026_02_06,2026-02-06,2026-07-18T13:36:09.327867+00:00|2026-07-18T13:36:12.596560+00:00,94.83666666666666,96.11666666666667,3,3,True,True,4.599264705882322,14.25684510837264
EST,2012Q2,eurostat_hicp_midx_cp00_i15_2010_2019_2026_02_06|eurostat_hicp_midx_cp045_i15_2010_2025_2026_02_06,2026-02-06,2026-07-18T13:36:09.327867+00:00|2026-07-18T13:36:12.596560+00:00,96.21999999999998,96.55,3,3,True,True,4.2658479320931475,12.800841187008348
EST,2012Q3,eurostat_hicp_midx_cp00_i15_2010_2019_2026_02_06|eurostat_hicp_midx_cp045_i15_2010_2025_2026_02_06,2026-02-06,2026-07-18T13:36:09.327867+00:00|2026-07-18T13:36:12.596560+00:00,97.01666666666668,99.61333333333334,3,3,True,True,4.132379248658302,10.517751479289972
EST,2012Q4,eurostat_hicp_midx_cp00_i15_2010_2019_2026_02_06|eurostat_hicp_midx_cp045_i15_2010_2025_2026_02_06,2026-02-06,2026-07-18T13:36:09.327867+00:00|2026-07-18T13:36:12.596560+00:00,97.25333333333332,100.42,3,3,True,True,3.8920343268169066,8.355213466172717
EST,2013Q1,eurostat_hicp_midx_cp00_i15_2010_2019_2026_02_06|eurostat_hicp_midx_cp045_i15_2010_2025_2026_02_06,2026-02-06,2026-07-18T13:36:09.327867+00:00|2026-07-18T13:36:12.596560+00:00,98.47666666666667,108.55,3,3,True,True,3.8381779199325283,12.935668458470605
EST,2013Q2,eurostat_hicp_midx_cp00_i15_2010_2019_2026_02_06|eurostat_hicp_midx_cp045_i15_2010_2025_2026_02_06,2026-02-06,2026-07-18T13:36:09.327867+00:00|2026-07-18T13:36:12.596560+00:00,99.78000000000002,108.94333333333331,3,3,True,True,3.6998545001039718,12.8361815984809
EST,2013Q3,eurostat_hicp_midx_cp00_i15_2010_2019_2026_02_06|eurostat_hicp_midx_cp045_i15_2010_2025_2026_02_06,2026-02-06,2026-07-18T13:36:09.327867+00:00|2026-07-18T13:36:12.596560+00:00,100.28333333333336,109.43,3,3,True,True,3.367119051709344,9.854771784232351
EST,2013Q4,eurostat_hicp_midx_cp00_i15_2010_2019_2026_02_06|eurostat_hicp_midx_cp045_i15_2010_2025_2026_02_06,2026-02-06,2026-07-18T13:36:09.327867+00:00|2026-07-18T13:36:12.596560+00:00,99.29666666666668,107.53,3,3,True,True,2.101041952289595,7.080262895837475
EST,2014Q1,eurostat_hicp_midx_cp00_i15_2010_2019_2026_02_06|eurostat_hicp_midx_cp045_i15_2010_2025_2026_02_06,2026-02-06,2026-07-18T13:36:09.327867+00:00|2026-07-18T13:36:12.596560+00:00,99.59,104.54,3,3,True,True,1.1305554615306468,-3.6941501612160255
EST,2014Q2,eurostat_hicp_midx_cp00_i15_2010_2019_2026_02_06|eurostat_hicp_midx_cp045_i15_2010_2025_2026_02_06,2026-02-06,2026-07-18T13:36:09.327867+00:00|2026-07-18T13:36:12.596560+00:00,100.37666666666668,103.17333333333332,3,3,True,True,0.5979822275673063,-5.296331426123668
EST,2014Q3,eurostat_hicp_midx_cp00_i15_2010_2019_2026_02_06|eurostat_hicp_midx_cp045_i15_2010_2025_2026_02_06,2026-02-06,2026-07-18T13:36:09.327867+00:00|2026-07-18T13:36:12.596560+00:00,100.28666666666668,104.56666666666666,3,3,True,True,0.003323915572517322,-4.444241371957725
EST,2014Q4,eurostat_hicp_midx_cp00_i15_2010_2019_2026_02_06|eurostat_hicp_midx_cp045_i15_2010_2025_2026_02_06,2026-02-06,2026-07-18T13:36:09.327867+00:00|2026-07-18T13:36:12.596560+00:00,99.47666666666667,104.33333333333331,3,3,True,True,0.18127496726978443,-2.9728137884001526
EST,2015Q1,eurostat_hicp_midx_cp00_i15_2010_2019_2026_02_06|eurostat_hicp_midx_cp045_i15_2010_2025_2026_02_06,2026-02-06,2026-07-18T13:36:09.327867+00:00|2026-07-18T13:36:12.596560+00:00,99.34333333333332,102.41,3,3,True,True,-0.24768216353718842,-2.037497608570893
EST,2015Q2,eurostat_hicp_midx_cp00_i15_2010_2019_2026_02_06|eurostat_hicp_midx_cp045_i15_2010_2025_2026_02_06,2026-02-06,2026-07-18T13:36:09.327867+00:00|2026-07-18T13:36:12.596560+00:00,100.78666666666668,100.63333333333333,3,3,True,True,0.4084614618271143,-2.4618764538640425
EST,2015Q3,eurostat_hicp_midx_cp00_i15_2010_2019_2026_02_06|eurostat_hicp_midx_cp045_i15_2010_2025_2026_02_06,2026-02-06,2026-07-18T13:36:09.327867+00:00|2026-07-18T13:36:12.596560+00:00,100.28,99.41,3,3,True,True,-0.00664761018415172,-4.931463181383489
EST,2015Q4,eurostat_hicp_midx_cp00_i15_2010_2019_2026_02_06|eurostat_hicp_midx_cp045_i15_2010_2025_2026_02_06,2026-02-06,2026-07-18T13:36:09.327867+00:00|2026-07-18T13:36:12.596560+00:00,99.59,97.54666666666668,3,3,True,True,0.1139295647220484,-6.504792332268339
EST,2016Q1,eurostat_hicp_midx_cp00_i15_2010_2019_2026_02_06|eurostat_hicp_midx_cp045_i15_2010_2025_2026_02_06,2026-02-06,2026-07-18T13:36:09.327867+00:00|2026-07-18T13:36:12.596560+00:00,99.63666666666666,96.39333333333332,3,3,True,True,0.29527228802470606,-5.875077303648746
EST,2016Q2,eurostat_hicp_midx_cp00_i15_2010_2019_2026_02_06|eurostat_hicp_midx_cp045_i15_2010_2025_2026_02_06,2026-02-06,2026-07-18T13:36:09.327867+00:00|2026-07-18T13:36:12.596560+00:00,100.91333333333334,95.12666666666668,3,3,True,True,0.1256779997354185,-5.472010599536247
EST,2016Q3,eurostat_hicp_midx_cp00_i15_2010_2019_2026_02_06|eurostat_hicp_midx_cp045_i15_2010_2025_2026_02_06,2026-02-06,2026-07-18T13:36:09.327867+00:00|2026-07-18T13:36:12.596560+00:00,101.48666666666666,94.73666666666668,3,3,True,True,1.2032974338518798,-4.701069644234302
EST,2016Q4,eurostat_hicp_midx_cp00_i15_2010_2019_2026_02_06|eurostat_hicp_midx_cp045_i15_2010_2025_2026_02_06,2026-02-06,2026-07-18T13:36:09.327867+00:00|2026-07-18T13:36:12.596560+00:00,101.16333333333334,96.63666666666668,3,3,True,True,1.5798105566154685,-0.9328868234007581
EST,2017Q1,eurostat_hicp_midx_cp00_i15_2010_2019_2026_02_06|eurostat_hicp_midx_cp045_i15_2010_2025_2026_02_06,2026-02-06,2026-07-18T13:36:09.327867+00:00|2026-07-18T13:36:12.596560+00:00,102.71666666666664,96.28000000000002,3,3,True,True,3.091231474356815,-0.11757382944875827
EST,2017Q2,eurostat_hicp_midx_cp00_i15_2010_2019_2026_02_06|eurostat_hicp_midx_cp045_i15_2010_2025_2026_02_06,2026-02-06,2026-07-18T13:36:09.327867+00:00|2026-07-18T13:36:12.596560+00:00,104.34,95.50333333333332,3,3,True,True,3.395653035608115,0.39596327703410594
EST,2017Q3,eurostat_hicp_midx_cp00_i15_2010_2019_2026_02_06|eurostat_hicp_midx_cp045_i15_2010_2025_2026_02_06,2026-02-06,2026-07-18T13:36:09.327867+00:00|2026-07-18T13:36:12.596560+00:00,105.57333333333334,97.58333333333331,3,3,True,True,4.0268015502857635,3.0048203792969685
EST,2017Q4,eurostat_hicp_midx_cp00_i15_2010_2019_2026_02_06|eurostat_hicp_midx_cp045_i15_2010_2025_2026_02_06,2026-02-06,2026-07-18T13:36:09.327867+00:00|2026-07-18T13:36:12.596560+00:00,105.29,96.43666666666668,3,3,True,True,4.079211835645324,-0.20696078093201953
EST,2018Q1,eurostat_hicp_midx_cp00_i15_2010_2019_2026_02_06|eurostat_hicp_midx_cp045_i15_2010_2025_2026_02_06,2026-02-06,2026-07-18T13:36:09.327867+00:00|2026-07-18T13:36:12.596560+00:00,106.03000000000002,99.9,3,3,True,True,3.225701768619227,3.7598670544245927
EST,2018Q2,eurostat_hicp_midx_cp00_i15_2010_2019_2026_02_06|eurostat_hicp_midx_cp045_i15_2010_2025_2026_02_06,2026-02-06,2026-07-18T13:36:09.327867+00:00|2026-07-18T13:36:12.596560+00:00,107.76666666666668,100.45333333333332,3,3,True,True,3.284135199028815,5.183065163519607
EST,2018Q3,eurostat_hicp_midx_cp00_i15_2010_2019_2026_02_06|eurostat_hicp_midx_cp045_i15_2010_2025_2026_02_06,2026-02-06,2026-07-18T13:36:09.327867+00:00|2026-07-18T13:36:12.596560+00:00,109.22666666666667,106.62666666666668,3,3,True,True,3.460469815610012,9.267292912041025
EST,2018Q4,eurostat_hicp_midx_cp00_i15_2010_2019_2026_02_06|eurostat_hicp_midx_cp045_i15_2010_2025_2026_02_06,2026-02-06,2026-07-18T13:36:09.327867+00:00|2026-07-18T13:36:12.596560+00:00,109.15666666666668,108.11,3,3,True,True,3.6723968721309452,12.104662818430034
EST,2019Q1,eurostat_hicp_midx_cp00_i15_2010_2019_2026_02_06|eurostat_hicp_midx_cp045_i15_2010_2025_2026_02_06,2026-02-06,2026-07-18T13:36:09.327867+00:00|2026-07-18T13:36:12.596560+00:00,108.46333333333332,107.71666666666664,3,3,True,True,2.2949479707000897,7.824491157824465
EST,2019Q2,eurostat_hicp_midx_cp00_i15_2010_2019_2026_02_06|eurostat_hicp_midx_cp045_i15_2010_2025_2026_02_06,2026-02-06,2026-07-18T13:36:09.327867+00:00|2026-07-18T13:36:12.596560+00:00,110.96666666666664,105.56333333333332,3,3,True,True,2.9693782864212537,5.086939208919561
EST,2019Q3,eurostat_hicp_midx_cp00_i15_2010_2019_2026_02_06|eurostat_hicp_midx_cp045_i15_2010_2025_2026_02_06,2026-02-06,2026-07-18T13:36:09.327867+00:00|2026-07-18T13:36:12.596560+00:00,111.55666666666669,106.49666666666668,3,3,True,True,2.133178710937522,-0.1219207202700967
EST,2019Q4,eurostat_hicp_midx_cp00_i15_2010_2019_2026_02_06|eurostat_hicp_midx_cp045_i15_2010_2025_2026_02_06,2026-02-06,2026-07-18T13:36:09.327867+00:00|2026-07-18T13:36:12.596560+00:00,110.99666666666668,105.18666666666668,3,3,True,True,1.6856505939475408,-2.7040360127030927
EST,2020Q1,eurostat_hicp_midx_cp00_i15_2026_02_06|eurostat_hicp_midx_cp045_i15_2010_2025_2026_02_06,2026-02-06,2026-07-18T13:22:23.066990+00:00|2026-07-18T13:36:12.596560+00:00,110.13,100.63333333333333,3,3,True,True,1.536617597344736,-6.575893547887956
EST,2020Q2,eurostat_hicp_midx_cp00_i15_2026_02_06|eurostat_hicp_midx_cp045_i15_2010_2025_2026_02_06,2026-02-06,2026-07-18T13:22:23.066990+00:00|2026-07-18T13:36:12.596560+00:00,109.36666666666667,98.45666666666666,3,3,True,True,-1.441874436767765,-6.7321355268559095
EST,2020Q3,eurostat_hicp_midx_cp00_i15_2026_02_06|eurostat_hicp_midx_cp045_i15_2010_2025_2026_02_06,2026-02-06,2026-07-18T13:22:23.066990+00:00|2026-07-18T13:36:12.596560+00:00,110.09666666666664,101.09333333333332,3,3,True,True,-1.3087519048615492,-5.073711227268484
EST,2020Q4,eurostat_hicp_midx_cp00_i15_2026_02_06|eurostat_hicp_midx_cp045_i15_2010_2025_2026_02_06,2026-02-06,2026-07-18T13:22:23.066990+00:00|2026-07-18T13:36:12.596560+00:00,109.58666666666666,103.26,3,3,True,True,-1.2703084176702184,-1.8316643427557455
EST,2021Q1,eurostat_hicp_midx_cp00_i15_2026_02_06|eurostat_hicp_midx_cp045_i15_2010_2025_2026_02_06,2026-02-06,2026-07-18T13:22:23.066990+00:00|2026-07-18T13:36:12.596560+00:00,110.75,107.31,3,3,True,True,0.5629710342322847,6.634647234183522
EST,2021Q2,eurostat_hicp_midx_cp00_i15_2026_02_06|eurostat_hicp_midx_cp045_i15_2010_2025_2026_02_06,2026-02-06,2026-07-18T13:22:23.066990+00:00|2026-07-18T13:36:12.596560+00:00,112.48,108.24333333333334,3,3,True,True,2.846693081377616,9.940075159968863
EST,2021Q3,eurostat_hicp_midx_cp00_i15_2026_02_06|eurostat_hicp_midx_cp045_i15_2010_2025_2026_02_06,2026-02-06,2026-07-18T13:22:23.066990+00:00|2026-07-18T13:36:12.596560+00:00,116.06,126.62666666666668,3,3,True,True,5.4164522086651345,25.25718807702455
EST,2021Q4,eurostat_hicp_midx_cp00_i15_2026_02_06|eurostat_hicp_midx_cp045_i15_2010_2025_2026_02_06,2026-02-06,2026-07-18T13:22:23.066990+00:00|2026-07-18T13:36:12.596560+00:00,119.59666666666664,150.39333333333337,3,3,True,True,9.134322910329695,45.64529666214736
EST,2022Q1,eurostat_hicp_midx_cp00_i15_2026_02_06|eurostat_hicp_midx_cp045_i15_2010_2025_2026_02_06,2026-02-06,2026-07-18T13:22:23.066990+00:00|2026-07-18T13:36:12.596560+00:00,124.57333333333334,159.23666666666668,3,3,True,True,12.481565086531221,48.38940142266954
EST,2022Q2,eurostat_hicp_midx_cp00_i15_2026_02_06|eurostat_hicp_midx_cp045_i15_2010_2025_2026_02_06,2026-02-06,2026-07-18T13:22:23.066990+00:00|2026-07-18T13:36:12.596560+00:00,135.46666666666667,225.84666666666664,3,3,True,True,20.43622569938359,108.64718381424564
EST,2022Q3,eurostat_hicp_midx_cp00_i15_2026_02_06|eurostat_hicp_midx_cp045_i15_2010_2025_2026_02_06,2026-02-06,2026-07-18T13:22:23.066990+00:00|2026-07-18T13:36:12.596560+00:00,144.08,281.13,3,3,True,True,24.142684818197502,122.01484679372432
EST,2022Q4,eurostat_hicp_midx_cp00_i15_2026_02_06|eurostat_hicp_midx_cp045_i15_2010_2025_2026_02_06,2026-02-06,2026-07-18T13:22:23.066990+00:00|2026-07-18T13:36:12.596560+00:00,144.00666666666666,232.44333333333336,3,3,True,True,20.410267844700257,54.556939580655154
EST,2023Q1,eurostat_hicp_midx_cp00_i15_2026_02_06|eurostat_hicp_midx_cp045_i15_2010_2025_2026_02_06,2026-02-06,2026-07-18T13:22:23.066990+00:00|2026-07-18T13:36:12.596560+00:00,146.16666666666666,229.64666666666668,3,3,True,True,17.333832816011974,44.21720290552847
EST,2023Q2,eurostat_hicp_midx_cp00_i15_2026_02_06|eurostat_hicp_midx_cp045_i15_2010_2025_2026_02_06,2026-02-06,2026-07-18T13:22:23.066990+00:00|2026-07-18T13:36:12.596560+00:00,150.47333333333333,255.00666666666663,3,3,True,True,11.077755905511811,12.911414824217026
EST,2023Q3,eurostat_hicp_midx_cp00_i15_2026_02_06|eurostat_hicp_midx_cp045_i15_2010_2025_2026_02_06,2026-02-06,2026-07-18T13:22:23.066990+00:00|2026-07-18T13:36:12.596560+00:00,150.99333333333334,246.11666666666667,3,3,True,True,4.798260225800477,-12.45449910480323
EST,2023Q4,eurostat_hicp_midx_cp00_i15_2026_02_06|eurostat_hicp_midx_cp045_i15_2010_2025_2026_02_06,2026-02-06,2026-07-18T13:22:23.066990+00:00|2026-07-18T13:36:12.596560+00:00,150.46,247.06000000000003,3,3,True,True,4.481274015091907,6.288270976438715
EST,2024Q1,eurostat_hicp_midx_cp00_i15_2026_02_06|eurostat_hicp_midx_cp045_i15_2010_2025_2026_02_06,2026-02-06,2026-07-18T13:22:23.066990+00:00|2026-07-18T13:36:12.596560+00:00,152.69666666666666,242.58333333333337,3,3,True,True,4.467502850627136,5.6332917235172975
EST,2024Q2,eurostat_hicp_midx_cp00_i15_2026_02_06|eurostat_hicp_midx_cp045_i15_2010_2025_2026_02_06,2026-02-06,2026-07-18T13:22:23.066990+00:00|2026-07-18T13:36:12.596560+00:00,155.0,232.43,3,3,True,True,3.0082849674361034,-8.853363310763108
EST,2024Q3,eurostat_hicp_midx_cp00_i15_2026_02_06|eurostat_hicp_midx_cp045_i15_2010_2025_2026_02_06,2026-02-06,2026-07-18T13:22:23.066990+00:00|2026-07-18T13:36:12.596560+00:00,156.05999999999997,238.4766666666667,3,3,True,True,3.355556536712423,-3.104218866391273
EST,2024Q4,eurostat_hicp_midx_cp00_i15_2026_02_06|eurostat_hicp_midx_cp045_i15_2010_2025_2026_02_06,2026-02-06,2026-07-18T13:22:23.066990+00:00|2026-07-18T13:36:12.596560+00:00,156.64,237.49666666666667,3,3,True,True,4.107403961185674,-3.870854583232153
EST,2025Q1,eurostat_hicp_midx_cp00_i15_2026_02_06|eurostat_hicp_midx_cp045_i15_2010_2025_2026_02_06,2026-02-06,2026-07-18T13:22:23.066990+00:00|2026-07-18T13:36:12.596560+00:00,159.39333333333332,245.79666666666665,3,3,True,True,4.385601082756652,1.324630711095831
EST,2025Q2,eurostat_hicp_midx_cp00_i15_2026_02_06|eurostat_hicp_midx_cp045_i15_2010_2025_2026_02_06,2026-02-06,2026-07-18T13:22:23.066990+00:00|2026-07-18T13:36:12.596560+00:00,162.36666666666667,227.22,3,3,True,True,4.752688172043018,-2.2415350858323024
EST,2025Q3,eurostat_hicp_midx_cp00_i15_2026_02_06|eurostat_hicp_midx_cp045_i15_2010_2025_2026_02_06,2026-02-06,2026-07-18T13:22:23.066990+00:00|2026-07-18T13:36:12.596560+00:00,164.93,230.80999999999997,3,3,True,True,5.6837113930539696,-3.2148498106034373
EST,2025Q4,eurostat_hicp_midx_cp00_i15_2026_02_06|eurostat_hicp_midx_cp045_i15_2010_2025_2026_02_06,2026-02-06,2026-07-18T13:22:23.066990+00:00|2026-07-18T13:36:12.596560+00:00,163.6,236.64666666666668,3,3,True,True,4.443309499489279,-0.35789975999662715
FIN,2010Q1,eurostat_hicp_midx_cp00_i15_2010_2019_2026_02_06|eurostat_hicp_midx_cp045_i15_2010_2025_2026_02_06,2026-02-06,2026-07-18T13:36:09.327867+00:00|2026-07-18T13:36:12.596560+00:00,90.11,81.45666666666666,3,3,True,True,,
FIN,2010Q2,eurostat_hicp_midx_cp00_i15_2010_2019_2026_02_06|eurostat_hicp_midx_cp045_i15_2010_2025_2026_02_06,2026-02-06,2026-07-18T13:36:09.327867+00:00|2026-07-18T13:36:12.596560+00:00,90.79,85.02666666666666,3,3,True,True,,
FIN,2010Q3,eurostat_hicp_midx_cp00_i15_2010_2019_2026_02_06|eurostat_hicp_midx_cp045_i15_2010_2025_2026_02_06,2026-02-06,2026-07-18T13:36:09.327867+00:00|2026-07-18T13:36:12.596560+00:00,90.67,86.81,3,3,True,True,,
FIN,2010Q4,eurostat_hicp_midx_cp00_i15_2010_2019_2026_02_06|eurostat_hicp_midx_cp045_i15_2010_2025_2026_02_06,2026-02-06,2026-07-18T13:36:09.327867+00:00|2026-07-18T13:36:12.596560+00:00,91.74,89.69333333333334,3,3,True,True,,
FIN,2011Q1,eurostat_hicp_midx_cp00_i15_2010_2019_2026_02_06|eurostat_hicp_midx_cp045_i15_2010_2025_2026_02_06,2026-02-06,2026-07-18T13:36:09.327867+00:00|2026-07-18T13:36:12.596560+00:00,93.13666666666666,101.90333333333332,3,3,True,True,3.358857692449968,25.101280844620845
FIN,2011Q2,eurostat_hicp_midx_cp00_i15_2010_2019_2026_02_06|eurostat_hicp_midx_cp045_i15_2010_2025_2026_02_06,2026-02-06,2026-07-18T13:36:09.327867+00:00|2026-07-18T13:36:12.596560+00:00,93.89,103.39333333333332,3,3,True,True,3.4144729595770418,21.60106633213108
FIN,2011Q3,eurostat_hicp_midx_cp00_i15_2010_2019_2026_02_06|eurostat_hicp_midx_cp045_i15_2010_2025_2026_02_06,2026-02-06,2026-07-18T13:36:09.327867+00:00|2026-07-18T13:36:12.596560+00:00,93.87,103.84333333333332,3,3,True,True,3.5292820116907597,19.621395384556294
FIN,2011Q4,eurostat_hicp_midx_cp00_i15_2010_2019_2026_02_06|eurostat_hicp_midx_cp045_i15_2010_2025_2026_02_06,2026-02-06,2026-07-18T13:36:09.327867+00:00|2026-07-18T13:36:12.596560+00:00,94.49,104.16,3,3,True,True,2.9976019184652314,16.129032258064502
FIN,2012Q1,eurostat_hicp_midx_cp00_i15_2010_2019_2026_02_06|eurostat_hicp_midx_cp045_i15_2010_2025_2026_02_06,2026-02-06,2026-07-18T13:36:09.327867+00:00|2026-07-18T13:36:12.596560+00:00,95.93666666666668,105.16666666666669,3,3,True,True,3.0063347768512605,3.2023813417945357
FIN,2012Q2,eurostat_hicp_midx_cp00_i15_2010_2019_2026_02_06|eurostat_hicp_midx_cp045_i15_2010_2025_2026_02_06,2026-02-06,2026-07-18T13:36:09.327867+00:00|2026-07-18T13:36:12.596560+00:00,96.71,102.35333333333334,3,3,True,True,3.0035147513047145,-1.0058675607711454
FIN,2012Q3,eurostat_hicp_midx_cp00_i15_2010_2019_2026_02_06|eurostat_hicp_midx_cp045_i15_2010_2025_2026_02_06,2026-02-06,2026-07-18T13:36:09.327867+00:00|2026-07-18T13:36:12.596560+00:00,96.93,102.82666666666668,3,3,True,True,3.259827420901251,-0.9790389368599883
FIN,2012Q4,eurostat_hicp_midx_cp00_i15_2010_2019_2026_02_06|eurostat_hicp_midx_cp045_i15_2010_2025_2026_02_06,2026-02-06,2026-07-18T13:36:09.327867+00:00|2026-07-18T13:36:12.596560+00:00,97.68,103.15666666666668,3,3,True,True,3.3760186263096736,-0.9632616487455059
FIN,2013Q1,eurostat_hicp_midx_cp00_i15_2010_2019_2026_02_06|eurostat_hicp_midx_cp045_i15_2010_2025_2026_02_06,2026-02-06,2026-07-18T13:36:09.327867+00:00|2026-07-18T13:36:12.596560+00:00,98.34666666666668,105.24333333333334,3,3,True,True,2.512073937667214,0.07290015847858378
FIN,2013Q2,eurostat_hicp_midx_cp00_i15_2010_2019_2026_02_06|eurostat_hicp_midx_cp045_i15_2010_2025_2026_02_06,2026-02-06,2026-07-18T13:36:09.327867+00:00|2026-07-18T13:36:12.596560+00:00,99.03333333333336,102.93666666666668,3,3,True,True,2.4023713507738353,0.5699211880414445
FIN,2013Q3,eurostat_hicp_midx_cp00_i15_2010_2019_2026_02_06|eurostat_hicp_midx_cp045_i15_2010_2025_2026_02_06,2026-02-06,2026-07-18T13:36:09.327867+00:00|2026-07-18T13:36:12.596560+00:00,99.00666666666666,104.15666666666668,3,3,True,True,2.142439561195353,1.2934387966804906
FIN,2013Q4,eurostat_hicp_midx_cp00_i15_2010_2019_2026_02_06|eurostat_hicp_midx_cp045_i15_2010_2025_2026_02_06,2026-02-06,2026-07-18T13:36:09.327867+00:00|2026-07-18T13:36:12.596560+00:00,99.45,103.62333333333332,3,3,True,True,1.8120393120393041,0.45238633793256433
FIN,2014Q1,eurostat_hicp_midx_cp00_i15_2010_2019_2026_02_06|eurostat_hicp_midx_cp045_i15_2010_2025_2026_02_06,2026-02-06,2026-07-18T13:36:09.327867+00:00|2026-07-18T13:36:12.596560+00:00,99.9,104.91666666666669,3,3,True,True,1.5794468546637574,-0.3103917904538567
FIN,2014Q2,eurostat_hicp_midx_cp00_i15_2010_2019_2026_02_06|eurostat_hicp_midx_cp045_i15_2010_2025_2026_02_06,2026-02-06,2026-07-18T13:36:09.327867+00:00|2026-07-18T13:36:12.596560+00:00,100.11666666666667,102.40333333333336,3,3,True,True,1.0939077751598525,-0.518117936595297
FIN,2014Q3,eurostat_hicp_midx_cp00_i15_2010_2019_2026_02_06|eurostat_hicp_midx_cp045_i15_2010_2025_2026_02_06,2026-02-06,2026-07-18T13:36:09.327867+00:00|2026-07-18T13:36:12.596560+00:00,100.22666666666667,101.87333333333332,3,3,True,True,1.2322402531816268,-2.192210452203436
FIN,2014Q4,eurostat_hicp_midx_cp00_i15_2010_2019_2026_02_06|eurostat_hicp_midx_cp045_i15_2010_2025_2026_02_06,2026-02-06,2026-07-18T13:36:09.327867+00:00|2026-07-18T13:36:12.596560+00:00,100.38,101.04666666666668,3,3,True,True,0.9351432880844612,-2.48656994885319
FIN,2015Q1,eurostat_hicp_midx_cp00_i15_2010_2019_2026_02_06|eurostat_hicp_midx_cp045_i15_2010_2025_2026_02_06,2026-02-06,2026-07-18T13:36:09.327867+00:00|2026-07-18T13:36:12.596560+00:00,99.84,101.78000000000002,3,3,True,True,-0.06006006006006315,-2.9896743447180296
FIN,2015Q2,eurostat_hicp_midx_cp00_i15_2010_2019_2026_02_06|eurostat_hicp_midx_cp045_i15_2010_2025_2026_02_06,2026-02-06,2026-07-18T13:36:09.327867+00:00|2026-07-18T13:36:12.596560+00:00,100.15,101.19,3,3,True,True,0.03329448976194804,-1.1848572637609744
FIN,2015Q3,eurostat_hicp_midx_cp00_i15_2010_2019_2026_02_06|eurostat_hicp_midx_cp045_i15_2010_2025_2026_02_06,2026-02-06,2026-07-18T13:36:09.327867+00:00|2026-07-18T13:36:12.596560+00:00,99.90333333333332,98.89333333333332,3,3,True,True,-0.3226021019023695,-2.9252012302859787
FIN,2015Q4,eurostat_hicp_midx_cp00_i15_2010_2019_2026_02_06|eurostat_hicp_midx_cp045_i15_2010_2025_2026_02_06,2026-02-06,2026-07-18T13:36:09.327867+00:00|2026-07-18T13:36:12.596560+00:00,100.10666666666668,98.14,3,3,True,True,-0.2722985986584048,-2.87655868575577
FIN,2016Q1,eurostat_hicp_midx_cp00_i15_2010_2019_2026_02_06|eurostat_hicp_midx_cp045_i15_2010_2025_2026_02_06,2026-02-06,2026-07-18T13:36:09.327867+00:00|2026-07-18T13:36:12.596560+00:00,99.79666666666668,97.84333333333332,3,3,True,True,-0.04340277777776791,-3.8678194799240506
FIN,2016Q2,eurostat_hicp_midx_cp00_i15_2010_2019_2026_02_06|eurostat_hicp_midx_cp045_i15_2010_2025_2026_02_06,2026-02-06,2026-07-18T13:36:09.327867+00:00|2026-07-18T13:36:12.596560+00:00,100.45,98.99666666666668,3,3,True,True,0.299550673989013,-2.167539611951097
FIN,2016Q3,eurostat_hicp_midx_cp00_i15_2010_2019_2026_02_06|eurostat_hicp_midx_cp045_i15_2010_2025_2026_02_06,2026-02-06,2026-07-18T13:36:09.327867+00:00|2026-07-18T13:36:12.596560+00:00,100.41,98.75666666666666,3,3,True,True,0.5071569183544122,-0.13819603613319797
FIN,2016Q4,eurostat_hicp_midx_cp00_i15_2010_2019_2026_02_06|eurostat_hicp_midx_cp045_i15_2010_2025_2026_02_06,2026-02-06,2026-07-18T13:36:09.327867+00:00|2026-07-18T13:36:12.596560+00:00,100.9,100.88666666666666,3,3,True,True,0.7924880127863521,2.798722912845575
FIN,2017Q1,eurostat_hicp_midx_cp00_i15_2010_2019_2026_02_06|eurostat_hicp_midx_cp045_i15_2010_2025_2026_02_06,2026-02-06,2026-07-18T13:36:09.327867+00:00|2026-07-18T13:36:12.596560+00:00,100.87666666666668,104.28666666666668,3,3,True,True,1.0822004742977454,6.585357544373682
FIN,2017Q2,eurostat_hicp_midx_cp00_i15_2010_2019_2026_02_06|eurostat_hicp_midx_cp045_i15_2010_2025_2026_02_06,2026-02-06,2026-07-18T13:36:09.327867+00:00|2026-07-18T13:36:12.596560+00:00,101.38666666666666,104.04,3,3,True,True,0.9324705491952745,5.094447624499132
FIN,2017Q3,eurostat_hicp_midx_cp00_i15_2010_2019_2026_02_06|eurostat_hicp_midx_cp045_i15_2010_2025_2026_02_06,2026-02-06,2026-07-18T13:36:09.327867+00:00|2026-07-18T13:36:12.596560+00:00,101.13666666666666,103.97333333333334,3,3,True,True,0.7236994987219081,5.282343808012979
FIN,2017Q4,eurostat_hicp_midx_cp00_i15_2010_2019_2026_02_06|eurostat_hicp_midx_cp045_i15_2010_2025_2026_02_06,2026-02-06,2026-07-18T13:36:09.327867+00:00|2026-07-18T13:36:12.596560+00:00,101.52666666666666,105.33333333333331,3,3,True,True,0.6210769739015465,4.407586070177749
FIN,2018Q1,eurostat_hicp_midx_cp00_i15_2010_2019_2026_02_06|eurostat_hicp_midx_cp045_i15_2010_2025_2026_02_06,2026-02-06,2026-07-18T13:36:09.327867+00:00|2026-07-18T13:36:12.596560+00:00,101.66,106.69666666666669,3,3,True,True,0.7765257905693268,2.310937799654811
FIN,2018Q2,eurostat_hicp_midx_cp00_i15_2010_2019_2026_02_06|eurostat_hicp_midx_cp045_i15_2010_2025_2026_02_06,2026-02-06,2026-07-18T13:36:09.327867+00:00|2026-07-18T13:36:12.596560+00:00,102.41333333333334,107.04333333333334,3,3,True,True,1.0126249342451432,2.8867102396514133
FIN,2018Q3,eurostat_hicp_midx_cp00_i15_2010_2019_2026_02_06|eurostat_hicp_midx_cp045_i15_2010_2025_2026_02_06,2026-02-06,2026-07-18T13:36:09.327867+00:00|2026-07-18T13:36:12.596560+00:00,102.55,109.69333333333331,3,3,True,True,1.397448996407502,5.501410618107183
FIN,2018Q4,eurostat_hicp_midx_cp00_i15_2010_2019_2026_02_06|eurostat_hicp_midx_cp045_i15_2010_2025_2026_02_06,2026-02-06,2026-07-18T13:36:09.327867+00:00|2026-07-18T13:36:12.596560+00:00,103.03666666666668,113.38333333333333,3,3,True,True,1.4872939785934847,7.642405063291147
FIN,2019Q1,eurostat_hicp_midx_cp00_i15_2010_2019_2026_02_06|eurostat_hicp_midx_cp045_i15_2010_2025_2026_02_06,2026-02-06,2026-07-18T13:36:09.327867+00:00|2026-07-18T13:36:12.596560+00:00,102.89,115.20666666666666,3,3,True,True,1.2099154042888083,7.97588178324844
FIN,2019Q2,eurostat_hicp_midx_cp00_i15_2010_2019_2026_02_06|eurostat_hicp_midx_cp045_i15_2010_2025_2026_02_06,2026-02-06,2026-07-18T13:36:09.327867+00:00|2026-07-18T13:36:12.596560+00:00,103.76,116.01,3,3,True,True,1.3149329514386077,8.376669884470456
FIN,2019Q3,eurostat_hicp_midx_cp00_i15_2010_2019_2026_02_06|eurostat_hicp_midx_cp045_i15_2010_2025_2026_02_06,2026-02-06,2026-07-18T13:36:09.327867+00:00|2026-07-18T13:36:12.596560+00:00,103.66666666666669,115.29666666666668,3,3,True,True,1.0888997237120224,5.108180381670135
FIN,2019Q4,eurostat_hicp_midx_cp00_i15_2010_2019_2026_02_06|eurostat_hicp_midx_cp045_i15_2010_2025_2026_02_06,2026-02-06,2026-07-18T13:36:09.327867+00:00|2026-07-18T13:36:12.596560+00:00,104.0,117.07333333333334,3,3,True,True,0.9349422535666729,3.2544465676907386
FIN,2020Q1,eurostat_hicp_midx_cp00_i15_2026_02_06|eurostat_hicp_midx_cp045_i15_2010_2025_2026_02_06,2026-02-06,2026-07-18T13:22:23.066990+00:00|2026-07-18T13:36:12.596560+00:00,103.98333333333332,116.03333333333336,3,3,True,True,1.0626235137849438,0.7175510676465713
FIN,2020Q2,eurostat_hicp_midx_cp00_i15_2026_02_06|eurostat_hicp_midx_cp045_i15_2010_2025_2026_02_06,2026-02-06,2026-07-18T13:22:23.066990+00:00|2026-07-18T13:36:12.596560+00:00,103.62333333333332,112.93666666666668,3,3,True,True,-0.13171421228477254,-2.64919690831249
FIN,2020Q3,eurostat_hicp_midx_cp00_i15_2026_02_06|eurostat_hicp_midx_cp045_i15_2010_2025_2026_02_06,2026-02-06,2026-07-18T13:22:23.066990+00:00|2026-07-18T13:36:12.596560+00:00,104.09,112.1,3,3,True,True,0.4083601286173577,-2.7725577495735787
FIN,2020Q4,eurostat_hicp_midx_cp00_i15_2026_02_06|eurostat_hicp_midx_cp045_i15_2010_2025_2026_02_06,2026-02-06,2026-07-18T13:22:23.066990+00:00|2026-07-18T13:36:12.596560+00:00,104.20666666666666,112.13666666666668,3,3,True,True,0.19871794871795245,-4.216730254541301
FIN,2021Q1,eurostat_hicp_midx_cp00_i15_2026_02_06|eurostat_hicp_midx_cp045_i15_2010_2025_2026_02_06,2026-02-06,2026-07-18T13:22:23.066990+00:00|2026-07-18T13:36:12.596560+00:00,105.10666666666668,114.67666666666666,3,3,True,True,1.0803013303414266,-1.1692042516518453
FIN,2021Q2,eurostat_hicp_midx_cp00_i15_2026_02_06|eurostat_hicp_midx_cp045_i15_2010_2025_2026_02_06,2026-02-06,2026-07-18T13:22:23.066990+00:00|2026-07-18T13:36:12.596560+00:00,105.82666666666668,115.26,3,3,True,True,2.126290732460534,2.057200200702458
FIN,2021Q3,eurostat_hicp_midx_cp00_i15_2026_02_06|eurostat_hicp_midx_cp045_i15_2010_2025_2026_02_06,2026-02-06,2026-07-18T13:22:23.066990+00:00|2026-07-18T13:36:12.596560+00:00,106.07666666666668,116.51333333333332,3,3,True,True,1.9086047330835632,3.936961046684506
FIN,2021Q4,eurostat_hicp_midx_cp00_i15_2026_02_06|eurostat_hicp_midx_cp045_i15_2010_2025_2026_02_06,2026-02-06,2026-07-18T13:22:23.066990+00:00|2026-07-18T13:36:12.596560+00:00,107.48666666666666,122.94333333333334,3,3,True,True,3.1475913249312315,9.637050028239337
FIN,2022Q1,eurostat_hicp_midx_cp00_i15_2026_02_06|eurostat_hicp_midx_cp045_i15_2010_2025_2026_02_06,2026-02-06,2026-07-18T13:22:23.066990+00:00|2026-07-18T13:36:12.596560+00:00,110.12333333333332,142.3033333333333,3,3,True,True,4.772929087910671,24.09092230328749
FIN,2022Q2,eurostat_hicp_midx_cp00_i15_2026_02_06|eurostat_hicp_midx_cp045_i15_2010_2025_2026_02_06,2026-02-06,2026-07-18T13:22:23.066990+00:00|2026-07-18T13:36:12.596560+00:00,113.24,145.02333333333334,3,3,True,True,7.005165679727843,25.822777488576556
FIN,2022Q3,eurostat_hicp_midx_cp00_i15_2026_02_06|eurostat_hicp_midx_cp045_i15_2010_2025_2026_02_06,2026-02-06,2026-07-18T13:22:23.066990+00:00|2026-07-18T13:36:12.596560+00:00,114.68666666666668,155.00333333333333,3,3,True,True,8.116770888979662,33.034845797333645
FIN,2022Q4,eurostat_hicp_midx_cp00_i15_2026_02_06|eurostat_hicp_midx_cp045_i15_2010_2025_2026_02_06,2026-02-06,2026-07-18T13:22:23.066990+00:00|2026-07-18T13:36:12.596560+00:00,116.89,173.6233333333333,3,3,True,True,8.74837189108726,41.22224330992594
FIN,2023Q1,eurostat_hicp_midx_cp00_i15_2026_02_06|eurostat_hicp_midx_cp045_i15_2010_2025_2026_02_06,2026-02-06,2026-07-18T13:22:23.066990+00:00|2026-07-18T13:36:12.596560+00:00,118.37666666666668,178.99333333333334,3,3,True,True,7.494627236129214,25.782951910238715
FIN,2023Q2,eurostat_hicp_midx_cp00_i15_2026_02_06|eurostat_hicp_midx_cp045_i15_2010_2025_2026_02_06,2026-02-06,2026-07-18T13:22:23.066990+00:00|2026-07-18T13:36:12.596560+00:00,119.05,165.11,3,3,True,True,5.130695867184754,13.850644723837547
FIN,2023Q3,eurostat_hicp_midx_cp00_i15_2026_02_06|eurostat_hicp_midx_cp045_i15_2010_2025_2026_02_06,2026-02-06,2026-07-18T13:22:23.066990+00:00|2026-07-18T13:36:12.596560+00:00,118.63333333333333,151.5533333333333,3,3,True,True,3.4412602453060215,-2.225758585836879
FIN,2023Q4,eurostat_hicp_midx_cp00_i15_2026_02_06|eurostat_hicp_midx_cp045_i15_2010_2025_2026_02_06,2026-02-06,2026-07-18T13:22:23.066990+00:00|2026-07-18T13:36:12.596560+00:00,118.62666666666668,144.65,3,3,True,True,1.485727321983643,-16.687465202449737
FIN,2024Q1,eurostat_hicp_midx_cp00_i15_2026_02_06|eurostat_hicp_midx_cp045_i15_2010_2025_2026_02_06,2026-02-06,2026-07-18T13:22:23.066990+00:00|2026-07-18T13:36:12.596560+00:00,119.48333333333332,155.55666666666667,3,3,True,True,0.934868921240084,-13.09359752690975
FIN,2024Q2,eurostat_hicp_midx_cp00_i15_2026_02_06|eurostat_hicp_midx_cp045_i15_2010_2025_2026_02_06,2026-02-06,2026-07-18T13:22:23.066990+00:00|2026-07-18T13:36:12.596560+00:00,119.67333333333332,147.78333333333333,3,3,True,True,0.5235895282094338,-10.4940140916157
FIN,2024Q3,eurostat_hicp_midx_cp00_i15_2026_02_06|eurostat_hicp_midx_cp045_i15_2010_2025_2026_02_06,2026-02-06,2026-07-18T13:22:23.066990+00:00|2026-07-18T13:36:12.596560+00:00,119.64333333333332,140.49333333333334,3,3,True,True,0.8513627423433423,-7.297760964236999
FIN,2024Q4,eurostat_hicp_midx_cp00_i15_2026_02_06|eurostat_hicp_midx_cp045_i15_2010_2025_2026_02_06,2026-02-06,2026-07-18T13:22:23.066990+00:00|2026-07-18T13:36:12.596560+00:00,120.51333333333332,143.72666666666666,3,3,True,True,1.5904237383387532,-0.6383223873718258
FIN,2025Q1,eurostat_hicp_midx_cp00_i15_2026_02_06|eurostat_hicp_midx_cp045_i15_2010_2025_2026_02_06,2026-02-06,2026-07-18T13:22:23.066990+00:00|2026-07-18T13:36:12.596560+00:00,121.50333333333332,144.61666666666667,3,3,True,True,1.6906123587669075,-7.032806908522082
FIN,2025Q2,eurostat_hicp_midx_cp00_i15_2026_02_06|eurostat_hicp_midx_cp045_i15_2010_2025_2026_02_06,2026-02-06,2026-07-18T13:22:23.066990+00:00|2026-07-18T13:36:12.596560+00:00,121.98,140.08333333333334,3,3,True,True,1.9274692217703837,-5.210330438705302
FIN,2025Q3,eurostat_hicp_midx_cp00_i15_2026_02_06|eurostat_hicp_midx_cp045_i15_2010_2025_2026_02_06,2026-02-06,2026-07-18T13:22:23.066990+00:00|2026-07-18T13:36:12.596560+00:00,122.21,140.63,3,3,True,True,2.1452650934722817,0.09727626459143934
FIN,2025Q4,eurostat_hicp_midx_cp00_i15_2026_02_06|eurostat_hicp_midx_cp045_i15_2010_2025_2026_02_06,2026-02-06,2026-07-18T13:22:23.066990+00:00|2026-07-18T13:36:12.596560+00:00,122.35333333333334,143.75666666666666,3,3,True,True,1.5268020136084637,0.020872953290962393
FRA,2010Q1,eurostat_hicp_midx_cp00_i15_2010_2019_2026_02_06|eurostat_hicp_midx_cp045_i15_2010_2025_2026_02_06,2026-02-06,2026-07-18T13:36:09.327867+00:00|2026-07-18T13:36:12.596560+00:00,93.33333333333331,78.93666666666667,3,3,True,True,,
FRA,2010Q2,eurostat_hicp_midx_cp00_i15_2010_2019_2026_02_06|eurostat_hicp_midx_cp045_i15_2010_2025_2026_02_06,2026-02-06,2026-07-18T13:36:09.327867+00:00|2026-07-18T13:36:12.596560+00:00,94.22333333333334,81.12,3,3,True,True,,
FRA,2010Q3,eurostat_hicp_midx_cp00_i15_2010_2019_2026_02_06|eurostat_hicp_midx_cp045_i15_2010_2025_2026_02_06,2026-02-06,2026-07-18T13:36:09.327867+00:00|2026-07-18T13:36:12.596560+00:00,94.09666666666668,81.93666666666667,3,3,True,True,,
FRA,2010Q4,eurostat_hicp_midx_cp00_i15_2010_2019_2026_02_06|eurostat_hicp_midx_cp045_i15_2010_2025_2026_02_06,2026-02-06,2026-07-18T13:36:09.327867+00:00|2026-07-18T13:36:12.596560+00:00,94.52666666666666,84.80333333333333,3,3,True,True,,
FRA,2011Q1,eurostat_hicp_midx_cp00_i15_2010_2019_2026_02_06|eurostat_hicp_midx_cp045_i15_2010_2025_2026_02_06,2026-02-06,2026-07-18T13:36:09.327867+00:00|2026-07-18T13:36:12.596560+00:00,95.19,88.52999999999999,3,3,True,True,1.9892857142857379,12.153202989738588
FRA,2011Q2,eurostat_hicp_midx_cp00_i15_2010_2019_2026_02_06|eurostat_hicp_midx_cp045_i15_2010_2025_2026_02_06,2026-02-06,2026-07-18T13:36:09.327867+00:00|2026-07-18T13:36:12.596560+00:00,96.31333333333332,89.58999999999999,3,3,True,True,2.2181342201152976,10.441321499013778
FRA,2011Q3,eurostat_hicp_midx_cp00_i15_2010_2019_2026_02_06|eurostat_hicp_midx_cp045_i15_2010_2025_2026_02_06,2026-02-06,2026-07-18T13:36:09.327867+00:00|2026-07-18T13:36:12.596560+00:00,96.26666666666668,90.08333333333331,3,3,True,True,2.306139076835878,9.942638623326939
FRA,2011Q4,eurostat_hicp_midx_cp00_i15_2010_2019_2026_02_06|eurostat_hicp_midx_cp045_i15_2010_2025_2026_02_06,2026-02-06,2026-07-18T13:36:09.327867+00:00|2026-07-18T13:36:12.596560+00:00,97.03,92.15333333333332,3,3,True,True,2.6482826715565455,8.667112141818322
FRA,2012Q1,eurostat_hicp_midx_cp00_i15_2010_2019_2026_02_06|eurostat_hicp_midx_cp045_i15_2010_2025_2026_02_06,2026-02-06,2026-07-18T13:36:09.327867+00:00|2026-07-18T13:36:12.596560+00:00,97.63666666666666,94.65,3,3,True,True,2.5702980004902454,6.91291087766861
FRA,2012Q2,eurostat_hicp_midx_cp00_i15_2010_2019_2026_02_06|eurostat_hicp_midx_cp045_i15_2010_2025_2026_02_06,2026-02-06,2026-07-18T13:36:09.327867+00:00|2026-07-18T13:36:12.596560+00:00,98.54333333333334,93.65,3,3,True,True,2.3153595902263735,4.53175577631435
FRA,2012Q3,eurostat_hicp_midx_cp00_i15_2010_2019_2026_02_06|eurostat_hicp_midx_cp045_i15_2010_2025_2026_02_06,2026-02-06,2026-07-18T13:36:09.327867+00:00|2026-07-18T13:36:12.596560+00:00,98.44,94.98333333333332,3,3,True,True,2.2576177285318355,5.439407955596676
FRA,2012Q4,eurostat_hicp_midx_cp00_i15_2010_2019_2026_02_06|eurostat_hicp_midx_cp045_i15_2010_2025_2026_02_06,2026-02-06,2026-07-18T13:36:09.327867+00:00|2026-07-18T13:36:12.596560+00:00,98.71666666666664,96.90666666666668,3,3,True,True,1.7382939984196932,5.158069883527472
FRA,2013Q1,eurostat_hicp_midx_cp00_i15_2010_2019_2026_02_06|eurostat_hicp_midx_cp045_i15_2010_2025_2026_02_06,2026-02-06,2026-07-18T13:36:09.327867+00:00|2026-07-18T13:36:12.596560+00:00,98.81666666666666,99.0,3,3,True,True,1.2085623570380122,4.5958795562599075
FRA,2013Q2,eurostat_hicp_midx_cp00_i15_2010_2019_2026_02_06|eurostat_hicp_midx_cp045_i15_2010_2025_2026_02_06,2026-02-06,2026-07-18T13:36:09.327867+00:00|2026-07-18T13:36:12.596560+00:00,99.43666666666668,97.37666666666668,3,3,True,True,0.9065385786287017,3.97935575725219
FRA,2013Q3,eurostat_hicp_midx_cp00_i15_2010_2019_2026_02_06|eurostat_hicp_midx_cp045_i15_2010_2025_2026_02_06,2026-02-06,2026-07-18T13:36:09.327867+00:00|2026-07-18T13:36:12.596560+00:00,99.48666666666666,98.46999999999998,3,3,True,True,1.0632534200189614,3.670819442007378
FRA,2013Q4,eurostat_hicp_midx_cp00_i15_2010_2019_2026_02_06|eurostat_hicp_midx_cp045_i15_2010_2025_2026_02_06,2026-02-06,2026-07-18T13:36:09.327867+00:00|2026-07-18T13:36:12.596560+00:00,99.49,100.07333333333334,3,3,True,True,0.7833867972311559,3.267749036873968
FRA,2014Q1,eurostat_hicp_midx_cp00_i15_2010_2019_2026_02_06|eurostat_hicp_midx_cp045_i15_2010_2025_2026_02_06,2026-02-06,2026-07-18T13:36:09.327867+00:00|2026-07-18T13:36:12.596560+00:00,99.66666666666669,101.67,3,3,True,True,0.8601787822567264,2.696969696969709
FRA,2014Q2,eurostat_hicp_midx_cp00_i15_2010_2019_2026_02_06|eurostat_hicp_midx_cp045_i15_2010_2025_2026_02_06,2026-02-06,2026-07-18T13:36:09.327867+00:00|2026-07-18T13:36:12.596560+00:00,100.18333333333334,100.3,3,3,True,True,0.7508967181790727,3.002088111457213
FRA,2014Q3,eurostat_hicp_midx_cp00_i15_2010_2019_2026_02_06|eurostat_hicp_midx_cp045_i15_2010_2025_2026_02_06,2026-02-06,2026-07-18T13:36:09.327867+00:00|2026-07-18T13:36:12.596560+00:00,99.97666666666667,99.36,3,3,True,True,0.4925283120016166,0.9038285772316579
FRA,2014Q4,eurostat_hicp_midx_cp00_i15_2010_2019_2026_02_06|eurostat_hicp_midx_cp045_i15_2010_2025_2026_02_06,2026-02-06,2026-07-18T13:36:09.327867+00:00|2026-07-18T13:36:12.596560+00:00,99.83,100.95,3,3,True,True,0.34174288873254355,0.8760242488841552
FRA,2015Q1,eurostat_hicp_midx_cp00_i15_2010_2019_2026_02_06|eurostat_hicp_midx_cp045_i15_2010_2025_2026_02_06,2026-02-06,2026-07-18T13:36:09.327867+00:00|2026-07-18T13:36:12.596560+00:00,99.43,101.23333333333332,3,3,True,True,-0.23745819397994472,-0.429494114947071
FRA,2015Q2,eurostat_hicp_midx_cp00_i15_2010_2019_2026_02_06|eurostat_hicp_midx_cp045_i15_2010_2025_2026_02_06,2026-02-06,2026-07-18T13:36:09.327867+00:00|2026-07-18T13:36:12.596560+00:00,100.45,100.44,3,3,True,True,0.26617867243388105,0.13958125623130258
FRA,2015Q3,eurostat_hicp_midx_cp00_i15_2010_2019_2026_02_06|eurostat_hicp_midx_cp045_i15_2010_2025_2026_02_06,2026-02-06,2026-07-18T13:36:09.327867+00:00|2026-07-18T13:36:12.596560+00:00,100.11666666666667,99.14666666666666,3,3,True,True,0.1400326742906577,-0.21470746108427363
FRA,2015Q4,eurostat_hicp_midx_cp00_i15_2010_2019_2026_02_06|eurostat_hicp_midx_cp045_i15_2010_2025_2026_02_06,2026-02-06,2026-07-18T13:36:09.327867+00:00|2026-07-18T13:36:12.596560+00:00,100.00666666666666,99.18,3,3,True,True,0.17696751143609912,-1.753343239227334
FRA,2016Q1,eurostat_hicp_midx_cp00_i15_2010_2019_2026_02_06|eurostat_hicp_midx_cp045_i15_2010_2025_2026_02_06,2026-02-06,2026-07-18T13:36:09.327867+00:00|2026-07-18T13:36:12.596560+00:00,99.47333333333334,98.29,3,3,True,True,0.043581749304366646,-2.9074744813960995
FRA,2016Q2,eurostat_hicp_midx_cp00_i15_2010_2019_2026_02_06|eurostat_hicp_midx_cp045_i15_2010_2025_2026_02_06,2026-02-06,2026-07-18T13:36:09.327867+00:00|2026-07-18T13:36:12.596560+00:00,100.54333333333334,97.91666666666669,3,3,True,True,0.09291521486642917,-2.512279304393983
FRA,2016Q3,eurostat_hicp_midx_cp00_i15_2010_2019_2026_02_06|eurostat_hicp_midx_cp045_i15_2010_2025_2026_02_06,2026-02-06,2026-07-18T13:36:09.327867+00:00|2026-07-18T13:36:12.596560+00:00,100.54333333333334,98.19333333333331,3,3,True,True,0.4261694689528861,-0.9615384615384803
FRA,2016Q4,eurostat_hicp_midx_cp00_i15_2010_2019_2026_02_06|eurostat_hicp_midx_cp045_i15_2010_2025_2026_02_06,2026-02-06,2026-07-18T13:36:09.327867+00:00|2026-07-18T13:36:12.596560+00:00,100.66333333333334,99.73,3,3,True,True,0.6566228918072348,0.5545472877596325
FRA,2017Q1,eurostat_hicp_midx_cp00_i15_2010_2019_2026_02_06|eurostat_hicp_midx_cp045_i15_2010_2025_2026_02_06,2026-02-06,2026-07-18T13:36:09.327867+00:00|2026-07-18T13:36:12.596560+00:00,100.92333333333332,103.08333333333331,3,3,True,True,1.4576770993900867,4.876725336588983
FRA,2017Q2,eurostat_hicp_midx_cp00_i15_2010_2019_2026_02_06|eurostat_hicp_midx_cp045_i15_2010_2025_2026_02_06,2026-02-06,2026-07-18T13:36:09.327867+00:00|2026-07-18T13:36:12.596560+00:00,101.58,101.98,3,3,True,True,1.0310645492822346,4.149787234042535
FRA,2017Q3,eurostat_hicp_midx_cp00_i15_2010_2019_2026_02_06|eurostat_hicp_midx_cp045_i15_2010_2025_2026_02_06,2026-02-06,2026-07-18T13:36:09.327867+00:00|2026-07-18T13:36:12.596560+00:00,101.49666666666668,100.7,3,3,True,True,0.9481815469283728,2.552787018806457
FRA,2017Q4,eurostat_hicp_midx_cp00_i15_2010_2019_2026_02_06|eurostat_hicp_midx_cp045_i15_2010_2025_2026_02_06,2026-02-06,2026-07-18T13:36:09.327867+00:00|2026-07-18T13:36:12.596560+00:00,101.88666666666666,102.91,3,3,True,True,1.2152720288751029,3.1886092449613823
FRA,2018Q1,eurostat_hicp_midx_cp00_i15_2010_2019_2026_02_06|eurostat_hicp_midx_cp045_i15_2010_2025_2026_02_06,2026-02-06,2026-07-18T13:36:09.327867+00:00|2026-07-18T13:36:12.596560+00:00,102.44333333333331,106.6,3,3,True,True,1.5060937345179548,3.411479385610372
FRA,2018Q2,eurostat_hicp_midx_cp00_i15_2010_2019_2026_02_06|eurostat_hicp_midx_cp045_i15_2010_2025_2026_02_06,2026-02-06,2026-07-18T13:36:09.327867+00:00|2026-07-18T13:36:12.596560+00:00,103.76,106.98,3,3,True,True,2.14609175034457,4.9029221415964
FRA,2018Q3,eurostat_hicp_midx_cp00_i15_2010_2019_2026_02_06|eurostat_hicp_midx_cp045_i15_2010_2025_2026_02_06,2026-02-06,2026-07-18T13:36:09.327867+00:00|2026-07-18T13:36:12.596560+00:00,104.09,109.59,3,3,True,True,2.5550921212519118,8.828202581926515
FRA,2018Q4,eurostat_hicp_midx_cp00_i15_2010_2019_2026_02_06|eurostat_hicp_midx_cp045_i15_2010_2025_2026_02_06,2026-02-06,2026-07-18T13:36:09.327867+00:00|2026-07-18T13:36:12.596560+00:00,104.11333333333332,112.21333333333332,3,3,True,True,2.1854347968330856,9.040261717358211
FRA,2019Q1,eurostat_hicp_midx_cp00_i15_2010_2019_2026_02_06|eurostat_hicp_midx_cp045_i15_2010_2025_2026_02_06,2026-02-06,2026-07-18T13:36:09.327867+00:00|2026-07-18T13:36:12.596560+00:00,103.90333333333332,111.33333333333331,3,3,True,True,1.4251781472684133,4.440275171982466
FRA,2019Q2,eurostat_hicp_midx_cp00_i15_2010_2019_2026_02_06|eurostat_hicp_midx_cp045_i15_2010_2025_2026_02_06,2026-02-06,2026-07-18T13:36:09.327867+00:00|2026-07-18T13:36:12.596560+00:00,105.11333333333334,112.11333333333334,3,3,True,True,1.3042919557954225,4.798404686234203
FRA,2019Q3,eurostat_hicp_midx_cp00_i15_2010_2019_2026_02_06|eurostat_hicp_midx_cp045_i15_2010_2025_2026_02_06,2026-02-06,2026-07-18T13:36:09.327867+00:00|2026-07-18T13:36:12.596560+00:00,105.35333333333334,112.58333333333331,3,3,True,True,1.2136932782528032,2.7313927669799343
FRA,2019Q4,eurostat_hicp_midx_cp00_i15_2010_2019_2026_02_06|eurostat_hicp_midx_cp045_i15_2010_2025_2026_02_06,2026-02-06,2026-07-18T13:36:09.327867+00:00|2026-07-18T13:36:12.596560+00:00,105.41666666666669,112.94333333333334,3,3,True,True,1.251840942562632,0.6505465779467867
FRA,2020Q1,eurostat_hicp_midx_cp00_i15_2026_02_06|eurostat_hicp_midx_cp045_i15_2010_2025_2026_02_06,2026-02-06,2026-07-18T13:22:23.066990+00:00|2026-07-18T13:36:12.596560+00:00,105.28333333333336,112.85,3,3,True,True,1.3281575823682612,1.362275449101813
FRA,2020Q2,eurostat_hicp_midx_cp00_i15_2026_02_06|eurostat_hicp_midx_cp045_i15_2010_2025_2026_02_06,2026-02-06,2026-07-18T13:22:23.066990+00:00|2026-07-18T13:36:12.596560+00:00,105.46333333333332,108.51,3,3,True,True,0.3329739328977954,-3.2140096331093604
FRA,2020Q3,eurostat_hicp_midx_cp00_i15_2026_02_06|eurostat_hicp_midx_cp045_i15_2010_2025_2026_02_06,2026-02-06,2026-07-18T13:22:23.066990+00:00|2026-07-18T13:36:12.596560+00:00,105.73333333333332,108.61666666666667,3,3,True,True,0.36069100803644005,-3.5233160621761406
FRA,2020Q4,eurostat_hicp_midx_cp00_i15_2026_02_06|eurostat_hicp_midx_cp045_i15_2010_2025_2026_02_06,2026-02-06,2026-07-18T13:22:23.066990+00:00|2026-07-18T13:36:12.596560+00:00,105.50666666666666,110.05333333333331,3,3,True,True,0.0853754940711271,-2.5588053005932476
FRA,2021Q1,eurostat_hicp_midx_cp00_i15_2026_02_06|eurostat_hicp_midx_cp045_i15_2010_2025_2026_02_06,2026-02-06,2026-07-18T13:22:23.066990+00:00|2026-07-18T13:36:12.596560+00:00,106.3,113.92333333333332,3,3,True,True,0.965648250751916,0.9511150494756926
FRA,2021Q2,eurostat_hicp_midx_cp00_i15_2026_02_06|eurostat_hicp_midx_cp045_i15_2010_2025_2026_02_06,2026-02-06,2026-07-18T13:22:23.066990+00:00|2026-07-18T13:36:12.596560+00:00,107.32333333333332,115.68666666666668,3,3,True,True,1.7636461329372022,6.6138297545541125
FRA,2021Q3,eurostat_hicp_midx_cp00_i15_2026_02_06|eurostat_hicp_midx_cp045_i15_2010_2025_2026_02_06,2026-02-06,2026-07-18T13:22:23.066990+00:00|2026-07-18T13:36:12.596560+00:00,108.06,120.81333333333332,3,3,True,True,2.2005044136191865,11.229093141015788
FRA,2021Q4,eurostat_hicp_midx_cp00_i15_2026_02_06|eurostat_hicp_midx_cp045_i15_2010_2025_2026_02_06,2026-02-06,2026-07-18T13:22:23.066990+00:00|2026-07-18T13:36:12.596560+00:00,109.02333333333333,130.35,3,3,True,True,3.3331227094654414,18.44257329779502
FRA,2022Q1,eurostat_hicp_midx_cp00_i15_2026_02_06|eurostat_hicp_midx_cp045_i15_2010_2025_2026_02_06,2026-02-06,2026-07-18T13:22:23.066990+00:00|2026-07-18T13:36:12.596560+00:00,110.75333333333332,138.23,3,3,True,True,4.189401066164922,21.335986189542687
FRA,2022Q2,eurostat_hicp_midx_cp00_i15_2026_02_06|eurostat_hicp_midx_cp045_i15_2010_2025_2026_02_06,2026-02-06,2026-07-18T13:22:23.066990+00:00|2026-07-18T13:36:12.596560+00:00,113.67,147.75333333333333,3,3,True,True,5.913594434264069,27.718550106609797
FRA,2022Q3,eurostat_hicp_midx_cp00_i15_2026_02_06|eurostat_hicp_midx_cp045_i15_2010_2025_2026_02_06,2026-02-06,2026-07-18T13:22:23.066990+00:00|2026-07-18T13:36:12.596560+00:00,115.11,150.92999999999998,3,3,True,True,6.524153248195441,24.928263988522236
FRA,2022Q4,eurostat_hicp_midx_cp00_i15_2026_02_06|eurostat_hicp_midx_cp045_i15_2010_2025_2026_02_06,2026-02-06,2026-07-18T13:22:23.066990+00:00|2026-07-18T13:36:12.596560+00:00,116.61,159.52666666666667,3,3,True,True,6.958755006573525,22.383326940288974
FRA,2023Q1,eurostat_hicp_midx_cp00_i15_2026_02_06|eurostat_hicp_midx_cp045_i15_2010_2025_2026_02_06,2026-02-06,2026-07-18T13:22:23.066990+00:00|2026-07-18T13:36:12.596560+00:00,118.51,160.72,3,3,True,True,7.0035514356227235,16.26998480792883
FRA,2023Q2,eurostat_hicp_midx_cp00_i15_2026_02_06|eurostat_hicp_midx_cp045_i15_2010_2025_2026_02_06,2026-02-06,2026-07-18T13:22:23.066990+00:00|2026-07-18T13:36:12.596560+00:00,120.57333333333332,160.1266666666667,3,3,True,True,6.0731356851705165,8.374317556287526
FRA,2023Q3,eurostat_hicp_midx_cp00_i15_2026_02_06|eurostat_hicp_midx_cp045_i15_2010_2025_2026_02_06,2026-02-06,2026-07-18T13:22:23.066990+00:00|2026-07-18T13:36:12.596560+00:00,121.42333333333332,161.42333333333332,3,3,True,True,5.4846089247965635,6.952450363303075
FRA,2023Q4,eurostat_hicp_midx_cp00_i15_2026_02_06|eurostat_hicp_midx_cp045_i15_2010_2025_2026_02_06,2026-02-06,2026-07-18T13:22:23.066990+00:00|2026-07-18T13:36:12.596560+00:00,121.47333333333331,167.62,3,3,True,True,4.170597147185751,5.07334196999456
FRA,2024Q1,eurostat_hicp_midx_cp00_i15_2026_02_06|eurostat_hicp_midx_cp045_i15_2010_2025_2026_02_06,2026-02-06,2026-07-18T13:22:23.066990+00:00|2026-07-18T13:36:12.596560+00:00,122.06666666666666,173.80666666666664,3,3,True,True,3.0011532078868086,8.142525302804039
FRA,2024Q2,eurostat_hicp_midx_cp00_i15_2026_02_06|eurostat_hicp_midx_cp045_i15_2010_2025_2026_02_06,2026-02-06,2026-07-18T13:22:23.066990+00:00|2026-07-18T13:36:12.596560+00:00,123.59333333333332,172.6233333333333,3,3,True,True,2.504699767776186,7.804238311336831
FRA,2024Q3,eurostat_hicp_midx_cp00_i15_2026_02_06|eurostat_hicp_midx_cp045_i15_2010_2025_2026_02_06,2026-02-06,2026-07-18T13:22:23.066990+00:00|2026-07-18T13:36:12.596560+00:00,123.98333333333332,176.14,3,3,True,True,2.10832624152415,9.11681499989676
FRA,2024Q4,eurostat_hicp_midx_cp00_i15_2026_02_06|eurostat_hicp_midx_cp045_i15_2010_2025_2026_02_06,2026-02-06,2026-07-18T13:22:23.066990+00:00|2026-07-18T13:36:12.596560+00:00,123.50666666666666,177.67666666666665,3,3,True,True,1.6738927610998378,5.999681819989644
FRA,2025Q1,eurostat_hicp_midx_cp00_i15_2026_02_06|eurostat_hicp_midx_cp045_i15_2010_2025_2026_02_06,2026-02-06,2026-07-18T13:22:23.066990+00:00|2026-07-18T13:36:12.596560+00:00,123.54666666666668,170.4466666666667,3,3,True,True,1.2124522119060677,-1.9331824632733419
FRA,2025Q2,eurostat_hicp_midx_cp00_i15_2026_02_06|eurostat_hicp_midx_cp045_i15_2010_2025_2026_02_06,2026-02-06,2026-07-18T13:22:23.066990+00:00|2026-07-18T13:36:12.596560+00:00,124.57333333333332,163.04,3,3,True,True,0.7929230271319865,-5.551586305443445
FRA,2025Q3,eurostat_hicp_midx_cp00_i15_2026_02_06|eurostat_hicp_midx_cp045_i15_2010_2025_2026_02_06,2026-02-06,2026-07-18T13:22:23.066990+00:00|2026-07-18T13:36:12.596560+00:00,125.15666666666668,162.58333333333334,3,3,True,True,0.9463637585697127,-7.696529275954722
FRA,2025Q4,eurostat_hicp_midx_cp00_i15_2026_02_06|eurostat_hicp_midx_cp045_i15_2010_2025_2026_02_06,2026-02-06,2026-07-18T13:22:23.066990+00:00|2026-07-18T13:36:12.596560+00:00,124.44666666666669,162.07666666666668,3,3,True,True,0.7610925186225082,-8.779993621372139
GRC,2010Q1,eurostat_hicp_midx_cp00_i15_el_2010_2019_2026_02_06|eurostat_hicp_midx_cp045_i15_el_2010_2025_2026_02_06,2026-02-06,2026-07-18T13:36:10.886482+00:00|2026-07-18T13:36:13.606843+00:00,96.40666666666664,63.79,3,3,True,True,,
GRC,2010Q2,eurostat_hicp_midx_cp00_i15_el_2010_2019_2026_02_06|eurostat_hicp_midx_cp045_i15_el_2010_2025_2026_02_06,2026-02-06,2026-07-18T13:36:10.886482+00:00|2026-07-18T13:36:13.606843+00:00,99.83666666666666,69.41333333333334,3,3,True,True,,
GRC,2010Q3,eurostat_hicp_midx_cp00_i15_el_2010_2019_2026_02_06|eurostat_hicp_midx_cp045_i15_el_2010_2025_2026_02_06,2026-02-06,2026-07-18T13:36:10.886482+00:00|2026-07-18T13:36:13.606843+00:00,99.68666666666668,70.01333333333334,3,3,True,True,,
GRC,2010Q4,eurostat_hicp_midx_cp00_i15_el_2010_2019_2026_02_06|eurostat_hicp_midx_cp045_i15_el_2010_2025_2026_02_06,2026-02-06,2026-07-18T13:36:10.886482+00:00|2026-07-18T13:36:13.606843+00:00,101.13333333333333,71.46,3,3,True,True,,
GRC,2011Q1,eurostat_hicp_midx_cp00_i15_el_2010_2019_2026_02_06|eurostat_hicp_midx_cp045_i15_el_2010_2025_2026_02_06,2026-02-06,2026-07-18T13:36:10.886482+00:00|2026-07-18T13:36:13.606843+00:00,100.7,78.78333333333335,3,3,True,True,4.453357305857164,23.5042065109474
GRC,2011Q2,eurostat_hicp_midx_cp00_i15_el_2010_2019_2026_02_06|eurostat_hicp_midx_cp045_i15_el_2010_2025_2026_02_06,2026-02-06,2026-07-18T13:36:10.886482+00:00|2026-07-18T13:36:13.606843+00:00,103.13333333333333,83.42666666666666,3,3,True,True,3.3020600313846016,20.18824433346138
GRC,2011Q3,eurostat_hicp_midx_cp00_i15_el_2010_2019_2026_02_06|eurostat_hicp_midx_cp045_i15_el_2010_2025_2026_02_06,2026-02-06,2026-07-18T13:36:10.886482+00:00|2026-07-18T13:36:13.606843+00:00,101.82333333333334,83.57000000000001,3,3,True,True,2.1433825988095956,19.36297848028947
GRC,2011Q4,eurostat_hicp_midx_cp00_i15_el_2010_2019_2026_02_06|eurostat_hicp_midx_cp045_i15_el_2010_2025_2026_02_06,2026-02-06,2026-07-18T13:36:10.886482+00:00|2026-07-18T13:36:13.606843+00:00,103.78666666666668,86.51666666666667,3,3,True,True,2.6235992089650884,21.070062505830766
GRC,2012Q1,eurostat_hicp_midx_cp00_i15_el_2010_2019_2026_02_06|eurostat_hicp_midx_cp045_i15_el_2010_2025_2026_02_06,2026-02-06,2026-07-18T13:36:10.886482+00:00|2026-07-18T13:36:13.606843+00:00,102.40333333333332,94.56,3,3,True,True,1.6914928831512688,20.025386079966133
GRC,2012Q2,eurostat_hicp_midx_cp00_i15_el_2010_2019_2026_02_06|eurostat_hicp_midx_cp045_i15_el_2010_2025_2026_02_06,2026-02-06,2026-07-18T13:36:10.886482+00:00|2026-07-18T13:36:13.606843+00:00,104.30666666666669,95.64666666666666,3,3,True,True,1.1376858435682147,14.64759469394279
GRC,2012Q3,eurostat_hicp_midx_cp00_i15_el_2010_2019_2026_02_06|eurostat_hicp_midx_cp045_i15_el_2010_2025_2026_02_06,2026-02-06,2026-07-18T13:36:10.886482+00:00|2026-07-18T13:36:13.606843+00:00,102.61,96.31666666666668,3,3,True,True,0.7725799587520843,15.252682382035033
GRC,2012Q4,eurostat_hicp_midx_cp00_i15_el_2010_2019_2026_02_06|eurostat_hicp_midx_cp045_i15_el_2010_2025_2026_02_06,2026-02-06,2026-07-18T13:36:10.886482+00:00|2026-07-18T13:36:13.606843+00:00,104.36,111.43666666666668,3,3,True,True,0.5524152106885838,28.80369870930459
GRC,2013Q1,eurostat_hicp_midx_cp00_i15_el_2010_2019_2026_02_06|eurostat_hicp_midx_cp045_i15_el_2010_2025_2026_02_06,2026-02-06,2026-07-18T13:36:10.886482+00:00|2026-07-18T13:36:13.606843+00:00,102.38333333333333,114.57,3,3,True,True,-0.0195306142378171,21.161167512690348
GRC,2013Q2,eurostat_hicp_midx_cp00_i15_el_2010_2019_2026_02_06|eurostat_hicp_midx_cp045_i15_el_2010_2025_2026_02_06,2026-02-06,2026-07-18T13:36:10.886482+00:00|2026-07-18T13:36:13.606843+00:00,103.91333333333334,113.17333333333332,3,3,True,True,-0.3770931867570049,18.324388373876065
GRC,2013Q3,eurostat_hicp_midx_cp00_i15_el_2010_2019_2026_02_06|eurostat_hicp_midx_cp045_i15_el_2010_2025_2026_02_06,2026-02-06,2026-07-18T13:36:10.886482+00:00|2026-07-18T13:36:13.606843+00:00,101.77333333333333,115.22666666666667,3,3,True,True,-0.8153851151609715,19.633154525004315
GRC,2013Q4,eurostat_hicp_midx_cp00_i15_el_2010_2019_2026_02_06|eurostat_hicp_midx_cp045_i15_el_2010_2025_2026_02_06,2026-02-06,2026-07-18T13:36:10.886482+00:00|2026-07-18T13:36:13.606843+00:00,102.07666666666668,115.71,3,3,True,True,-2.1879391848728558,3.834764141066649
GRC,2014Q1,eurostat_hicp_midx_cp00_i15_el_2010_2019_2026_02_06|eurostat_hicp_midx_cp045_i15_el_2010_2025_2026_02_06,2026-02-06,2026-07-18T13:36:10.886482+00:00|2026-07-18T13:36:13.606843+00:00,101.1,115.49666666666668,3,3,True,True,-1.2534592218785612,0.8088213901254138
GRC,2014Q2,eurostat_hicp_midx_cp00_i15_el_2010_2019_2026_02_06|eurostat_hicp_midx_cp045_i15_el_2010_2025_2026_02_06,2026-02-06,2026-07-18T13:36:10.886482+00:00|2026-07-18T13:36:13.606843+00:00,102.11666666666667,116.25666666666666,3,3,True,True,-1.7290049400141116,2.7244344957587208
GRC,2014Q3,eurostat_hicp_midx_cp00_i15_el_2010_2019_2026_02_06|eurostat_hicp_midx_cp045_i15_el_2010_2025_2026_02_06,2026-02-06,2026-07-18T13:36:10.886482+00:00|2026-07-18T13:36:13.606843+00:00,101.03000000000002,116.72666666666667,3,3,True,True,-0.7303812393554043,1.3017819949085796
GRC,2014Q4,eurostat_hicp_midx_cp00_i15_el_2010_2019_2026_02_06|eurostat_hicp_midx_cp045_i15_el_2010_2025_2026_02_06,2026-02-06,2026-07-18T13:36:10.886482+00:00|2026-07-18T13:36:13.606843+00:00,100.18333333333334,104.21333333333332,3,3,True,True,-1.854815008327082,-9.935758937573825
GRC,2015Q1,eurostat_hicp_midx_cp00_i15_el_2010_2019_2026_02_06|eurostat_hicp_midx_cp045_i15_el_2010_2025_2026_02_06,2026-02-06,2026-07-18T13:36:10.886482+00:00|2026-07-18T13:36:13.606843+00:00,98.9,100.43333333333334,3,3,True,True,-2.1760633036597365,-13.042223440791956
GRC,2015Q2,eurostat_hicp_midx_cp00_i15_el_2010_2019_2026_02_06|eurostat_hicp_midx_cp045_i15_el_2010_2025_2026_02_06,2026-02-06,2026-07-18T13:36:10.886482+00:00|2026-07-18T13:36:13.606843+00:00,100.64333333333332,101.50666666666666,3,3,True,True,-1.4427941896523855,-12.687444447630247
GRC,2015Q3,eurostat_hicp_midx_cp00_i15_el_2010_2019_2026_02_06|eurostat_hicp_midx_cp045_i15_el_2010_2025_2026_02_06,2026-02-06,2026-07-18T13:36:10.886482+00:00|2026-07-18T13:36:13.606843+00:00,100.21666666666664,101.12,3,3,True,True,-0.8050414068428879,-13.37026671997259
GRC,2015Q4,eurostat_hicp_midx_cp00_i15_el_2010_2019_2026_02_06|eurostat_hicp_midx_cp045_i15_el_2010_2025_2026_02_06,2026-02-06,2026-07-18T13:36:10.886482+00:00|2026-07-18T13:36:13.606843+00:00,100.24666666666668,96.94666666666666,3,3,True,True,0.06321743470305563,-6.972876151484131
GRC,2016Q1,eurostat_hicp_midx_cp00_i15_el_2010_2019_2026_02_06|eurostat_hicp_midx_cp045_i15_el_2010_2025_2026_02_06,2026-02-06,2026-07-18T13:36:10.886482+00:00|2026-07-18T13:36:13.606843+00:00,98.66,92.48666666666668,3,3,True,True,-0.24266936299293107,-7.912379688018579
GRC,2016Q2,eurostat_hicp_midx_cp00_i15_el_2010_2019_2026_02_06|eurostat_hicp_midx_cp045_i15_el_2010_2025_2026_02_06,2026-02-06,2026-07-18T13:36:10.886482+00:00|2026-07-18T13:36:13.606843+00:00,100.51,93.17333333333332,3,3,True,True,-0.132481038651322,-8.209641402863532
GRC,2016Q3,eurostat_hicp_midx_cp00_i15_el_2010_2019_2026_02_06|eurostat_hicp_midx_cp045_i15_el_2010_2025_2026_02_06,2026-02-06,2026-07-18T13:36:10.886482+00:00|2026-07-18T13:36:13.606843+00:00,100.40666666666668,93.18,3,3,True,True,0.18958922334944006,-7.852056962025311
GRC,2016Q4,eurostat_hicp_midx_cp00_i15_el_2010_2019_2026_02_06|eurostat_hicp_midx_cp045_i15_el_2010_2025_2026_02_06,2026-02-06,2026-07-18T13:36:10.886482+00:00|2026-07-18T13:36:13.606843+00:00,100.48333333333332,100.07333333333332,3,3,True,True,0.2360843253308209,3.225140970980611
GRC,2017Q1,eurostat_hicp_midx_cp00_i15_el_2010_2019_2026_02_06|eurostat_hicp_midx_cp045_i15_el_2010_2025_2026_02_06,2026-02-06,2026-07-18T13:36:10.886482+00:00|2026-07-18T13:36:13.606843+00:00,100.18,103.07,3,3,True,True,1.540644638151245,11.443090895984987
GRC,2017Q2,eurostat_hicp_midx_cp00_i15_el_2010_2019_2026_02_06|eurostat_hicp_midx_cp045_i15_el_2010_2025_2026_02_06,2026-02-06,2026-07-18T13:36:10.886482+00:00|2026-07-18T13:36:13.606843+00:00,101.86,102.43,3,3,True,True,1.3431499353298015,9.934888380080164
GRC,2017Q3,eurostat_hicp_midx_cp00_i15_el_2010_2019_2026_02_06|eurostat_hicp_midx_cp045_i15_el_2010_2025_2026_02_06,2026-02-06,2026-07-18T13:36:10.886482+00:00|2026-07-18T13:36:13.606843+00:00,101.26,101.87666666666668,3,3,True,True,0.8498771661908044,9.333190241110412
GRC,2017Q4,eurostat_hicp_midx_cp00_i15_el_2010_2019_2026_02_06|eurostat_hicp_midx_cp045_i15_el_2010_2025_2026_02_06,2026-02-06,2026-07-18T13:36:10.886482+00:00|2026-07-18T13:36:13.606843+00:00,101.31333333333332,101.71999999999998,3,3,True,True,0.8260076297893493,1.6454599960029181
GRC,2018Q1,eurostat_hicp_midx_cp00_i15_el_2010_2019_2026_02_06|eurostat_hicp_midx_cp045_i15_el_2010_2025_2026_02_06,2026-02-06,2026-07-18T13:36:10.886482+00:00|2026-07-18T13:36:13.606843+00:00,100.45,102.66333333333334,3,3,True,True,0.2695148732281938,-0.3945538630703904
GRC,2018Q2,eurostat_hicp_midx_cp00_i15_el_2010_2019_2026_02_06|eurostat_hicp_midx_cp045_i15_el_2010_2025_2026_02_06,2026-02-06,2026-07-18T13:36:10.886482+00:00|2026-07-18T13:36:13.606843+00:00,102.61666666666667,103.37333333333332,3,3,True,True,0.7428496629360737,0.9209541475478922
GRC,2018Q3,eurostat_hicp_midx_cp00_i15_el_2010_2019_2026_02_06|eurostat_hicp_midx_cp045_i15_el_2010_2025_2026_02_06,2026-02-06,2026-07-18T13:36:10.886482+00:00|2026-07-18T13:36:13.606843+00:00,102.20333333333332,103.78333333333336,3,3,True,True,0.9315952333925681,1.8715440238196601
GRC,2018Q4,eurostat_hicp_midx_cp00_i15_el_2010_2019_2026_02_06|eurostat_hicp_midx_cp045_i15_el_2010_2025_2026_02_06,2026-02-06,2026-07-18T13:36:10.886482+00:00|2026-07-18T13:36:13.606843+00:00,102.47666666666667,108.43333333333334,3,3,True,True,1.1482529446601442,6.599816489710331
GRC,2019Q1,eurostat_hicp_midx_cp00_i15_el_2010_2019_2026_02_06|eurostat_hicp_midx_cp045_i15_el_2010_2025_2026_02_06,2026-02-06,2026-07-18T13:36:10.886482+00:00|2026-07-18T13:36:13.606843+00:00,101.24,105.27666666666666,3,3,True,True,0.7864609258337429,2.5455371927659787
GRC,2019Q2,eurostat_hicp_midx_cp00_i15_el_2010_2019_2026_02_06|eurostat_hicp_midx_cp045_i15_el_2010_2025_2026_02_06,2026-02-06,2026-07-18T13:36:10.886482+00:00|2026-07-18T13:36:13.606843+00:00,103.26666666666668,104.18,3,3,True,True,0.6334253694981307,0.7803430929962829
GRC,2019Q3,eurostat_hicp_midx_cp00_i15_el_2010_2019_2026_02_06|eurostat_hicp_midx_cp045_i15_el_2010_2025_2026_02_06,2026-02-06,2026-07-18T13:36:10.886482+00:00|2026-07-18T13:36:13.606843+00:00,102.45333333333332,104.07,3,3,True,True,0.24461041714229914,0.27621647663398363
GRC,2019Q4,eurostat_hicp_midx_cp00_i15_el_2010_2019_2026_02_06|eurostat_hicp_midx_cp045_i15_el_2010_2025_2026_02_06,2026-02-06,2026-07-18T13:36:10.886482+00:00|2026-07-18T13:36:13.606843+00:00,102.89666666666666,104.91333333333334,3,3,True,True,0.4098493966105954,-3.2462342453120185
GRC,2020Q1,eurostat_hicp_midx_cp00_i15_el_2026_02_06|eurostat_hicp_midx_cp045_i15_el_2010_2025_2026_02_06,2026-02-06,2026-07-18T13:27:52.796702+00:00|2026-07-18T13:36:13.606843+00:00,101.80333333333331,102.03333333333336,3,3,True,True,0.5564335572237455,-3.0807713010163384
GRC,2020Q2,eurostat_hicp_midx_cp00_i15_el_2026_02_06|eurostat_hicp_midx_cp045_i15_el_2010_2025_2026_02_06,2026-02-06,2026-07-18T13:27:52.796702+00:00|2026-07-18T13:36:13.606843+00:00,102.06,90.83,3,3,True,True,-1.1684958037443627,-12.814359761950477
GRC,2020Q3,eurostat_hicp_midx_cp00_i15_el_2026_02_06|eurostat_hicp_midx_cp045_i15_el_2010_2025_2026_02_06,2026-02-06,2026-07-18T13:27:52.796702+00:00|2026-07-18T13:36:13.606843+00:00,100.17666666666666,89.26333333333332,3,3,True,True,-2.2221499219156615,-14.227603215784256
GRC,2020Q4,eurostat_hicp_midx_cp00_i15_el_2026_02_06|eurostat_hicp_midx_cp045_i15_el_2010_2025_2026_02_06,2026-02-06,2026-07-18T13:27:52.796702+00:00|2026-07-18T13:36:13.606843+00:00,100.64333333333332,92.73333333333332,3,3,True,True,-2.1898992516764526,-11.609582512550066
GRC,2021Q1,eurostat_hicp_midx_cp00_i15_el_2026_02_06|eurostat_hicp_midx_cp045_i15_el_2010_2025_2026_02_06,2026-02-06,2026-07-18T13:27:52.796702+00:00|2026-07-18T13:36:13.606843+00:00,99.67333333333332,96.6,3,3,True,True,-2.0922694083363336,-5.3250571708592265
GRC,2021Q2,eurostat_hicp_midx_cp00_i15_el_2026_02_06|eurostat_hicp_midx_cp045_i15_el_2010_2025_2026_02_06,2026-02-06,2026-07-18T13:27:52.796702+00:00|2026-07-18T13:36:13.606843+00:00,101.48,97.96,3,3,True,True,-0.5682931608857467,7.849829351535842
GRC,2021Q3,eurostat_hicp_midx_cp00_i15_el_2026_02_06|eurostat_hicp_midx_cp045_i15_el_2010_2025_2026_02_06,2026-02-06,2026-07-18T13:27:52.796702+00:00|2026-07-18T13:36:13.606843+00:00,101.44666666666669,98.72666666666667,3,3,True,True,1.2677602901540963,10.601590798760242
GRC,2021Q4,eurostat_hicp_midx_cp00_i15_el_2026_02_06|eurostat_hicp_midx_cp045_i15_el_2010_2025_2026_02_06,2026-02-06,2026-07-18T13:27:52.796702+00:00|2026-07-18T13:36:13.606843+00:00,104.40666666666668,127.35666666666668,3,3,True,True,3.7392773159341974,37.33644859813088
GRC,2022Q1,eurostat_hicp_midx_cp00_i15_el_2026_02_06|eurostat_hicp_midx_cp045_i15_el_2010_2025_2026_02_06,2026-02-06,2026-07-18T13:27:52.796702+00:00|2026-07-18T13:36:13.606843+00:00,106.23666666666668,152.90666666666667,3,3,True,True,6.584843823155673,58.288474810213955
GRC,2022Q2,eurostat_hicp_midx_cp00_i15_el_2026_02_06|eurostat_hicp_midx_cp045_i15_el_2010_2025_2026_02_06,2026-02-06,2026-07-18T13:27:52.796702+00:00|2026-07-18T13:36:13.606843+00:00,112.06333333333332,170.5533333333333,3,3,True,True,10.428984364735228,74.10507690213693
GRC,2022Q3,eurostat_hicp_midx_cp00_i15_el_2026_02_06|eurostat_hicp_midx_cp045_i15_el_2010_2025_2026_02_06,2026-02-06,2026-07-18T13:27:52.796702+00:00|2026-07-18T13:36:13.606843+00:00,113.15333333333336,170.67999999999998,3,3,True,True,11.539725307222204,72.88135593220335
GRC,2022Q4,eurostat_hicp_midx_cp00_i15_el_2026_02_06|eurostat_hicp_midx_cp045_i15_el_2010_2025_2026_02_06,2026-02-06,2026-07-18T13:27:52.796702+00:00|2026-07-18T13:36:13.606843+00:00,113.40333333333332,140.1,3,3,True,True,8.61694655513694,10.006019839296453
GRC,2023Q1,eurostat_hicp_midx_cp00_i15_el_2026_02_06|eurostat_hicp_midx_cp045_i15_el_2010_2025_2026_02_06,2026-02-06,2026-07-18T13:27:52.796702+00:00|2026-07-18T13:36:13.606843+00:00,113.02666666666669,136.33333333333334,3,3,True,True,6.3913902921150845,-10.838855946982907
GRC,2023Q2,eurostat_hicp_midx_cp00_i15_el_2026_02_06|eurostat_hicp_midx_cp045_i15_el_2010_2025_2026_02_06,2026-02-06,2026-07-18T13:27:52.796702+00:00|2026-07-18T13:36:13.606843+00:00,116.31666666666666,131.21333333333334,3,3,True,True,3.795472798120114,-23.06609858108899
GRC,2023Q3,eurostat_hicp_midx_cp00_i15_el_2026_02_06|eurostat_hicp_midx_cp045_i15_el_2010_2025_2026_02_06,2026-02-06,2026-07-18T13:27:52.796702+00:00|2026-07-18T13:36:13.606843+00:00,116.66333333333334,127.02,3,3,True,True,3.1019855063924906,-25.580032809936714
GRC,2023Q4,eurostat_hicp_midx_cp00_i15_el_2026_02_06|eurostat_hicp_midx_cp045_i15_el_2010_2025_2026_02_06,2026-02-06,2026-07-18T13:27:52.796702+00:00|2026-07-18T13:36:13.606843+00:00,117.33333333333331,132.09333333333333,3,3,True,True,3.4655065988653977,-5.7149655008327365
GRC,2024Q1,eurostat_hicp_midx_cp00_i15_el_2026_02_06|eurostat_hicp_midx_cp045_i15_el_2010_2025_2026_02_06,2026-02-06,2026-07-18T13:27:52.796702+00:00|2026-07-18T13:36:13.606843+00:00,116.68666666666668,129.71,3,3,True,True,3.238173882269657,-4.8581907090464505
GRC,2024Q2,eurostat_hicp_midx_cp00_i15_el_2026_02_06|eurostat_hicp_midx_cp045_i15_el_2010_2025_2026_02_06,2026-02-06,2026-07-18T13:27:52.796702+00:00|2026-07-18T13:36:13.606843+00:00,119.41666666666669,123.54333333333334,3,3,True,True,2.6651382719587557,-5.845442536327605
GRC,2024Q3,eurostat_hicp_midx_cp00_i15_el_2026_02_06|eurostat_hicp_midx_cp045_i15_el_2010_2025_2026_02_06,2026-02-06,2026-07-18T13:27:52.796702+00:00|2026-07-18T13:36:13.606843+00:00,120.27666666666666,135.86,3,3,True,True,3.097231349467111,6.959533931664308
GRC,2024Q4,eurostat_hicp_midx_cp00_i15_el_2026_02_06|eurostat_hicp_midx_cp045_i15_el_2010_2025_2026_02_06,2026-02-06,2026-07-18T13:27:52.796702+00:00|2026-07-18T13:36:13.606843+00:00,120.84666666666664,135.13666666666666,3,3,True,True,2.9943181818181674,2.3039265166044043
GRC,2025Q1,eurostat_hicp_midx_cp00_i15_el_2026_02_06|eurostat_hicp_midx_cp045_i15_el_2010_2025_2026_02_06,2026-02-06,2026-07-18T13:27:52.796702+00:00|2026-07-18T13:36:13.606843+00:00,120.30333333333331,136.47,3,3,True,True,3.0994686625149592,5.211625934777575
GRC,2025Q2,eurostat_hicp_midx_cp00_i15_el_2026_02_06|eurostat_hicp_midx_cp045_i15_el_2010_2025_2026_02_06,2026-02-06,2026-07-18T13:27:52.796702+00:00|2026-07-18T13:36:13.606843+00:00,123.2,130.47,3,3,True,True,3.1681786461967842,5.606669724523106
GRC,2025Q3,eurostat_hicp_midx_cp00_i15_el_2026_02_06|eurostat_hicp_midx_cp045_i15_el_2010_2025_2026_02_06,2026-02-06,2026-07-18T13:27:52.796702+00:00|2026-07-18T13:36:13.606843+00:00,123.71666666666664,135.96,3,3,True,True,2.860072610370512,0.07360518180479225
GRC,2025Q4,eurostat_hicp_midx_cp00_i15_el_2026_02_06|eurostat_hicp_midx_cp045_i15_el_2010_2025_2026_02_06,2026-02-06,2026-07-18T13:27:52.796702+00:00|2026-07-18T13:36:13.606843+00:00,123.79,133.42,3,3,True,True,2.4355933138412666,-1.270318936385384
HRV,2010Q1,eurostat_hicp_midx_cp00_i15_2010_2019_2026_02_06|eurostat_hicp_midx_cp045_i15_2010_2025_2026_02_06,2026-02-06,2026-07-18T13:36:09.327867+00:00|2026-07-18T13:36:12.596560+00:00,91.85,82.87,3,3,True,True,,
HRV,2010Q2,eurostat_hicp_midx_cp00_i15_2010_2019_2026_02_06|eurostat_hicp_midx_cp045_i15_2010_2025_2026_02_06,2026-02-06,2026-07-18T13:36:09.327867+00:00|2026-07-18T13:36:12.596560+00:00,92.85333333333334,83.53,3,3,True,True,,
HRV,2010Q3,eurostat_hicp_midx_cp00_i15_2010_2019_2026_02_06|eurostat_hicp_midx_cp045_i15_2010_2025_2026_02_06,2026-02-06,2026-07-18T13:36:09.327867+00:00|2026-07-18T13:36:12.596560+00:00,92.7,83.62666666666667,3,3,True,True,,
HRV,2010Q4,eurostat_hicp_midx_cp00_i15_2010_2019_2026_02_06|eurostat_hicp_midx_cp045_i15_2010_2025_2026_02_06,2026-02-06,2026-07-18T13:36:09.327867+00:00|2026-07-18T13:36:12.596560+00:00,92.78333333333336,83.88,3,3,True,True,,
HRV,2011Q1,eurostat_hicp_midx_cp00_i15_2010_2019_2026_02_06|eurostat_hicp_midx_cp045_i15_2010_2025_2026_02_06,2026-02-06,2026-07-18T13:36:09.327867+00:00|2026-07-18T13:36:12.596560+00:00,93.83666666666666,84.29666666666667,3,3,True,True,2.162946833605517,1.7215719399863216
HRV,2011Q2,eurostat_hicp_midx_cp00_i15_2010_2019_2026_02_06|eurostat_hicp_midx_cp045_i15_2010_2025_2026_02_06,2026-02-06,2026-07-18T13:36:09.327867+00:00|2026-07-18T13:36:12.596560+00:00,94.95666666666666,85.02999999999999,3,3,True,True,2.2652211372774067,1.7957620016760378
HRV,2011Q3,eurostat_hicp_midx_cp00_i15_2010_2019_2026_02_06|eurostat_hicp_midx_cp045_i15_2010_2025_2026_02_06,2026-02-06,2026-07-18T13:36:09.327867+00:00|2026-07-18T13:36:12.596560+00:00,94.59,86.18,3,3,True,True,2.038834951456314,3.0532525510204245
HRV,2011Q4,eurostat_hicp_midx_cp00_i15_2010_2019_2026_02_06|eurostat_hicp_midx_cp045_i15_2010_2025_2026_02_06,2026-02-06,2026-07-18T13:36:09.327867+00:00|2026-07-18T13:36:12.596560+00:00,94.98333333333332,86.65333333333335,3,3,True,True,2.3711155020657015,3.3063106024479705
HRV,2012Q1,eurostat_hicp_midx_cp00_i15_2010_2019_2026_02_06|eurostat_hicp_midx_cp045_i15_2010_2025_2026_02_06,2026-02-06,2026-07-18T13:36:09.327867+00:00|2026-07-18T13:36:12.596560+00:00,95.42,88.14333333333333,3,3,True,True,1.687329046925523,4.563248843370626
HRV,2012Q2,eurostat_hicp_midx_cp00_i15_2010_2019_2026_02_06|eurostat_hicp_midx_cp045_i15_2010_2025_2026_02_06,2026-02-06,2026-07-18T13:36:09.327867+00:00|2026-07-18T13:36:12.596560+00:00,98.03000000000002,98.63,3,3,True,True,3.2365640467581835,15.994354933552879
HRV,2012Q3,eurostat_hicp_midx_cp00_i15_2010_2019_2026_02_06|eurostat_hicp_midx_cp045_i15_2010_2025_2026_02_06,2026-02-06,2026-07-18T13:36:09.327867+00:00|2026-07-18T13:36:12.596560+00:00,98.48,102.52333333333333,3,3,True,True,4.1124854635796515,18.96418349191613
HRV,2012Q4,eurostat_hicp_midx_cp00_i15_2010_2019_2026_02_06|eurostat_hicp_midx_cp045_i15_2010_2025_2026_02_06,2026-02-06,2026-07-18T13:36:09.327867+00:00|2026-07-18T13:36:12.596560+00:00,99.12333333333332,103.58,3,3,True,True,4.358659413932275,19.53377442683488
HRV,2013Q1,eurostat_hicp_midx_cp00_i15_2010_2019_2026_02_06|eurostat_hicp_midx_cp045_i15_2010_2025_2026_02_06,2026-02-06,2026-07-18T13:36:09.327867+00:00|2026-07-18T13:36:12.596560+00:00,99.39,103.58,3,3,True,True,4.160553343114648,17.513141474114136
HRV,2013Q2,eurostat_hicp_midx_cp00_i15_2010_2019_2026_02_06|eurostat_hicp_midx_cp045_i15_2010_2025_2026_02_06,2026-02-06,2026-07-18T13:36:09.327867+00:00|2026-07-18T13:36:12.596560+00:00,100.34333333333336,102.94666666666666,3,3,True,True,2.3598218232514068,4.376626449018217
HRV,2013Q3,eurostat_hicp_midx_cp00_i15_2010_2019_2026_02_06|eurostat_hicp_midx_cp045_i15_2010_2025_2026_02_06,2026-02-06,2026-07-18T13:36:09.327867+00:00|2026-07-18T13:36:12.596560+00:00,100.67,103.32333333333334,3,3,True,True,2.223801787164903,0.7803101732938966
HRV,2013Q4,eurostat_hicp_midx_cp00_i15_2010_2019_2026_02_06|eurostat_hicp_midx_cp045_i15_2010_2025_2026_02_06,2026-02-06,2026-07-18T13:36:09.327867+00:00|2026-07-18T13:36:12.596560+00:00,99.74666666666668,102.16,3,3,True,True,0.6288462185156884,-1.3709210272253358
HRV,2014Q1,eurostat_hicp_midx_cp00_i15_2010_2019_2026_02_06|eurostat_hicp_midx_cp045_i15_2010_2025_2026_02_06,2026-02-06,2026-07-18T13:36:09.327867+00:00|2026-07-18T13:36:12.596560+00:00,99.45,103.44333333333331,3,3,True,True,0.06036824630244464,-0.1319431035592622
HRV,2014Q2,eurostat_hicp_midx_cp00_i15_2010_2019_2026_02_06|eurostat_hicp_midx_cp045_i15_2010_2025_2026_02_06,2026-02-06,2026-07-18T13:36:09.327867+00:00|2026-07-18T13:36:12.596560+00:00,100.59333333333332,102.99333333333334,3,3,True,True,0.24914460352785106,0.04533091568450498
HRV,2014Q3,eurostat_hicp_midx_cp00_i15_2010_2019_2026_02_06|eurostat_hicp_midx_cp045_i15_2010_2025_2026_02_06,2026-02-06,2026-07-18T13:36:09.327867+00:00|2026-07-18T13:36:12.596560+00:00,101.01333333333334,103.09666666666668,3,3,True,True,0.3410483096586203,-0.21937606865179982
HRV,2014Q4,eurostat_hicp_midx_cp00_i15_2010_2019_2026_02_06|eurostat_hicp_midx_cp045_i15_2010_2025_2026_02_06,2026-02-06,2026-07-18T13:36:09.327867+00:00|2026-07-18T13:36:12.596560+00:00,99.97333333333334,102.67,3,3,True,True,0.22724234727977688,0.49921691464369644
HRV,2015Q1,eurostat_hicp_midx_cp00_i15_2010_2019_2026_02_06|eurostat_hicp_midx_cp045_i15_2010_2025_2026_02_06,2026-02-06,2026-07-18T13:36:09.327867+00:00|2026-07-18T13:36:12.596560+00:00,99.12333333333332,101.33666666666666,3,3,True,True,-0.3284732696497539,-2.0365417458834023
HRV,2015Q2,eurostat_hicp_midx_cp00_i15_2010_2019_2026_02_06|eurostat_hicp_midx_cp045_i15_2010_2025_2026_02_06,2026-02-06,2026-07-18T13:36:09.327867+00:00|2026-07-18T13:36:12.596560+00:00,100.58666666666666,100.54666666666668,3,3,True,True,-0.006627344423082437,-2.3755582885623627
HRV,2015Q3,eurostat_hicp_midx_cp00_i15_2010_2019_2026_02_06|eurostat_hicp_midx_cp045_i15_2010_2025_2026_02_06,2026-02-06,2026-07-18T13:36:09.327867+00:00|2026-07-18T13:36:12.596560+00:00,100.73666666666666,99.42333333333332,3,3,True,True,-0.27389123548047234,-3.5629991270329064
HRV,2015Q4,eurostat_hicp_midx_cp00_i15_2010_2019_2026_02_06|eurostat_hicp_midx_cp045_i15_2010_2025_2026_02_06,2026-02-06,2026-07-18T13:36:09.327867+00:00|2026-07-18T13:36:12.596560+00:00,99.55666666666666,98.69333333333331,3,3,True,True,-0.416777807415325,-3.8732508684783173
HRV,2016Q1,eurostat_hicp_midx_cp00_i15_2010_2019_2026_02_06|eurostat_hicp_midx_cp045_i15_2010_2025_2026_02_06,2026-02-06,2026-07-18T13:36:09.327867+00:00|2026-07-18T13:36:12.596560+00:00,98.58,96.32666666666668,3,3,True,True,-0.5481386824494616,-4.943916318542129
HRV,2016Q2,eurostat_hicp_midx_cp00_i15_2010_2019_2026_02_06|eurostat_hicp_midx_cp045_i15_2010_2025_2026_02_06,2026-02-06,2026-07-18T13:36:09.327867+00:00|2026-07-18T13:36:12.596560+00:00,99.49666666666668,94.11666666666667,3,3,True,True,-1.0836426299045354,-6.395040445564259
HRV,2016Q3,eurostat_hicp_midx_cp00_i15_2010_2019_2026_02_06|eurostat_hicp_midx_cp045_i15_2010_2025_2026_02_06,2026-02-06,2026-07-18T13:36:09.327867+00:00|2026-07-18T13:36:12.596560+00:00,99.65666666666668,94.46333333333332,3,3,True,True,-1.072102180602874,-4.988768565393764
HRV,2016Q4,eurostat_hicp_midx_cp00_i15_2010_2019_2026_02_06|eurostat_hicp_midx_cp045_i15_2010_2025_2026_02_06,2026-02-06,2026-07-18T13:36:09.327867+00:00|2026-07-18T13:36:12.596560+00:00,99.75,95.12,3,3,True,True,0.19419426122477823,-3.6206430694406655
HRV,2017Q1,eurostat_hicp_midx_cp00_i15_2010_2019_2026_02_06|eurostat_hicp_midx_cp045_i15_2010_2025_2026_02_06,2026-02-06,2026-07-18T13:36:09.327867+00:00|2026-07-18T13:36:12.596560+00:00,99.71,90.63666666666666,3,3,True,True,1.1462771353215606,-5.906983182227165
HRV,2017Q2,eurostat_hicp_midx_cp00_i15_2010_2019_2026_02_06|eurostat_hicp_midx_cp045_i15_2010_2025_2026_02_06,2026-02-06,2026-07-18T13:36:09.327867+00:00|2026-07-18T13:36:12.596560+00:00,100.63666666666666,89.5,3,3,True,True,1.1457670273710807,-4.905259429785735
HRV,2017Q3,eurostat_hicp_midx_cp00_i15_2010_2019_2026_02_06|eurostat_hicp_midx_cp045_i15_2010_2025_2026_02_06,2026-02-06,2026-07-18T13:36:09.327867+00:00|2026-07-18T13:36:12.596560+00:00,101.09,90.54666666666668,3,3,True,True,1.4382713984680606,-4.14622957761387
HRV,2017Q4,eurostat_hicp_midx_cp00_i15_2010_2019_2026_02_06|eurostat_hicp_midx_cp045_i15_2010_2025_2026_02_06,2026-02-06,2026-07-18T13:36:09.327867+00:00|2026-07-18T13:36:12.596560+00:00,101.22333333333334,94.12,3,3,True,True,1.4770258980785433,-1.0513036164844447
HRV,2018Q1,eurostat_hicp_midx_cp00_i15_2010_2019_2026_02_06|eurostat_hicp_midx_cp045_i15_2010_2025_2026_02_06,2026-02-06,2026-07-18T13:36:09.327867+00:00|2026-07-18T13:36:12.596560+00:00,100.82,94.23666666666666,3,3,True,True,1.113228362250518,3.9719024677282944
HRV,2018Q2,eurostat_hicp_midx_cp00_i15_2010_2019_2026_02_06|eurostat_hicp_midx_cp045_i15_2010_2025_2026_02_06,2026-02-06,2026-07-18T13:36:09.327867+00:00|2026-07-18T13:36:12.596560+00:00,102.44333333333331,95.15,3,3,True,True,1.7952369911562904,6.31284916201118
HRV,2018Q3,eurostat_hicp_midx_cp00_i15_2010_2019_2026_02_06|eurostat_hicp_midx_cp045_i15_2010_2025_2026_02_06,2026-02-06,2026-07-18T13:36:09.327867+00:00|2026-07-18T13:36:12.596560+00:00,103.10666666666668,95.86666666666667,3,3,True,True,1.994922016684808,5.8754233544396905
HRV,2018Q4,eurostat_hicp_midx_cp00_i15_2010_2019_2026_02_06|eurostat_hicp_midx_cp045_i15_2010_2025_2026_02_06,2026-02-06,2026-07-18T13:36:09.327867+00:00|2026-07-18T13:36:12.596560+00:00,102.56,96.35333333333334,3,3,True,True,1.3205123983271339,2.372857345233026
HRV,2019Q1,eurostat_hicp_midx_cp00_i15_2010_2019_2026_02_06|eurostat_hicp_midx_cp045_i15_2010_2025_2026_02_06,2026-02-06,2026-07-18T13:36:09.327867+00:00|2026-07-18T13:36:12.596560+00:00,101.64333333333332,95.91,3,3,True,True,0.8166369106658689,1.7756711824838067
HRV,2019Q2,eurostat_hicp_midx_cp00_i15_2010_2019_2026_02_06|eurostat_hicp_midx_cp045_i15_2010_2025_2026_02_06,2026-02-06,2026-07-18T13:36:09.327867+00:00|2026-07-18T13:36:12.596560+00:00,103.25,97.93,3,3,True,True,0.7874271955227385,2.921702574881757
HRV,2019Q3,eurostat_hicp_midx_cp00_i15_2010_2019_2026_02_06|eurostat_hicp_midx_cp045_i15_2010_2025_2026_02_06,2026-02-06,2026-07-18T13:36:09.327867+00:00|2026-07-18T13:36:12.596560+00:00,103.79666666666668,97.37666666666668,3,3,True,True,0.6692098797361989,1.575104311543818
HRV,2019Q4,eurostat_hicp_midx_cp00_i15_2010_2019_2026_02_06|eurostat_hicp_midx_cp045_i15_2010_2025_2026_02_06,2026-02-06,2026-07-18T13:36:09.327867+00:00|2026-07-18T13:36:12.596560+00:00,103.47666666666667,97.35,3,3,True,True,0.8937857514300651,1.0343873244309076
HRV,2020Q1,eurostat_hicp_midx_cp00_i15_2026_02_06|eurostat_hicp_midx_cp045_i15_2010_2025_2026_02_06,2026-02-06,2026-07-18T13:22:23.066990+00:00|2026-07-18T13:36:12.596560+00:00,102.81666666666668,95.97333333333334,3,3,True,True,1.1543632964942985,0.06603412921837304
HRV,2020Q2,eurostat_hicp_midx_cp00_i15_2026_02_06|eurostat_hicp_midx_cp045_i15_2010_2025_2026_02_06,2026-02-06,2026-07-18T13:22:23.066990+00:00|2026-07-18T13:36:12.596560+00:00,102.81,90.21999999999998,3,3,True,True,-0.42615012106537176,-7.872970489124908
HRV,2020Q3,eurostat_hicp_midx_cp00_i15_2026_02_06|eurostat_hicp_midx_cp045_i15_2010_2025_2026_02_06,2026-02-06,2026-07-18T13:22:23.066990+00:00|2026-07-18T13:36:12.596560+00:00,103.31,91.67666666666666,3,3,True,True,-0.4688654099361034,-5.85355834731115
HRV,2020Q4,eurostat_hicp_midx_cp00_i15_2026_02_06|eurostat_hicp_midx_cp045_i15_2010_2025_2026_02_06,2026-02-06,2026-07-18T13:22:23.066990+00:00|2026-07-18T13:36:12.596560+00:00,103.30666666666666,91.62,3,3,True,True,-0.1642882453371297,-5.885978428351302
HRV,2021Q1,eurostat_hicp_midx_cp00_i15_2026_02_06|eurostat_hicp_midx_cp045_i15_2010_2025_2026_02_06,2026-02-06,2026-07-18T13:22:23.066990+00:00|2026-07-18T13:36:12.596560+00:00,103.58,94.21999999999998,3,3,True,True,0.7424217863510885,-1.8268963601000499
HRV,2021Q2,eurostat_hicp_midx_cp00_i15_2026_02_06|eurostat_hicp_midx_cp045_i15_2010_2025_2026_02_06,2026-02-06,2026-07-18T13:22:23.066990+00:00|2026-07-18T13:36:12.596560+00:00,105.10333333333334,96.26333333333332,3,3,True,True,2.2306520118017037,6.698440848296761
HRV,2021Q3,eurostat_hicp_midx_cp00_i15_2026_02_06|eurostat_hicp_midx_cp045_i15_2010_2025_2026_02_06,2026-02-06,2026-07-18T13:22:23.066990+00:00|2026-07-18T13:36:12.596560+00:00,106.53666666666668,97.87666666666668,3,3,True,True,3.123285903268491,6.762898592880795
HRV,2021Q4,eurostat_hicp_midx_cp00_i15_2026_02_06|eurostat_hicp_midx_cp045_i15_2010_2025_2026_02_06,2026-02-06,2026-07-18T13:22:23.066990+00:00|2026-07-18T13:36:12.596560+00:00,108.04666666666668,100.33333333333331,3,3,True,True,4.588280846670134,9.510296150767639
HRV,2022Q1,eurostat_hicp_midx_cp00_i15_2026_02_06|eurostat_hicp_midx_cp045_i15_2010_2025_2026_02_06,2026-02-06,2026-07-18T13:22:23.066990+00:00|2026-07-18T13:36:12.596560+00:00,110.16333333333334,102.48666666666668,3,3,True,True,6.355795842183176,8.77379183471312
HRV,2022Q2,eurostat_hicp_midx_cp00_i15_2026_02_06|eurostat_hicp_midx_cp045_i15_2010_2025_2026_02_06,2026-02-06,2026-07-18T13:22:23.066990+00:00|2026-07-18T13:36:12.596560+00:00,116.45,115.67666666666666,3,3,True,True,10.795724842218757,20.16690328612487
HRV,2022Q3,eurostat_hicp_midx_cp00_i15_2026_02_06|eurostat_hicp_midx_cp045_i15_2010_2025_2026_02_06,2026-02-06,2026-07-18T13:22:23.066990+00:00|2026-07-18T13:36:12.596560+00:00,119.95333333333332,117.09333333333332,3,3,True,True,12.59347329557896,19.63355242992879
HRV,2022Q4,eurostat_hicp_midx_cp00_i15_2026_02_06|eurostat_hicp_midx_cp045_i15_2010_2025_2026_02_06,2026-02-06,2026-07-18T13:22:23.066990+00:00|2026-07-18T13:36:12.596560+00:00,121.86333333333334,121.02,3,3,True,True,12.787684333929782,20.61794019933556
HRV,2023Q1,eurostat_hicp_midx_cp00_i15_2026_02_06|eurostat_hicp_midx_cp045_i15_2010_2025_2026_02_06,2026-02-06,2026-07-18T13:22:23.066990+00:00|2026-07-18T13:36:12.596560+00:00,122.91666666666669,118.68,3,3,True,True,11.576749674725416,15.80042932413972
HRV,2023Q2,eurostat_hicp_midx_cp00_i15_2026_02_06|eurostat_hicp_midx_cp045_i15_2010_2025_2026_02_06,2026-02-06,2026-07-18T13:22:23.066990+00:00|2026-07-18T13:36:12.596560+00:00,126.31666666666666,116.89,3,3,True,True,8.472878202375833,1.048900671411701
HRV,2023Q3,eurostat_hicp_midx_cp00_i15_2026_02_06|eurostat_hicp_midx_cp045_i15_2010_2025_2026_02_06,2026-02-06,2026-07-18T13:22:23.066990+00:00|2026-07-18T13:36:12.596560+00:00,129.50333333333333,118.07333333333334,3,3,True,True,7.961429444784085,0.8369391938055193
HRV,2023Q4,eurostat_hicp_midx_cp00_i15_2026_02_06|eurostat_hicp_midx_cp045_i15_2010_2025_2026_02_06,2026-02-06,2026-07-18T13:22:23.066990+00:00|2026-07-18T13:36:12.596560+00:00,129.01,117.73,3,3,True,True,5.86449301129679,-2.7185589158816637
HRV,2024Q1,eurostat_hicp_midx_cp00_i15_2026_02_06|eurostat_hicp_midx_cp045_i15_2010_2025_2026_02_06,2026-02-06,2026-07-18T13:22:23.066990+00:00|2026-07-18T13:36:12.596560+00:00,128.83333333333334,117.15,3,3,True,True,4.813559322033889,-1.2891809908998964
HRV,2024Q2,eurostat_hicp_midx_cp00_i15_2026_02_06|eurostat_hicp_midx_cp045_i15_2010_2025_2026_02_06,2026-02-06,2026-07-18T13:22:23.066990+00:00|2026-07-18T13:36:12.596560+00:00,131.57000000000002,115.07,3,3,True,True,4.158860007916632,-1.557019419967498
HRV,2024Q3,eurostat_hicp_midx_cp00_i15_2026_02_06|eurostat_hicp_midx_cp045_i15_2010_2025_2026_02_06,2026-02-06,2026-07-18T13:22:23.066990+00:00|2026-07-18T13:36:12.596560+00:00,133.54666666666665,114.14333333333332,3,3,True,True,3.1221847571490935,-3.328439952571871
HRV,2024Q4,eurostat_hicp_midx_cp00_i15_2026_02_06|eurostat_hicp_midx_cp045_i15_2010_2025_2026_02_06,2026-02-06,2026-07-18T13:22:23.066990+00:00|2026-07-18T13:36:12.596560+00:00,134.19333333333333,119.37,3,3,True,True,4.017776399762285,1.3930179223647254
HRV,2025Q1,eurostat_hicp_midx_cp00_i15_2026_02_06|eurostat_hicp_midx_cp045_i15_2010_2025_2026_02_06,2026-02-06,2026-07-18T13:22:23.066990+00:00|2026-07-18T13:36:12.596560+00:00,134.8733333333333,124.21,3,3,True,True,4.688227684346669,6.026461801109684
HRV,2025Q2,eurostat_hicp_midx_cp00_i15_2026_02_06|eurostat_hicp_midx_cp045_i15_2010_2025_2026_02_06,2026-02-06,2026-07-18T13:22:23.066990+00:00|2026-07-18T13:36:12.596560+00:00,137.11666666666667,122.96333333333332,3,3,True,True,4.215753337893635,6.859592711682749
HRV,2025Q3,eurostat_hicp_midx_cp00_i15_2026_02_06|eurostat_hicp_midx_cp045_i15_2010_2025_2026_02_06,2026-02-06,2026-07-18T13:22:23.066990+00:00|2026-07-18T13:36:12.596560+00:00,139.69333333333336,123.67,3,3,True,True,4.602635782747622,8.34623134655259
HRV,2025Q4,eurostat_hicp_midx_cp00_i15_2026_02_06|eurostat_hicp_midx_cp045_i15_2010_2025_2026_02_06,2026-02-06,2026-07-18T13:22:23.066990+00:00|2026-07-18T13:36:12.596560+00:00,139.59666666666666,130.02666666666667,3,3,True,True,4.026528888668102,8.92742453436095
HUN,2010Q1,eurostat_hicp_midx_cp00_i15_2010_2019_2026_02_06|eurostat_hicp_midx_cp045_i15_2010_2025_2026_02_06,2026-02-06,2026-07-18T13:36:09.327867+00:00|2026-07-18T13:36:12.596560+00:00,88.10333333333334,110.25,3,3,True,True,,
HUN,2010Q2,eurostat_hicp_midx_cp00_i15_2010_2019_2026_02_06|eurostat_hicp_midx_cp045_i15_2010_2025_2026_02_06,2026-02-06,2026-07-18T13:36:09.327867+00:00|2026-07-18T13:36:12.596560+00:00,89.78333333333335,115.40333333333332,3,3,True,True,,
HUN,2010Q3,eurostat_hicp_midx_cp00_i15_2010_2019_2026_02_06|eurostat_hicp_midx_cp045_i15_2010_2025_2026_02_06,2026-02-06,2026-07-18T13:36:09.327867+00:00|2026-07-18T13:36:12.596560+00:00,89.80666666666666,115.08333333333331,3,3,True,True,,
HUN,2010Q4,eurostat_hicp_midx_cp00_i15_2010_2019_2026_02_06|eurostat_hicp_midx_cp045_i15_2010_2025_2026_02_06,2026-02-06,2026-07-18T13:36:09.327867+00:00|2026-07-18T13:36:12.596560+00:00,90.17666666666666,115.69666666666669,3,3,True,True,,
HUN,2011Q1,eurostat_hicp_midx_cp00_i15_2010_2019_2026_02_06|eurostat_hicp_midx_cp045_i15_2010_2025_2026_02_06,2026-02-06,2026-07-18T13:36:09.327867+00:00|2026-07-18T13:36:12.596560+00:00,91.85333333333334,118.94333333333331,3,3,True,True,4.256365631266323,7.885109599395301
HUN,2011Q2,eurostat_hicp_midx_cp00_i15_2010_2019_2026_02_06|eurostat_hicp_midx_cp045_i15_2010_2025_2026_02_06,2026-02-06,2026-07-18T13:36:09.327867+00:00|2026-07-18T13:36:12.596560+00:00,93.30666666666669,120.02333333333333,3,3,True,True,3.9242621124930377,4.003350567574593
HUN,2011Q3,eurostat_hicp_midx_cp00_i15_2010_2019_2026_02_06|eurostat_hicp_midx_cp045_i15_2010_2025_2026_02_06,2026-02-06,2026-07-18T13:36:09.327867+00:00|2026-07-18T13:36:12.596560+00:00,92.9,121.00666666666666,3,3,True,True,3.4444361962735037,5.14699493120927
HUN,2011Q4,eurostat_hicp_midx_cp00_i15_2010_2019_2026_02_06|eurostat_hicp_midx_cp045_i15_2010_2025_2026_02_06,2026-02-06,2026-07-18T13:36:09.327867+00:00|2026-07-18T13:36:12.596560+00:00,93.84333333333332,122.85666666666668,3,3,True,True,4.066092485121797,6.188596617591968
HUN,2012Q1,eurostat_hicp_midx_cp00_i15_2010_2019_2026_02_06|eurostat_hicp_midx_cp045_i15_2010_2025_2026_02_06,2026-02-06,2026-07-18T13:36:09.327867+00:00|2026-07-18T13:36:12.596560+00:00,97.03333333333336,127.57333333333334,3,3,True,True,5.639425170561796,7.255555866939467
HUN,2012Q2,eurostat_hicp_midx_cp00_i15_2010_2019_2026_02_06|eurostat_hicp_midx_cp045_i15_2010_2025_2026_02_06,2026-02-06,2026-07-18T13:36:09.327867+00:00|2026-07-18T13:36:12.596560+00:00,98.46666666666664,128.24666666666667,3,3,True,True,5.530151471849054,6.851445552253743
HUN,2012Q3,eurostat_hicp_midx_cp00_i15_2010_2019_2026_02_06|eurostat_hicp_midx_cp045_i15_2010_2025_2026_02_06,2026-02-06,2026-07-18T13:36:09.327867+00:00|2026-07-18T13:36:12.596560+00:00,98.5,127.62,3,3,True,True,6.027987082884811,5.465263621839034
HUN,2012Q4,eurostat_hicp_midx_cp00_i15_2010_2019_2026_02_06|eurostat_hicp_midx_cp045_i15_2010_2025_2026_02_06,2026-02-06,2026-07-18T13:36:09.327867+00:00|2026-07-18T13:36:12.596560+00:00,98.96666666666664,128.53333333333333,3,3,True,True,5.459453699428107,4.620560544808305
HUN,2013Q1,eurostat_hicp_midx_cp00_i15_2010_2019_2026_02_06|eurostat_hicp_midx_cp045_i15_2010_2025_2026_02_06,2026-02-06,2026-07-18T13:36:09.327867+00:00|2026-07-18T13:36:12.596560+00:00,99.62333333333332,117.46333333333332,3,3,True,True,2.6691858467880136,-7.924853678929777
HUN,2013Q2,eurostat_hicp_midx_cp00_i15_2010_2019_2026_02_06|eurostat_hicp_midx_cp045_i15_2010_2025_2026_02_06,2026-02-06,2026-07-18T13:36:09.327867+00:00|2026-07-18T13:36:12.596560+00:00,100.29,117.32666666666668,3,3,True,True,1.8517264725795846,-8.514841191453959
HUN,2013Q3,eurostat_hicp_midx_cp00_i15_2010_2019_2026_02_06|eurostat_hicp_midx_cp045_i15_2010_2025_2026_02_06,2026-02-06,2026-07-18T13:36:09.327867+00:00|2026-07-18T13:36:12.596560+00:00,100.10666666666668,116.71666666666664,3,3,True,True,1.6311336717428349,-8.543592958261526
HUN,2013Q4,eurostat_hicp_midx_cp00_i15_2010_2019_2026_02_06|eurostat_hicp_midx_cp045_i15_2010_2025_2026_02_06,2026-02-06,2026-07-18T13:36:09.327867+00:00|2026-07-18T13:36:12.596560+00:00,99.65333333333332,109.38666666666668,3,3,True,True,0.6938363085214005,-14.896265560165956
HUN,2014Q1,eurostat_hicp_midx_cp00_i15_2010_2019_2026_02_06|eurostat_hicp_midx_cp045_i15_2010_2025_2026_02_06,2026-02-06,2026-07-18T13:36:09.327867+00:00|2026-07-18T13:36:12.596560+00:00,100.05666666666669,105.66,3,3,True,True,0.43497172683779617,-10.048525781094808
HUN,2014Q2,eurostat_hicp_midx_cp00_i15_2010_2019_2026_02_06|eurostat_hicp_midx_cp045_i15_2010_2025_2026_02_06,2026-02-06,2026-07-18T13:36:09.327867+00:00|2026-07-18T13:36:12.596560+00:00,100.2,102.76666666666668,3,3,True,True,-0.08973975471133766,-12.409796011136997
HUN,2014Q3,eurostat_hicp_midx_cp00_i15_2010_2019_2026_02_06|eurostat_hicp_midx_cp045_i15_2010_2025_2026_02_06,2026-02-06,2026-07-18T13:36:09.327867+00:00|2026-07-18T13:36:12.596560+00:00,100.18,101.99666666666668,3,3,True,True,0.073255194459243,-12.611737826645687
HUN,2014Q4,eurostat_hicp_midx_cp00_i15_2010_2019_2026_02_06|eurostat_hicp_midx_cp045_i15_2010_2025_2026_02_06,2026-02-06,2026-07-18T13:36:09.327867+00:00|2026-07-18T13:36:12.596560+00:00,99.30333333333334,100.22333333333334,3,3,True,True,-0.3512175541878326,-8.377011214041941
HUN,2015Q1,eurostat_hicp_midx_cp00_i15_2010_2019_2026_02_06|eurostat_hicp_midx_cp045_i15_2010_2025_2026_02_06,2026-02-06,2026-07-18T13:36:09.327867+00:00|2026-07-18T13:36:12.596560+00:00,99.10666666666668,100.08333333333331,3,3,True,True,-0.949461971549459,-5.277935516436383
HUN,2015Q2,eurostat_hicp_midx_cp00_i15_2010_2019_2026_02_06|eurostat_hicp_midx_cp045_i15_2010_2025_2026_02_06,2026-02-06,2026-07-18T13:36:09.327867+00:00|2026-07-18T13:36:12.596560+00:00,100.63333333333333,99.96999999999998,3,3,True,True,0.43246839654025315,-2.721375283814498
HUN,2015Q3,eurostat_hicp_midx_cp00_i15_2010_2019_2026_02_06|eurostat_hicp_midx_cp045_i15_2010_2025_2026_02_06,2026-02-06,2026-07-18T13:36:09.327867+00:00|2026-07-18T13:36:12.596560+00:00,100.36,99.92333333333332,3,3,True,True,0.1796765821521218,-2.032746168175459
HUN,2015Q4,eurostat_hicp_midx_cp00_i15_2010_2019_2026_02_06|eurostat_hicp_midx_cp045_i15_2010_2025_2026_02_06,2026-02-06,2026-07-18T13:36:09.327867+00:00|2026-07-18T13:36:12.596560+00:00,99.89333333333332,100.02,3,3,True,True,0.5941391695478249,-0.2028802341437541
HUN,2016Q1,eurostat_hicp_midx_cp00_i15_2010_2019_2026_02_06|eurostat_hicp_midx_cp045_i15_2010_2025_2026_02_06,2026-02-06,2026-07-18T13:36:09.327867+00:00|2026-07-18T13:36:12.596560+00:00,99.47666666666667,99.98333333333332,3,3,True,True,0.37333512713573214,-0.09991673605328488
HUN,2016Q2,eurostat_hicp_midx_cp00_i15_2010_2019_2026_02_06|eurostat_hicp_midx_cp045_i15_2010_2025_2026_02_06,2026-02-06,2026-07-18T13:36:09.327867+00:00|2026-07-18T13:36:12.596560+00:00,100.63333333333333,99.87666666666668,3,3,True,True,0.0,-0.09336134173583144
HUN,2016Q3,eurostat_hicp_midx_cp00_i15_2010_2019_2026_02_06|eurostat_hicp_midx_cp045_i15_2010_2025_2026_02_06,2026-02-06,2026-07-18T13:36:09.327867+00:00|2026-07-18T13:36:12.596560+00:00,100.47333333333334,99.85666666666668,3,3,True,True,0.11292679686463192,-0.0667178169930005
HUN,2016Q4,eurostat_hicp_midx_cp00_i15_2010_2019_2026_02_06|eurostat_hicp_midx_cp045_i15_2010_2025_2026_02_06,2026-02-06,2026-07-18T13:36:09.327867+00:00|2026-07-18T13:36:12.596560+00:00,101.20666666666666,100.02333333333333,3,3,True,True,1.3147357180993247,0.003332666799971129
HUN,2017Q1,eurostat_hicp_midx_cp00_i15_2010_2019_2026_02_06|eurostat_hicp_midx_cp045_i15_2010_2025_2026_02_06,2026-02-06,2026-07-18T13:36:09.327867+00:00|2026-07-18T13:36:12.596560+00:00,102.1,100.28,3,3,True,True,2.6371343363602806,0.2967161193532464
HUN,2017Q2,eurostat_hicp_midx_cp00_i15_2010_2019_2026_02_06|eurostat_hicp_midx_cp045_i15_2010_2025_2026_02_06,2026-02-06,2026-07-18T13:36:09.327867+00:00|2026-07-18T13:36:12.596560+00:00,102.75666666666666,100.5,3,3,True,True,2.1099701888042333,0.6241030604412057
HUN,2017Q3,eurostat_hicp_midx_cp00_i15_2010_2019_2026_02_06|eurostat_hicp_midx_cp045_i15_2010_2025_2026_02_06,2026-02-06,2026-07-18T13:36:09.327867+00:00|2026-07-18T13:36:12.596560+00:00,102.96,100.60333333333334,3,3,True,True,2.4749518943666393,0.7477384250759389
HUN,2017Q4,eurostat_hicp_midx_cp00_i15_2010_2019_2026_02_06|eurostat_hicp_midx_cp045_i15_2010_2025_2026_02_06,2026-02-06,2026-07-18T13:36:09.327867+00:00|2026-07-18T13:36:12.596560+00:00,103.56,101.46333333333332,3,3,True,True,2.32527501482116,1.4396640783817194
HUN,2018Q1,eurostat_hicp_midx_cp00_i15_2010_2019_2026_02_06|eurostat_hicp_midx_cp045_i15_2010_2025_2026_02_06,2026-02-06,2026-07-18T13:36:09.327867+00:00|2026-07-18T13:36:12.596560+00:00,104.16,101.79666666666668,3,3,True,True,2.017629774730656,1.512431857465768
HUN,2018Q2,eurostat_hicp_midx_cp00_i15_2010_2019_2026_02_06|eurostat_hicp_midx_cp045_i15_2010_2025_2026_02_06,2026-02-06,2026-07-18T13:36:09.327867+00:00|2026-07-18T13:36:12.596560+00:00,105.64,101.83666666666666,3,3,True,True,2.805981769228283,1.3300165837479172
HUN,2018Q3,eurostat_hicp_midx_cp00_i15_2010_2019_2026_02_06|eurostat_hicp_midx_cp045_i15_2010_2025_2026_02_06,2026-02-06,2026-07-18T13:36:09.327867+00:00|2026-07-18T13:36:12.596560+00:00,106.58333333333331,102.1,3,3,True,True,3.519166019165998,1.4876909313806586
HUN,2018Q4,eurostat_hicp_midx_cp00_i15_2010_2019_2026_02_06|eurostat_hicp_midx_cp045_i15_2010_2025_2026_02_06,2026-02-06,2026-07-18T13:36:09.327867+00:00|2026-07-18T13:36:12.596560+00:00,106.96999999999998,102.7,3,3,True,True,3.292777134028557,1.2188311048326295
HUN,2019Q1,eurostat_hicp_midx_cp00_i15_2010_2019_2026_02_06|eurostat_hicp_midx_cp045_i15_2010_2025_2026_02_06,2026-02-06,2026-07-18T13:36:09.327867+00:00|2026-07-18T13:36:12.596560+00:00,107.52666666666666,102.99333333333334,3,3,True,True,3.2322068612391064,1.1755460231179793
HUN,2019Q2,eurostat_hicp_midx_cp00_i15_2010_2019_2026_02_06|eurostat_hicp_midx_cp045_i15_2010_2025_2026_02_06,2026-02-06,2026-07-18T13:36:09.327867+00:00|2026-07-18T13:36:12.596560+00:00,109.65,103.05666666666666,3,3,True,True,3.795910639909139,1.1979967922490342
HUN,2019Q3,eurostat_hicp_midx_cp00_i15_2010_2019_2026_02_06|eurostat_hicp_midx_cp045_i15_2010_2025_2026_02_06,2026-02-06,2026-07-18T13:36:09.327867+00:00|2026-07-18T13:36:12.596560+00:00,109.92666666666666,103.07333333333334,3,3,True,True,3.1368256450351906,0.9533137446947615
HUN,2019Q4,eurostat_hicp_midx_cp00_i15_2010_2019_2026_02_06|eurostat_hicp_midx_cp045_i15_2010_2025_2026_02_06,2026-02-06,2026-07-18T13:36:09.327867+00:00|2026-07-18T13:36:12.596560+00:00,110.73333333333332,103.36333333333334,3,3,True,True,3.5181203452681498,0.6458941901980042
HUN,2020Q1,eurostat_hicp_midx_cp00_i15_2026_02_06|eurostat_hicp_midx_cp045_i15_2010_2025_2026_02_06,2026-02-06,2026-07-18T13:22:23.066990+00:00|2026-07-18T13:36:12.596560+00:00,112.20666666666666,103.39333333333332,3,3,True,True,4.352408704817412,0.38837465208101385
HUN,2020Q2,eurostat_hicp_midx_cp00_i15_2026_02_06|eurostat_hicp_midx_cp045_i15_2010_2025_2026_02_06,2026-02-06,2026-07-18T13:22:23.066990+00:00|2026-07-18T13:36:12.596560+00:00,112.44,103.34,3,3,True,True,2.5444596443228384,0.27492965035418315
HUN,2020Q3,eurostat_hicp_midx_cp00_i15_2026_02_06|eurostat_hicp_midx_cp045_i15_2010_2025_2026_02_06,2026-02-06,2026-07-18T13:22:23.066990+00:00|2026-07-18T13:36:12.596560+00:00,114.06333333333332,103.34333333333332,3,3,True,True,3.763114803808598,0.2619494211240969
HUN,2020Q4,eurostat_hicp_midx_cp00_i15_2026_02_06|eurostat_hicp_midx_cp045_i15_2010_2025_2026_02_06,2026-02-06,2026-07-18T13:22:23.066990+00:00|2026-07-18T13:36:12.596560+00:00,113.90333333333332,103.56,3,3,True,True,2.862733293196862,0.19026734173948068
HUN,2021Q1,eurostat_hicp_midx_cp00_i15_2026_02_06|eurostat_hicp_midx_cp045_i15_2010_2025_2026_02_06,2026-02-06,2026-07-18T13:22:23.066990+00:00|2026-07-18T13:36:12.596560+00:00,115.96333333333332,103.70666666666666,3,3,True,True,3.3479888301348737,0.3030498420272254
HUN,2021Q2,eurostat_hicp_midx_cp00_i15_2026_02_06|eurostat_hicp_midx_cp045_i15_2010_2025_2026_02_06,2026-02-06,2026-07-18T13:22:23.066990+00:00|2026-07-18T13:36:12.596560+00:00,118.36,103.74,3,3,True,True,5.265030238349344,0.3870718018192276
HUN,2021Q3,eurostat_hicp_midx_cp00_i15_2026_02_06|eurostat_hicp_midx_cp045_i15_2010_2025_2026_02_06,2026-02-06,2026-07-18T13:22:23.066990+00:00|2026-07-18T13:36:12.596560+00:00,119.82,103.84666666666668,3,3,True,True,5.0469037669131245,0.4870496403574176
HUN,2021Q4,eurostat_hicp_midx_cp00_i15_2026_02_06|eurostat_hicp_midx_cp045_i15_2010_2025_2026_02_06,2026-02-06,2026-07-18T13:22:23.066990+00:00|2026-07-18T13:36:12.596560+00:00,122.03000000000002,104.59333333333332,3,3,True,True,7.134704866699848,0.9978112527359251
HUN,2022Q1,eurostat_hicp_midx_cp00_i15_2026_02_06|eurostat_hicp_midx_cp045_i15_2010_2025_2026_02_06,2026-02-06,2026-07-18T13:22:23.066990+00:00|2026-07-18T13:36:12.596560+00:00,125.6,105.16333333333334,3,3,True,True,8.31009801948892,1.404602725636428
HUN,2022Q2,eurostat_hicp_midx_cp00_i15_2026_02_06|eurostat_hicp_midx_cp045_i15_2010_2025_2026_02_06,2026-02-06,2026-07-18T13:22:23.066990+00:00|2026-07-18T13:36:12.596560+00:00,131.39,105.49333333333334,3,3,True,True,11.008786752281164,1.6901227427543297
HUN,2022Q3,eurostat_hicp_midx_cp00_i15_2026_02_06|eurostat_hicp_midx_cp045_i15_2010_2025_2026_02_06,2026-02-06,2026-07-18T13:22:23.066990+00:00|2026-07-18T13:36:12.596560+00:00,141.38333333333333,143.16,3,3,True,True,17.996439103099092,37.85709700199009
HUN,2022Q4,eurostat_hicp_midx_cp00_i15_2026_02_06|eurostat_hicp_midx_cp045_i15_2010_2025_2026_02_06,2026-02-06,2026-07-18T13:22:23.066990+00:00|2026-07-18T13:36:12.596560+00:00,150.51,170.03333333333333,3,3,True,True,23.338523313939174,62.56612913506281
HUN,2023Q1,eurostat_hicp_midx_cp00_i15_2026_02_06|eurostat_hicp_midx_cp045_i15_2010_2025_2026_02_06,2026-02-06,2026-07-18T13:22:23.066990+00:00|2026-07-18T13:36:12.596560+00:00,158.10333333333332,155.97666666666666,3,3,True,True,25.878450106157104,48.31848870011726
HUN,2023Q2,eurostat_hicp_midx_cp00_i15_2026_02_06|eurostat_hicp_midx_cp045_i15_2010_2025_2026_02_06,2026-02-06,2026-07-18T13:22:23.066990+00:00|2026-07-18T13:36:12.596560+00:00,160.37,145.38,3,3,True,True,22.056473095364957,37.809656218402424
HUN,2023Q3,eurostat_hicp_midx_cp00_i15_2026_02_06|eurostat_hicp_midx_cp045_i15_2010_2025_2026_02_06,2026-02-06,2026-07-18T13:22:23.066990+00:00|2026-07-18T13:36:12.596560+00:00,161.99333333333334,143.55666666666667,3,3,True,True,14.577390074266194,0.2770792586383575
HUN,2023Q4,eurostat_hicp_midx_cp00_i15_2026_02_06|eurostat_hicp_midx_cp045_i15_2010_2025_2026_02_06,2026-02-06,2026-07-18T13:22:23.066990+00:00|2026-07-18T13:36:12.596560+00:00,161.90666666666667,142.07666666666668,3,3,True,True,7.572032866033274,-16.44187414232502
HUN,2024Q1,eurostat_hicp_midx_cp00_i15_2026_02_06|eurostat_hicp_midx_cp045_i15_2010_2025_2026_02_06,2026-02-06,2026-07-18T13:22:23.066990+00:00|2026-07-18T13:36:12.596560+00:00,163.84,143.63666666666666,3,3,True,True,3.6284286647972896,-7.911439745261051
HUN,2024Q2,eurostat_hicp_midx_cp00_i15_2026_02_06|eurostat_hicp_midx_cp045_i15_2010_2025_2026_02_06,2026-02-06,2026-07-18T13:22:23.066990+00:00|2026-07-18T13:36:12.596560+00:00,166.32333333333335,140.70666666666668,3,3,True,True,3.712248758080272,-3.2145641307836814
HUN,2024Q3,eurostat_hicp_midx_cp00_i15_2026_02_06|eurostat_hicp_midx_cp045_i15_2010_2025_2026_02_06,2026-02-06,2026-07-18T13:22:23.066990+00:00|2026-07-18T13:36:12.596560+00:00,167.66,136.93666666666667,3,3,True,True,3.4980863410016827,-4.611419416258389
HUN,2024Q4,eurostat_hicp_midx_cp00_i15_2026_02_06|eurostat_hicp_midx_cp045_i15_2010_2025_2026_02_06,2026-02-06,2026-07-18T13:22:23.066990+00:00|2026-07-18T13:36:12.596560+00:00,168.42,138.22333333333333,3,3,True,True,4.0228938483076515,-2.7121507167491843
HUN,2025Q1,eurostat_hicp_midx_cp00_i15_2026_02_06|eurostat_hicp_midx_cp045_i15_2010_2025_2026_02_06,2026-02-06,2026-07-18T13:22:23.066990+00:00|2026-07-18T13:36:12.596560+00:00,172.69333333333336,142.29333333333332,3,3,True,True,5.403645833333348,-0.9352300944512781
HUN,2025Q2,eurostat_hicp_midx_cp00_i15_2026_02_06|eurostat_hicp_midx_cp045_i15_2010_2025_2026_02_06,2026-02-06,2026-07-18T13:22:23.066990+00:00|2026-07-18T13:36:12.596560+00:00,173.68999999999997,142.89,3,3,True,True,4.429123995430562,1.5516914621434452
HUN,2025Q3,eurostat_hicp_midx_cp00_i15_2026_02_06|eurostat_hicp_midx_cp045_i15_2010_2025_2026_02_06,2026-02-06,2026-07-18T13:22:23.066990+00:00|2026-07-18T13:36:12.596560+00:00,174.74,142.99,3,3,True,True,4.222831921746395,4.420535040529683
HUN,2025Q4,eurostat_hicp_midx_cp00_i15_2026_02_06|eurostat_hicp_midx_cp045_i15_2010_2025_2026_02_06,2026-02-06,2026-07-18T13:22:23.066990+00:00|2026-07-18T13:36:12.596560+00:00,174.71,142.6266666666667,3,3,True,True,3.7347108419427677,3.1856657100827412
IRL,2010Q1,eurostat_hicp_midx_cp00_i15_2010_2019_2026_02_06|eurostat_hicp_midx_cp045_i15_2010_2025_2026_02_06,2026-02-06,2026-07-18T13:36:09.327867+00:00|2026-07-18T13:36:12.596560+00:00,95.96666666666664,80.96666666666667,3,3,True,True,,
IRL,2010Q2,eurostat_hicp_midx_cp00_i15_2010_2019_2026_02_06|eurostat_hicp_midx_cp045_i15_2010_2025_2026_02_06,2026-02-06,2026-07-18T13:36:09.327867+00:00|2026-07-18T13:36:12.596560+00:00,96.3,83.5,3,3,True,True,,
IRL,2010Q3,eurostat_hicp_midx_cp00_i15_2010_2019_2026_02_06|eurostat_hicp_midx_cp045_i15_2010_2025_2026_02_06,2026-02-06,2026-07-18T13:36:09.327867+00:00|2026-07-18T13:36:12.596560+00:00,96.26666666666668,83.66666666666667,3,3,True,True,,
IRL,2010Q4,eurostat_hicp_midx_cp00_i15_2010_2019_2026_02_06|eurostat_hicp_midx_cp045_i15_2010_2025_2026_02_06,2026-02-06,2026-07-18T13:36:09.327867+00:00|2026-07-18T13:36:12.596560+00:00,96.23333333333332,85.76666666666667,3,3,True,True,,
IRL,2011Q1,eurostat_hicp_midx_cp00_i15_2010_2019_2026_02_06|eurostat_hicp_midx_cp045_i15_2010_2025_2026_02_06,2026-02-06,2026-07-18T13:36:09.327867+00:00|2026-07-18T13:36:12.596560+00:00,96.76666666666668,88.86666666666667,3,3,True,True,0.8336227856895251,9.75710168793742
IRL,2011Q2,eurostat_hicp_midx_cp00_i15_2010_2019_2026_02_06|eurostat_hicp_midx_cp045_i15_2010_2025_2026_02_06,2026-02-06,2026-07-18T13:36:09.327867+00:00|2026-07-18T13:36:12.596560+00:00,97.53333333333336,90.1,3,3,True,True,1.2807199723087859,7.904191616766454
IRL,2011Q3,eurostat_hicp_midx_cp00_i15_2010_2019_2026_02_06|eurostat_hicp_midx_cp045_i15_2010_2025_2026_02_06,2026-02-06,2026-07-18T13:36:09.327867+00:00|2026-07-18T13:36:12.596560+00:00,97.36666666666667,90.5,3,3,True,True,1.1426592797783908,8.16733067729083
IRL,2011Q4,eurostat_hicp_midx_cp00_i15_2010_2019_2026_02_06|eurostat_hicp_midx_cp045_i15_2010_2025_2026_02_06,2026-02-06,2026-07-18T13:36:09.327867+00:00|2026-07-18T13:36:12.596560+00:00,97.76666666666668,96.3,3,3,True,True,1.593349497748564,12.281383598911777
IRL,2012Q1,eurostat_hicp_midx_cp00_i15_2010_2019_2026_02_06|eurostat_hicp_midx_cp045_i15_2010_2025_2026_02_06,2026-02-06,2026-07-18T13:36:09.327867+00:00|2026-07-18T13:36:12.596560+00:00,98.36666666666667,98.0,3,3,True,True,1.6534619359283464,10.277569392348074
IRL,2012Q2,eurostat_hicp_midx_cp00_i15_2010_2019_2026_02_06|eurostat_hicp_midx_cp045_i15_2010_2025_2026_02_06,2026-02-06,2026-07-18T13:36:09.327867+00:00|2026-07-18T13:36:12.596560+00:00,99.33333333333331,99.26666666666668,3,3,True,True,1.845522898154428,10.173880873103979
IRL,2012Q3,eurostat_hicp_midx_cp00_i15_2010_2019_2026_02_06|eurostat_hicp_midx_cp045_i15_2010_2025_2026_02_06,2026-02-06,2026-07-18T13:36:09.327867+00:00|2026-07-18T13:36:12.596560+00:00,99.63333333333333,100.2,3,3,True,True,2.327969873331037,10.718232044198906
IRL,2012Q4,eurostat_hicp_midx_cp00_i15_2010_2019_2026_02_06|eurostat_hicp_midx_cp045_i15_2010_2025_2026_02_06,2026-02-06,2026-07-18T13:36:09.327867+00:00|2026-07-18T13:36:12.596560+00:00,99.5,104.06666666666666,3,3,True,True,1.7729287419024686,8.065074420214602
IRL,2013Q1,eurostat_hicp_midx_cp00_i15_2010_2019_2026_02_06|eurostat_hicp_midx_cp045_i15_2010_2025_2026_02_06,2026-02-06,2026-07-18T13:36:09.327867+00:00|2026-07-18T13:36:12.596560+00:00,99.46666666666664,104.06666666666666,3,3,True,True,1.1182649949169399,6.190476190476191
IRL,2013Q2,eurostat_hicp_midx_cp00_i15_2010_2019_2026_02_06|eurostat_hicp_midx_cp045_i15_2010_2025_2026_02_06,2026-02-06,2026-07-18T13:36:09.327867+00:00|2026-07-18T13:36:12.596560+00:00,99.86666666666667,102.96666666666664,3,3,True,True,0.5369127516778871,3.7273337810610707
IRL,2013Q3,eurostat_hicp_midx_cp00_i15_2010_2019_2026_02_06|eurostat_hicp_midx_cp045_i15_2010_2025_2026_02_06,2026-02-06,2026-07-18T13:36:09.327867+00:00|2026-07-18T13:36:12.596560+00:00,99.93333333333334,103.8,3,3,True,True,0.30110404817664804,3.592814371257469
IRL,2013Q4,eurostat_hicp_midx_cp00_i15_2010_2019_2026_02_06|eurostat_hicp_midx_cp045_i15_2010_2025_2026_02_06,2026-02-06,2026-07-18T13:36:09.327867+00:00|2026-07-18T13:36:12.596560+00:00,99.66666666666669,104.73333333333332,3,3,True,True,0.16750418760471675,0.6406149903907643
IRL,2014Q1,eurostat_hicp_midx_cp00_i15_2010_2019_2026_02_06|eurostat_hicp_midx_cp045_i15_2010_2025_2026_02_06,2026-02-06,2026-07-18T13:36:09.327867+00:00|2026-07-18T13:36:12.596560+00:00,99.66666666666669,105.2,3,3,True,True,0.20107238605902022,1.0890454836643304
IRL,2014Q2,eurostat_hicp_midx_cp00_i15_2010_2019_2026_02_06|eurostat_hicp_midx_cp045_i15_2010_2025_2026_02_06,2026-02-06,2026-07-18T13:36:09.327867+00:00|2026-07-18T13:36:12.596560+00:00,100.26666666666668,105.23333333333336,3,3,True,True,0.4005340453938633,2.2013596633215116
IRL,2014Q3,eurostat_hicp_midx_cp00_i15_2010_2019_2026_02_06|eurostat_hicp_midx_cp045_i15_2010_2025_2026_02_06,2026-02-06,2026-07-18T13:36:09.327867+00:00|2026-07-18T13:36:12.596560+00:00,100.43333333333334,105.73333333333332,3,3,True,True,0.5003335557038024,1.8625561978163008
IRL,2014Q4,eurostat_hicp_midx_cp00_i15_2010_2019_2026_02_06|eurostat_hicp_midx_cp045_i15_2010_2025_2026_02_06,2026-02-06,2026-07-18T13:36:09.327867+00:00|2026-07-18T13:36:12.596560+00:00,99.76666666666668,104.6,3,3,True,True,0.10033444816053283,-0.12730744748566947
IRL,2015Q1,eurostat_hicp_midx_cp00_i15_2010_2019_2026_02_06|eurostat_hicp_midx_cp045_i15_2010_2025_2026_02_06,2026-02-06,2026-07-18T13:36:09.327867+00:00|2026-07-18T13:36:12.596560+00:00,99.33333333333331,101.2,3,3,True,True,-0.33444816053515014,-3.802281368821292
IRL,2015Q2,eurostat_hicp_midx_cp00_i15_2010_2019_2026_02_06|eurostat_hicp_midx_cp045_i15_2010_2025_2026_02_06,2026-02-06,2026-07-18T13:36:09.327867+00:00|2026-07-18T13:36:12.596560+00:00,100.36666666666667,101.5,3,3,True,True,0.09973404255319007,-3.5476718403547935
IRL,2015Q3,eurostat_hicp_midx_cp00_i15_2010_2019_2026_02_06|eurostat_hicp_midx_cp045_i15_2010_2025_2026_02_06,2026-02-06,2026-07-18T13:36:09.327867+00:00|2026-07-18T13:36:12.596560+00:00,100.53333333333336,99.76666666666668,3,3,True,True,0.09956853634254248,-5.643127364438816
IRL,2015Q4,eurostat_hicp_midx_cp00_i15_2010_2019_2026_02_06|eurostat_hicp_midx_cp045_i15_2010_2025_2026_02_06,2026-02-06,2026-07-18T13:36:09.327867+00:00|2026-07-18T13:36:12.596560+00:00,99.76666666666668,97.53333333333336,3,3,True,True,0.0,-6.755895474824703
IRL,2016Q1,eurostat_hicp_midx_cp00_i15_2010_2019_2026_02_06|eurostat_hicp_midx_cp045_i15_2010_2025_2026_02_06,2026-02-06,2026-07-18T13:36:09.327867+00:00|2026-07-18T13:36:12.596560+00:00,99.06666666666666,94.23333333333336,3,3,True,True,-0.26845637583891024,-6.884057971014467
IRL,2016Q2,eurostat_hicp_midx_cp00_i15_2010_2019_2026_02_06|eurostat_hicp_midx_cp045_i15_2010_2025_2026_02_06,2026-02-06,2026-07-18T13:36:09.327867+00:00|2026-07-18T13:36:12.596560+00:00,100.26666666666668,95.56666666666666,3,3,True,True,-0.09963467286615568,-5.845648604269293
IRL,2016Q3,eurostat_hicp_midx_cp00_i15_2010_2019_2026_02_06|eurostat_hicp_midx_cp045_i15_2010_2025_2026_02_06,2026-02-06,2026-07-18T13:36:09.327867+00:00|2026-07-18T13:36:12.596560+00:00,100.33333333333331,94.63333333333333,3,3,True,True,-0.19893899204248555,-5.145339124624149
IRL,2016Q4,eurostat_hicp_midx_cp00_i15_2010_2019_2026_02_06|eurostat_hicp_midx_cp045_i15_2010_2025_2026_02_06,2026-02-06,2026-07-18T13:36:09.327867+00:00|2026-07-18T13:36:12.596560+00:00,99.5,95.03333333333336,3,3,True,True,-0.26729034413632835,-2.5632262474367784
IRL,2017Q1,eurostat_hicp_midx_cp00_i15_2010_2019_2026_02_06|eurostat_hicp_midx_cp045_i15_2010_2025_2026_02_06,2026-02-06,2026-07-18T13:36:09.327867+00:00|2026-07-18T13:36:12.596560+00:00,99.43333333333334,95.93333333333334,3,3,True,True,0.37012113055181484,1.8040325433321236
IRL,2017Q2,eurostat_hicp_midx_cp00_i15_2010_2019_2026_02_06|eurostat_hicp_midx_cp045_i15_2010_2025_2026_02_06,2026-02-06,2026-07-18T13:36:09.327867+00:00|2026-07-18T13:36:12.596560+00:00,100.3,94.86666666666667,3,3,True,True,0.03324468085104115,-0.7324729682594899
IRL,2017Q3,eurostat_hicp_midx_cp00_i15_2010_2019_2026_02_06|eurostat_hicp_midx_cp045_i15_2010_2025_2026_02_06,2026-02-06,2026-07-18T13:36:09.327867+00:00|2026-07-18T13:36:12.596560+00:00,100.46666666666664,94.56666666666666,3,3,True,True,0.1328903654485014,-0.07044734061288915
IRL,2017Q4,eurostat_hicp_midx_cp00_i15_2010_2019_2026_02_06|eurostat_hicp_midx_cp045_i15_2010_2025_2026_02_06,2026-02-06,2026-07-18T13:36:09.327867+00:00|2026-07-18T13:36:12.596560+00:00,100.0,98.26666666666668,3,3,True,True,0.5025125628140614,3.4023149772009598
IRL,2018Q1,eurostat_hicp_midx_cp00_i15_2010_2019_2026_02_06|eurostat_hicp_midx_cp045_i15_2010_2025_2026_02_06,2026-02-06,2026-07-18T13:36:09.327867+00:00|2026-07-18T13:36:12.596560+00:00,99.93333333333334,100.23333333333332,3,3,True,True,0.5028494803888783,4.4822793606671185
IRL,2018Q2,eurostat_hicp_midx_cp00_i15_2010_2019_2026_02_06|eurostat_hicp_midx_cp045_i15_2010_2025_2026_02_06,2026-02-06,2026-07-18T13:36:09.327867+00:00|2026-07-18T13:36:12.596560+00:00,100.73333333333332,101.76666666666668,3,3,True,True,0.43203722166831326,7.273366127898817
IRL,2018Q3,eurostat_hicp_midx_cp00_i15_2010_2019_2026_02_06|eurostat_hicp_midx_cp045_i15_2010_2025_2026_02_06,2026-02-06,2026-07-18T13:36:09.327867+00:00|2026-07-18T13:36:12.596560+00:00,101.5,105.73333333333332,3,3,True,True,1.0285335102853566,11.808248149453648
IRL,2018Q4,eurostat_hicp_midx_cp00_i15_2010_2019_2026_02_06|eurostat_hicp_midx_cp045_i15_2010_2025_2026_02_06,2026-02-06,2026-07-18T13:36:09.327867+00:00|2026-07-18T13:36:12.596560+00:00,100.9,105.23333333333332,3,3,True,True,0.9000000000000119,7.089552238805941
IRL,2019Q1,eurostat_hicp_midx_cp00_i15_2010_2019_2026_02_06|eurostat_hicp_midx_cp045_i15_2010_2025_2026_02_06,2026-02-06,2026-07-18T13:36:09.327867+00:00|2026-07-18T13:36:12.596560+00:00,100.8,104.16666666666669,3,3,True,True,0.867244829886582,3.9241769205188293
IRL,2019Q2,eurostat_hicp_midx_cp00_i15_2010_2019_2026_02_06|eurostat_hicp_midx_cp045_i15_2010_2025_2026_02_06,2026-02-06,2026-07-18T13:36:09.327867+00:00|2026-07-18T13:36:12.596560+00:00,102.0,106.66666666666669,3,3,True,True,1.2574454003970947,4.814936128398295
IRL,2019Q3,eurostat_hicp_midx_cp00_i15_2010_2019_2026_02_06|eurostat_hicp_midx_cp045_i15_2010_2025_2026_02_06,2026-02-06,2026-07-18T13:36:09.327867+00:00|2026-07-18T13:36:12.596560+00:00,102.06666666666666,106.13333333333333,3,3,True,True,0.5582922824302061,0.3783102143757988
IRL,2019Q4,eurostat_hicp_midx_cp00_i15_2010_2019_2026_02_06|eurostat_hicp_midx_cp045_i15_2010_2025_2026_02_06,2026-02-06,2026-07-18T13:36:09.327867+00:00|2026-07-18T13:36:12.596560+00:00,101.73333333333332,106.33333333333331,3,3,True,True,0.8259002312520414,1.0452961672473782
IRL,2020Q1,eurostat_hicp_midx_cp00_i15_2026_02_06|eurostat_hicp_midx_cp045_i15_2010_2025_2026_02_06,2026-02-06,2026-07-18T13:22:23.066990+00:00|2026-07-18T13:36:12.596560+00:00,101.63333333333333,104.56666666666666,3,3,True,True,0.8267195767195812,0.38399999999998435
IRL,2020Q2,eurostat_hicp_midx_cp00_i15_2026_02_06|eurostat_hicp_midx_cp045_i15_2010_2025_2026_02_06,2026-02-06,2026-07-18T13:22:23.066990+00:00|2026-07-18T13:36:12.596560+00:00,101.43333333333334,95.83333333333331,3,3,True,True,-0.5555555555555536,-10.156250000000034
IRL,2020Q3,eurostat_hicp_midx_cp00_i15_2026_02_06|eurostat_hicp_midx_cp045_i15_2010_2025_2026_02_06,2026-02-06,2026-07-18T13:22:23.066990+00:00|2026-07-18T13:36:12.596560+00:00,101.1,96.66666666666669,3,3,True,True,-0.947093403004573,-8.919597989949724
IRL,2020Q4,eurostat_hicp_midx_cp00_i15_2026_02_06|eurostat_hicp_midx_cp045_i15_2010_2025_2026_02_06,2026-02-06,2026-07-18T13:22:23.066990+00:00|2026-07-18T13:36:12.596560+00:00,100.56666666666666,99.8,3,3,True,True,-1.1467889908256756,-6.144200626959229
IRL,2021Q1,eurostat_hicp_midx_cp00_i15_2026_02_06|eurostat_hicp_midx_cp045_i15_2010_2025_2026_02_06,2026-02-06,2026-07-18T13:22:23.066990+00:00|2026-07-18T13:36:12.596560+00:00,101.5,103.13333333333333,3,3,True,True,-0.13119055428008064,-1.3707363723302501
IRL,2021Q2,eurostat_hicp_midx_cp00_i15_2026_02_06|eurostat_hicp_midx_cp045_i15_2010_2025_2026_02_06,2026-02-06,2026-07-18T13:22:23.066990+00:00|2026-07-18T13:36:12.596560+00:00,102.96666666666664,107.36666666666667,3,3,True,True,1.5116661189615188,12.034782608695682
IRL,2021Q3,eurostat_hicp_midx_cp00_i15_2026_02_06|eurostat_hicp_midx_cp045_i15_2010_2025_2026_02_06,2026-02-06,2026-07-18T13:22:23.066990+00:00|2026-07-18T13:36:12.596560+00:00,104.1,114.53333333333336,3,3,True,True,2.9673590504450953,18.482758620689665
IRL,2021Q4,eurostat_hicp_midx_cp00_i15_2026_02_06|eurostat_hicp_midx_cp045_i15_2010_2025_2026_02_06,2026-02-06,2026-07-18T13:22:23.066990+00:00|2026-07-18T13:36:12.596560+00:00,105.96666666666664,126.86666666666667,3,3,True,True,5.369572422936675,27.120908483633954
IRL,2022Q1,eurostat_hicp_midx_cp00_i15_2026_02_06|eurostat_hicp_midx_cp045_i15_2010_2025_2026_02_06,2026-02-06,2026-07-18T13:22:23.066990+00:00|2026-07-18T13:36:12.596560+00:00,107.5,138.56666666666666,3,3,True,True,5.9113300492610765,34.35681965093731
IRL,2022Q2,eurostat_hicp_midx_cp00_i15_2026_02_06|eurostat_hicp_midx_cp045_i15_2010_2025_2026_02_06,2026-02-06,2026-07-18T13:22:23.066990+00:00|2026-07-18T13:36:12.596560+00:00,111.6,165.36666666666667,3,3,True,True,8.38459048235678,54.02049053089102
IRL,2022Q3,eurostat_hicp_midx_cp00_i15_2026_02_06|eurostat_hicp_midx_cp045_i15_2010_2025_2026_02_06,2026-02-06,2026-07-18T13:22:23.066990+00:00|2026-07-18T13:36:12.596560+00:00,113.53333333333336,172.9333333333333,3,3,True,True,9.061799551713134,50.989522700814845
IRL,2022Q4,eurostat_hicp_midx_cp00_i15_2026_02_06|eurostat_hicp_midx_cp045_i15_2010_2025_2026_02_06,2026-02-06,2026-07-18T13:22:23.066990+00:00|2026-07-18T13:36:12.596560+00:00,115.33333333333331,211.0666666666667,3,3,True,True,8.839257628184981,66.36889122438257
IRL,2023Q1,eurostat_hicp_midx_cp00_i15_2026_02_06|eurostat_hicp_midx_cp045_i15_2010_2025_2026_02_06,2026-02-06,2026-07-18T13:22:23.066990+00:00|2026-07-18T13:36:12.596560+00:00,115.6,205.03333333333333,3,3,True,True,7.53488372093023,47.96728409910993
IRL,2023Q2,eurostat_hicp_midx_cp00_i15_2026_02_06|eurostat_hicp_midx_cp045_i15_2010_2025_2026_02_06,2026-02-06,2026-07-18T13:22:23.066990+00:00|2026-07-18T13:36:12.596560+00:00,117.7,198.2,3,3,True,True,5.46594982078854,19.85486797016729
IRL,2023Q3,eurostat_hicp_midx_cp00_i15_2026_02_06|eurostat_hicp_midx_cp045_i15_2010_2025_2026_02_06,2026-02-06,2026-07-18T13:22:23.066990+00:00|2026-07-18T13:36:12.596560+00:00,119.03333333333336,200.53333333333333,3,3,True,True,4.844392248972396,15.95990747879723
IRL,2023Q4,eurostat_hicp_midx_cp00_i15_2026_02_06|eurostat_hicp_midx_cp045_i15_2010_2025_2026_02_06,2026-02-06,2026-07-18T13:22:23.066990+00:00|2026-07-18T13:36:12.596560+00:00,118.93333333333334,188.16666666666663,3,3,True,True,3.1213872832370093,-10.849652558433387
IRL,2024Q1,eurostat_hicp_midx_cp00_i15_2026_02_06|eurostat_hicp_midx_cp045_i15_2010_2025_2026_02_06,2026-02-06,2026-07-18T13:22:23.066990+00:00|2026-07-18T13:36:12.596560+00:00,118.2,177.20000000000002,3,3,True,True,2.249134948096887,-13.575028450658422
IRL,2024Q2,eurostat_hicp_midx_cp00_i15_2026_02_06|eurostat_hicp_midx_cp045_i15_2010_2025_2026_02_06,2026-02-06,2026-07-18T13:22:23.066990+00:00|2026-07-18T13:36:12.596560+00:00,119.7,169.6,3,3,True,True,1.6992353440951513,-14.42986881937437
IRL,2024Q3,eurostat_hicp_midx_cp00_i15_2026_02_06|eurostat_hicp_midx_cp045_i15_2010_2025_2026_02_06,2026-02-06,2026-07-18T13:22:23.066990+00:00|2026-07-18T13:36:12.596560+00:00,120.06666666666666,167.63333333333333,3,3,True,True,0.8681041725006722,-16.40625
IRL,2024Q4,eurostat_hicp_midx_cp00_i15_2026_02_06|eurostat_hicp_midx_cp045_i15_2010_2025_2026_02_06,2026-02-06,2026-07-18T13:22:23.066990+00:00|2026-07-18T13:36:12.596560+00:00,119.56666666666666,167.93333333333334,3,3,True,True,0.5325112107623209,-10.7528786536758
IRL,2025Q1,eurostat_hicp_midx_cp00_i15_2026_02_06|eurostat_hicp_midx_cp045_i15_2010_2025_2026_02_06,2026-02-06,2026-07-18T13:22:23.066990+00:00|2026-07-18T13:36:12.596560+00:00,120.13333333333333,168.6,3,3,True,True,1.6356457980823302,-4.853273137697533
IRL,2025Q2,eurostat_hicp_midx_cp00_i15_2026_02_06|eurostat_hicp_midx_cp045_i15_2010_2025_2026_02_06,2026-02-06,2026-07-18T13:22:23.066990+00:00|2026-07-18T13:36:12.596560+00:00,121.7,168.36666666666667,3,3,True,True,1.670843776106934,-0.7272012578616316
IRL,2025Q3,eurostat_hicp_midx_cp00_i15_2026_02_06|eurostat_hicp_midx_cp045_i15_2010_2025_2026_02_06,2026-02-06,2026-07-18T13:22:23.066990+00:00|2026-07-18T13:36:12.596560+00:00,122.53333333333336,169.33333333333334,3,3,True,True,2.054414214325395,1.0141181149333933
IRL,2025Q4,eurostat_hicp_midx_cp00_i15_2026_02_06|eurostat_hicp_midx_cp045_i15_2010_2025_2026_02_06,2026-02-06,2026-07-18T13:22:23.066990+00:00|2026-07-18T13:36:12.596560+00:00,123.03333333333336,172.79999999999998,3,3,True,True,2.899358795650997,2.897975387058338
ITA,2010Q1,eurostat_hicp_midx_cp00_i15_2010_2019_2026_02_06|eurostat_hicp_midx_cp045_i15_2010_2025_2026_02_06,2026-02-06,2026-07-18T13:36:09.327867+00:00|2026-07-18T13:36:12.596560+00:00,91.1,84.8,3,3,True,True,,
ITA,2010Q2,eurostat_hicp_midx_cp00_i15_2010_2019_2026_02_06|eurostat_hicp_midx_cp045_i15_2010_2025_2026_02_06,2026-02-06,2026-07-18T13:36:09.327867+00:00|2026-07-18T13:36:12.596560+00:00,92.93333333333334,86.3,3,3,True,True,,
ITA,2010Q3,eurostat_hicp_midx_cp00_i15_2010_2019_2026_02_06|eurostat_hicp_midx_cp045_i15_2010_2025_2026_02_06,2026-02-06,2026-07-18T13:36:09.327867+00:00|2026-07-18T13:36:12.596560+00:00,92.46666666666664,87.59999999999998,3,3,True,True,,
ITA,2010Q4,eurostat_hicp_midx_cp00_i15_2010_2019_2026_02_06|eurostat_hicp_midx_cp045_i15_2010_2025_2026_02_06,2026-02-06,2026-07-18T13:36:09.327867+00:00|2026-07-18T13:36:12.596560+00:00,93.7,87.86666666666667,3,3,True,True,,
ITA,2011Q1,eurostat_hicp_midx_cp00_i15_2010_2019_2026_02_06|eurostat_hicp_midx_cp045_i15_2010_2025_2026_02_06,2026-02-06,2026-07-18T13:36:09.327867+00:00|2026-07-18T13:36:12.596560+00:00,93.23333333333332,89.63333333333333,3,3,True,True,2.3417489937797242,5.699685534591192
ITA,2011Q2,eurostat_hicp_midx_cp00_i15_2010_2019_2026_02_06|eurostat_hicp_midx_cp045_i15_2010_2025_2026_02_06,2026-02-06,2026-07-18T13:36:09.327867+00:00|2026-07-18T13:36:12.596560+00:00,95.7,92.33333333333331,3,3,True,True,2.9770444763271176,6.991116261104646
ITA,2011Q3,eurostat_hicp_midx_cp00_i15_2010_2019_2026_02_06|eurostat_hicp_midx_cp045_i15_2010_2025_2026_02_06,2026-02-06,2026-07-18T13:36:09.327867+00:00|2026-07-18T13:36:12.596560+00:00,94.93333333333334,94.46666666666664,3,3,True,True,2.6676279740447395,7.838660578386603
ITA,2011Q4,eurostat_hicp_midx_cp00_i15_2010_2019_2026_02_06|eurostat_hicp_midx_cp045_i15_2010_2025_2026_02_06,2026-02-06,2026-07-18T13:36:09.327867+00:00|2026-07-18T13:36:12.596560+00:00,97.2,97.43333333333334,3,3,True,True,3.735325506937026,10.887708649468886
ITA,2012Q1,eurostat_hicp_midx_cp00_i15_2010_2019_2026_02_06|eurostat_hicp_midx_cp045_i15_2010_2025_2026_02_06,2026-02-06,2026-07-18T13:36:09.327867+00:00|2026-07-18T13:36:12.596560+00:00,96.53333333333336,101.63333333333333,3,3,True,True,3.5395066142295706,13.387876534027509
ITA,2012Q2,eurostat_hicp_midx_cp00_i15_2010_2019_2026_02_06|eurostat_hicp_midx_cp045_i15_2010_2025_2026_02_06,2026-02-06,2026-07-18T13:36:09.327867+00:00|2026-07-18T13:36:12.596560+00:00,99.16666666666669,104.73333333333332,3,3,True,True,3.6224312086381216,13.429602888086656
ITA,2012Q3,eurostat_hicp_midx_cp00_i15_2010_2019_2026_02_06|eurostat_hicp_midx_cp045_i15_2010_2025_2026_02_06,2026-02-06,2026-07-18T13:36:09.327867+00:00|2026-07-18T13:36:12.596560+00:00,98.23333333333332,106.46666666666664,3,3,True,True,3.476123595505598,12.70289343683839
ITA,2012Q4,eurostat_hicp_midx_cp00_i15_2010_2019_2026_02_06|eurostat_hicp_midx_cp045_i15_2010_2025_2026_02_06,2026-02-06,2026-07-18T13:36:09.327867+00:00|2026-07-18T13:36:12.596560+00:00,99.76666666666668,107.9,3,3,True,True,2.640603566529509,10.742387957577826
ITA,2013Q1,eurostat_hicp_midx_cp00_i15_2010_2019_2026_02_06|eurostat_hicp_midx_cp045_i15_2010_2025_2026_02_06,2026-02-06,2026-07-18T13:36:09.327867+00:00|2026-07-18T13:36:12.596560+00:00,98.53333333333336,108.59999999999998,3,3,True,True,2.071823204419898,6.854706461134796
ITA,2013Q2,eurostat_hicp_midx_cp00_i15_2010_2019_2026_02_06|eurostat_hicp_midx_cp045_i15_2010_2025_2026_02_06,2026-02-06,2026-07-18T13:36:09.327867+00:00|2026-07-18T13:36:12.596560+00:00,100.36666666666667,106.1,3,3,True,True,1.2100840336134233,1.3049013367282036
ITA,2013Q3,eurostat_hicp_midx_cp00_i15_2010_2019_2026_02_06|eurostat_hicp_midx_cp045_i15_2010_2025_2026_02_06,2026-02-06,2026-07-18T13:36:09.327867+00:00|2026-07-18T13:36:12.596560+00:00,99.3,106.26666666666668,3,3,True,True,1.0858500169664165,-0.18785222291793913
ITA,2013Q4,eurostat_hicp_midx_cp00_i15_2010_2019_2026_02_06|eurostat_hicp_midx_cp045_i15_2010_2025_2026_02_06,2026-02-06,2026-07-18T13:36:09.327867+00:00|2026-07-18T13:36:12.596560+00:00,100.4,105.23333333333332,3,3,True,True,0.6348145673237493,-2.471424158171165
ITA,2014Q1,eurostat_hicp_midx_cp00_i15_2010_2019_2026_02_06|eurostat_hicp_midx_cp045_i15_2010_2025_2026_02_06,2026-02-06,2026-07-18T13:36:09.327867+00:00|2026-07-18T13:36:12.596560+00:00,98.96666666666664,105.26666666666668,3,3,True,True,0.43978349120428195,-3.069367710251658
ITA,2014Q2,eurostat_hicp_midx_cp00_i15_2010_2019_2026_02_06|eurostat_hicp_midx_cp045_i15_2010_2025_2026_02_06,2026-02-06,2026-07-18T13:36:09.327867+00:00|2026-07-18T13:36:12.596560+00:00,100.76666666666668,103.0,3,3,True,True,0.39853869146464493,-2.9217719132893394
ITA,2014Q3,eurostat_hicp_midx_cp00_i15_2010_2019_2026_02_06|eurostat_hicp_midx_cp045_i15_2010_2025_2026_02_06,2026-02-06,2026-07-18T13:36:09.327867+00:00|2026-07-18T13:36:12.596560+00:00,99.23333333333332,100.1,3,3,True,True,-0.06713662302787471,-5.803011292346316
ITA,2014Q4,eurostat_hicp_midx_cp00_i15_2010_2019_2026_02_06|eurostat_hicp_midx_cp045_i15_2010_2025_2026_02_06,2026-02-06,2026-07-18T13:36:09.327867+00:00|2026-07-18T13:36:12.596560+00:00,100.56666666666666,102.76666666666668,3,3,True,True,0.16600265604249653,-2.343997465948655
ITA,2015Q1,eurostat_hicp_midx_cp00_i15_2010_2019_2026_02_06|eurostat_hicp_midx_cp045_i15_2010_2025_2026_02_06,2026-02-06,2026-07-18T13:36:09.327867+00:00|2026-07-18T13:36:12.596560+00:00,98.83333333333331,101.5,3,3,True,True,-0.1347254968002587,-3.5782140595313594
ITA,2015Q2,eurostat_hicp_midx_cp00_i15_2010_2019_2026_02_06|eurostat_hicp_midx_cp045_i15_2010_2025_2026_02_06,2026-02-06,2026-07-18T13:36:09.327867+00:00|2026-07-18T13:36:12.596560+00:00,100.86666666666667,99.3,3,3,True,True,0.0992391663910075,-3.592233009708745
ITA,2015Q3,eurostat_hicp_midx_cp00_i15_2010_2019_2026_02_06|eurostat_hicp_midx_cp045_i15_2010_2025_2026_02_06,2026-02-06,2026-07-18T13:36:09.327867+00:00|2026-07-18T13:36:12.596560+00:00,99.53333333333336,98.66666666666669,3,3,True,True,0.30231776956672896,-1.4319014319014056
ITA,2015Q4,eurostat_hicp_midx_cp00_i15_2010_2019_2026_02_06|eurostat_hicp_midx_cp045_i15_2010_2025_2026_02_06,2026-02-06,2026-07-18T13:36:09.327867+00:00|2026-07-18T13:36:12.596560+00:00,100.73333333333332,100.56666666666666,3,3,True,True,0.16572754391779299,-2.1407719753486987
ITA,2016Q1,eurostat_hicp_midx_cp00_i15_2010_2019_2026_02_06|eurostat_hicp_midx_cp045_i15_2010_2025_2026_02_06,2026-02-06,2026-07-18T13:36:09.327867+00:00|2026-07-18T13:36:12.596560+00:00,98.83333333333331,98.83333333333331,3,3,True,True,0.0,-2.6272577996716118
ITA,2016Q2,eurostat_hicp_midx_cp00_i15_2010_2019_2026_02_06|eurostat_hicp_midx_cp045_i15_2010_2025_2026_02_06,2026-02-06,2026-07-18T13:36:09.327867+00:00|2026-07-18T13:36:12.596560+00:00,100.56666666666666,93.06666666666666,3,3,True,True,-0.2974223397224196,-6.27727425310507
ITA,2016Q3,eurostat_hicp_midx_cp00_i15_2010_2019_2026_02_06|eurostat_hicp_midx_cp045_i15_2010_2025_2026_02_06,2026-02-06,2026-07-18T13:36:09.327867+00:00|2026-07-18T13:36:12.596560+00:00,99.46666666666664,93.8,3,3,True,True,-0.0669792364367594,-4.932432432432455
ITA,2016Q4,eurostat_hicp_midx_cp00_i15_2010_2019_2026_02_06|eurostat_hicp_midx_cp045_i15_2010_2025_2026_02_06,2026-02-06,2026-07-18T13:36:09.327867+00:00|2026-07-18T13:36:12.596560+00:00,100.9,95.06666666666666,3,3,True,True,0.16545334215753993,-5.469008949287368
ITA,2017Q1,eurostat_hicp_midx_cp00_i15_2010_2019_2026_02_06|eurostat_hicp_midx_cp045_i15_2010_2025_2026_02_06,2026-02-06,2026-07-18T13:36:09.327867+00:00|2026-07-18T13:36:12.596560+00:00,100.16666666666669,97.26666666666668,3,3,True,True,1.3490725126475978,-1.5851602023608469
ITA,2017Q2,eurostat_hicp_midx_cp00_i15_2010_2019_2026_02_06|eurostat_hicp_midx_cp045_i15_2010_2025_2026_02_06,2026-02-06,2026-07-18T13:36:09.327867+00:00|2026-07-18T13:36:12.596560+00:00,102.16666666666669,98.13333333333333,3,3,True,True,1.590984421610897,5.4441260744985565
ITA,2017Q3,eurostat_hicp_midx_cp00_i15_2010_2019_2026_02_06|eurostat_hicp_midx_cp045_i15_2010_2025_2026_02_06,2026-02-06,2026-07-18T13:36:09.327867+00:00|2026-07-18T13:36:12.596560+00:00,100.76666666666668,97.40000000000002,3,3,True,True,1.3069705093834205,3.837953091684465
ITA,2017Q4,eurostat_hicp_midx_cp00_i15_2010_2019_2026_02_06|eurostat_hicp_midx_cp045_i15_2010_2025_2026_02_06,2026-02-06,2026-07-18T13:36:09.327867+00:00|2026-07-18T13:36:12.596560+00:00,101.96666666666664,98.4,3,3,True,True,1.0571522960026059,3.5063113604488105
ITA,2018Q1,eurostat_hicp_midx_cp00_i15_2010_2019_2026_02_06|eurostat_hicp_midx_cp045_i15_2010_2025_2026_02_06,2026-02-06,2026-07-18T13:36:09.327867+00:00|2026-07-18T13:36:12.596560+00:00,101.03333333333336,102.26666666666668,3,3,True,True,0.8652246256239726,5.140507196710065
ITA,2018Q2,eurostat_hicp_midx_cp00_i15_2010_2019_2026_02_06|eurostat_hicp_midx_cp045_i15_2010_2025_2026_02_06,2026-02-06,2026-07-18T13:36:09.327867+00:00|2026-07-18T13:36:12.596560+00:00,103.16666666666669,97.23333333333332,3,3,True,True,0.978792822185981,-0.9171195652173947
ITA,2018Q3,eurostat_hicp_midx_cp00_i15_2010_2019_2026_02_06|eurostat_hicp_midx_cp045_i15_2010_2025_2026_02_06,2026-02-06,2026-07-18T13:36:09.327867+00:00|2026-07-18T13:36:12.596560+00:00,102.43333333333334,102.63333333333333,3,3,True,True,1.6539861065167027,5.3730321697467165
ITA,2018Q4,eurostat_hicp_midx_cp00_i15_2010_2019_2026_02_06|eurostat_hicp_midx_cp045_i15_2010_2025_2026_02_06,2026-02-06,2026-07-18T13:36:09.327867+00:00|2026-07-18T13:36:12.596560+00:00,103.46666666666664,108.16666666666669,3,3,True,True,1.471068976789791,9.92547425474255
ITA,2019Q1,eurostat_hicp_midx_cp00_i15_2010_2019_2026_02_06|eurostat_hicp_midx_cp045_i15_2010_2025_2026_02_06,2026-02-06,2026-07-18T13:36:09.327867+00:00|2026-07-18T13:36:12.596560+00:00,102.06666666666666,110.26666666666668,3,3,True,True,1.0227647641042337,7.822685788787487
ITA,2019Q2,eurostat_hicp_midx_cp00_i15_2010_2019_2026_02_06|eurostat_hicp_midx_cp045_i15_2010_2025_2026_02_06,2026-02-06,2026-07-18T13:36:09.327867+00:00|2026-07-18T13:36:12.596560+00:00,104.1,103.63333333333333,3,3,True,True,0.9046849757673447,6.5821049022968925
ITA,2019Q3,eurostat_hicp_midx_cp00_i15_2010_2019_2026_02_06|eurostat_hicp_midx_cp045_i15_2010_2025_2026_02_06,2026-02-06,2026-07-18T13:36:09.327867+00:00|2026-07-18T13:36:12.596560+00:00,102.76666666666668,100.83333333333331,3,3,True,True,0.32541490400261885,-1.753816174082501
ITA,2019Q4,eurostat_hicp_midx_cp00_i15_2010_2019_2026_02_06|eurostat_hicp_midx_cp045_i15_2010_2025_2026_02_06,2026-02-06,2026-07-18T13:36:09.327867+00:00|2026-07-18T13:36:12.596560+00:00,103.76666666666668,103.06666666666666,3,3,True,True,0.2899484536082797,-4.714946070878289
ITA,2020Q1,eurostat_hicp_midx_cp00_i15_2026_02_06|eurostat_hicp_midx_cp045_i15_2010_2025_2026_02_06,2026-02-06,2026-07-18T13:22:23.066990+00:00|2026-07-18T13:36:12.596560+00:00,102.3,102.63333333333333,3,3,True,True,0.2286087524493885,-6.922611850060479
ITA,2020Q2,eurostat_hicp_midx_cp00_i15_2026_02_06|eurostat_hicp_midx_cp045_i15_2010_2025_2026_02_06,2026-02-06,2026-07-18T13:22:23.066990+00:00|2026-07-18T13:36:12.596560+00:00,103.9,92.3,3,3,True,True,-0.19212295869355245,-10.935992280476036
ITA,2020Q3,eurostat_hicp_midx_cp00_i15_2026_02_06|eurostat_hicp_midx_cp045_i15_2010_2025_2026_02_06,2026-02-06,2026-07-18T13:22:23.066990+00:00|2026-07-18T13:36:12.596560+00:00,102.53333333333336,90.63333333333333,3,3,True,True,-0.22705157314303337,-10.115702479338829
ITA,2020Q4,eurostat_hicp_midx_cp00_i15_2026_02_06|eurostat_hicp_midx_cp045_i15_2010_2025_2026_02_06,2026-02-06,2026-07-18T13:22:23.066990+00:00|2026-07-18T13:36:12.596560+00:00,103.36666666666667,97.33333333333331,3,3,True,True,-0.3854802441374927,-5.562742561448919
ITA,2021Q1,eurostat_hicp_midx_cp00_i15_2026_02_06|eurostat_hicp_midx_cp045_i15_2010_2025_2026_02_06,2026-02-06,2026-07-18T13:22:23.066990+00:00|2026-07-18T13:36:12.596560+00:00,103.06666666666666,100.93333333333334,3,3,True,True,0.7494297816878381,-1.6563819421890114
ITA,2021Q2,eurostat_hicp_midx_cp00_i15_2026_02_06|eurostat_hicp_midx_cp045_i15_2010_2025_2026_02_06,2026-02-06,2026-07-18T13:22:23.066990+00:00|2026-07-18T13:36:12.596560+00:00,105.1,104.2,3,3,True,True,1.1549566891241536,12.892741061755153
ITA,2021Q3,eurostat_hicp_midx_cp00_i15_2026_02_06|eurostat_hicp_midx_cp045_i15_2010_2025_2026_02_06,2026-02-06,2026-07-18T13:22:23.066990+00:00|2026-07-18T13:36:12.596560+00:00,104.7,111.33333333333331,3,3,True,True,2.1131339401820215,22.839279146745106
ITA,2021Q4,eurostat_hicp_midx_cp00_i15_2026_02_06|eurostat_hicp_midx_cp045_i15_2010_2025_2026_02_06,2026-02-06,2026-07-18T13:22:23.066990+00:00|2026-07-18T13:36:12.596560+00:00,107.23333333333332,128.26666666666668,3,3,True,True,3.740728797162185,31.780821917808268
ITA,2022Q1,eurostat_hicp_midx_cp00_i15_2026_02_06|eurostat_hicp_midx_cp045_i15_2010_2025_2026_02_06,2026-02-06,2026-07-18T13:22:23.066990+00:00|2026-07-18T13:36:12.596560+00:00,109.26666666666668,167.43333333333334,3,3,True,True,6.015523932729638,65.88507265521797
ITA,2022Q2,eurostat_hicp_midx_cp00_i15_2026_02_06|eurostat_hicp_midx_cp045_i15_2010_2025_2026_02_06,2026-02-06,2026-07-18T13:22:23.066990+00:00|2026-07-18T13:36:12.596560+00:00,112.83333333333331,171.73333333333335,3,3,True,True,7.358071677767186,64.81126039667306
ITA,2022Q3,eurostat_hicp_midx_cp00_i15_2026_02_06|eurostat_hicp_midx_cp045_i15_2010_2025_2026_02_06,2026-02-06,2026-07-18T13:22:23.066990+00:00|2026-07-18T13:36:12.596560+00:00,114.06666666666666,190.4,3,3,True,True,8.946195479146768,71.01796407185633
ITA,2022Q4,eurostat_hicp_midx_cp00_i15_2026_02_06|eurostat_hicp_midx_cp045_i15_2010_2025_2026_02_06,2026-02-06,2026-07-18T13:22:23.066990+00:00|2026-07-18T13:36:12.596560+00:00,120.63333333333333,294.8,3,3,True,True,12.49611439229097,129.83367983367984
ITA,2023Q1,eurostat_hicp_midx_cp00_i15_2026_02_06|eurostat_hicp_midx_cp045_i15_2010_2025_2026_02_06,2026-02-06,2026-07-18T13:22:23.066990+00:00|2026-07-18T13:36:12.596560+00:00,119.66666666666669,236.0666666666667,3,3,True,True,9.517998779743753,40.99143937885727
ITA,2023Q2,eurostat_hicp_midx_cp00_i15_2026_02_06|eurostat_hicp_midx_cp045_i15_2010_2025_2026_02_06,2026-02-06,2026-07-18T13:22:23.066990+00:00|2026-07-18T13:36:12.596560+00:00,121.6,196.5,3,3,True,True,7.769571639586426,14.421583850931663
ITA,2023Q3,eurostat_hicp_midx_cp00_i15_2026_02_06|eurostat_hicp_midx_cp045_i15_2010_2025_2026_02_06,2026-02-06,2026-07-18T13:22:23.066990+00:00|2026-07-18T13:36:12.596560+00:00,120.7,176.73333333333335,3,3,True,True,5.815312682641727,-7.1778711484593805
ITA,2023Q4,eurostat_hicp_midx_cp00_i15_2026_02_06|eurostat_hicp_midx_cp045_i15_2010_2025_2026_02_06,2026-02-06,2026-07-18T13:22:23.066990+00:00|2026-07-18T13:36:12.596560+00:00,121.8,173.63333333333333,3,3,True,True,0.9671179883945946,-41.10131162369969
ITA,2024Q1,eurostat_hicp_midx_cp00_i15_2026_02_06|eurostat_hicp_midx_cp045_i15_2010_2025_2026_02_06,2026-02-06,2026-07-18T13:22:23.066990+00:00|2026-07-18T13:36:12.596560+00:00,120.86666666666667,169.29999999999998,3,3,True,True,1.0027855153203147,-28.282970912171713
ITA,2024Q2,eurostat_hicp_midx_cp00_i15_2026_02_06|eurostat_hicp_midx_cp045_i15_2010_2025_2026_02_06,2026-02-06,2026-07-18T13:22:23.066990+00:00|2026-07-18T13:36:12.596560+00:00,122.66666666666669,153.9,3,3,True,True,0.8771929824561653,-21.679389312977094
ITA,2024Q3,eurostat_hicp_midx_cp00_i15_2026_02_06|eurostat_hicp_midx_cp045_i15_2010_2025_2026_02_06,2026-02-06,2026-07-18T13:22:23.066990+00:00|2026-07-18T13:36:12.596560+00:00,122.13333333333333,164.13333333333333,3,3,True,True,1.187517260425297,-7.129385137683908
ITA,2024Q4,eurostat_hicp_midx_cp00_i15_2026_02_06|eurostat_hicp_midx_cp045_i15_2010_2025_2026_02_06,2026-02-06,2026-07-18T13:22:23.066990+00:00|2026-07-18T13:36:12.596560+00:00,123.36666666666667,165.79999999999998,3,3,True,True,1.286261631089225,-4.511422537915156
ITA,2025Q1,eurostat_hicp_midx_cp00_i15_2026_02_06|eurostat_hicp_midx_cp045_i15_2010_2025_2026_02_06,2026-02-06,2026-07-18T13:22:23.066990+00:00|2026-07-18T13:36:12.596560+00:00,123.1,175.16666666666666,3,3,True,True,1.8477661334804107,3.4652490647765433
ITA,2025Q2,eurostat_hicp_midx_cp00_i15_2026_02_06|eurostat_hicp_midx_cp045_i15_2010_2025_2026_02_06,2026-02-06,2026-07-18T13:22:23.066990+00:00|2026-07-18T13:36:12.596560+00:00,124.93333333333334,160.06666666666666,3,3,True,True,1.8478260869565055,4.006930907515693
ITA,2025Q3,eurostat_hicp_midx_cp00_i15_2026_02_06|eurostat_hicp_midx_cp045_i15_2010_2025_2026_02_06,2026-02-06,2026-07-18T13:22:23.066990+00:00|2026-07-18T13:36:12.596560+00:00,124.23333333333332,157.6,3,3,True,True,1.719432314410474,-3.9805036555645823
ITA,2025Q4,eurostat_hicp_midx_cp00_i15_2026_02_06|eurostat_hicp_midx_cp045_i15_2010_2025_2026_02_06,2026-02-06,2026-07-18T13:22:23.066990+00:00|2026-07-18T13:36:12.596560+00:00,124.86666666666667,154.16666666666666,3,3,True,True,1.2158875979465078,-7.016485725774024
LTU,2010Q1,eurostat_hicp_midx_cp00_i15_2010_2019_2026_02_06|eurostat_hicp_midx_cp045_i15_2010_2025_2026_02_06,2026-02-06,2026-07-18T13:36:09.327867+00:00|2026-07-18T13:36:12.596560+00:00,91.61333333333334,94.77333333333333,3,3,True,True,,
LTU,2010Q2,eurostat_hicp_midx_cp00_i15_2010_2019_2026_02_06|eurostat_hicp_midx_cp045_i15_2010_2025_2026_02_06,2026-02-06,2026-07-18T13:36:09.327867+00:00|2026-07-18T13:36:12.596560+00:00,92.29333333333334,97.0,3,3,True,True,,
LTU,2010Q3,eurostat_hicp_midx_cp00_i15_2010_2019_2026_02_06|eurostat_hicp_midx_cp045_i15_2010_2025_2026_02_06,2026-02-06,2026-07-18T13:36:09.327867+00:00|2026-07-18T13:36:12.596560+00:00,92.46,100.26,3,3,True,True,,
LTU,2010Q4,eurostat_hicp_midx_cp00_i15_2010_2019_2026_02_06|eurostat_hicp_midx_cp045_i15_2010_2025_2026_02_06,2026-02-06,2026-07-18T13:36:09.327867+00:00|2026-07-18T13:36:12.596560+00:00,93.33666666666666,102.05,3,3,True,True,,
LTU,2011Q1,eurostat_hicp_midx_cp00_i15_2010_2019_2026_02_06|eurostat_hicp_midx_cp045_i15_2010_2025_2026_02_06,2026-02-06,2026-07-18T13:36:09.327867+00:00|2026-07-18T13:36:12.596560+00:00,94.54666666666668,104.09,3,3,True,True,3.2018629020521105,9.830472706809235
LTU,2011Q2,eurostat_hicp_midx_cp00_i15_2010_2019_2026_02_06|eurostat_hicp_midx_cp045_i15_2010_2025_2026_02_06,2026-02-06,2026-07-18T13:36:09.327867+00:00|2026-07-18T13:36:12.596560+00:00,96.64333333333332,106.25,3,3,True,True,4.713233169604147,9.536082474226815
LTU,2011Q3,eurostat_hicp_midx_cp00_i15_2010_2019_2026_02_06|eurostat_hicp_midx_cp045_i15_2010_2025_2026_02_06,2026-02-06,2026-07-18T13:36:09.327867+00:00|2026-07-18T13:36:12.596560+00:00,96.66333333333334,112.34666666666664,3,3,True,True,4.546110029562356,12.055322827315607
LTU,2011Q4,eurostat_hicp_midx_cp00_i15_2010_2019_2026_02_06|eurostat_hicp_midx_cp045_i15_2010_2025_2026_02_06,2026-02-06,2026-07-18T13:36:09.327867+00:00|2026-07-18T13:36:12.596560+00:00,97.09666666666668,114.73666666666668,3,3,True,True,4.028427556158731,12.431814470031055
LTU,2012Q1,eurostat_hicp_midx_cp00_i15_2010_2019_2026_02_06|eurostat_hicp_midx_cp045_i15_2010_2025_2026_02_06,2026-02-06,2026-07-18T13:36:09.327867+00:00|2026-07-18T13:36:12.596560+00:00,97.96999999999998,116.12666666666668,3,3,True,True,3.620786912988261,11.563710891215951
LTU,2012Q2,eurostat_hicp_midx_cp00_i15_2010_2019_2026_02_06|eurostat_hicp_midx_cp045_i15_2010_2025_2026_02_06,2026-02-06,2026-07-18T13:36:09.327867+00:00|2026-07-18T13:36:12.596560+00:00,99.37666666666668,116.36666666666667,3,3,True,True,2.8282688924913257,9.521568627450993
LTU,2012Q3,eurostat_hicp_midx_cp00_i15_2010_2019_2026_02_06|eurostat_hicp_midx_cp045_i15_2010_2025_2026_02_06,2026-02-06,2026-07-18T13:36:09.327867+00:00|2026-07-18T13:36:12.596560+00:00,99.78333333333336,119.23333333333332,3,3,True,True,3.2276975068106006,6.129836221220053
LTU,2012Q4,eurostat_hicp_midx_cp00_i15_2010_2019_2026_02_06|eurostat_hicp_midx_cp045_i15_2010_2025_2026_02_06,2026-02-06,2026-07-18T13:36:09.327867+00:00|2026-07-18T13:36:12.596560+00:00,100.0,116.48666666666668,3,3,True,True,2.990147275910582,1.5252316899567075
LTU,2013Q1,eurostat_hicp_midx_cp00_i15_2010_2019_2026_02_06|eurostat_hicp_midx_cp045_i15_2010_2025_2026_02_06,2026-02-06,2026-07-18T13:36:09.327867+00:00|2026-07-18T13:36:12.596560+00:00,100.14666666666666,118.32333333333334,3,3,True,True,2.22176856860945,1.8916126069234762
LTU,2013Q2,eurostat_hicp_midx_cp00_i15_2010_2019_2026_02_06|eurostat_hicp_midx_cp045_i15_2010_2025_2026_02_06,2026-02-06,2026-07-18T13:36:09.327867+00:00|2026-07-18T13:36:12.596560+00:00,100.76666666666668,116.86666666666667,3,3,True,True,1.398718679770572,0.4296763105127388
LTU,2013Q3,eurostat_hicp_midx_cp00_i15_2010_2019_2026_02_06|eurostat_hicp_midx_cp045_i15_2010_2025_2026_02_06,2026-02-06,2026-07-18T13:36:09.327867+00:00|2026-07-18T13:36:12.596560+00:00,100.33333333333331,115.30666666666669,3,3,True,True,0.5511942542174353,-3.293262510483619
LTU,2013Q4,eurostat_hicp_midx_cp00_i15_2010_2019_2026_02_06|eurostat_hicp_midx_cp045_i15_2010_2025_2026_02_06,2026-02-06,2026-07-18T13:36:09.327867+00:00|2026-07-18T13:36:12.596560+00:00,100.50666666666666,114.81666666666666,3,3,True,True,0.5066666666666553,-1.4336404738739872
LTU,2014Q1,eurostat_hicp_midx_cp00_i15_2010_2019_2026_02_06|eurostat_hicp_midx_cp045_i15_2010_2025_2026_02_06,2026-02-06,2026-07-18T13:36:09.327867+00:00|2026-07-18T13:36:12.596560+00:00,100.46,115.66666666666669,3,3,True,True,0.31287445080547815,-2.2452601628306534
LTU,2014Q2,eurostat_hicp_midx_cp00_i15_2010_2019_2026_02_06|eurostat_hicp_midx_cp045_i15_2010_2025_2026_02_06,2026-02-06,2026-07-18T13:36:09.327867+00:00|2026-07-18T13:36:12.596560+00:00,100.99666666666668,111.61666666666667,3,3,True,True,0.22825008269931057,-4.492298916143755
LTU,2014Q3,eurostat_hicp_midx_cp00_i15_2010_2019_2026_02_06|eurostat_hicp_midx_cp045_i15_2010_2025_2026_02_06,2026-02-06,2026-07-18T13:36:09.327867+00:00|2026-07-18T13:36:12.596560+00:00,100.58333333333331,106.95666666666666,3,3,True,True,0.2491694352159568,-7.241558741905663
LTU,2014Q4,eurostat_hicp_midx_cp00_i15_2010_2019_2026_02_06|eurostat_hicp_midx_cp045_i15_2010_2025_2026_02_06,2026-02-06,2026-07-18T13:36:09.327867+00:00|2026-07-18T13:36:12.596560+00:00,100.68666666666668,109.52666666666666,3,3,True,True,0.17909259750599205,-4.607345042821898
LTU,2015Q1,eurostat_hicp_midx_cp00_i15_2010_2019_2026_02_06|eurostat_hicp_midx_cp045_i15_2010_2025_2026_02_06,2026-02-06,2026-07-18T13:36:09.327867+00:00|2026-07-18T13:36:12.596560+00:00,99.13666666666666,104.42,3,3,True,True,-1.317273873515168,-9.723342939481283
LTU,2015Q2,eurostat_hicp_midx_cp00_i15_2010_2019_2026_02_06|eurostat_hicp_midx_cp045_i15_2010_2025_2026_02_06,2026-02-06,2026-07-18T13:36:09.327867+00:00|2026-07-18T13:36:12.596560+00:00,100.69333333333331,100.34666666666668,3,3,True,True,-0.30033994521274643,-10.097058384351199
LTU,2015Q3,eurostat_hicp_midx_cp00_i15_2010_2019_2026_02_06|eurostat_hicp_midx_cp045_i15_2010_2025_2026_02_06,2026-02-06,2026-07-18T13:36:09.327867+00:00|2026-07-18T13:36:12.596560+00:00,99.89333333333332,97.48333333333332,3,3,True,True,-0.6859983429991723,-8.85716957023095
LTU,2015Q4,eurostat_hicp_midx_cp00_i15_2010_2019_2026_02_06|eurostat_hicp_midx_cp045_i15_2010_2025_2026_02_06,2026-02-06,2026-07-18T13:36:09.327867+00:00|2026-07-18T13:36:12.596560+00:00,100.27666666666666,97.75333333333332,3,3,True,True,-0.40720386678145815,-10.749284801266057
LTU,2016Q1,eurostat_hicp_midx_cp00_i15_2010_2019_2026_02_06|eurostat_hicp_midx_cp045_i15_2010_2025_2026_02_06,2026-02-06,2026-07-18T13:36:09.327867+00:00|2026-07-18T13:36:12.596560+00:00,99.79333333333334,99.46999999999998,3,3,True,True,0.6623852594062285,-4.740471174104599
LTU,2016Q2,eurostat_hicp_midx_cp00_i15_2010_2019_2026_02_06|eurostat_hicp_midx_cp045_i15_2010_2025_2026_02_06,2026-02-06,2026-07-18T13:36:09.327867+00:00|2026-07-18T13:36:12.596560+00:00,101.13333333333333,96.11,3,3,True,True,0.43697033898306703,-4.222030294977419
LTU,2016Q3,eurostat_hicp_midx_cp00_i15_2010_2019_2026_02_06|eurostat_hicp_midx_cp045_i15_2010_2025_2026_02_06,2026-02-06,2026-07-18T13:36:09.327867+00:00|2026-07-18T13:36:12.596560+00:00,100.26666666666668,91.64666666666666,3,3,True,True,0.37373198077952363,-5.9873482646606195
LTU,2016Q4,eurostat_hicp_midx_cp00_i15_2010_2019_2026_02_06|eurostat_hicp_midx_cp045_i15_2010_2025_2026_02_06,2026-02-06,2026-07-18T13:36:09.327867+00:00|2026-07-18T13:36:12.596560+00:00,101.52,93.38666666666666,3,3,True,True,1.239902935212589,-4.467025847370931
LTU,2017Q1,eurostat_hicp_midx_cp00_i15_2010_2019_2026_02_06|eurostat_hicp_midx_cp045_i15_2010_2025_2026_02_06,2026-02-06,2026-07-18T13:36:09.327867+00:00|2026-07-18T13:36:12.596560+00:00,102.74,94.62,3,3,True,True,2.9527690560491537,-4.875841962400706
LTU,2017Q2,eurostat_hicp_midx_cp00_i15_2010_2019_2026_02_06|eurostat_hicp_midx_cp045_i15_2010_2025_2026_02_06,2026-02-06,2026-07-18T13:36:09.327867+00:00|2026-07-18T13:36:12.596560+00:00,104.57333333333334,94.32666666666668,3,3,True,True,3.401450230718539,-1.8555127804945504
LTU,2017Q3,eurostat_hicp_midx_cp00_i15_2010_2019_2026_02_06|eurostat_hicp_midx_cp045_i15_2010_2025_2026_02_06,2026-02-06,2026-07-18T13:36:09.327867+00:00|2026-07-18T13:36:12.596560+00:00,104.73,95.80333333333331,3,3,True,True,4.451462765957448,4.5355350258238
LTU,2017Q4,eurostat_hicp_midx_cp00_i15_2010_2019_2026_02_06|eurostat_hicp_midx_cp045_i15_2010_2025_2026_02_06,2026-02-06,2026-07-18T13:36:09.327867+00:00|2026-07-18T13:36:12.596560+00:00,105.64333333333332,96.05666666666666,3,3,True,True,4.061597058050936,2.8590805254140594
LTU,2018Q1,eurostat_hicp_midx_cp00_i15_2010_2019_2026_02_06|eurostat_hicp_midx_cp045_i15_2010_2025_2026_02_06,2026-02-06,2026-07-18T13:36:09.327867+00:00|2026-07-18T13:36:12.596560+00:00,105.91666666666669,101.08,3,3,True,True,3.0919473103627526,6.827309236947787
LTU,2018Q2,eurostat_hicp_midx_cp00_i15_2010_2019_2026_02_06|eurostat_hicp_midx_cp045_i15_2010_2025_2026_02_06,2026-02-06,2026-07-18T13:36:09.327867+00:00|2026-07-18T13:36:12.596560+00:00,107.22333333333334,97.42333333333332,3,3,True,True,2.5341068468698325,3.282917520672801
LTU,2018Q3,eurostat_hicp_midx_cp00_i15_2010_2019_2026_02_06|eurostat_hicp_midx_cp045_i15_2010_2025_2026_02_06,2026-02-06,2026-07-18T13:36:09.327867+00:00|2026-07-18T13:36:12.596560+00:00,107.01333333333332,95.52,3,3,True,True,2.180209427416524,-0.2957447548797676
LTU,2018Q4,eurostat_hicp_midx_cp00_i15_2010_2019_2026_02_06|eurostat_hicp_midx_cp045_i15_2010_2025_2026_02_06,2026-02-06,2026-07-18T13:36:09.327867+00:00|2026-07-18T13:36:12.596560+00:00,108.10666666666668,103.36666666666667,3,3,True,True,2.331745180323752,7.610091265572416
LTU,2019Q1,eurostat_hicp_midx_cp00_i15_2010_2019_2026_02_06|eurostat_hicp_midx_cp045_i15_2010_2025_2026_02_06,2026-02-06,2026-07-18T13:36:09.327867+00:00|2026-07-18T13:36:12.596560+00:00,108.11333333333332,109.75333333333332,3,3,True,True,2.073957513768643,8.580662181770204
LTU,2019Q2,eurostat_hicp_midx_cp00_i15_2010_2019_2026_02_06|eurostat_hicp_midx_cp045_i15_2010_2025_2026_02_06,2026-02-06,2026-07-18T13:36:09.327867+00:00|2026-07-18T13:36:12.596560+00:00,109.95666666666666,101.75666666666666,3,3,True,True,2.549196381384644,4.447941971464742
LTU,2019Q3,eurostat_hicp_midx_cp00_i15_2010_2019_2026_02_06|eurostat_hicp_midx_cp045_i15_2010_2025_2026_02_06,2026-02-06,2026-07-18T13:36:09.327867+00:00|2026-07-18T13:36:12.596560+00:00,109.52,94.94,3,3,True,True,2.342387241465249,-0.6072026800669983
LTU,2019Q4,eurostat_hicp_midx_cp00_i15_2010_2019_2026_02_06|eurostat_hicp_midx_cp045_i15_2010_2025_2026_02_06,2026-02-06,2026-07-18T13:36:09.327867+00:00|2026-07-18T13:36:12.596560+00:00,110.27333333333333,96.36333333333334,3,3,True,True,2.004193389245157,-6.775233795549818
LTU,2020Q1,eurostat_hicp_midx_cp00_i15_2026_02_06|eurostat_hicp_midx_cp045_i15_2010_2025_2026_02_06,2026-02-06,2026-07-18T13:22:23.066990+00:00|2026-07-18T13:36:12.596560+00:00,110.78000000000002,98.72666666666667,3,3,True,True,2.466547450206602,-10.046771548320454
LTU,2020Q2,eurostat_hicp_midx_cp00_i15_2026_02_06|eurostat_hicp_midx_cp045_i15_2010_2025_2026_02_06,2026-02-06,2026-07-18T13:22:23.066990+00:00|2026-07-18T13:36:12.596560+00:00,110.67,89.03000000000002,3,3,True,True,0.6487404128899366,-12.506961050872977
LTU,2020Q3,eurostat_hicp_midx_cp00_i15_2026_02_06|eurostat_hicp_midx_cp045_i15_2010_2025_2026_02_06,2026-02-06,2026-07-18T13:22:23.066990+00:00|2026-07-18T13:36:12.596560+00:00,110.50333333333332,81.59666666666666,3,3,True,True,0.8978573167762294,-14.054490555438527
LTU,2020Q4,eurostat_hicp_midx_cp00_i15_2026_02_06|eurostat_hicp_midx_cp045_i15_2010_2025_2026_02_06,2026-02-06,2026-07-18T13:22:23.066990+00:00|2026-07-18T13:36:12.596560+00:00,110.56,86.71999999999998,3,3,True,True,0.25996009914757146,-10.007264173786734
LTU,2021Q1,eurostat_hicp_midx_cp00_i15_2026_02_06|eurostat_hicp_midx_cp045_i15_2010_2025_2026_02_06,2026-02-06,2026-07-18T13:22:23.066990+00:00|2026-07-18T13:36:12.596560+00:00,111.60333333333334,91.51666666666668,3,3,True,True,0.7432147800445321,-7.302991424133964
LTU,2021Q2,eurostat_hicp_midx_cp00_i15_2026_02_06|eurostat_hicp_midx_cp045_i15_2010_2025_2026_02_06,2026-02-06,2026-07-18T13:22:23.066990+00:00|2026-07-18T13:36:12.596560+00:00,114.16666666666669,91.21,3,3,True,True,3.1595433872473766,2.4486128271368868
LTU,2021Q3,eurostat_hicp_midx_cp00_i15_2026_02_06|eurostat_hicp_midx_cp045_i15_2010_2025_2026_02_06,2026-02-06,2026-07-18T13:22:23.066990+00:00|2026-07-18T13:36:12.596560+00:00,116.27,100.71666666666664,3,3,True,True,5.218545443576383,23.43232975203233
LTU,2021Q4,eurostat_hicp_midx_cp00_i15_2026_02_06|eurostat_hicp_midx_cp045_i15_2010_2025_2026_02_06,2026-02-06,2026-07-18T13:22:23.066990+00:00|2026-07-18T13:36:12.596560+00:00,120.94,117.26,3,3,True,True,9.388567293777129,35.21678966789672
LTU,2022Q1,eurostat_hicp_midx_cp00_i15_2026_02_06|eurostat_hicp_midx_cp045_i15_2010_2025_2026_02_06,2026-02-06,2026-07-18T13:22:23.066990+00:00|2026-07-18T13:36:12.596560+00:00,127.16,146.61666666666665,3,3,True,True,13.939249126370168,60.20761245674735
LTU,2022Q2,eurostat_hicp_midx_cp00_i15_2026_02_06|eurostat_hicp_midx_cp045_i15_2010_2025_2026_02_06,2026-02-06,2026-07-18T13:22:23.066990+00:00|2026-07-18T13:36:12.596560+00:00,135.33666666666667,155.27666666666667,3,3,True,True,18.54306569343065,70.24083616562513
LTU,2022Q3,eurostat_hicp_midx_cp00_i15_2026_02_06|eurostat_hicp_midx_cp045_i15_2010_2025_2026_02_06,2026-02-06,2026-07-18T13:22:23.066990+00:00|2026-07-18T13:36:12.596560+00:00,141.25666666666666,200.57333333333335,3,3,True,True,21.490209569679774,99.14611947708099
LTU,2022Q4,eurostat_hicp_midx_cp00_i15_2026_02_06|eurostat_hicp_midx_cp045_i15_2010_2025_2026_02_06,2026-02-06,2026-07-18T13:22:23.066990+00:00|2026-07-18T13:36:12.596560+00:00,146.53333333333333,211.5533333333333,3,3,True,True,21.162008709552936,80.41389504804137
LTU,2023Q1,eurostat_hicp_midx_cp00_i15_2026_02_06|eurostat_hicp_midx_cp045_i15_2010_2025_2026_02_06,2026-02-06,2026-07-18T13:22:23.066990+00:00|2026-07-18T13:36:12.596560+00:00,148.72666666666666,211.01666666666665,3,3,True,True,16.960260039844812,43.92406502216666
LTU,2023Q2,eurostat_hicp_midx_cp00_i15_2026_02_06|eurostat_hicp_midx_cp045_i15_2010_2025_2026_02_06,2026-02-06,2026-07-18T13:22:23.066990+00:00|2026-07-18T13:36:12.596560+00:00,149.83,186.03666666666663,3,3,True,True,10.709095835077953,19.809801859047262
LTU,2023Q3,eurostat_hicp_midx_cp00_i15_2026_02_06|eurostat_hicp_midx_cp045_i15_2010_2025_2026_02_06,2026-02-06,2026-07-18T13:22:23.066990+00:00|2026-07-18T13:36:12.596560+00:00,149.54999999999998,168.35333333333332,3,3,True,True,5.871109328173296,-16.06395000997143
LTU,2023Q4,eurostat_hicp_midx_cp00_i15_2026_02_06|eurostat_hicp_midx_cp045_i15_2010_2025_2026_02_06,2026-02-06,2026-07-18T13:22:23.066990+00:00|2026-07-18T13:36:12.596560+00:00,149.97333333333333,166.74666666666667,3,3,True,True,2.3475887170154586,-21.179844326095854
LTU,2024Q1,eurostat_hicp_midx_cp00_i15_2026_02_06|eurostat_hicp_midx_cp045_i15_2010_2025_2026_02_06,2026-02-06,2026-07-18T13:22:23.066990+00:00|2026-07-18T13:36:12.596560+00:00,149.99666666666667,163.60333333333332,3,3,True,True,0.8539154601282073,-22.46899928915568
LTU,2024Q2,eurostat_hicp_midx_cp00_i15_2026_02_06|eurostat_hicp_midx_cp045_i15_2010_2025_2026_02_06,2026-02-06,2026-07-18T13:22:23.066990+00:00|2026-07-18T13:36:12.596560+00:00,150.98333333333335,146.87,3,3,True,True,0.769761285011894,-21.05319739836231
LTU,2024Q3,eurostat_hicp_midx_cp00_i15_2026_02_06|eurostat_hicp_midx_cp045_i15_2010_2025_2026_02_06,2026-02-06,2026-07-18T13:22:23.066990+00:00|2026-07-18T13:36:12.596560+00:00,150.67999999999998,147.83,3,3,True,True,0.7556001337345242,-12.190630816140647
LTU,2024Q4,eurostat_hicp_midx_cp00_i15_2026_02_06|eurostat_hicp_midx_cp045_i15_2010_2025_2026_02_06,2026-02-06,2026-07-18T13:22:23.066990+00:00|2026-07-18T13:36:12.596560+00:00,151.51666666666665,154.1866666666667,3,3,True,True,1.0290718349928785,-7.532384455461361
LTU,2025Q1,eurostat_hicp_midx_cp00_i15_2026_02_06|eurostat_hicp_midx_cp045_i15_2010_2025_2026_02_06,2026-02-06,2026-07-18T13:22:23.066990+00:00|2026-07-18T13:36:12.596560+00:00,155.11,165.74666666666667,3,3,True,True,3.408964643658763,1.310079256738872
LTU,2025Q2,eurostat_hicp_midx_cp00_i15_2026_02_06|eurostat_hicp_midx_cp045_i15_2010_2025_2026_02_06,2026-02-06,2026-07-18T13:22:23.066990+00:00|2026-07-18T13:36:12.596560+00:00,155.92333333333332,150.5,3,3,True,True,3.2718843139419196,2.47157350037448
LTU,2025Q3,eurostat_hicp_midx_cp00_i15_2026_02_06|eurostat_hicp_midx_cp045_i15_2010_2025_2026_02_06,2026-02-06,2026-07-18T13:22:23.066990+00:00|2026-07-18T13:36:12.596560+00:00,156.09,146.3766666666667,3,3,True,True,3.5903902309530222,-0.9831112313693602
LTU,2025Q4,eurostat_hicp_midx_cp00_i15_2026_02_06|eurostat_hicp_midx_cp045_i15_2010_2025_2026_02_06,2026-02-06,2026-07-18T13:22:23.066990+00:00|2026-07-18T13:36:12.596560+00:00,156.82333333333335,151.67666666666665,3,3,True,True,3.5023649763502585,-1.6278969214804873
LUX,2010Q1,eurostat_hicp_midx_cp00_i15_2010_2019_2026_02_06|eurostat_hicp_midx_cp045_i15_2010_2025_2026_02_06,2026-02-06,2026-07-18T13:36:09.327867+00:00|2026-07-18T13:36:12.596560+00:00,90.17333333333332,95.0,3,3,True,True,,
LUX,2010Q2,eurostat_hicp_midx_cp00_i15_2010_2019_2026_02_06|eurostat_hicp_midx_cp045_i15_2010_2025_2026_02_06,2026-02-06,2026-07-18T13:36:09.327867+00:00|2026-07-18T13:36:12.596560+00:00,91.46,99.03666666666668,3,3,True,True,,
LUX,2010Q3,eurostat_hicp_midx_cp00_i15_2010_2019_2026_02_06|eurostat_hicp_midx_cp045_i15_2010_2025_2026_02_06,2026-02-06,2026-07-18T13:36:09.327867+00:00|2026-07-18T13:36:12.596560+00:00,91.74666666666668,100.33,3,3,True,True,,
LUX,2010Q4,eurostat_hicp_midx_cp00_i15_2010_2019_2026_02_06|eurostat_hicp_midx_cp045_i15_2010_2025_2026_02_06,2026-02-06,2026-07-18T13:36:09.327867+00:00|2026-07-18T13:36:12.596560+00:00,92.37333333333332,102.68,3,3,True,True,,
LUX,2011Q1,eurostat_hicp_midx_cp00_i15_2010_2019_2026_02_06|eurostat_hicp_midx_cp045_i15_2010_2025_2026_02_06,2026-02-06,2026-07-18T13:36:09.327867+00:00|2026-07-18T13:36:12.596560+00:00,93.59,106.41333333333334,3,3,True,True,3.7889989649563915,12.0140350877193
LUX,2011Q2,eurostat_hicp_midx_cp00_i15_2010_2019_2026_02_06|eurostat_hicp_midx_cp045_i15_2010_2025_2026_02_06,2026-02-06,2026-07-18T13:36:09.327867+00:00|2026-07-18T13:36:12.596560+00:00,94.98333333333336,109.84333333333332,3,3,True,True,3.852321597784125,10.911783514523222
LUX,2011Q3,eurostat_hicp_midx_cp00_i15_2010_2019_2026_02_06|eurostat_hicp_midx_cp045_i15_2010_2025_2026_02_06,2026-02-06,2026-07-18T13:36:09.327867+00:00|2026-07-18T13:36:12.596560+00:00,95.02333333333333,110.55333333333331,3,3,True,True,3.5714285714285365,10.189707299245798
LUX,2011Q4,eurostat_hicp_midx_cp00_i15_2010_2019_2026_02_06|eurostat_hicp_midx_cp045_i15_2010_2025_2026_02_06,2026-02-06,2026-07-18T13:36:09.327867+00:00|2026-07-18T13:36:12.596560+00:00,95.80666666666669,111.78000000000002,3,3,True,True,3.7168013856813342,8.862485391507601
LUX,2012Q1,eurostat_hicp_midx_cp00_i15_2010_2019_2026_02_06|eurostat_hicp_midx_cp045_i15_2010_2025_2026_02_06,2026-02-06,2026-07-18T13:36:09.327867+00:00|2026-07-18T13:36:12.596560+00:00,96.52,115.44666666666666,3,3,True,True,3.130676354311346,8.488911164014512
LUX,2012Q2,eurostat_hicp_midx_cp00_i15_2010_2019_2026_02_06|eurostat_hicp_midx_cp045_i15_2010_2025_2026_02_06,2026-02-06,2026-07-18T13:36:09.327867+00:00|2026-07-18T13:36:12.596560+00:00,97.59,117.36333333333334,3,3,True,True,2.7443411124758343,6.84611416259524
LUX,2012Q3,eurostat_hicp_midx_cp00_i15_2010_2019_2026_02_06|eurostat_hicp_midx_cp045_i15_2010_2025_2026_02_06,2026-02-06,2026-07-18T13:36:09.327867+00:00|2026-07-18T13:36:12.596560+00:00,97.78666666666668,117.46666666666664,3,3,True,True,2.9080576700459604,6.253392027980453
LUX,2012Q4,eurostat_hicp_midx_cp00_i15_2010_2019_2026_02_06|eurostat_hicp_midx_cp045_i15_2010_2025_2026_02_06,2026-02-06,2026-07-18T13:36:09.327867+00:00|2026-07-18T13:36:12.596560+00:00,98.48,118.21333333333332,3,3,True,True,2.790341660288065,5.755352776286737
LUX,2013Q1,eurostat_hicp_midx_cp00_i15_2010_2019_2026_02_06|eurostat_hicp_midx_cp045_i15_2010_2025_2026_02_06,2026-02-06,2026-07-18T13:36:09.327867+00:00|2026-07-18T13:36:12.596560+00:00,98.64666666666666,117.57333333333334,3,3,True,True,2.2033430031772383,1.8421204596639207
LUX,2013Q2,eurostat_hicp_midx_cp00_i15_2010_2019_2026_02_06|eurostat_hicp_midx_cp045_i15_2010_2025_2026_02_06,2026-02-06,2026-07-18T13:36:09.327867+00:00|2026-07-18T13:36:12.596560+00:00,99.25,115.13666666666668,3,3,True,True,1.7009939542985908,-1.8972421823965413
LUX,2013Q3,eurostat_hicp_midx_cp00_i15_2010_2019_2026_02_06|eurostat_hicp_midx_cp045_i15_2010_2025_2026_02_06,2026-02-06,2026-07-18T13:36:09.327867+00:00|2026-07-18T13:36:12.596560+00:00,99.42333333333332,115.06333333333332,3,3,True,True,1.6737114807744424,-2.0459704880817164
LUX,2013Q4,eurostat_hicp_midx_cp00_i15_2010_2019_2026_02_06|eurostat_hicp_midx_cp045_i15_2010_2025_2026_02_06,2026-02-06,2026-07-18T13:36:09.327867+00:00|2026-07-18T13:36:12.596560+00:00,99.69,112.25333333333332,3,3,True,True,1.2286758732737546,-5.041732461087312
LUX,2014Q1,eurostat_hicp_midx_cp00_i15_2010_2019_2026_02_06|eurostat_hicp_midx_cp045_i15_2010_2025_2026_02_06,2026-02-06,2026-07-18T13:36:09.327867+00:00|2026-07-18T13:36:12.596560+00:00,99.63,111.16333333333334,3,3,True,True,0.996823680475778,-5.4519165343615335
LUX,2014Q2,eurostat_hicp_midx_cp00_i15_2010_2019_2026_02_06|eurostat_hicp_midx_cp045_i15_2010_2025_2026_02_06,2026-02-06,2026-07-18T13:36:09.327867+00:00|2026-07-18T13:36:12.596560+00:00,100.40333333333336,109.36666666666667,3,3,True,True,1.1620486985726597,-5.01143568512783
LUX,2014Q3,eurostat_hicp_midx_cp00_i15_2010_2019_2026_02_06|eurostat_hicp_midx_cp045_i15_2010_2025_2026_02_06,2026-02-06,2026-07-18T13:36:09.327867+00:00|2026-07-18T13:36:12.596560+00:00,100.16333333333334,108.79,3,3,True,True,0.7442920843531375,-5.452069874561816
LUX,2014Q4,eurostat_hicp_midx_cp00_i15_2010_2019_2026_02_06|eurostat_hicp_midx_cp045_i15_2010_2025_2026_02_06,2026-02-06,2026-07-18T13:36:09.327867+00:00|2026-07-18T13:36:12.596560+00:00,99.57333333333334,105.14666666666666,3,3,True,True,-0.11702945798641728,-6.330918161301813
LUX,2015Q1,eurostat_hicp_midx_cp00_i15_2010_2019_2026_02_06|eurostat_hicp_midx_cp045_i15_2010_2025_2026_02_06,2026-02-06,2026-07-18T13:36:09.327867+00:00|2026-07-18T13:36:12.596560+00:00,99.16,101.72333333333331,3,3,True,True,-0.4717454581953162,-8.492008755884761
LUX,2015Q2,eurostat_hicp_midx_cp00_i15_2010_2019_2026_02_06|eurostat_hicp_midx_cp045_i15_2010_2025_2026_02_06,2026-02-06,2026-07-18T13:36:09.327867+00:00|2026-07-18T13:36:12.596560+00:00,100.69,102.98333333333332,3,3,True,True,0.2855150891404312,-5.83663517220362
LUX,2015Q3,eurostat_hicp_midx_cp00_i15_2010_2019_2026_02_06|eurostat_hicp_midx_cp045_i15_2010_2025_2026_02_06,2026-02-06,2026-07-18T13:36:09.327867+00:00|2026-07-18T13:36:12.596560+00:00,100.18666666666668,99.32333333333334,3,3,True,True,0.023295284368862745,-8.701780188130037
LUX,2015Q4,eurostat_hicp_midx_cp00_i15_2010_2019_2026_02_06|eurostat_hicp_midx_cp045_i15_2010_2025_2026_02_06,2026-02-06,2026-07-18T13:36:09.327867+00:00|2026-07-18T13:36:12.596560+00:00,99.96666666666664,95.97333333333331,3,3,True,True,0.3950187466523536,-8.724321582551365
LUX,2016Q1,eurostat_hicp_midx_cp00_i15_2010_2019_2026_02_06|eurostat_hicp_midx_cp045_i15_2010_2025_2026_02_06,2026-02-06,2026-07-18T13:36:09.327867+00:00|2026-07-18T13:36:12.596560+00:00,98.99666666666668,92.24,3,3,True,True,-0.1647169557617123,-9.322672608709892
LUX,2016Q2,eurostat_hicp_midx_cp00_i15_2010_2019_2026_02_06|eurostat_hicp_midx_cp045_i15_2010_2025_2026_02_06,2026-02-06,2026-07-18T13:36:09.327867+00:00|2026-07-18T13:36:12.596560+00:00,100.13666666666666,90.74333333333334,3,3,True,True,-0.5495414970040136,-11.885418352484201
LUX,2016Q3,eurostat_hicp_midx_cp00_i15_2010_2019_2026_02_06|eurostat_hicp_midx_cp045_i15_2010_2025_2026_02_06,2026-02-06,2026-07-18T13:36:09.327867+00:00|2026-07-18T13:36:12.596560+00:00,100.08,91.30333333333334,3,3,True,True,-0.10646792653714598,-8.074638386414733
LUX,2016Q4,eurostat_hicp_midx_cp00_i15_2010_2019_2026_02_06|eurostat_hicp_midx_cp045_i15_2010_2025_2026_02_06,2026-02-06,2026-07-18T13:36:09.327867+00:00|2026-07-18T13:36:12.596560+00:00,100.94333333333331,92.87666666666668,3,3,True,True,0.9769923307769268,-3.2265907196443178
LUX,2017Q1,eurostat_hicp_midx_cp00_i15_2010_2019_2026_02_06|eurostat_hicp_midx_cp045_i15_2010_2025_2026_02_06,2026-02-06,2026-07-18T13:36:09.327867+00:00|2026-07-18T13:36:12.596560+00:00,101.54,95.11333333333334,3,3,True,True,2.5691100710461434,3.115062156692705
LUX,2017Q2,eurostat_hicp_midx_cp00_i15_2010_2019_2026_02_06|eurostat_hicp_midx_cp045_i15_2010_2025_2026_02_06,2026-02-06,2026-07-18T13:36:09.327867+00:00|2026-07-18T13:36:12.596560+00:00,102.14333333333332,93.37333333333332,3,3,True,True,2.003927965114327,2.8982845388090706
LUX,2017Q3,eurostat_hicp_midx_cp00_i15_2010_2019_2026_02_06|eurostat_hicp_midx_cp045_i15_2010_2025_2026_02_06,2026-02-06,2026-07-18T13:36:09.327867+00:00|2026-07-18T13:36:12.596560+00:00,102.10666666666668,92.8,3,3,True,True,2.025046629363203,1.63922456281258
LUX,2017Q4,eurostat_hicp_midx_cp00_i15_2010_2019_2026_02_06|eurostat_hicp_midx_cp045_i15_2010_2025_2026_02_06,2026-02-06,2026-07-18T13:36:09.327867+00:00|2026-07-18T13:36:12.596560+00:00,102.80666666666669,95.74333333333334,3,3,True,True,1.8459201532213143,3.086530524351283
LUX,2018Q1,eurostat_hicp_midx_cp00_i15_2010_2019_2026_02_06|eurostat_hicp_midx_cp045_i15_2010_2025_2026_02_06,2026-02-06,2026-07-18T13:36:09.327867+00:00|2026-07-18T13:36:12.596560+00:00,102.73,98.52,3,3,True,True,1.171951940122118,3.58169201654166
LUX,2018Q2,eurostat_hicp_midx_cp00_i15_2010_2019_2026_02_06|eurostat_hicp_midx_cp045_i15_2010_2025_2026_02_06,2026-02-06,2026-07-18T13:36:09.327867+00:00|2026-07-18T13:36:12.596560+00:00,104.11666666666667,101.12,3,3,True,True,1.9319257252880195,8.296444380979606
LUX,2018Q3,eurostat_hicp_midx_cp00_i15_2010_2019_2026_02_06|eurostat_hicp_midx_cp045_i15_2010_2025_2026_02_06,2026-02-06,2026-07-18T13:36:09.327867+00:00|2026-07-18T13:36:12.596560+00:00,104.69,103.68333333333334,3,3,True,True,2.530033951423327,11.727729885057482
LUX,2018Q4,eurostat_hicp_midx_cp00_i15_2010_2019_2026_02_06|eurostat_hicp_midx_cp045_i15_2010_2025_2026_02_06,2026-02-06,2026-07-18T13:36:09.327867+00:00|2026-07-18T13:36:12.596560+00:00,105.29666666666668,107.03000000000002,3,3,True,True,2.4220219181635416,11.788462207986639
LUX,2019Q1,eurostat_hicp_midx_cp00_i15_2010_2019_2026_02_06|eurostat_hicp_midx_cp045_i15_2010_2025_2026_02_06,2026-02-06,2026-07-18T13:36:09.327867+00:00|2026-07-18T13:36:12.596560+00:00,104.84,106.73,3,3,True,True,2.053927771829067,8.333333333333348
LUX,2019Q2,eurostat_hicp_midx_cp00_i15_2010_2019_2026_02_06|eurostat_hicp_midx_cp045_i15_2010_2025_2026_02_06,2026-02-06,2026-07-18T13:36:09.327867+00:00|2026-07-18T13:36:12.596560+00:00,106.16666666666669,105.66333333333334,3,3,True,True,1.9689450936449582,4.493011603375541
LUX,2019Q3,eurostat_hicp_midx_cp00_i15_2010_2019_2026_02_06|eurostat_hicp_midx_cp045_i15_2010_2025_2026_02_06,2026-02-06,2026-07-18T13:36:09.327867+00:00|2026-07-18T13:36:12.596560+00:00,106.11333333333334,104.17333333333332,3,3,True,True,1.359569522717874,0.47259283073459724
LUX,2019Q4,eurostat_hicp_midx_cp00_i15_2010_2019_2026_02_06|eurostat_hicp_midx_cp045_i15_2010_2025_2026_02_06,2026-02-06,2026-07-18T13:36:09.327867+00:00|2026-07-18T13:36:12.596560+00:00,106.59,104.61,3,3,True,True,1.22827566557977,-2.2610483042137863
LUX,2020Q1,eurostat_hicp_midx_cp00_i15_2026_02_06|eurostat_hicp_midx_cp045_i15_2010_2025_2026_02_06,2026-02-06,2026-07-18T13:22:23.066990+00:00|2026-07-18T13:36:12.596560+00:00,106.48333333333332,106.84,3,3,True,True,1.5674678875746917,0.10306380586526664
LUX,2020Q2,eurostat_hicp_midx_cp00_i15_2026_02_06|eurostat_hicp_midx_cp045_i15_2010_2025_2026_02_06,2026-02-06,2026-07-18T13:22:23.066990+00:00|2026-07-18T13:36:12.596560+00:00,105.2,95.71999999999998,3,3,True,True,-0.9105180533752089,-9.410391494999859
LUX,2020Q3,eurostat_hicp_midx_cp00_i15_2026_02_06|eurostat_hicp_midx_cp045_i15_2010_2025_2026_02_06,2026-02-06,2026-07-18T13:22:23.066990+00:00|2026-07-18T13:36:12.596560+00:00,105.95666666666666,96.86666666666667,3,3,True,True,-0.14764088710185197,-7.013951107129124
LUX,2020Q4,eurostat_hicp_midx_cp00_i15_2026_02_06|eurostat_hicp_midx_cp045_i15_2010_2025_2026_02_06,2026-02-06,2026-07-18T13:22:23.066990+00:00|2026-07-18T13:36:12.596560+00:00,106.08666666666666,96.11333333333334,3,3,True,True,-0.47221440410295523,-8.12223178153777
LUX,2021Q1,eurostat_hicp_midx_cp00_i15_2026_02_06|eurostat_hicp_midx_cp045_i15_2010_2025_2026_02_06,2026-02-06,2026-07-18T13:22:23.066990+00:00|2026-07-18T13:36:12.596560+00:00,107.53000000000002,106.97333333333334,3,3,True,True,0.9829394271404279,0.12479720454261489
LUX,2021Q2,eurostat_hicp_midx_cp00_i15_2026_02_06|eurostat_hicp_midx_cp045_i15_2010_2025_2026_02_06,2026-02-06,2026-07-18T13:22:23.066990+00:00|2026-07-18T13:36:12.596560+00:00,108.97666666666667,110.47333333333334,3,3,True,True,3.5899873257287718,15.41301016854717
LUX,2021Q3,eurostat_hicp_midx_cp00_i15_2026_02_06|eurostat_hicp_midx_cp045_i15_2010_2025_2026_02_06,2026-02-06,2026-07-18T13:22:23.066990+00:00|2026-07-18T13:36:12.596560+00:00,109.8,113.99,3,3,True,True,3.627269009343448,17.677219545767354
LUX,2021Q4,eurostat_hicp_midx_cp00_i15_2026_02_06|eurostat_hicp_midx_cp045_i15_2010_2025_2026_02_06,2026-02-06,2026-07-18T13:22:23.066990+00:00|2026-07-18T13:36:12.596560+00:00,112.14,127.62666666666668,3,3,True,True,5.706026519198137,32.78768120968301
LUX,2022Q1,eurostat_hicp_midx_cp00_i15_2026_02_06|eurostat_hicp_midx_cp045_i15_2010_2025_2026_02_06,2026-02-06,2026-07-18T13:22:23.066990+00:00|2026-07-18T13:36:12.596560+00:00,114.83333333333331,149.21333333333334,3,3,True,True,6.791903034811964,39.48647638040632
LUX,2022Q2,eurostat_hicp_midx_cp00_i15_2026_02_06|eurostat_hicp_midx_cp045_i15_2010_2025_2026_02_06,2026-02-06,2026-07-18T13:22:23.066990+00:00|2026-07-18T13:36:12.596560+00:00,119.29666666666668,149.8733333333333,3,3,True,True,9.469917107637738,35.66471546677927
LUX,2022Q3,eurostat_hicp_midx_cp00_i15_2026_02_06|eurostat_hicp_midx_cp045_i15_2010_2025_2026_02_06,2026-02-06,2026-07-18T13:22:23.066990+00:00|2026-07-18T13:36:12.596560+00:00,119.57666666666668,143.57333333333335,3,3,True,True,8.904068002428666,25.952568938795828
LUX,2022Q4,eurostat_hicp_midx_cp00_i15_2026_02_06|eurostat_hicp_midx_cp045_i15_2010_2025_2026_02_06,2026-02-06,2026-07-18T13:22:23.066990+00:00|2026-07-18T13:36:12.596560+00:00,120.5,149.70666666666668,3,3,True,True,7.454967005528812,17.300459674049318
LUX,2023Q1,eurostat_hicp_midx_cp00_i15_2026_02_06|eurostat_hicp_midx_cp045_i15_2010_2025_2026_02_06,2026-02-06,2026-07-18T13:22:23.066990+00:00|2026-07-18T13:36:12.596560+00:00,119.96666666666664,144.23000000000002,3,3,True,True,4.470246734397665,-3.3397372888928523
LUX,2023Q2,eurostat_hicp_midx_cp00_i15_2026_02_06|eurostat_hicp_midx_cp045_i15_2010_2025_2026_02_06,2026-02-06,2026-07-18T13:22:23.066990+00:00|2026-07-18T13:36:12.596560+00:00,121.52666666666666,139.70333333333335,3,3,True,True,1.8692894464779508,-6.785730172145343
LUX,2023Q3,eurostat_hicp_midx_cp00_i15_2026_02_06|eurostat_hicp_midx_cp045_i15_2010_2025_2026_02_06,2026-02-06,2026-07-18T13:22:23.066990+00:00|2026-07-18T13:36:12.596560+00:00,123.14,143.5533333333333,3,3,True,True,2.9799570707774503,-0.01393016344727327
LUX,2023Q4,eurostat_hicp_midx_cp00_i15_2026_02_06|eurostat_hicp_midx_cp045_i15_2010_2025_2026_02_06,2026-02-06,2026-07-18T13:22:23.066990+00:00|2026-07-18T13:36:12.596560+00:00,123.44333333333331,142.90333333333334,3,3,True,True,2.442600276625151,-4.5444424652654085
LUX,2024Q1,eurostat_hicp_midx_cp00_i15_2026_02_06|eurostat_hicp_midx_cp045_i15_2010_2025_2026_02_06,2026-02-06,2026-07-18T13:22:23.066990+00:00|2026-07-18T13:36:12.596560+00:00,123.73333333333332,143.00333333333333,3,3,True,True,3.139761044734657,-0.8504934248538376
LUX,2024Q2,eurostat_hicp_midx_cp00_i15_2026_02_06|eurostat_hicp_midx_cp045_i15_2010_2025_2026_02_06,2026-02-06,2026-07-18T13:22:23.066990+00:00|2026-07-18T13:36:12.596560+00:00,125.17333333333332,139.50666666666666,3,3,True,True,3.0007131493773542,-0.1407744983417336
LUX,2024Q3,eurostat_hicp_midx_cp00_i15_2026_02_06|eurostat_hicp_midx_cp045_i15_2010_2025_2026_02_06,2026-02-06,2026-07-18T13:22:23.066990+00:00|2026-07-18T13:36:12.596560+00:00,125.26666666666668,135.39333333333332,3,3,True,True,1.7270315629906552,-5.684298518552922
LUX,2024Q4,eurostat_hicp_midx_cp00_i15_2026_02_06|eurostat_hicp_midx_cp045_i15_2010_2025_2026_02_06,2026-02-06,2026-07-18T13:22:23.066990+00:00|2026-07-18T13:36:12.596560+00:00,124.90333333333336,124.58333333333331,3,3,True,True,1.1827289174520361,-12.819854913577956
LUX,2025Q1,eurostat_hicp_midx_cp00_i15_2026_02_06|eurostat_hicp_midx_cp045_i15_2010_2025_2026_02_06,2026-02-06,2026-07-18T13:22:23.066990+00:00|2026-07-18T13:36:12.596560+00:00,126.12666666666668,161.58333333333334,3,3,True,True,1.9342672413793283,12.992704132770804
LUX,2025Q2,eurostat_hicp_midx_cp00_i15_2026_02_06|eurostat_hicp_midx_cp045_i15_2010_2025_2026_02_06,2026-02-06,2026-07-18T13:22:23.066990+00:00|2026-07-18T13:36:12.596560+00:00,127.79333333333334,156.98999999999998,3,3,True,True,2.093097571367708,12.532256522985751
LUX,2025Q3,eurostat_hicp_midx_cp00_i15_2026_02_06|eurostat_hicp_midx_cp045_i15_2010_2025_2026_02_06,2026-02-06,2026-07-18T13:22:23.066990+00:00|2026-07-18T13:36:12.596560+00:00,128.79,158.73333333333335,3,3,True,True,2.812666311868006,17.23866266187408
LUX,2025Q4,eurostat_hicp_midx_cp00_i15_2026_02_06|eurostat_hicp_midx_cp045_i15_2010_2025_2026_02_06,2026-02-06,2026-07-18T13:22:23.066990+00:00|2026-07-18T13:36:12.596560+00:00,129.01333333333332,155.88333333333333,3,3,True,True,3.2905446878919387,25.123745819398003
LVA,2010Q1,eurostat_hicp_midx_cp00_i15_2010_2019_2026_02_06|eurostat_hicp_midx_cp045_i15_2010_2025_2026_02_06,2026-02-06,2026-07-18T13:36:09.327867+00:00|2026-07-18T13:36:12.596560+00:00,91.90333333333336,74.11666666666666,3,3,True,True,,
LVA,2010Q2,eurostat_hicp_midx_cp00_i15_2010_2019_2026_02_06|eurostat_hicp_midx_cp045_i15_2010_2025_2026_02_06,2026-02-06,2026-07-18T13:36:09.327867+00:00|2026-07-18T13:36:12.596560+00:00,93.06333333333332,80.99666666666667,3,3,True,True,,
LVA,2010Q3,eurostat_hicp_midx_cp00_i15_2010_2019_2026_02_06|eurostat_hicp_midx_cp045_i15_2010_2025_2026_02_06,2026-02-06,2026-07-18T13:36:09.327867+00:00|2026-07-18T13:36:12.596560+00:00,93.17666666666666,84.88333333333334,3,3,True,True,,
LVA,2010Q4,eurostat_hicp_midx_cp00_i15_2010_2019_2026_02_06|eurostat_hicp_midx_cp045_i15_2010_2025_2026_02_06,2026-02-06,2026-07-18T13:36:09.327867+00:00|2026-07-18T13:36:12.596560+00:00,93.67666666666666,82.80333333333334,3,3,True,True,,
LVA,2011Q1,eurostat_hicp_midx_cp00_i15_2010_2019_2026_02_06|eurostat_hicp_midx_cp045_i15_2010_2025_2026_02_06,2026-02-06,2026-07-18T13:36:09.327867+00:00|2026-07-18T13:36:12.596560+00:00,95.40333333333336,84.62,3,3,True,True,3.808349352580609,14.171351472903094
LVA,2011Q2,eurostat_hicp_midx_cp00_i15_2010_2019_2026_02_06|eurostat_hicp_midx_cp045_i15_2010_2025_2026_02_06,2026-02-06,2026-07-18T13:36:09.327867+00:00|2026-07-18T13:36:12.596560+00:00,97.33,89.21999999999998,3,3,True,True,4.584691428776111,10.152681180295463
LVA,2011Q3,eurostat_hicp_midx_cp00_i15_2010_2019_2026_02_06|eurostat_hicp_midx_cp045_i15_2010_2025_2026_02_06,2026-02-06,2026-07-18T13:36:09.327867+00:00|2026-07-18T13:36:12.596560+00:00,97.30333333333331,92.63,3,3,True,True,4.4288627338747055,9.126251718044355
LVA,2011Q4,eurostat_hicp_midx_cp00_i15_2010_2019_2026_02_06|eurostat_hicp_midx_cp045_i15_2010_2025_2026_02_06,2026-02-06,2026-07-18T13:36:09.327867+00:00|2026-07-18T13:36:12.596560+00:00,97.48333333333332,92.28333333333336,3,3,True,True,4.0636231007365575,11.448814459965394
LVA,2012Q1,eurostat_hicp_midx_cp00_i15_2010_2019_2026_02_06|eurostat_hicp_midx_cp045_i15_2010_2025_2026_02_06,2026-02-06,2026-07-18T13:36:09.327867+00:00|2026-07-18T13:36:12.596560+00:00,98.54333333333334,97.04,3,3,True,True,3.2912896125222524,14.677381233750886
LVA,2012Q2,eurostat_hicp_midx_cp00_i15_2010_2019_2026_02_06|eurostat_hicp_midx_cp045_i15_2010_2025_2026_02_06,2026-02-06,2026-07-18T13:36:09.327867+00:00|2026-07-18T13:36:12.596560+00:00,99.67,97.12666666666668,3,3,True,True,2.4041919243809717,8.861989090637401
LVA,2012Q3,eurostat_hicp_midx_cp00_i15_2010_2019_2026_02_06|eurostat_hicp_midx_cp045_i15_2010_2025_2026_02_06,2026-02-06,2026-07-18T13:36:09.327867+00:00|2026-07-18T13:36:12.596560+00:00,99.15,99.53000000000002,3,3,True,True,1.897845226268391,7.44899060779447
LVA,2012Q4,eurostat_hicp_midx_cp00_i15_2010_2019_2026_02_06|eurostat_hicp_midx_cp045_i15_2010_2025_2026_02_06,2026-02-06,2026-07-18T13:36:09.327867+00:00|2026-07-18T13:36:12.596560+00:00,99.01333333333332,99.34666666666664,3,3,True,True,1.5694990596683223,7.653964240563416
LVA,2013Q1,eurostat_hicp_midx_cp00_i15_2010_2019_2026_02_06|eurostat_hicp_midx_cp045_i15_2010_2025_2026_02_06,2026-02-06,2026-07-18T13:36:09.327867+00:00|2026-07-18T13:36:12.596560+00:00,98.93333333333334,97.50333333333332,3,3,True,True,0.3957649764908755,0.4774663369057297
LVA,2013Q2,eurostat_hicp_midx_cp00_i15_2010_2019_2026_02_06|eurostat_hicp_midx_cp045_i15_2010_2025_2026_02_06,2026-02-06,2026-07-18T13:36:09.327867+00:00|2026-07-18T13:36:12.596560+00:00,99.56,96.62666666666668,3,3,True,True,-0.11036420186615326,-0.514791680966431
LVA,2013Q3,eurostat_hicp_midx_cp00_i15_2010_2019_2026_02_06|eurostat_hicp_midx_cp045_i15_2010_2025_2026_02_06,2026-02-06,2026-07-18T13:36:09.327867+00:00|2026-07-18T13:36:12.596560+00:00,99.16333333333334,95.85333333333334,3,3,True,True,0.013447638258523575,-3.6940286010918033
LVA,2013Q4,eurostat_hicp_midx_cp00_i15_2010_2019_2026_02_06|eurostat_hicp_midx_cp045_i15_2010_2025_2026_02_06,2026-02-06,2026-07-18T13:36:09.327867+00:00|2026-07-18T13:36:12.596560+00:00,98.76333333333334,96.22,3,3,True,True,-0.25249124697008796,-3.1472285599248084
LVA,2014Q1,eurostat_hicp_midx_cp00_i15_2010_2019_2026_02_06|eurostat_hicp_midx_cp045_i15_2010_2025_2026_02_06,2026-02-06,2026-07-18T13:36:09.327867+00:00|2026-07-18T13:36:12.596560+00:00,99.37333333333332,95.51333333333334,3,3,True,True,0.4447439353099547,-2.040955864756744
LVA,2014Q2,eurostat_hicp_midx_cp00_i15_2010_2019_2026_02_06|eurostat_hicp_midx_cp045_i15_2010_2025_2026_02_06,2026-02-06,2026-07-18T13:36:09.327867+00:00|2026-07-18T13:36:12.596560+00:00,100.34333333333332,95.22666666666667,3,3,True,True,0.7867952323556748,-1.4488753967158874
LVA,2014Q3,eurostat_hicp_midx_cp00_i15_2010_2019_2026_02_06|eurostat_hicp_midx_cp045_i15_2010_2025_2026_02_06,2026-02-06,2026-07-18T13:36:09.327867+00:00|2026-07-18T13:36:12.596560+00:00,100.03333333333336,95.59999999999998,3,3,True,True,0.8773404148038733,-0.26429266935599216
LVA,2014Q4,eurostat_hicp_midx_cp00_i15_2010_2019_2026_02_06|eurostat_hicp_midx_cp045_i15_2010_2025_2026_02_06,2026-02-06,2026-07-18T13:36:09.327867+00:00|2026-07-18T13:36:12.596560+00:00,99.40666666666668,95.88666666666668,3,3,True,True,0.651388842012901,-0.34642832397975276
LVA,2015Q1,eurostat_hicp_midx_cp00_i15_2010_2019_2026_02_06|eurostat_hicp_midx_cp045_i15_2010_2025_2026_02_06,2026-02-06,2026-07-18T13:36:09.327867+00:00|2026-07-18T13:36:12.596560+00:00,99.44333333333331,102.70333333333332,3,3,True,True,0.07044143298000627,7.527744817477466
LVA,2015Q2,eurostat_hicp_midx_cp00_i15_2010_2019_2026_02_06|eurostat_hicp_midx_cp045_i15_2010_2025_2026_02_06,2026-02-06,2026-07-18T13:36:09.327867+00:00|2026-07-18T13:36:12.596560+00:00,101.15333333333332,101.67,3,3,True,True,0.8072285154303582,6.76631195743489
LVA,2015Q3,eurostat_hicp_midx_cp00_i15_2010_2019_2026_02_06|eurostat_hicp_midx_cp045_i15_2010_2025_2026_02_06,2026-02-06,2026-07-18T13:36:09.327867+00:00|2026-07-18T13:36:12.596560+00:00,99.91,97.95333333333332,3,3,True,True,-0.1232922359213906,2.461645746164587
LVA,2015Q4,eurostat_hicp_midx_cp00_i15_2010_2019_2026_02_06|eurostat_hicp_midx_cp045_i15_2010_2025_2026_02_06,2026-02-06,2026-07-18T13:36:09.327867+00:00|2026-07-18T13:36:12.596560+00:00,99.5,97.67333333333332,3,3,True,True,0.09389041647105412,1.8633108530904163
LVA,2016Q1,eurostat_hicp_midx_cp00_i15_2010_2019_2026_02_06|eurostat_hicp_midx_cp045_i15_2010_2025_2026_02_06,2026-02-06,2026-07-18T13:36:09.327867+00:00|2026-07-18T13:36:12.596560+00:00,98.94,95.80333333333334,3,3,True,True,-0.5061509067140202,-6.718379799422259
LVA,2016Q2,eurostat_hicp_midx_cp00_i15_2010_2019_2026_02_06|eurostat_hicp_midx_cp045_i15_2010_2025_2026_02_06,2026-02-06,2026-07-18T13:36:09.327867+00:00|2026-07-18T13:36:12.596560+00:00,100.42333333333332,93.14,3,3,True,True,-0.7216766624925874,-8.389888856103077
LVA,2016Q3,eurostat_hicp_midx_cp00_i15_2010_2019_2026_02_06|eurostat_hicp_midx_cp045_i15_2010_2025_2026_02_06,2026-02-06,2026-07-18T13:36:09.327867+00:00|2026-07-18T13:36:12.596560+00:00,100.08,91.96333333333332,3,3,True,True,0.17015313782404728,-6.115156877424621
LVA,2016Q4,eurostat_hicp_midx_cp00_i15_2010_2019_2026_02_06|eurostat_hicp_midx_cp045_i15_2010_2025_2026_02_06,2026-02-06,2026-07-18T13:36:09.327867+00:00|2026-07-18T13:36:12.596560+00:00,100.96,92.49333333333334,3,3,True,True,1.4673366834170753,-5.303392259913975
LVA,2017Q1,eurostat_hicp_midx_cp00_i15_2010_2019_2026_02_06|eurostat_hicp_midx_cp045_i15_2010_2025_2026_02_06,2026-02-06,2026-07-18T13:36:09.327867+00:00|2026-07-18T13:36:12.596560+00:00,102.01666666666668,94.48333333333336,3,3,True,True,3.109628731217584,-1.3778226227340484
LVA,2017Q2,eurostat_hicp_midx_cp00_i15_2010_2019_2026_02_06|eurostat_hicp_midx_cp045_i15_2010_2025_2026_02_06,2026-02-06,2026-07-18T13:36:09.327867+00:00|2026-07-18T13:36:12.596560+00:00,103.46666666666664,94.39333333333332,3,3,True,True,3.0305041988913484,1.3456445494237856
LVA,2017Q3,eurostat_hicp_midx_cp00_i15_2010_2019_2026_02_06|eurostat_hicp_midx_cp045_i15_2010_2025_2026_02_06,2026-02-06,2026-07-18T13:36:09.327867+00:00|2026-07-18T13:36:12.596560+00:00,102.99,94.75,3,3,True,True,2.907673860911264,3.0301931929392234
LVA,2017Q4,eurostat_hicp_midx_cp00_i15_2010_2019_2026_02_06|eurostat_hicp_midx_cp045_i15_2010_2025_2026_02_06,2026-02-06,2026-07-18T13:36:09.327867+00:00|2026-07-18T13:36:12.596560+00:00,103.51666666666668,95.41666666666669,3,3,True,True,2.532356048600115,3.1605881504973565
LVA,2018Q1,eurostat_hicp_midx_cp00_i15_2010_2019_2026_02_06|eurostat_hicp_midx_cp045_i15_2010_2025_2026_02_06,2026-02-06,2026-07-18T13:36:09.327867+00:00|2026-07-18T13:36:12.596560+00:00,104.09,97.07333333333334,3,3,True,True,2.0323476556118214,2.7412242017992305
LVA,2018Q2,eurostat_hicp_midx_cp00_i15_2010_2019_2026_02_06|eurostat_hicp_midx_cp045_i15_2010_2025_2026_02_06,2026-02-06,2026-07-18T13:36:09.327867+00:00|2026-07-18T13:36:12.596560+00:00,105.92333333333332,97.76,3,3,True,True,2.374355670103112,3.5666360618688
LVA,2018Q3,eurostat_hicp_midx_cp00_i15_2010_2019_2026_02_06|eurostat_hicp_midx_cp045_i15_2010_2025_2026_02_06,2026-02-06,2026-07-18T13:36:09.327867+00:00|2026-07-18T13:36:12.596560+00:00,105.99,98.75333333333332,3,3,True,True,2.9129041654529564,4.225153913808244
LVA,2018Q4,eurostat_hicp_midx_cp00_i15_2010_2019_2026_02_06|eurostat_hicp_midx_cp045_i15_2010_2025_2026_02_06,2026-02-06,2026-07-18T13:36:09.327867+00:00|2026-07-18T13:36:12.596560+00:00,106.51,99.84,3,3,True,True,2.891643857671866,4.635807860261987
LVA,2019Q1,eurostat_hicp_midx_cp00_i15_2010_2019_2026_02_06|eurostat_hicp_midx_cp045_i15_2010_2025_2026_02_06,2026-02-06,2026-07-18T13:36:09.327867+00:00|2026-07-18T13:36:12.596560+00:00,107.00666666666666,103.96333333333332,3,3,True,True,2.80206231786595,7.097726804477711
LVA,2019Q2,eurostat_hicp_midx_cp00_i15_2010_2019_2026_02_06|eurostat_hicp_midx_cp045_i15_2010_2025_2026_02_06,2026-02-06,2026-07-18T13:36:09.327867+00:00|2026-07-18T13:36:12.596560+00:00,109.41333333333334,103.05333333333331,3,3,True,True,3.294835887591674,5.41462084015274
LVA,2019Q3,eurostat_hicp_midx_cp00_i15_2010_2019_2026_02_06|eurostat_hicp_midx_cp045_i15_2010_2025_2026_02_06,2026-02-06,2026-07-18T13:36:09.327867+00:00|2026-07-18T13:36:12.596560+00:00,108.96,102.33333333333331,3,3,True,True,2.8021511463345528,3.625194086275574
LVA,2019Q4,eurostat_hicp_midx_cp00_i15_2010_2019_2026_02_06|eurostat_hicp_midx_cp045_i15_2010_2025_2026_02_06,2026-02-06,2026-07-18T13:36:09.327867+00:00|2026-07-18T13:36:12.596560+00:00,108.74,103.23333333333332,3,3,True,True,2.093700122054254,3.3987713675213582
LVA,2020Q1,eurostat_hicp_midx_cp00_i15_2026_02_06|eurostat_hicp_midx_cp045_i15_2010_2025_2026_02_06,2026-02-06,2026-07-18T13:22:23.066990+00:00|2026-07-18T13:36:12.596560+00:00,109.08,101.32,3,3,True,True,1.9375739829294192,-2.542563083138283
LVA,2020Q2,eurostat_hicp_midx_cp00_i15_2026_02_06|eurostat_hicp_midx_cp045_i15_2010_2025_2026_02_06,2026-02-06,2026-07-18T13:22:23.066990+00:00|2026-07-18T13:36:12.596560+00:00,108.65333333333336,98.99333333333334,3,3,True,True,-0.6946136972946437,-3.939707594772912
LVA,2020Q3,eurostat_hicp_midx_cp00_i15_2026_02_06|eurostat_hicp_midx_cp045_i15_2010_2025_2026_02_06,2026-02-06,2026-07-18T13:22:23.066990+00:00|2026-07-18T13:36:12.596560+00:00,108.65666666666668,95.74,3,3,True,True,-0.278389623103259,-6.442996742670992
LVA,2020Q4,eurostat_hicp_midx_cp00_i15_2026_02_06|eurostat_hicp_midx_cp045_i15_2010_2025_2026_02_06,2026-02-06,2026-07-18T13:22:23.066990+00:00|2026-07-18T13:36:12.596560+00:00,108.08,95.44666666666669,3,3,True,True,-0.6069523634357199,-7.5427833387148535
LVA,2021Q1,eurostat_hicp_midx_cp00_i15_2026_02_06|eurostat_hicp_midx_cp045_i15_2010_2025_2026_02_06,2026-02-06,2026-07-18T13:22:23.066990+00:00|2026-07-18T13:36:12.596560+00:00,108.95,96.76333333333334,3,3,True,True,-0.11917858452511476,-4.497302276615334
LVA,2021Q2,eurostat_hicp_midx_cp00_i15_2026_02_06|eurostat_hicp_midx_cp045_i15_2010_2025_2026_02_06,2026-02-06,2026-07-18T13:22:23.066990+00:00|2026-07-18T13:36:12.596560+00:00,111.17333333333332,97.10333333333334,3,3,True,True,2.3193029819609245,-1.9092194760589987
LVA,2021Q3,eurostat_hicp_midx_cp00_i15_2026_02_06|eurostat_hicp_midx_cp045_i15_2010_2025_2026_02_06,2026-02-06,2026-07-18T13:22:23.066990+00:00|2026-07-18T13:36:12.596560+00:00,112.67666666666666,105.59666666666668,3,3,True,True,3.6997269687394363,10.295244063783882
LVA,2021Q4,eurostat_hicp_midx_cp00_i15_2026_02_06|eurostat_hicp_midx_cp045_i15_2010_2025_2026_02_06,2026-02-06,2026-07-18T13:22:23.066990+00:00|2026-07-18T13:36:12.596560+00:00,115.74333333333334,117.02333333333333,3,3,True,True,7.090426844312869,22.60599287560239
LVA,2022Q1,eurostat_hicp_midx_cp00_i15_2026_02_06|eurostat_hicp_midx_cp045_i15_2010_2025_2026_02_06,2026-02-06,2026-07-18T13:22:23.066990+00:00|2026-07-18T13:36:12.596560+00:00,119.02333333333333,113.37333333333332,3,3,True,True,9.245831421141194,17.165593027661984
LVA,2022Q2,eurostat_hicp_midx_cp00_i15_2026_02_06|eurostat_hicp_midx_cp045_i15_2010_2025_2026_02_06,2026-02-06,2026-07-18T13:22:23.066990+00:00|2026-07-18T13:36:12.596560+00:00,129.36666666666667,144.94000000000003,3,3,True,True,16.3648356920125,49.26367100339846
LVA,2022Q3,eurostat_hicp_midx_cp00_i15_2026_02_06|eurostat_hicp_midx_cp045_i15_2010_2025_2026_02_06,2026-02-06,2026-07-18T13:22:23.066990+00:00|2026-07-18T13:36:12.596560+00:00,137.00666666666666,195.09666666666664,3,3,True,True,21.592758039227288,84.75646327219918
LVA,2022Q4,eurostat_hicp_midx_cp00_i15_2026_02_06|eurostat_hicp_midx_cp045_i15_2010_2025_2026_02_06,2026-02-06,2026-07-18T13:22:23.066990+00:00|2026-07-18T13:36:12.596560+00:00,140.49666666666667,197.67666666666665,3,3,True,True,21.386400944618835,68.92072805993106
LVA,2023Q1,eurostat_hicp_midx_cp00_i15_2026_02_06|eurostat_hicp_midx_cp045_i15_2010_2025_2026_02_06,2026-02-06,2026-07-18T13:22:23.066990+00:00|2026-07-18T13:36:12.596560+00:00,142.25,192.48666666666668,3,3,True,True,19.514380933710473,69.78125367517349
LVA,2023Q2,eurostat_hicp_midx_cp00_i15_2026_02_06|eurostat_hicp_midx_cp045_i15_2010_2025_2026_02_06,2026-02-06,2026-07-18T13:22:23.066990+00:00|2026-07-18T13:36:12.596560+00:00,144.54999999999998,191.65333333333336,3,3,True,True,11.736665807781478,32.22942826916886
LVA,2023Q3,eurostat_hicp_midx_cp00_i15_2026_02_06|eurostat_hicp_midx_cp045_i15_2010_2025_2026_02_06,2026-02-06,2026-07-18T13:22:23.066990+00:00|2026-07-18T13:36:12.596560+00:00,144.22333333333333,188.36333333333337,3,3,True,True,5.267383582307428,-3.4512805617727627
LVA,2023Q4,eurostat_hicp_midx_cp00_i15_2026_02_06|eurostat_hicp_midx_cp045_i15_2010_2025_2026_02_06,2026-02-06,2026-07-18T13:22:23.066990+00:00|2026-07-18T13:36:12.596560+00:00,142.50333333333333,166.34666666666666,3,3,True,True,1.4282663882891677,-15.849113872822617
LVA,2024Q1,eurostat_hicp_midx_cp00_i15_2026_02_06|eurostat_hicp_midx_cp045_i15_2010_2025_2026_02_06,2026-02-06,2026-07-18T13:22:23.066990+00:00|2026-07-18T13:36:12.596560+00:00,143.51,165.66666666666666,3,3,True,True,0.8857644991212554,-13.93343261870953
LVA,2024Q2,eurostat_hicp_midx_cp00_i15_2026_02_06|eurostat_hicp_midx_cp045_i15_2010_2025_2026_02_06,2026-02-06,2026-07-18T13:22:23.066990+00:00|2026-07-18T13:36:12.596560+00:00,145.80333333333334,158.87,3,3,True,True,0.8670586878819497,-17.10553777654099
LVA,2024Q3,eurostat_hicp_midx_cp00_i15_2026_02_06|eurostat_hicp_midx_cp045_i15_2010_2025_2026_02_06,2026-02-06,2026-07-18T13:22:23.066990+00:00|2026-07-18T13:36:12.596560+00:00,145.77,156.74,3,3,True,True,1.0724108442924374,-16.788476171937226
LVA,2024Q4,eurostat_hicp_midx_cp00_i15_2026_02_06|eurostat_hicp_midx_cp045_i15_2010_2025_2026_02_06,2026-02-06,2026-07-18T13:22:23.066990+00:00|2026-07-18T13:36:12.596560+00:00,146.17999999999998,155.27,3,3,True,True,2.5800566068629793,-6.658784866944522
LVA,2025Q1,eurostat_hicp_midx_cp00_i15_2026_02_06|eurostat_hicp_midx_cp045_i15_2010_2025_2026_02_06,2026-02-06,2026-07-18T13:22:23.066990+00:00|2026-07-18T13:36:12.596560+00:00,148.41333333333333,161.55999999999997,3,3,True,True,3.416718927833129,-2.4788732394366297
LVA,2025Q2,eurostat_hicp_midx_cp00_i15_2026_02_06|eurostat_hicp_midx_cp045_i15_2010_2025_2026_02_06,2026-02-06,2026-07-18T13:22:23.066990+00:00|2026-07-18T13:36:12.596560+00:00,151.45666666666668,159.61666666666667,3,3,True,True,3.877369058777802,0.4699859423847652
LVA,2025Q3,eurostat_hicp_midx_cp00_i15_2026_02_06|eurostat_hicp_midx_cp045_i15_2010_2025_2026_02_06,2026-02-06,2026-07-18T13:22:23.066990+00:00|2026-07-18T13:36:12.596560+00:00,151.74,160.13333333333333,3,3,True,True,4.095492899773623,2.164944068733776
LVA,2025Q4,eurostat_hicp_midx_cp00_i15_2026_02_06|eurostat_hicp_midx_cp045_i15_2010_2025_2026_02_06,2026-02-06,2026-07-18T13:22:23.066990+00:00|2026-07-18T13:36:12.596560+00:00,151.79333333333332,164.76333333333335,3,3,True,True,3.8400145938797037,6.1140808484145825
MLT,2010Q1,eurostat_hicp_midx_cp00_i15_2010_2019_2026_02_06|eurostat_hicp_midx_cp045_i15_2010_2025_2026_02_06,2026-02-06,2026-07-18T13:36:09.327867+00:00|2026-07-18T13:36:12.596560+00:00,88.63666666666666,123.27,3,3,True,True,,
MLT,2010Q2,eurostat_hicp_midx_cp00_i15_2010_2019_2026_02_06|eurostat_hicp_midx_cp045_i15_2010_2025_2026_02_06,2026-02-06,2026-07-18T13:36:09.327867+00:00|2026-07-18T13:36:12.596560+00:00,92.51,123.27,3,3,True,True,,
MLT,2010Q3,eurostat_hicp_midx_cp00_i15_2010_2019_2026_02_06|eurostat_hicp_midx_cp045_i15_2010_2025_2026_02_06,2026-02-06,2026-07-18T13:36:09.327867+00:00|2026-07-18T13:36:12.596560+00:00,93.74333333333334,125.82666666666668,3,3,True,True,,
MLT,2010Q4,eurostat_hicp_midx_cp00_i15_2010_2019_2026_02_06|eurostat_hicp_midx_cp045_i15_2010_2025_2026_02_06,2026-02-06,2026-07-18T13:36:09.327867+00:00|2026-07-18T13:36:12.596560+00:00,92.26666666666668,126.85333333333334,3,3,True,True,,
MLT,2011Q1,eurostat_hicp_midx_cp00_i15_2010_2019_2026_02_06|eurostat_hicp_midx_cp045_i15_2010_2025_2026_02_06,2026-02-06,2026-07-18T13:36:09.327867+00:00|2026-07-18T13:36:12.596560+00:00,91.22333333333334,128.22,3,3,True,True,2.9182806212628476,4.015575565831098
MLT,2011Q2,eurostat_hicp_midx_cp00_i15_2010_2019_2026_02_06|eurostat_hicp_midx_cp045_i15_2010_2025_2026_02_06,2026-02-06,2026-07-18T13:36:09.327867+00:00|2026-07-18T13:36:12.596560+00:00,94.98,128.47333333333333,3,3,True,True,2.669981623608253,4.221086503880378
MLT,2011Q3,eurostat_hicp_midx_cp00_i15_2010_2019_2026_02_06|eurostat_hicp_midx_cp045_i15_2010_2025_2026_02_06,2026-02-06,2026-07-18T13:36:09.327867+00:00|2026-07-18T13:36:12.596560+00:00,96.16,128.64666666666668,3,3,True,True,2.577961099455961,2.2411783405743346
MLT,2011Q4,eurostat_hicp_midx_cp00_i15_2010_2019_2026_02_06|eurostat_hicp_midx_cp045_i15_2010_2025_2026_02_06,2026-02-06,2026-07-18T13:36:09.327867+00:00|2026-07-18T13:36:12.596560+00:00,94.02,128.46,3,3,True,True,1.900289017341028,1.2665545511877152
MLT,2012Q1,eurostat_hicp_midx_cp00_i15_2010_2019_2026_02_06|eurostat_hicp_midx_cp045_i15_2010_2025_2026_02_06,2026-02-06,2026-07-18T13:36:09.327867+00:00|2026-07-18T13:36:12.596560+00:00,93.29666666666668,129.13,3,3,True,True,2.2728103189973314,0.7097176727499654
MLT,2012Q2,eurostat_hicp_midx_cp00_i15_2010_2019_2026_02_06|eurostat_hicp_midx_cp045_i15_2010_2025_2026_02_06,2026-02-06,2026-07-18T13:36:09.327867+00:00|2026-07-18T13:36:12.596560+00:00,98.74,130.36,3,3,True,True,3.95872815329541,1.4685278397592372
MLT,2012Q3,eurostat_hicp_midx_cp00_i15_2010_2019_2026_02_06|eurostat_hicp_midx_cp045_i15_2010_2025_2026_02_06,2026-02-06,2026-07-18T13:36:09.327867+00:00|2026-07-18T13:36:12.596560+00:00,99.47666666666667,129.73,3,3,True,True,3.4491125901275677,0.8420998082603326
MLT,2012Q4,eurostat_hicp_midx_cp00_i15_2010_2019_2026_02_06|eurostat_hicp_midx_cp045_i15_2010_2025_2026_02_06,2026-02-06,2026-07-18T13:36:09.327867+00:00|2026-07-18T13:36:12.596560+00:00,97.01666666666668,130.60333333333332,3,3,True,True,3.1872651208962877,1.668483055685277
MLT,2013Q1,eurostat_hicp_midx_cp00_i15_2010_2019_2026_02_06|eurostat_hicp_midx_cp045_i15_2010_2025_2026_02_06,2026-02-06,2026-07-18T13:36:09.327867+00:00|2026-07-18T13:36:12.596560+00:00,95.04,129.65333333333334,3,3,True,True,1.8685912322698117,0.4052763365084422
MLT,2013Q2,eurostat_hicp_midx_cp00_i15_2010_2019_2026_02_06|eurostat_hicp_midx_cp045_i15_2010_2025_2026_02_06,2026-02-06,2026-07-18T13:36:09.327867+00:00|2026-07-18T13:36:12.596560+00:00,99.51,128.84333333333333,3,3,True,True,0.7798258051448403,-1.1634448194742908
MLT,2013Q3,eurostat_hicp_midx_cp00_i15_2010_2019_2026_02_06|eurostat_hicp_midx_cp045_i15_2010_2025_2026_02_06,2026-02-06,2026-07-18T13:36:09.327867+00:00|2026-07-18T13:36:12.596560+00:00,100.18666666666668,128.57,3,3,True,True,0.7137352142881248,-0.8941648038233274
MLT,2013Q4,eurostat_hicp_midx_cp00_i15_2010_2019_2026_02_06|eurostat_hicp_midx_cp045_i15_2010_2025_2026_02_06,2026-02-06,2026-07-18T13:36:09.327867+00:00|2026-07-18T13:36:12.596560+00:00,97.59666666666664,129.41,3,3,True,True,0.5978354234667194,-0.9137081748806786
MLT,2014Q1,eurostat_hicp_midx_cp00_i15_2010_2019_2026_02_06|eurostat_hicp_midx_cp045_i15_2010_2025_2026_02_06,2026-02-06,2026-07-18T13:36:09.327867+00:00|2026-07-18T13:36:12.596560+00:00,96.29,129.98,3,3,True,True,1.3152356902356832,0.2519539284244976
MLT,2014Q2,eurostat_hicp_midx_cp00_i15_2010_2019_2026_02_06|eurostat_hicp_midx_cp045_i15_2010_2025_2026_02_06,2026-02-06,2026-07-18T13:36:09.327867+00:00|2026-07-18T13:36:12.596560+00:00,100.03666666666668,100.86333333333334,3,3,True,True,0.5292600408669079,-21.71629627713243
MLT,2014Q3,eurostat_hicp_midx_cp00_i15_2010_2019_2026_02_06|eurostat_hicp_midx_cp045_i15_2010_2025_2026_02_06,2026-02-06,2026-07-18T13:36:09.327867+00:00|2026-07-18T13:36:12.596560+00:00,100.87,100.59,3,3,True,True,0.6820601543784832,-21.76246402737807
MLT,2014Q4,eurostat_hicp_midx_cp00_i15_2010_2019_2026_02_06|eurostat_hicp_midx_cp045_i15_2010_2025_2026_02_06,2026-02-06,2026-07-18T13:36:09.327867+00:00|2026-07-18T13:36:12.596560+00:00,98.16333333333334,101.16,3,3,True,True,0.5806209228457648,-21.829843134224557
MLT,2015Q1,eurostat_hicp_midx_cp00_i15_2010_2019_2026_02_06|eurostat_hicp_midx_cp045_i15_2010_2025_2026_02_06,2026-02-06,2026-07-18T13:36:09.327867+00:00|2026-07-18T13:36:12.596560+00:00,96.89333333333332,100.94333333333331,3,3,True,True,0.6265794301934857,-22.339334256552302
MLT,2015Q2,eurostat_hicp_midx_cp00_i15_2010_2019_2026_02_06|eurostat_hicp_midx_cp045_i15_2010_2025_2026_02_06,2026-02-06,2026-07-18T13:36:09.327867+00:00|2026-07-18T13:36:12.596560+00:00,101.30666666666669,100.29666666666668,3,3,True,True,1.2695345040152128,-0.5618163191116632
MLT,2015Q3,eurostat_hicp_midx_cp00_i15_2010_2019_2026_02_06|eurostat_hicp_midx_cp045_i15_2010_2025_2026_02_06,2026-02-06,2026-07-18T13:36:09.327867+00:00|2026-07-18T13:36:12.596560+00:00,102.28666666666668,99.54333333333334,3,3,True,True,1.4044479693334777,-1.0405275540974923
MLT,2015Q4,eurostat_hicp_midx_cp00_i15_2010_2019_2026_02_06|eurostat_hicp_midx_cp045_i15_2010_2025_2026_02_06,2026-02-06,2026-07-18T13:36:09.327867+00:00|2026-07-18T13:36:12.596560+00:00,99.52333333333333,99.21999999999998,3,3,True,True,1.3854460253319045,-1.9177540529853765
MLT,2016Q1,eurostat_hicp_midx_cp00_i15_2010_2019_2026_02_06|eurostat_hicp_midx_cp045_i15_2010_2025_2026_02_06,2026-02-06,2026-07-18T13:36:09.327867+00:00|2026-07-18T13:36:12.596560+00:00,97.8,99.21999999999998,3,3,True,True,0.9357368928031073,-1.70722847802397
MLT,2016Q2,eurostat_hicp_midx_cp00_i15_2010_2019_2026_02_06|eurostat_hicp_midx_cp045_i15_2010_2025_2026_02_06,2026-02-06,2026-07-18T13:36:09.327867+00:00|2026-07-18T13:36:12.596560+00:00,102.26333333333332,99.01333333333332,3,3,True,True,0.9443274545932745,-1.2795373724617254
MLT,2016Q3,eurostat_hicp_midx_cp00_i15_2010_2019_2026_02_06|eurostat_hicp_midx_cp045_i15_2010_2025_2026_02_06,2026-02-06,2026-07-18T13:36:09.327867+00:00|2026-07-18T13:36:12.596560+00:00,103.27,98.91,3,3,True,True,0.9613504529752959,-0.6362388239627648
MLT,2016Q4,eurostat_hicp_midx_cp00_i15_2010_2019_2026_02_06|eurostat_hicp_midx_cp045_i15_2010_2025_2026_02_06,2026-02-06,2026-07-18T13:36:09.327867+00:00|2026-07-18T13:36:12.596560+00:00,100.27666666666666,98.91,3,3,True,True,0.7569414207723391,-0.3124370086675987
MLT,2017Q1,eurostat_hicp_midx_cp00_i15_2010_2019_2026_02_06|eurostat_hicp_midx_cp045_i15_2010_2025_2026_02_06,2026-02-06,2026-07-18T13:36:09.327867+00:00|2026-07-18T13:36:12.596560+00:00,99.04,98.91,3,3,True,True,1.2678936605317048,-0.3124370086675987
MLT,2017Q2,eurostat_hicp_midx_cp00_i15_2010_2019_2026_02_06|eurostat_hicp_midx_cp045_i15_2010_2025_2026_02_06,2026-02-06,2026-07-18T13:36:09.327867+00:00|2026-07-18T13:36:12.596560+00:00,103.39333333333332,98.91,3,3,True,True,1.1049903843019626,-0.10436304874763547
MLT,2017Q3,eurostat_hicp_midx_cp00_i15_2010_2019_2026_02_06|eurostat_hicp_midx_cp045_i15_2010_2025_2026_02_06,2026-02-06,2026-07-18T13:36:09.327867+00:00|2026-07-18T13:36:12.596560+00:00,104.54,99.43,3,3,True,True,1.2297859978696701,0.5257304620362113
MLT,2017Q4,eurostat_hicp_midx_cp00_i15_2010_2019_2026_02_06|eurostat_hicp_midx_cp045_i15_2010_2025_2026_02_06,2026-02-06,2026-07-18T13:36:09.327867+00:00|2026-07-18T13:36:12.596560+00:00,101.72666666666667,99.69,3,3,True,True,1.44599940165544,0.7885956930542948
MLT,2018Q1,eurostat_hicp_midx_cp00_i15_2010_2019_2026_02_06|eurostat_hicp_midx_cp045_i15_2010_2025_2026_02_06,2026-02-06,2026-07-18T13:36:09.327867+00:00|2026-07-18T13:36:12.596560+00:00,100.31,99.95,3,3,True,True,1.2823101777059698,1.0514609240724004
MLT,2018Q2,eurostat_hicp_midx_cp00_i15_2010_2019_2026_02_06|eurostat_hicp_midx_cp045_i15_2010_2025_2026_02_06,2026-02-06,2026-07-18T13:36:09.327867+00:00|2026-07-18T13:36:12.596560+00:00,105.17666666666666,100.01666666666668,3,3,True,True,1.724804951963388,1.1188622653590885
MLT,2018Q3,eurostat_hicp_midx_cp00_i15_2010_2019_2026_02_06|eurostat_hicp_midx_cp045_i15_2010_2025_2026_02_06,2026-02-06,2026-07-18T13:36:09.327867+00:00|2026-07-18T13:36:12.596560+00:00,107.02,100.05,3,3,True,True,2.3722976850966138,0.6235542592778698
MLT,2018Q4,eurostat_hicp_midx_cp00_i15_2010_2019_2026_02_06|eurostat_hicp_midx_cp045_i15_2010_2025_2026_02_06,2026-02-06,2026-07-18T13:36:09.327867+00:00|2026-07-18T13:36:12.596560+00:00,103.31,100.05,3,3,True,True,1.5564584835179085,0.36111947035810665
MLT,2019Q1,eurostat_hicp_midx_cp00_i15_2010_2019_2026_02_06|eurostat_hicp_midx_cp045_i15_2010_2025_2026_02_06,2026-02-06,2026-07-18T13:36:09.327867+00:00|2026-07-18T13:36:12.596560+00:00,101.51666666666668,100.05,3,3,True,True,1.2029375602299552,0.10005002501249916
MLT,2019Q2,eurostat_hicp_midx_cp00_i15_2010_2019_2026_02_06|eurostat_hicp_midx_cp045_i15_2010_2025_2026_02_06,2026-02-06,2026-07-18T13:36:09.327867+00:00|2026-07-18T13:36:12.596560+00:00,107.01333333333332,100.05,3,3,True,True,1.7462681836909244,0.0333277787035291
MLT,2019Q3,eurostat_hicp_midx_cp00_i15_2010_2019_2026_02_06|eurostat_hicp_midx_cp045_i15_2010_2025_2026_02_06,2026-02-06,2026-07-18T13:36:09.327867+00:00|2026-07-18T13:36:12.596560+00:00,108.94333333333331,100.05,3,3,True,True,1.79717186818662,0.0
MLT,2019Q4,eurostat_hicp_midx_cp00_i15_2010_2019_2026_02_06|eurostat_hicp_midx_cp045_i15_2010_2025_2026_02_06,2026-02-06,2026-07-18T13:36:09.327867+00:00|2026-07-18T13:36:12.596560+00:00,104.67666666666666,100.05,3,3,True,True,1.3228793598554445,0.0
MLT,2020Q1,eurostat_hicp_midx_cp00_i15_2026_02_06|eurostat_hicp_midx_cp045_i15_2010_2025_2026_02_06,2026-02-06,2026-07-18T13:22:23.066990+00:00|2026-07-18T13:36:12.596560+00:00,102.76,100.05,3,3,True,True,1.224757839435231,0.0
MLT,2020Q2,eurostat_hicp_midx_cp00_i15_2026_02_06|eurostat_hicp_midx_cp045_i15_2010_2025_2026_02_06,2026-02-06,2026-07-18T13:22:23.066990+00:00|2026-07-18T13:36:12.596560+00:00,108.07,99.42,3,3,True,True,0.9874158983304238,-0.6296851574212892
MLT,2020Q3,eurostat_hicp_midx_cp00_i15_2026_02_06|eurostat_hicp_midx_cp045_i15_2010_2025_2026_02_06,2026-02-06,2026-07-18T13:22:23.066990+00:00|2026-07-18T13:36:12.596560+00:00,109.61666666666667,99.42,3,3,True,True,0.6180583177799015,-0.6296851574212892
MLT,2020Q4,eurostat_hicp_midx_cp00_i15_2026_02_06|eurostat_hicp_midx_cp045_i15_2010_2025_2026_02_06,2026-02-06,2026-07-18T13:22:23.066990+00:00|2026-07-18T13:36:12.596560+00:00,105.02666666666669,99.42,3,3,True,True,0.33436295895299395,-0.6296851574212892
MLT,2021Q1,eurostat_hicp_midx_cp00_i15_2026_02_06|eurostat_hicp_midx_cp045_i15_2010_2025_2026_02_06,2026-02-06,2026-07-18T13:22:23.066990+00:00|2026-07-18T13:36:12.596560+00:00,102.90666666666668,99.42,3,3,True,True,0.14272739068379448,-0.6296851574212892
MLT,2021Q2,eurostat_hicp_midx_cp00_i15_2026_02_06|eurostat_hicp_midx_cp045_i15_2010_2025_2026_02_06,2026-02-06,2026-07-18T13:22:23.066990+00:00|2026-07-18T13:36:12.596560+00:00,108.20666666666666,99.42,3,3,True,True,0.1264612442552604,0.0
MLT,2021Q3,eurostat_hicp_midx_cp00_i15_2026_02_06|eurostat_hicp_midx_cp045_i15_2010_2025_2026_02_06,2026-02-06,2026-07-18T13:22:23.066990+00:00|2026-07-18T13:36:12.596560+00:00,110.12333333333332,99.42,3,3,True,True,0.46221681617757415,0.0
MLT,2021Q4,eurostat_hicp_midx_cp00_i15_2026_02_06|eurostat_hicp_midx_cp045_i15_2010_2025_2026_02_06,2026-02-06,2026-07-18T13:22:23.066990+00:00|2026-07-18T13:36:12.596560+00:00,107.24,99.42,3,3,True,True,2.107401294909206,0.0
MLT,2022Q1,eurostat_hicp_midx_cp00_i15_2026_02_06|eurostat_hicp_midx_cp045_i15_2010_2025_2026_02_06,2026-02-06,2026-07-18T13:22:23.066990+00:00|2026-07-18T13:36:12.596560+00:00,107.3,99.42,3,3,True,True,4.269240735941948,0.0
MLT,2022Q2,eurostat_hicp_midx_cp00_i15_2026_02_06|eurostat_hicp_midx_cp045_i15_2010_2025_2026_02_06,2026-02-06,2026-07-18T13:22:23.066990+00:00|2026-07-18T13:36:12.596560+00:00,114.44666666666669,99.42,3,3,True,True,5.766742652948076,0.0
MLT,2022Q3,eurostat_hicp_midx_cp00_i15_2026_02_06|eurostat_hicp_midx_cp045_i15_2010_2025_2026_02_06,2026-02-06,2026-07-18T13:22:23.066990+00:00|2026-07-18T13:36:12.596560+00:00,117.91666666666669,99.42,3,3,True,True,7.076913763356263,0.0
MLT,2022Q4,eurostat_hicp_midx_cp00_i15_2026_02_06|eurostat_hicp_midx_cp045_i15_2010_2025_2026_02_06,2026-02-06,2026-07-18T13:22:23.066990+00:00|2026-07-18T13:36:12.596560+00:00,115.08,99.42,3,3,True,True,7.3107049608355235,0.0
MLT,2023Q1,eurostat_hicp_midx_cp00_i15_2026_02_06|eurostat_hicp_midx_cp045_i15_2010_2025_2026_02_06,2026-02-06,2026-07-18T13:22:23.066990+00:00|2026-07-18T13:36:12.596560+00:00,114.77666666666666,99.42,3,3,True,True,6.968002485243852,0.0
MLT,2023Q2,eurostat_hicp_midx_cp00_i15_2026_02_06|eurostat_hicp_midx_cp045_i15_2010_2025_2026_02_06,2026-02-06,2026-07-18T13:22:23.066990+00:00|2026-07-18T13:36:12.596560+00:00,121.65333333333336,99.42,3,3,True,True,6.29696510747364,0.0
MLT,2023Q3,eurostat_hicp_midx_cp00_i15_2026_02_06|eurostat_hicp_midx_cp045_i15_2010_2025_2026_02_06,2026-02-06,2026-07-18T13:22:23.066990+00:00|2026-07-18T13:36:12.596560+00:00,124.03333333333336,99.42,3,3,True,True,5.187279151943458,0.0
MLT,2023Q4,eurostat_hicp_midx_cp00_i15_2026_02_06|eurostat_hicp_midx_cp045_i15_2010_2025_2026_02_06,2026-02-06,2026-07-18T13:22:23.066990+00:00|2026-07-18T13:36:12.596560+00:00,119.58,99.42,3,3,True,True,3.9103232533889365,0.0
MLT,2024Q1,eurostat_hicp_midx_cp00_i15_2026_02_06|eurostat_hicp_midx_cp045_i15_2010_2025_2026_02_06,2026-02-06,2026-07-18T13:22:23.066990+00:00|2026-07-18T13:36:12.596560+00:00,118.35333333333334,99.42,3,3,True,True,3.116196671797411,0.0
MLT,2024Q2,eurostat_hicp_midx_cp00_i15_2026_02_06|eurostat_hicp_midx_cp045_i15_2010_2025_2026_02_06,2026-02-06,2026-07-18T13:22:23.066990+00:00|2026-07-18T13:36:12.596560+00:00,124.44333333333331,99.42,3,3,True,True,2.293402016659307,0.0
MLT,2024Q3,eurostat_hicp_midx_cp00_i15_2026_02_06|eurostat_hicp_midx_cp045_i15_2010_2025_2026_02_06,2026-02-06,2026-07-18T13:22:23.066990+00:00|2026-07-18T13:36:12.596560+00:00,126.85333333333334,99.42,3,3,True,True,2.273582370330529,0.0
MLT,2024Q4,eurostat_hicp_midx_cp00_i15_2026_02_06|eurostat_hicp_midx_cp045_i15_2010_2025_2026_02_06,2026-02-06,2026-07-18T13:22:23.066990+00:00|2026-07-18T13:36:12.596560+00:00,122.11333333333334,99.42,3,3,True,True,2.118525951942929,0.0
MLT,2025Q1,eurostat_hicp_midx_cp00_i15_2026_02_06|eurostat_hicp_midx_cp045_i15_2010_2025_2026_02_06,2026-02-06,2026-07-18T13:22:23.066990+00:00|2026-07-18T13:36:12.596560+00:00,120.72,99.42,3,3,True,True,1.9996620289528533,0.0
MLT,2025Q2,eurostat_hicp_midx_cp00_i15_2026_02_06|eurostat_hicp_midx_cp045_i15_2010_2025_2026_02_06,2026-02-06,2026-07-18T13:22:23.066990+00:00|2026-07-18T13:36:12.596560+00:00,127.69333333333334,99.42,3,3,True,True,2.6116304609862917,0.0
MLT,2025Q3,eurostat_hicp_midx_cp00_i15_2026_02_06|eurostat_hicp_midx_cp045_i15_2010_2025_2026_02_06,2026-02-06,2026-07-18T13:22:23.066990+00:00|2026-07-18T13:36:12.596560+00:00,130.0533333333333,99.42,3,3,True,True,2.522598276224497,0.0
MLT,2025Q4,eurostat_hicp_midx_cp00_i15_2026_02_06|eurostat_hicp_midx_cp045_i15_2010_2025_2026_02_06,2026-02-06,2026-07-18T13:22:23.066990+00:00|2026-07-18T13:36:12.596560+00:00,125.13,99.42,3,3,True,True,2.470382704591345,0.0
NLD,2010Q1,eurostat_hicp_midx_cp00_i15_2010_2019_2026_02_06|eurostat_hicp_midx_cp045_i15_2010_2025_2026_02_06,2026-02-06,2026-07-18T13:36:09.327867+00:00|2026-07-18T13:36:12.596560+00:00,91.31333333333332,88.55666666666666,3,3,True,True,,
NLD,2010Q2,eurostat_hicp_midx_cp00_i15_2010_2019_2026_02_06|eurostat_hicp_midx_cp045_i15_2010_2025_2026_02_06,2026-02-06,2026-07-18T13:36:09.327867+00:00|2026-07-18T13:36:12.596560+00:00,92.54666666666668,88.31,3,3,True,True,,
NLD,2010Q3,eurostat_hicp_midx_cp00_i15_2010_2019_2026_02_06|eurostat_hicp_midx_cp045_i15_2010_2025_2026_02_06,2026-02-06,2026-07-18T13:36:09.327867+00:00|2026-07-18T13:36:12.596560+00:00,91.88666666666666,91.34333333333336,3,3,True,True,,
NLD,2010Q4,eurostat_hicp_midx_cp00_i15_2010_2019_2026_02_06|eurostat_hicp_midx_cp045_i15_2010_2025_2026_02_06,2026-02-06,2026-07-18T13:36:09.327867+00:00|2026-07-18T13:36:12.596560+00:00,92.43666666666668,91.40333333333332,3,3,True,True,,
NLD,2011Q1,eurostat_hicp_midx_cp00_i15_2010_2019_2026_02_06|eurostat_hicp_midx_cp045_i15_2010_2025_2026_02_06,2026-02-06,2026-07-18T13:36:09.327867+00:00|2026-07-18T13:36:12.596560+00:00,93.04666666666668,91.97,3,3,True,True,1.8982258888808001,3.8544058418338523
NLD,2011Q2,eurostat_hicp_midx_cp00_i15_2010_2019_2026_02_06|eurostat_hicp_midx_cp045_i15_2010_2025_2026_02_06,2026-02-06,2026-07-18T13:36:09.327867+00:00|2026-07-18T13:36:12.596560+00:00,94.61333333333334,93.34,3,3,True,True,2.2331076213802037,5.695844185256482
NLD,2011Q3,eurostat_hicp_midx_cp00_i15_2010_2019_2026_02_06|eurostat_hicp_midx_cp045_i15_2010_2025_2026_02_06,2026-02-06,2026-07-18T13:36:09.327867+00:00|2026-07-18T13:36:12.596560+00:00,94.77,97.64666666666666,3,3,True,True,3.137923528984987,6.9007043024486014
NLD,2011Q4,eurostat_hicp_midx_cp00_i15_2010_2019_2026_02_06|eurostat_hicp_midx_cp045_i15_2010_2025_2026_02_06,2026-02-06,2026-07-18T13:36:09.327867+00:00|2026-07-18T13:36:12.596560+00:00,94.86666666666667,97.84333333333332,3,3,True,True,2.628826944574647,7.045694905364508
NLD,2012Q1,eurostat_hicp_midx_cp00_i15_2010_2019_2026_02_06|eurostat_hicp_midx_cp045_i15_2010_2025_2026_02_06,2026-02-06,2026-07-18T13:36:09.327867+00:00|2026-07-18T13:36:12.596560+00:00,95.73,99.93,3,3,True,True,2.8838575625134144,8.654996194411236
NLD,2012Q2,eurostat_hicp_midx_cp00_i15_2010_2019_2026_02_06|eurostat_hicp_midx_cp045_i15_2010_2025_2026_02_06,2026-02-06,2026-07-18T13:36:09.327867+00:00|2026-07-18T13:36:12.596560+00:00,97.05,100.39,3,3,True,True,2.575394588500557,7.553031926290976
NLD,2012Q3,eurostat_hicp_midx_cp00_i15_2010_2019_2026_02_06|eurostat_hicp_midx_cp045_i15_2010_2025_2026_02_06,2026-02-06,2026-07-18T13:36:09.327867+00:00|2026-07-18T13:36:12.596560+00:00,97.20333333333332,101.67333333333332,3,3,True,True,2.5676198515704574,4.123711340206171
NLD,2012Q4,eurostat_hicp_midx_cp00_i15_2010_2019_2026_02_06|eurostat_hicp_midx_cp045_i15_2010_2025_2026_02_06,2026-02-06,2026-07-18T13:36:09.327867+00:00|2026-07-18T13:36:12.596560+00:00,97.96999999999998,103.24,3,3,True,True,3.271257905832714,5.515620209177952
NLD,2013Q1,eurostat_hicp_midx_cp00_i15_2010_2019_2026_02_06|eurostat_hicp_midx_cp045_i15_2010_2025_2026_02_06,2026-02-06,2026-07-18T13:36:09.327867+00:00|2026-07-18T13:36:12.596560+00:00,98.80666666666669,104.88666666666668,3,3,True,True,3.2139002054389243,4.960138763801347
NLD,2013Q2,eurostat_hicp_midx_cp00_i15_2010_2019_2026_02_06|eurostat_hicp_midx_cp045_i15_2010_2025_2026_02_06,2026-02-06,2026-07-18T13:36:09.327867+00:00|2026-07-18T13:36:12.596560+00:00,99.96333333333332,104.41,3,3,True,True,3.0018890606216653,4.004382906664006
NLD,2013Q3,eurostat_hicp_midx_cp00_i15_2010_2019_2026_02_06|eurostat_hicp_midx_cp045_i15_2010_2025_2026_02_06,2026-02-06,2026-07-18T13:36:09.327867+00:00|2026-07-18T13:36:12.596560+00:00,99.88,103.39333333333332,3,3,True,True,2.7536778574123177,1.6916923480427615
NLD,2013Q4,eurostat_hicp_midx_cp00_i15_2010_2019_2026_02_06|eurostat_hicp_midx_cp045_i15_2010_2025_2026_02_06,2026-02-06,2026-07-18T13:36:09.327867+00:00|2026-07-18T13:36:12.596560+00:00,99.24333333333334,103.15666666666668,3,3,True,True,1.2997176006260602,-0.08071806793230607
NLD,2014Q1,eurostat_hicp_midx_cp00_i15_2010_2019_2026_02_06|eurostat_hicp_midx_cp045_i15_2010_2025_2026_02_06,2026-02-06,2026-07-18T13:36:09.327867+00:00|2026-07-18T13:36:12.596560+00:00,99.23666666666666,103.59333333333332,3,3,True,True,0.4351933067944014,-1.233076971969771
NLD,2014Q2,eurostat_hicp_midx_cp00_i15_2010_2019_2026_02_06|eurostat_hicp_midx_cp045_i15_2010_2025_2026_02_06,2026-02-06,2026-07-18T13:36:09.327867+00:00|2026-07-18T13:36:12.596560+00:00,100.31333333333332,103.10333333333334,3,3,True,True,0.3501283804061339,-1.251476550777375
NLD,2014Q3,eurostat_hicp_midx_cp00_i15_2010_2019_2026_02_06|eurostat_hicp_midx_cp045_i15_2010_2025_2026_02_06,2026-02-06,2026-07-18T13:36:09.327867+00:00|2026-07-18T13:36:12.596560+00:00,100.17333333333332,102.04333333333334,3,3,True,True,0.2936857562408024,-1.3056934683086996
NLD,2014Q4,eurostat_hicp_midx_cp00_i15_2010_2019_2026_02_06|eurostat_hicp_midx_cp045_i15_2010_2025_2026_02_06,2026-02-06,2026-07-18T13:36:09.327867+00:00|2026-07-18T13:36:12.596560+00:00,99.43666666666668,102.21333333333332,3,3,True,True,0.19480737581030194,-0.9144666688209124
NLD,2015Q1,eurostat_hicp_midx_cp00_i15_2010_2019_2026_02_06|eurostat_hicp_midx_cp045_i15_2010_2025_2026_02_06,2026-02-06,2026-07-18T13:36:09.327867+00:00|2026-07-18T13:36:12.596560+00:00,98.77333333333333,101.21999999999998,3,3,True,True,-0.4668973161801815,-2.2910097174850375
NLD,2015Q2,eurostat_hicp_midx_cp00_i15_2010_2019_2026_02_06|eurostat_hicp_midx_cp045_i15_2010_2025_2026_02_06,2026-02-06,2026-07-18T13:36:09.327867+00:00|2026-07-18T13:36:12.596560+00:00,100.69333333333331,101.01666666666668,3,3,True,True,0.3788130524357003,-2.0238595583718544
NLD,2015Q3,eurostat_hicp_midx_cp00_i15_2010_2019_2026_02_06|eurostat_hicp_midx_cp045_i15_2010_2025_2026_02_06,2026-02-06,2026-07-18T13:36:09.327867+00:00|2026-07-18T13:36:12.596560+00:00,100.68333333333334,99.24333333333334,3,3,True,True,0.509117529615355,-2.743932316336195
NLD,2015Q4,eurostat_hicp_midx_cp00_i15_2010_2019_2026_02_06|eurostat_hicp_midx_cp045_i15_2010_2025_2026_02_06,2026-02-06,2026-07-18T13:36:09.327867+00:00|2026-07-18T13:36:12.596560+00:00,99.85666666666668,98.52666666666666,3,3,True,True,0.4223794039757367,-3.6068353769893036
NLD,2016Q1,eurostat_hicp_midx_cp00_i15_2010_2019_2026_02_06|eurostat_hicp_midx_cp045_i15_2010_2025_2026_02_06,2026-02-06,2026-07-18T13:36:09.327867+00:00|2026-07-18T13:36:12.596560+00:00,99.12333333333332,96.21999999999998,3,3,True,True,0.3543466522678118,-4.939735230191666
NLD,2016Q2,eurostat_hicp_midx_cp00_i15_2010_2019_2026_02_06|eurostat_hicp_midx_cp045_i15_2010_2025_2026_02_06,2026-02-06,2026-07-18T13:36:09.327867+00:00|2026-07-18T13:36:12.596560+00:00,100.48666666666668,94.77333333333333,3,3,True,True,-0.20524364406776519,-6.180498267612622
NLD,2016Q3,eurostat_hicp_midx_cp00_i15_2010_2019_2026_02_06|eurostat_hicp_midx_cp045_i15_2010_2025_2026_02_06,2026-02-06,2026-07-18T13:36:09.327867+00:00|2026-07-18T13:36:12.596560+00:00,100.49333333333334,93.40333333333336,3,3,True,True,-0.18871047839761346,-5.884526248614486
NLD,2016Q4,eurostat_hicp_midx_cp00_i15_2010_2019_2026_02_06|eurostat_hicp_midx_cp045_i15_2010_2025_2026_02_06,2026-02-06,2026-07-18T13:36:09.327867+00:00|2026-07-18T13:36:12.596560+00:00,100.32,93.45666666666666,3,3,True,True,0.46399839770334683,-5.145815007781307
NLD,2017Q1,eurostat_hicp_midx_cp00_i15_2010_2019_2026_02_06|eurostat_hicp_midx_cp045_i15_2010_2025_2026_02_06,2026-02-06,2026-07-18T13:36:09.327867+00:00|2026-07-18T13:36:12.596560+00:00,100.41666666666669,95.98666666666668,3,3,True,True,1.3047718330699398,-0.2424998267858136
NLD,2017Q2,eurostat_hicp_midx_cp00_i15_2010_2019_2026_02_06|eurostat_hicp_midx_cp045_i15_2010_2025_2026_02_06,2026-02-06,2026-07-18T13:36:09.327867+00:00|2026-07-18T13:36:12.596560+00:00,101.53333333333336,95.82333333333334,3,3,True,True,1.0415975585484016,1.1079065841305802
NLD,2017Q3,eurostat_hicp_midx_cp00_i15_2010_2019_2026_02_06|eurostat_hicp_midx_cp045_i15_2010_2025_2026_02_06,2026-02-06,2026-07-18T13:36:09.327867+00:00|2026-07-18T13:36:12.596560+00:00,101.97666666666667,95.90666666666668,3,3,True,True,1.4760514793684454,2.6801327575746603
NLD,2017Q4,eurostat_hicp_midx_cp00_i15_2010_2019_2026_02_06|eurostat_hicp_midx_cp045_i15_2010_2025_2026_02_06,2026-02-06,2026-07-18T13:36:09.327867+00:00|2026-07-18T13:36:12.596560+00:00,101.67666666666666,96.52333333333333,3,3,True,True,1.3523391812865437,3.281378178835115
NLD,2018Q1,eurostat_hicp_midx_cp00_i15_2010_2019_2026_02_06|eurostat_hicp_midx_cp045_i15_2010_2025_2026_02_06,2026-02-06,2026-07-18T13:36:09.327867+00:00|2026-07-18T13:36:12.596560+00:00,101.67333333333332,103.90333333333336,3,3,True,True,1.251452282157639,8.24767328795668
NLD,2018Q2,eurostat_hicp_midx_cp00_i15_2010_2019_2026_02_06|eurostat_hicp_midx_cp045_i15_2010_2025_2026_02_06,2026-02-06,2026-07-18T13:36:09.327867+00:00|2026-07-18T13:36:12.596560+00:00,103.08333333333331,103.90666666666668,3,3,True,True,1.526592252133896,8.435662851775838
NLD,2018Q3,eurostat_hicp_midx_cp00_i15_2010_2019_2026_02_06|eurostat_hicp_midx_cp045_i15_2010_2025_2026_02_06,2026-02-06,2026-07-18T13:36:09.327867+00:00|2026-07-18T13:36:12.596560+00:00,103.80333333333331,107.18333333333334,3,3,True,True,1.7912594384336122,11.757959126928942
NLD,2018Q4,eurostat_hicp_midx_cp00_i15_2010_2019_2026_02_06|eurostat_hicp_midx_cp045_i15_2010_2025_2026_02_06,2026-02-06,2026-07-18T13:36:09.327867+00:00|2026-07-18T13:36:12.596560+00:00,103.53666666666668,109.33666666666666,3,3,True,True,1.8293282627938279,13.27485582069965
NLD,2019Q1,eurostat_hicp_midx_cp00_i15_2010_2019_2026_02_06|eurostat_hicp_midx_cp045_i15_2010_2025_2026_02_06,2026-02-06,2026-07-18T13:36:09.327867+00:00|2026-07-18T13:36:12.596560+00:00,104.18333333333334,121.80333333333331,3,3,True,True,2.4686905776670542,17.227551249558836
NLD,2019Q2,eurostat_hicp_midx_cp00_i15_2010_2019_2026_02_06|eurostat_hicp_midx_cp045_i15_2010_2025_2026_02_06,2026-02-06,2026-07-18T13:36:09.327867+00:00|2026-07-18T13:36:12.596560+00:00,105.86666666666667,120.52,3,3,True,True,2.700080840743757,15.988707814705494
NLD,2019Q3,eurostat_hicp_midx_cp00_i15_2010_2019_2026_02_06|eurostat_hicp_midx_cp045_i15_2010_2025_2026_02_06,2026-02-06,2026-07-18T13:36:09.327867+00:00|2026-07-18T13:36:12.596560+00:00,106.71666666666664,117.65333333333336,3,3,True,True,2.8065893837705858,9.76830974965015
NLD,2019Q4,eurostat_hicp_midx_cp00_i15_2010_2019_2026_02_06|eurostat_hicp_midx_cp045_i15_2010_2025_2026_02_06,2026-02-06,2026-07-18T13:36:09.327867+00:00|2026-07-18T13:36:12.596560+00:00,106.35666666666668,117.27333333333333,3,3,True,True,2.7236727729306853,7.258925032773389
NLD,2020Q1,eurostat_hicp_midx_cp00_i15_2026_02_06|eurostat_hicp_midx_cp045_i15_2010_2025_2026_02_06,2026-02-06,2026-07-18T13:22:23.066990+00:00|2026-07-18T13:36:12.596560+00:00,105.57,108.17666666666666,3,3,True,True,1.3309870420732617,-11.187433294107974
NLD,2020Q2,eurostat_hicp_midx_cp00_i15_2026_02_06|eurostat_hicp_midx_cp045_i15_2010_2025_2026_02_06,2026-02-06,2026-07-18T13:22:23.066990+00:00|2026-07-18T13:36:12.596560+00:00,107.17666666666666,105.18333333333334,3,3,True,True,1.2374055415617091,-12.725412103108747
NLD,2020Q3,eurostat_hicp_midx_cp00_i15_2026_02_06|eurostat_hicp_midx_cp045_i15_2010_2025_2026_02_06,2026-02-06,2026-07-18T13:22:23.066990+00:00|2026-07-18T13:36:12.596560+00:00,107.75333333333332,103.01,3,3,True,True,0.9714196470404612,-12.446169537624673
NLD,2020Q4,eurostat_hicp_midx_cp00_i15_2026_02_06|eurostat_hicp_midx_cp045_i15_2010_2025_2026_02_06,2026-02-06,2026-07-18T13:22:23.066990+00:00|2026-07-18T13:36:12.596560+00:00,107.33,103.77,3,3,True,True,0.9151596828282038,-11.51441077823887
NLD,2021Q1,eurostat_hicp_midx_cp00_i15_2026_02_06|eurostat_hicp_midx_cp045_i15_2010_2025_2026_02_06,2026-02-06,2026-07-18T13:22:23.066990+00:00|2026-07-18T13:36:12.596560+00:00,107.45333333333332,105.88333333333333,3,3,True,True,1.7839664045972592,-2.1199889070347866
NLD,2021Q2,eurostat_hicp_midx_cp00_i15_2026_02_06|eurostat_hicp_midx_cp045_i15_2010_2025_2026_02_06,2026-02-06,2026-07-18T13:22:23.066990+00:00|2026-07-18T13:36:12.596560+00:00,109.11,108.69333333333331,3,3,True,True,1.8038752215967513,3.337030581524303
NLD,2021Q3,eurostat_hicp_midx_cp00_i15_2026_02_06|eurostat_hicp_midx_cp045_i15_2010_2025_2026_02_06,2026-02-06,2026-07-18T13:22:23.066990+00:00|2026-07-18T13:36:12.596560+00:00,110.29,118.72,3,3,True,True,2.354142176576146,15.25094651004757
NLD,2021Q4,eurostat_hicp_midx_cp00_i15_2026_02_06|eurostat_hicp_midx_cp045_i15_2010_2025_2026_02_06,2026-02-06,2026-07-18T13:22:23.066990+00:00|2026-07-18T13:36:12.596560+00:00,113.07,160.71333333333334,3,3,True,True,5.347992173669991,54.874562333365475
NLD,2022Q1,eurostat_hicp_midx_cp00_i15_2026_02_06|eurostat_hicp_midx_cp045_i15_2010_2025_2026_02_06,2026-02-06,2026-07-18T13:22:23.066990+00:00|2026-07-18T13:36:12.596560+00:00,116.96333333333332,220.0533333333333,3,3,True,True,8.850353641891061,107.82622383126083
NLD,2022Q2,eurostat_hicp_midx_cp00_i15_2026_02_06|eurostat_hicp_midx_cp045_i15_2010_2025_2026_02_06,2026-02-06,2026-07-18T13:22:23.066990+00:00|2026-07-18T13:36:12.596560+00:00,120.5,226.24,3,3,True,True,10.43900650719458,108.14524043179591
NLD,2022Q3,eurostat_hicp_midx_cp00_i15_2026_02_06|eurostat_hicp_midx_cp045_i15_2010_2025_2026_02_06,2026-02-06,2026-07-18T13:22:23.066990+00:00|2026-07-18T13:36:12.596560+00:00,125.85666666666668,301.52333333333337,3,3,True,True,14.114304711820358,153.97854896675653
NLD,2022Q4,eurostat_hicp_midx_cp00_i15_2026_02_06|eurostat_hicp_midx_cp045_i15_2010_2025_2026_02_06,2026-02-06,2026-07-18T13:22:23.066990+00:00|2026-07-18T13:36:12.596560+00:00,127.79,309.2833333333333,3,3,True,True,13.018484124878405,92.4441033724644
NLD,2023Q1,eurostat_hicp_midx_cp00_i15_2026_02_06|eurostat_hicp_midx_cp045_i15_2010_2025_2026_02_06,2026-02-06,2026-07-18T13:22:23.066990+00:00|2026-07-18T13:36:12.596560+00:00,125.43,182.36333333333337,3,3,True,True,7.238735786143824,-17.127666020358678
NLD,2023Q2,eurostat_hicp_midx_cp00_i15_2026_02_06|eurostat_hicp_midx_cp045_i15_2010_2025_2026_02_06,2026-02-06,2026-07-18T13:22:23.066990+00:00|2026-07-18T13:36:12.596560+00:00,128.12,167.53666666666666,3,3,True,True,6.323651452282153,-25.94737152286658
NLD,2023Q3,eurostat_hicp_midx_cp00_i15_2026_02_06|eurostat_hicp_midx_cp045_i15_2010_2025_2026_02_06,2026-02-06,2026-07-18T13:22:23.066990+00:00|2026-07-18T13:36:12.596560+00:00,129.32000000000002,157.17999999999998,3,3,True,True,2.751807611833579,-47.87136429463724
NLD,2023Q4,eurostat_hicp_midx_cp00_i15_2026_02_06|eurostat_hicp_midx_cp045_i15_2010_2025_2026_02_06,2026-02-06,2026-07-18T13:22:23.066990+00:00|2026-07-18T13:36:12.596560+00:00,128.35666666666663,158.42333333333332,3,3,True,True,0.44343584526693736,-48.77728081047583
NLD,2024Q1,eurostat_hicp_midx_cp00_i15_2026_02_06|eurostat_hicp_midx_cp045_i15_2010_2025_2026_02_06,2026-02-06,2026-07-18T13:22:23.066990+00:00|2026-07-18T13:36:12.596560+00:00,129.15333333333334,171.22666666666666,3,3,True,True,2.9684551808445647,-6.106856275932682
NLD,2024Q2,eurostat_hicp_midx_cp00_i15_2026_02_06|eurostat_hicp_midx_cp045_i15_2010_2025_2026_02_06,2026-02-06,2026-07-18T13:22:23.066990+00:00|2026-07-18T13:36:12.596560+00:00,131.79666666666665,161.73999999999998,3,3,True,True,2.8697054844416536,-3.4599391178050665
NLD,2024Q3,eurostat_hicp_midx_cp00_i15_2026_02_06|eurostat_hicp_midx_cp045_i15_2010_2025_2026_02_06,2026-02-06,2026-07-18T13:22:23.066990+00:00|2026-07-18T13:36:12.596560+00:00,133.65333333333334,157.11666666666667,3,3,True,True,3.350860913496212,-0.040293506383326516
NLD,2024Q4,eurostat_hicp_midx_cp00_i15_2026_02_06|eurostat_hicp_midx_cp045_i15_2010_2025_2026_02_06,2026-02-06,2026-07-18T13:22:23.066990+00:00|2026-07-18T13:36:12.596560+00:00,133.08333333333334,160.58333333333334,3,3,True,True,3.682447347235618,1.3634355208618443
NLD,2025Q1,eurostat_hicp_midx_cp00_i15_2026_02_06|eurostat_hicp_midx_cp045_i15_2010_2025_2026_02_06,2026-02-06,2026-07-18T13:22:23.066990+00:00|2026-07-18T13:36:12.596560+00:00,133.4,166.08333333333334,3,3,True,True,3.2880813503329387,-3.003815605045934
NLD,2025Q2,eurostat_hicp_midx_cp00_i15_2026_02_06|eurostat_hicp_midx_cp045_i15_2010_2025_2026_02_06,2026-02-06,2026-07-18T13:22:23.066990+00:00|2026-07-18T13:36:12.596560+00:00,136.03666666666666,166.29666666666665,3,3,True,True,3.2170768102379954,2.8172787601500326
NLD,2025Q3,eurostat_hicp_midx_cp00_i15_2026_02_06|eurostat_hicp_midx_cp045_i15_2010_2025_2026_02_06,2026-02-06,2026-07-18T13:22:23.066990+00:00|2026-07-18T13:36:12.596560+00:00,137.18333333333334,164.23333333333335,3,3,True,True,2.641161213088594,4.529542802588304
NLD,2025Q4,eurostat_hicp_midx_cp00_i15_2026_02_06|eurostat_hicp_midx_cp045_i15_2010_2025_2026_02_06,2026-02-06,2026-07-18T13:22:23.066990+00:00|2026-07-18T13:36:12.596560+00:00,136.81666666666666,162.63666666666668,3,3,True,True,2.8052598622416935,1.2786715101193558
POL,2010Q1,eurostat_hicp_midx_cp00_i15_2010_2019_2026_02_06|eurostat_hicp_midx_cp045_i15_2010_2025_2026_02_06,2026-02-06,2026-07-18T13:36:09.327867+00:00|2026-07-18T13:36:12.596560+00:00,91.76666666666668,86.83333333333333,3,3,True,True,,
POL,2010Q2,eurostat_hicp_midx_cp00_i15_2010_2019_2026_02_06|eurostat_hicp_midx_cp045_i15_2010_2025_2026_02_06,2026-02-06,2026-07-18T13:36:09.327867+00:00|2026-07-18T13:36:12.596560+00:00,92.66666666666669,87.33333333333333,3,3,True,True,,
POL,2010Q3,eurostat_hicp_midx_cp00_i15_2010_2019_2026_02_06|eurostat_hicp_midx_cp045_i15_2010_2025_2026_02_06,2026-02-06,2026-07-18T13:36:09.327867+00:00|2026-07-18T13:36:12.596560+00:00,92.7,88.0,3,3,True,True,,
POL,2010Q4,eurostat_hicp_midx_cp00_i15_2010_2019_2026_02_06|eurostat_hicp_midx_cp045_i15_2010_2025_2026_02_06,2026-02-06,2026-07-18T13:36:09.327867+00:00|2026-07-18T13:36:12.596560+00:00,93.46666666666664,89.46666666666665,3,3,True,True,,
POL,2011Q1,eurostat_hicp_midx_cp00_i15_2010_2019_2026_02_06|eurostat_hicp_midx_cp045_i15_2010_2025_2026_02_06,2026-02-06,2026-07-18T13:36:09.327867+00:00|2026-07-18T13:36:12.596560+00:00,95.1,93.03333333333336,3,3,True,True,3.632401017072273,7.140115163147831
POL,2011Q2,eurostat_hicp_midx_cp00_i15_2010_2019_2026_02_06|eurostat_hicp_midx_cp045_i15_2010_2025_2026_02_06,2026-02-06,2026-07-18T13:36:09.327867+00:00|2026-07-18T13:36:12.596560+00:00,96.4,93.3,3,3,True,True,4.028776978417259,6.832061068702289
POL,2011Q3,eurostat_hicp_midx_cp00_i15_2010_2019_2026_02_06|eurostat_hicp_midx_cp045_i15_2010_2025_2026_02_06,2026-02-06,2026-07-18T13:36:09.327867+00:00|2026-07-18T13:36:12.596560+00:00,96.09999999999998,94.7,3,3,True,True,3.667745415318202,7.613636363636367
POL,2011Q4,eurostat_hicp_midx_cp00_i15_2010_2019_2026_02_06|eurostat_hicp_midx_cp045_i15_2010_2025_2026_02_06,2026-02-06,2026-07-18T13:36:09.327867+00:00|2026-07-18T13:36:12.596560+00:00,97.43333333333334,96.4,3,3,True,True,4.243937232525008,7.749627421758598
POL,2012Q1,eurostat_hicp_midx_cp00_i15_2010_2019_2026_02_06|eurostat_hicp_midx_cp045_i15_2010_2025_2026_02_06,2026-02-06,2026-07-18T13:36:09.327867+00:00|2026-07-18T13:36:12.596560+00:00,99.03333333333336,99.26666666666668,3,3,True,True,4.135997195934138,6.700107488355411
POL,2012Q2,eurostat_hicp_midx_cp00_i15_2010_2019_2026_02_06|eurostat_hicp_midx_cp045_i15_2010_2025_2026_02_06,2026-02-06,2026-07-18T13:36:09.327867+00:00|2026-07-18T13:36:12.596560+00:00,100.2,100.59999999999998,3,3,True,True,3.941908713692932,7.824222936763103
POL,2012Q3,eurostat_hicp_midx_cp00_i15_2010_2019_2026_02_06|eurostat_hicp_midx_cp045_i15_2010_2025_2026_02_06,2026-02-06,2026-07-18T13:36:09.327867+00:00|2026-07-18T13:36:12.596560+00:00,99.86666666666667,100.86666666666667,3,3,True,True,3.9195282691640854,6.511791622668084
POL,2012Q4,eurostat_hicp_midx_cp00_i15_2010_2019_2026_02_06|eurostat_hicp_midx_cp045_i15_2010_2025_2026_02_06,2026-02-06,2026-07-18T13:36:09.327867+00:00|2026-07-18T13:36:12.596560+00:00,100.09999999999998,101.46666666666664,3,3,True,True,2.736914129319179,5.255878284923887
POL,2013Q1,eurostat_hicp_midx_cp00_i15_2010_2019_2026_02_06|eurostat_hicp_midx_cp045_i15_2010_2025_2026_02_06,2026-02-06,2026-07-18T13:36:09.327867+00:00|2026-07-18T13:36:12.596560+00:00,100.3,100.46666666666664,3,3,True,True,1.2790306294176768,1.2088650100738452
POL,2013Q2,eurostat_hicp_midx_cp00_i15_2010_2019_2026_02_06|eurostat_hicp_midx_cp045_i15_2010_2025_2026_02_06,2026-02-06,2026-07-18T13:36:09.327867+00:00|2026-07-18T13:36:12.596560+00:00,100.73333333333332,100.13333333333333,3,3,True,True,0.5322687957418415,-0.46388336646784323
POL,2013Q3,eurostat_hicp_midx_cp00_i15_2010_2019_2026_02_06|eurostat_hicp_midx_cp045_i15_2010_2025_2026_02_06,2026-02-06,2026-07-18T13:36:09.327867+00:00|2026-07-18T13:36:12.596560+00:00,100.73333333333332,99.53333333333336,3,3,True,True,0.8678237650200149,-1.321877065432897
POL,2013Q4,eurostat_hicp_midx_cp00_i15_2010_2019_2026_02_06|eurostat_hicp_midx_cp045_i15_2010_2025_2026_02_06,2026-02-06,2026-07-18T13:36:09.327867+00:00|2026-07-18T13:36:12.596560+00:00,100.7,100.03333333333336,3,3,True,True,0.5994005994006235,-1.4126149802890398
POL,2014Q1,eurostat_hicp_midx_cp00_i15_2010_2019_2026_02_06|eurostat_hicp_midx_cp045_i15_2010_2025_2026_02_06,2026-02-06,2026-07-18T13:36:09.327867+00:00|2026-07-18T13:36:12.596560+00:00,100.93333333333334,100.23333333333332,3,3,True,True,0.6314390162844852,-0.2322495023224791
POL,2014Q2,eurostat_hicp_midx_cp00_i15_2010_2019_2026_02_06|eurostat_hicp_midx_cp045_i15_2010_2025_2026_02_06,2026-02-06,2026-07-18T13:36:09.327867+00:00|2026-07-18T13:36:12.596560+00:00,101.03333333333336,99.86666666666667,3,3,True,True,0.29781601588356743,-0.26631158455391324
POL,2014Q3,eurostat_hicp_midx_cp00_i15_2010_2019_2026_02_06|eurostat_hicp_midx_cp045_i15_2010_2025_2026_02_06,2026-02-06,2026-07-18T13:36:09.327867+00:00|2026-07-18T13:36:12.596560+00:00,100.56666666666666,99.9,3,3,True,True,-0.16545334215750662,0.3683858004018603
POL,2014Q4,eurostat_hicp_midx_cp00_i15_2010_2019_2026_02_06|eurostat_hicp_midx_cp045_i15_2010_2025_2026_02_06,2026-02-06,2026-07-18T13:36:09.327867+00:00|2026-07-18T13:36:12.596560+00:00,100.26666666666668,100.23333333333332,3,3,True,True,-0.4303210857331874,0.19993335554810976
POL,2015Q1,eurostat_hicp_midx_cp00_i15_2010_2019_2026_02_06|eurostat_hicp_midx_cp045_i15_2010_2025_2026_02_06,2026-02-06,2026-07-18T13:36:09.327867+00:00|2026-07-18T13:36:12.596560+00:00,99.73333333333332,100.5,3,3,True,True,-1.1889035667107195,0.26604589291654435
POL,2015Q2,eurostat_hicp_midx_cp00_i15_2010_2019_2026_02_06|eurostat_hicp_midx_cp045_i15_2010_2025_2026_02_06,2026-02-06,2026-07-18T13:36:09.327867+00:00|2026-07-18T13:36:12.596560+00:00,100.4,100.2,3,3,True,True,-0.626855823160688,0.33377837116155273
POL,2015Q3,eurostat_hicp_midx_cp00_i15_2010_2019_2026_02_06|eurostat_hicp_midx_cp045_i15_2010_2025_2026_02_06,2026-02-06,2026-07-18T13:36:09.327867+00:00|2026-07-18T13:36:12.596560+00:00,100.1,99.83333333333331,3,3,True,True,-0.46403712296984034,-0.0667334000667541
POL,2015Q4,eurostat_hicp_midx_cp00_i15_2010_2019_2026_02_06|eurostat_hicp_midx_cp045_i15_2010_2025_2026_02_06,2026-02-06,2026-07-18T13:36:09.327867+00:00|2026-07-18T13:36:12.596560+00:00,99.76666666666668,99.43333333333334,3,3,True,True,-0.49867021276596146,-0.7981376787495664
POL,2016Q1,eurostat_hicp_midx_cp00_i15_2010_2019_2026_02_06|eurostat_hicp_midx_cp045_i15_2010_2025_2026_02_06,2026-02-06,2026-07-18T13:36:09.327867+00:00|2026-07-18T13:36:12.596560+00:00,99.43333333333334,98.33333333333331,3,3,True,True,-0.30080213903741493,-2.1558872305141197
POL,2016Q2,eurostat_hicp_midx_cp00_i15_2010_2019_2026_02_06|eurostat_hicp_midx_cp045_i15_2010_2025_2026_02_06,2026-02-06,2026-07-18T13:36:09.327867+00:00|2026-07-18T13:36:12.596560+00:00,99.96666666666664,97.66666666666669,3,3,True,True,-0.4316069057105243,-2.528276779773775
POL,2016Q3,eurostat_hicp_midx_cp00_i15_2010_2019_2026_02_06|eurostat_hicp_midx_cp045_i15_2010_2025_2026_02_06,2026-02-06,2026-07-18T13:36:09.327867+00:00|2026-07-18T13:36:12.596560+00:00,99.66666666666669,97.63333333333333,3,3,True,True,-0.43290043290040714,-2.20367278797996
POL,2016Q4,eurostat_hicp_midx_cp00_i15_2010_2019_2026_02_06|eurostat_hicp_midx_cp045_i15_2010_2025_2026_02_06,2026-02-06,2026-07-18T13:36:09.327867+00:00|2026-07-18T13:36:12.596560+00:00,100.16666666666669,97.96666666666664,3,3,True,True,0.4009355162044814,-1.4750251424740513
POL,2017Q1,eurostat_hicp_midx_cp00_i15_2010_2019_2026_02_06|eurostat_hicp_midx_cp045_i15_2010_2025_2026_02_06,2026-02-06,2026-07-18T13:36:09.327867+00:00|2026-07-18T13:36:12.596560+00:00,101.13333333333333,98.9,3,3,True,True,1.7096882333221375,0.5762711864407022
POL,2017Q2,eurostat_hicp_midx_cp00_i15_2010_2019_2026_02_06|eurostat_hicp_midx_cp045_i15_2010_2025_2026_02_06,2026-02-06,2026-07-18T13:36:09.327867+00:00|2026-07-18T13:36:12.596560+00:00,101.5,98.73333333333332,3,3,True,True,1.533844614871649,1.0921501706484316
POL,2017Q3,eurostat_hicp_midx_cp00_i15_2010_2019_2026_02_06|eurostat_hicp_midx_cp045_i15_2010_2025_2026_02_06,2026-02-06,2026-07-18T13:36:09.327867+00:00|2026-07-18T13:36:12.596560+00:00,101.13333333333333,99.1,3,3,True,True,1.4715719063544963,1.5022191874359825
POL,2017Q4,eurostat_hicp_midx_cp00_i15_2010_2019_2026_02_06|eurostat_hicp_midx_cp045_i15_2010_2025_2026_02_06,2026-02-06,2026-07-18T13:36:09.327867+00:00|2026-07-18T13:36:12.596560+00:00,101.93333333333334,100.6,3,3,True,True,1.7637271214642203,2.6879891119428567
POL,2018Q1,eurostat_hicp_midx_cp00_i15_2010_2019_2026_02_06|eurostat_hicp_midx_cp045_i15_2010_2025_2026_02_06,2026-02-06,2026-07-18T13:36:09.327867+00:00|2026-07-18T13:36:12.596560+00:00,102.13333333333333,100.83333333333331,3,3,True,True,0.9887936717205115,1.9548365352207275
POL,2018Q2,eurostat_hicp_midx_cp00_i15_2010_2019_2026_02_06|eurostat_hicp_midx_cp045_i15_2010_2025_2026_02_06,2026-02-06,2026-07-18T13:36:09.327867+00:00|2026-07-18T13:36:12.596560+00:00,102.66666666666669,100.66666666666669,3,3,True,True,1.1494252873563315,1.9581363943281804
POL,2018Q3,eurostat_hicp_midx_cp00_i15_2010_2019_2026_02_06|eurostat_hicp_midx_cp045_i15_2010_2025_2026_02_06,2026-02-06,2026-07-18T13:36:09.327867+00:00|2026-07-18T13:36:12.596560+00:00,102.56666666666666,101.1,3,3,True,True,1.4172709294660635,2.0181634712411745
POL,2018Q4,eurostat_hicp_midx_cp00_i15_2010_2019_2026_02_06|eurostat_hicp_midx_cp045_i15_2010_2025_2026_02_06,2026-02-06,2026-07-18T13:36:09.327867+00:00|2026-07-18T13:36:12.596560+00:00,103.09999999999998,101.83333333333331,3,3,True,True,1.1445389143230678,1.225977468522177
POL,2019Q1,eurostat_hicp_midx_cp00_i15_2010_2019_2026_02_06|eurostat_hicp_midx_cp045_i15_2010_2025_2026_02_06,2026-02-06,2026-07-18T13:36:09.327867+00:00|2026-07-18T13:36:12.596560+00:00,103.33333333333331,99.93333333333334,3,3,True,True,1.1749347258485532,-0.8925619834710519
POL,2019Q2,eurostat_hicp_midx_cp00_i15_2010_2019_2026_02_06|eurostat_hicp_midx_cp045_i15_2010_2025_2026_02_06,2026-02-06,2026-07-18T13:36:09.327867+00:00|2026-07-18T13:36:12.596560+00:00,104.96666666666664,100.3,3,3,True,True,2.240259740259698,-0.36423841059605166
POL,2019Q3,eurostat_hicp_midx_cp00_i15_2010_2019_2026_02_06|eurostat_hicp_midx_cp045_i15_2010_2025_2026_02_06,2026-02-06,2026-07-18T13:36:09.327867+00:00|2026-07-18T13:36:12.596560+00:00,105.16666666666669,100.33333333333331,3,3,True,True,2.53493662658435,-0.7583250906693206
POL,2019Q4,eurostat_hicp_midx_cp00_i15_2010_2019_2026_02_06|eurostat_hicp_midx_cp045_i15_2010_2025_2026_02_06,2026-02-06,2026-07-18T13:36:09.327867+00:00|2026-07-18T13:36:12.596560+00:00,105.76666666666668,100.76666666666668,3,3,True,True,2.5864856126738056,-1.0474631751227204
POL,2020Q1,eurostat_hicp_midx_cp00_i15_2026_02_06|eurostat_hicp_midx_cp045_i15_2010_2025_2026_02_06,2026-02-06,2026-07-18T13:22:23.066990+00:00|2026-07-18T13:36:12.596560+00:00,107.36666666666667,104.06666666666666,3,3,True,True,3.903225806451638,4.13609072715142
POL,2020Q2,eurostat_hicp_midx_cp00_i15_2026_02_06|eurostat_hicp_midx_cp045_i15_2010_2025_2026_02_06,2026-02-06,2026-07-18T13:22:23.066990+00:00|2026-07-18T13:36:12.596560+00:00,108.5,104.33333333333331,3,3,True,True,3.3661479834868446,4.02126952475903
POL,2020Q3,eurostat_hicp_midx_cp00_i15_2026_02_06|eurostat_hicp_midx_cp045_i15_2010_2025_2026_02_06,2026-02-06,2026-07-18T13:22:23.066990+00:00|2026-07-18T13:36:12.596560+00:00,109.1,104.13333333333333,3,3,True,True,3.74009508716322,3.7873754152824013
POL,2020Q4,eurostat_hicp_midx_cp00_i15_2026_02_06|eurostat_hicp_midx_cp045_i15_2010_2025_2026_02_06,2026-02-06,2026-07-18T13:22:23.066990+00:00|2026-07-18T13:36:12.596560+00:00,109.6,104.83333333333331,3,3,True,True,3.624330286794808,4.035726099900727
POL,2021Q1,eurostat_hicp_midx_cp00_i15_2026_02_06|eurostat_hicp_midx_cp045_i15_2010_2025_2026_02_06,2026-02-06,2026-07-18T13:22:23.066990+00:00|2026-07-18T13:36:12.596560+00:00,111.53333333333336,108.86666666666667,3,3,True,True,3.880782365724955,4.612427930813601
POL,2021Q2,eurostat_hicp_midx_cp00_i15_2026_02_06|eurostat_hicp_midx_cp045_i15_2010_2025_2026_02_06,2026-02-06,2026-07-18T13:22:23.066990+00:00|2026-07-18T13:36:12.596560+00:00,113.5,108.90000000000002,3,3,True,True,4.608294930875578,4.376996805111855
POL,2021Q3,eurostat_hicp_midx_cp00_i15_2026_02_06|eurostat_hicp_midx_cp045_i15_2010_2025_2026_02_06,2026-02-06,2026-07-18T13:22:23.066990+00:00|2026-07-18T13:36:12.596560+00:00,114.66666666666669,110.16666666666669,3,3,True,True,5.10235258172933,5.7938540332906685
POL,2021Q4,eurostat_hicp_midx_cp00_i15_2026_02_06|eurostat_hicp_midx_cp045_i15_2010_2025_2026_02_06,2026-02-06,2026-07-18T13:22:23.066990+00:00|2026-07-18T13:36:12.596560+00:00,117.56666666666666,118.3,3,3,True,True,7.268856447688576,12.845786963434037
POL,2022Q1,eurostat_hicp_midx_cp00_i15_2026_02_06|eurostat_hicp_midx_cp045_i15_2010_2025_2026_02_06,2026-02-06,2026-07-18T13:22:23.066990+00:00|2026-07-18T13:36:12.596560+00:00,121.56666666666668,129.86666666666667,3,3,True,True,8.995815899581583,19.2896509491733
POL,2022Q2,eurostat_hicp_midx_cp00_i15_2026_02_06|eurostat_hicp_midx_cp045_i15_2010_2025_2026_02_06,2026-02-06,2026-07-18T13:22:23.066990+00:00|2026-07-18T13:36:12.596560+00:00,128.03333333333333,141.4333333333333,3,3,True,True,12.80469897209986,29.874502601775287
POL,2022Q3,eurostat_hicp_midx_cp00_i15_2026_02_06|eurostat_hicp_midx_cp045_i15_2010_2025_2026_02_06,2026-02-06,2026-07-18T13:22:23.066990+00:00|2026-07-18T13:36:12.596560+00:00,131.73333333333335,154.46666666666667,3,3,True,True,14.883720930232558,40.21180030257183
POL,2022Q4,eurostat_hicp_midx_cp00_i15_2026_02_06|eurostat_hicp_midx_cp045_i15_2010_2025_2026_02_06,2026-02-06,2026-07-18T13:22:23.066990+00:00|2026-07-18T13:36:12.596560+00:00,136.29999999999998,163.29999999999998,3,3,True,True,15.934221718174069,38.038884192730336
POL,2023Q1,eurostat_hicp_midx_cp00_i15_2026_02_06|eurostat_hicp_midx_cp045_i15_2010_2025_2026_02_06,2026-02-06,2026-07-18T13:22:23.066990+00:00|2026-07-18T13:36:12.596560+00:00,141.1,177.29999999999998,3,3,True,True,16.068001096791875,36.52464065708416
POL,2023Q2,eurostat_hicp_midx_cp00_i15_2026_02_06|eurostat_hicp_midx_cp045_i15_2010_2025_2026_02_06,2026-02-06,2026-07-18T13:22:23.066990+00:00|2026-07-18T13:36:12.596560+00:00,144.03333333333333,175.96666666666667,3,3,True,True,12.496745639156458,24.41668630685838
POL,2023Q3,eurostat_hicp_midx_cp00_i15_2026_02_06|eurostat_hicp_midx_cp045_i15_2010_2025_2026_02_06,2026-02-06,2026-07-18T13:22:23.066990+00:00|2026-07-18T13:36:12.596560+00:00,143.79999999999998,175.29999999999998,3,3,True,True,9.159919028340058,13.48726801899005
POL,2023Q4,eurostat_hicp_midx_cp00_i15_2026_02_06|eurostat_hicp_midx_cp045_i15_2010_2025_2026_02_06,2026-02-06,2026-07-18T13:22:23.066990+00:00|2026-07-18T13:36:12.596560+00:00,144.86666666666667,175.13333333333333,3,3,True,True,6.28515529469309,7.246376811594213
POL,2024Q1,eurostat_hicp_midx_cp00_i15_2026_02_06|eurostat_hicp_midx_cp045_i15_2010_2025_2026_02_06,2026-02-06,2026-07-18T13:22:23.066990+00:00|2026-07-18T13:36:12.596560+00:00,146.23333333333335,175.03333333333333,3,3,True,True,3.6380817387196007,-1.2784357962022819
POL,2024Q2,eurostat_hicp_midx_cp00_i15_2026_02_06|eurostat_hicp_midx_cp045_i15_2010_2025_2026_02_06,2026-02-06,2026-07-18T13:22:23.066990+00:00|2026-07-18T13:36:12.596560+00:00,148.23333333333332,174.16666666666666,3,3,True,True,2.915991668595219,-1.0229210077666306
POL,2024Q3,eurostat_hicp_midx_cp00_i15_2026_02_06|eurostat_hicp_midx_cp045_i15_2010_2025_2026_02_06,2026-02-06,2026-07-18T13:22:23.066990+00:00|2026-07-18T13:36:12.596560+00:00,149.70000000000002,190.53333333333333,3,3,True,True,4.102920723226733,8.689864993344742
POL,2024Q4,eurostat_hicp_midx_cp00_i15_2026_02_06|eurostat_hicp_midx_cp045_i15_2010_2025_2026_02_06,2026-02-06,2026-07-18T13:22:23.066990+00:00|2026-07-18T13:36:12.596560+00:00,150.66666666666666,191.73333333333335,3,3,True,True,4.003681546249416,9.478492577084129
POL,2025Q1,eurostat_hicp_midx_cp00_i15_2026_02_06|eurostat_hicp_midx_cp045_i15_2010_2025_2026_02_06,2026-02-06,2026-07-18T13:22:23.066990+00:00|2026-07-18T13:36:12.596560+00:00,152.6,193.4,3,3,True,True,4.353772509687692,10.493239382974684
POL,2025Q2,eurostat_hicp_midx_cp00_i15_2026_02_06|eurostat_hicp_midx_cp045_i15_2010_2025_2026_02_06,2026-02-06,2026-07-18T13:22:23.066990+00:00|2026-07-18T13:36:12.596560+00:00,153.5,191.8,3,3,True,True,3.552957049696426,10.124401913875602
POL,2025Q3,eurostat_hicp_midx_cp00_i15_2026_02_06|eurostat_hicp_midx_cp045_i15_2010_2025_2026_02_06,2026-02-06,2026-07-18T13:22:23.066990+00:00|2026-07-18T13:36:12.596560+00:00,153.93333333333334,194.7,3,3,True,True,2.8278779781785612,2.1868439468159417
POL,2025Q4,eurostat_hicp_midx_cp00_i15_2026_02_06|eurostat_hicp_midx_cp045_i15_2010_2025_2026_02_06,2026-02-06,2026-07-18T13:22:23.066990+00:00|2026-07-18T13:36:12.596560+00:00,154.66666666666666,197.4,3,3,True,True,2.6548672566371723,2.955493741307369
PRT,2010Q1,eurostat_hicp_midx_cp00_i15_2010_2019_2026_02_06|eurostat_hicp_midx_cp045_i15_2010_2025_2026_02_06,2026-02-06,2026-07-18T13:36:09.327867+00:00|2026-07-18T13:36:12.596560+00:00,91.90666666666668,76.09333333333333,3,3,True,True,,
PRT,2010Q2,eurostat_hicp_midx_cp00_i15_2010_2019_2026_02_06|eurostat_hicp_midx_cp045_i15_2010_2025_2026_02_06,2026-02-06,2026-07-18T13:36:09.327867+00:00|2026-07-18T13:36:12.596560+00:00,93.24,77.17333333333333,3,3,True,True,,
PRT,2010Q3,eurostat_hicp_midx_cp00_i15_2010_2019_2026_02_06|eurostat_hicp_midx_cp045_i15_2010_2025_2026_02_06,2026-02-06,2026-07-18T13:36:09.327867+00:00|2026-07-18T13:36:12.596560+00:00,93.67666666666666,77.99333333333334,3,3,True,True,,
PRT,2010Q4,eurostat_hicp_midx_cp00_i15_2010_2019_2026_02_06|eurostat_hicp_midx_cp045_i15_2010_2025_2026_02_06,2026-02-06,2026-07-18T13:36:09.327867+00:00|2026-07-18T13:36:12.596560+00:00,94.07333333333334,78.89,3,3,True,True,,
PRT,2011Q1,eurostat_hicp_midx_cp00_i15_2010_2019_2026_02_06|eurostat_hicp_midx_cp045_i15_2010_2025_2026_02_06,2026-02-06,2026-07-18T13:36:09.327867+00:00|2026-07-18T13:36:12.596560+00:00,95.26666666666668,82.73333333333333,3,3,True,True,3.655882779631514,8.72612581040828
PRT,2011Q2,eurostat_hicp_midx_cp00_i15_2010_2019_2026_02_06|eurostat_hicp_midx_cp045_i15_2010_2025_2026_02_06,2026-02-06,2026-07-18T13:36:09.327867+00:00|2026-07-18T13:36:12.596560+00:00,96.67333333333332,83.11666666666666,3,3,True,True,3.6822536822536778,7.701278507256393
PRT,2011Q3,eurostat_hicp_midx_cp00_i15_2010_2019_2026_02_06|eurostat_hicp_midx_cp045_i15_2010_2025_2026_02_06,2026-02-06,2026-07-18T13:36:09.327867+00:00|2026-07-18T13:36:12.596560+00:00,96.57333333333334,83.29,3,3,True,True,3.092196562644567,6.791178733225056
PRT,2011Q4,eurostat_hicp_midx_cp00_i15_2010_2019_2026_02_06|eurostat_hicp_midx_cp045_i15_2010_2025_2026_02_06,2026-02-06,2026-07-18T13:36:09.327867+00:00|2026-07-18T13:36:12.596560+00:00,97.63666666666666,92.53,3,3,True,True,3.7878251009850317,17.28989732538979
PRT,2012Q1,eurostat_hicp_midx_cp00_i15_2010_2019_2026_02_06|eurostat_hicp_midx_cp045_i15_2010_2025_2026_02_06,2026-02-06,2026-07-18T13:36:09.327867+00:00|2026-07-18T13:36:12.596560+00:00,98.45,95.77,3,3,True,True,3.341497550734762,15.757453666398069
PRT,2012Q2,eurostat_hicp_midx_cp00_i15_2010_2019_2026_02_06|eurostat_hicp_midx_cp045_i15_2010_2025_2026_02_06,2026-02-06,2026-07-18T13:36:09.327867+00:00|2026-07-18T13:36:12.596560+00:00,99.36333333333332,96.6,3,3,True,True,2.7825667195365833,16.222177661921002
PRT,2012Q3,eurostat_hicp_midx_cp00_i15_2010_2019_2026_02_06|eurostat_hicp_midx_cp045_i15_2010_2025_2026_02_06,2026-02-06,2026-07-18T13:36:09.327867+00:00|2026-07-18T13:36:12.596560+00:00,99.42,97.50333333333332,3,3,True,True,2.947673615905,17.064873734341823
PRT,2012Q4,eurostat_hicp_midx_cp00_i15_2010_2019_2026_02_06|eurostat_hicp_midx_cp045_i15_2010_2025_2026_02_06,2026-02-06,2026-07-18T13:36:09.327867+00:00|2026-07-18T13:36:12.596560+00:00,99.63666666666666,98.45666666666666,3,3,True,True,2.0484107746406854,6.4051298677906265
PRT,2013Q1,eurostat_hicp_midx_cp00_i15_2010_2019_2026_02_06|eurostat_hicp_midx_cp045_i15_2010_2025_2026_02_06,2026-02-06,2026-07-18T13:36:09.327867+00:00|2026-07-18T13:36:12.596560+00:00,98.88333333333333,100.25666666666666,3,3,True,True,0.44015574741831376,4.684835195433501
PRT,2013Q2,eurostat_hicp_midx_cp00_i15_2010_2019_2026_02_06|eurostat_hicp_midx_cp045_i15_2010_2025_2026_02_06,2026-02-06,2026-07-18T13:36:09.327867+00:00|2026-07-18T13:36:12.596560+00:00,100.19666666666669,99.88333333333333,3,3,True,True,0.8386728840283464,3.3988957902001404
PRT,2013Q3,eurostat_hicp_midx_cp00_i15_2010_2019_2026_02_06|eurostat_hicp_midx_cp045_i15_2010_2025_2026_02_06,2026-02-06,2026-07-18T13:36:09.327867+00:00|2026-07-18T13:36:12.596560+00:00,99.82666666666668,99.95666666666666,3,3,True,True,0.4090390934084587,2.5161532939044884
PRT,2013Q4,eurostat_hicp_midx_cp00_i15_2010_2019_2026_02_06|eurostat_hicp_midx_cp045_i15_2010_2025_2026_02_06,2026-02-06,2026-07-18T13:36:09.327867+00:00|2026-07-18T13:36:12.596560+00:00,99.71,99.74,3,3,True,True,0.07360074938944638,1.3034499102820174
PRT,2014Q1,eurostat_hicp_midx_cp00_i15_2010_2019_2026_02_06|eurostat_hicp_midx_cp045_i15_2010_2025_2026_02_06,2026-02-06,2026-07-18T13:36:09.327867+00:00|2026-07-18T13:36:12.596560+00:00,98.74,101.92333333333332,3,3,True,True,-0.14495196359345375,1.6623998404096119
PRT,2014Q2,eurostat_hicp_midx_cp00_i15_2010_2019_2026_02_06|eurostat_hicp_midx_cp045_i15_2010_2025_2026_02_06,2026-02-06,2026-07-18T13:36:09.327867+00:00|2026-07-18T13:36:12.596560+00:00,99.98333333333332,101.54333333333334,3,3,True,True,-0.2129146012841754,1.6619389287502173
PRT,2014Q3,eurostat_hicp_midx_cp00_i15_2010_2019_2026_02_06|eurostat_hicp_midx_cp045_i15_2010_2025_2026_02_06,2026-02-06,2026-07-18T13:36:09.327867+00:00|2026-07-18T13:36:12.596560+00:00,99.56666666666666,101.54333333333334,3,3,True,True,-0.2604514491786003,1.587354520292128
PRT,2014Q4,eurostat_hicp_midx_cp00_i15_2010_2019_2026_02_06|eurostat_hicp_midx_cp045_i15_2010_2025_2026_02_06,2026-02-06,2026-07-18T13:36:09.327867+00:00|2026-07-18T13:36:12.596560+00:00,99.69,100.74666666666668,3,3,True,True,-0.02005816868919652,1.009290822805986
PRT,2015Q1,eurostat_hicp_midx_cp00_i15_2010_2019_2026_02_06|eurostat_hicp_midx_cp045_i15_2010_2025_2026_02_06,2026-02-06,2026-07-18T13:36:09.327867+00:00|2026-07-18T13:36:12.596560+00:00,98.73666666666668,100.96999999999998,3,3,True,True,-0.003375869286326161,-0.9353435588841275
PRT,2015Q2,eurostat_hicp_midx_cp00_i15_2010_2019_2026_02_06|eurostat_hicp_midx_cp045_i15_2010_2025_2026_02_06,2026-02-06,2026-07-18T13:36:09.327867+00:00|2026-07-18T13:36:12.596560+00:00,100.71666666666664,100.80333333333334,3,3,True,True,0.7334555759292982,-0.7287529133703119
PRT,2015Q3,eurostat_hicp_midx_cp00_i15_2010_2019_2026_02_06|eurostat_hicp_midx_cp045_i15_2010_2025_2026_02_06,2026-02-06,2026-07-18T13:36:09.327867+00:00|2026-07-18T13:36:12.596560+00:00,100.32,99.43666666666668,3,3,True,True,0.7566119852695063,-2.0746479335587265
PRT,2015Q4,eurostat_hicp_midx_cp00_i15_2010_2019_2026_02_06|eurostat_hicp_midx_cp045_i15_2010_2025_2026_02_06,2026-02-06,2026-07-18T13:36:09.327867+00:00|2026-07-18T13:36:12.596560+00:00,100.22666666666667,98.79333333333334,3,3,True,True,0.5383355067375639,-1.9388565378507305
PRT,2016Q1,eurostat_hicp_midx_cp00_i15_2010_2019_2026_02_06|eurostat_hicp_midx_cp045_i15_2010_2025_2026_02_06,2026-02-06,2026-07-18T13:36:09.327867+00:00|2026-07-18T13:36:12.596560+00:00,99.18,99.83333333333331,3,3,True,True,0.4490057729313657,-1.1257469215278482
PRT,2016Q2,eurostat_hicp_midx_cp00_i15_2010_2019_2026_02_06|eurostat_hicp_midx_cp045_i15_2010_2025_2026_02_06,2026-02-06,2026-07-18T13:36:09.327867+00:00|2026-07-18T13:36:12.596560+00:00,101.25333333333332,99.91666666666669,3,3,True,True,0.5328479232169503,-0.8796005423100994
PRT,2016Q3,eurostat_hicp_midx_cp00_i15_2010_2019_2026_02_06|eurostat_hicp_midx_cp045_i15_2010_2025_2026_02_06,2026-02-06,2026-07-18T13:36:09.327867+00:00|2026-07-18T13:36:12.596560+00:00,101.06333333333332,97.44,3,3,True,True,0.7409622541201477,-2.007978277630673
PRT,2016Q4,eurostat_hicp_midx_cp00_i15_2010_2019_2026_02_06|eurostat_hicp_midx_cp045_i15_2010_2025_2026_02_06,2026-02-06,2026-07-18T13:36:09.327867+00:00|2026-07-18T13:36:12.596560+00:00,101.04666666666668,97.00666666666666,3,3,True,True,0.818145536783299,-1.8084891018287474
PRT,2017Q1,eurostat_hicp_midx_cp00_i15_2010_2019_2026_02_06|eurostat_hicp_midx_cp045_i15_2010_2025_2026_02_06,2026-02-06,2026-07-18T13:36:09.327867+00:00|2026-07-18T13:36:12.596560+00:00,100.58666666666666,98.48666666666666,3,3,True,True,1.4182966996034052,-1.3489148580968169
PRT,2017Q2,eurostat_hicp_midx_cp00_i15_2010_2019_2026_02_06|eurostat_hicp_midx_cp045_i15_2010_2025_2026_02_06,2026-02-06,2026-07-18T13:36:09.327867+00:00|2026-07-18T13:36:12.596560+00:00,102.98666666666666,98.29,3,3,True,True,1.7118777982618072,-1.6280233527940058
PRT,2017Q3,eurostat_hicp_midx_cp00_i15_2010_2019_2026_02_06|eurostat_hicp_midx_cp045_i15_2010_2025_2026_02_06,2026-02-06,2026-07-18T13:36:09.327867+00:00|2026-07-18T13:36:12.596560+00:00,102.38666666666668,97.67666666666666,3,3,True,True,1.309409940961137,0.24288451012588474
PRT,2017Q4,eurostat_hicp_midx_cp00_i15_2010_2019_2026_02_06|eurostat_hicp_midx_cp045_i15_2010_2025_2026_02_06,2026-02-06,2026-07-18T13:36:09.327867+00:00|2026-07-18T13:36:12.596560+00:00,102.84666666666668,98.55333333333331,3,3,True,True,1.7813551494358926,1.5943921379973691
PRT,2018Q1,eurostat_hicp_midx_cp00_i15_2010_2019_2026_02_06|eurostat_hicp_midx_cp045_i15_2010_2025_2026_02_06,2026-02-06,2026-07-18T13:36:09.327867+00:00|2026-07-18T13:36:12.596560+00:00,101.45,100.53333333333336,3,3,True,True,0.8582979851537775,2.0781154809449864
PRT,2018Q2,eurostat_hicp_midx_cp00_i15_2010_2019_2026_02_06|eurostat_hicp_midx_cp045_i15_2010_2025_2026_02_06,2026-02-06,2026-07-18T13:36:09.327867+00:00|2026-07-18T13:36:12.596560+00:00,104.26666666666668,100.61666666666667,3,3,True,True,1.242879337131031,2.367144843490343
PRT,2018Q3,eurostat_hicp_midx_cp00_i15_2010_2019_2026_02_06|eurostat_hicp_midx_cp045_i15_2010_2025_2026_02_06,2026-02-06,2026-07-18T13:36:09.327867+00:00|2026-07-18T13:36:12.596560+00:00,104.21666666666664,100.98666666666666,3,3,True,True,1.7873421018361313,3.388731529194966
PRT,2018Q4,eurostat_hicp_midx_cp00_i15_2010_2019_2026_02_06|eurostat_hicp_midx_cp045_i15_2010_2025_2026_02_06,2026-02-06,2026-07-18T13:36:09.327867+00:00|2026-07-18T13:36:12.596560+00:00,103.64666666666666,101.45666666666666,3,3,True,True,0.7778570039540966,2.9459514306974466
PRT,2019Q1,eurostat_hicp_midx_cp00_i15_2010_2019_2026_02_06|eurostat_hicp_midx_cp045_i15_2010_2025_2026_02_06,2026-02-06,2026-07-18T13:36:09.327867+00:00|2026-07-18T13:36:12.596560+00:00,102.23666666666668,98.68333333333334,3,3,True,True,0.7754230326926237,-1.8401856763925917
PRT,2019Q2,eurostat_hicp_midx_cp00_i15_2010_2019_2026_02_06|eurostat_hicp_midx_cp045_i15_2010_2025_2026_02_06,2026-02-06,2026-07-18T13:36:09.327867+00:00|2026-07-18T13:36:12.596560+00:00,104.91333333333334,98.82333333333334,3,3,True,True,0.6202046035805653,-1.7823422229584218
PRT,2019Q3,eurostat_hicp_midx_cp00_i15_2010_2019_2026_02_06|eurostat_hicp_midx_cp045_i15_2010_2025_2026_02_06,2026-02-06,2026-07-18T13:36:09.327867+00:00|2026-07-18T13:36:12.596560+00:00,103.85333333333334,97.34333333333332,3,3,True,True,-0.348632656324932,-3.6077369949828464
PRT,2019Q4,eurostat_hicp_midx_cp00_i15_2010_2019_2026_02_06|eurostat_hicp_midx_cp045_i15_2010_2025_2026_02_06,2026-02-06,2026-07-18T13:36:09.327867+00:00|2026-07-18T13:36:12.596560+00:00,103.81666666666666,97.4,3,3,True,True,0.1640187817585348,-3.998422972040605
PRT,2020Q1,eurostat_hicp_midx_cp00_i15_2026_02_06|eurostat_hicp_midx_cp045_i15_2010_2025_2026_02_06,2026-02-06,2026-07-18T13:22:23.066990+00:00|2026-07-18T13:36:12.596560+00:00,102.74333333333334,97.36,3,3,True,True,0.4955821460010945,-1.3409896976862012
PRT,2020Q2,eurostat_hicp_midx_cp00_i15_2026_02_06|eurostat_hicp_midx_cp045_i15_2010_2025_2026_02_06,2026-02-06,2026-07-18T13:22:23.066990+00:00|2026-07-18T13:36:12.596560+00:00,104.71999999999998,95.15666666666668,3,3,True,True,-0.184279087500816,-3.7103248220730523
PRT,2020Q3,eurostat_hicp_midx_cp00_i15_2026_02_06|eurostat_hicp_midx_cp045_i15_2010_2025_2026_02_06,2026-02-06,2026-07-18T13:22:23.066990+00:00|2026-07-18T13:36:12.596560+00:00,103.47333333333334,95.18666666666668,3,3,True,True,-0.36590062909230836,-2.215525802143581
PRT,2020Q4,eurostat_hicp_midx_cp00_i15_2026_02_06|eurostat_hicp_midx_cp045_i15_2010_2025_2026_02_06,2026-02-06,2026-07-18T13:22:23.066990+00:00|2026-07-18T13:36:12.596560+00:00,103.38,95.24,3,3,True,True,-0.4206132605554691,-2.2176591375770105
PRT,2021Q1,eurostat_hicp_midx_cp00_i15_2026_02_06|eurostat_hicp_midx_cp045_i15_2010_2025_2026_02_06,2026-02-06,2026-07-18T13:22:23.066990+00:00|2026-07-18T13:36:12.596560+00:00,102.94333333333331,95.18333333333334,3,3,True,True,0.19465983194364433,-2.235688852369211
PRT,2021Q2,eurostat_hicp_midx_cp00_i15_2026_02_06|eurostat_hicp_midx_cp045_i15_2010_2025_2026_02_06,2026-02-06,2026-07-18T13:22:23.066990+00:00|2026-07-18T13:36:12.596560+00:00,104.65666666666668,95.67666666666666,3,3,True,True,-0.06047873694929873,0.5464672294811956
PRT,2021Q3,eurostat_hicp_midx_cp00_i15_2026_02_06|eurostat_hicp_midx_cp045_i15_2010_2025_2026_02_06,2026-02-06,2026-07-18T13:22:23.066990+00:00|2026-07-18T13:36:12.596560+00:00,104.74333333333334,97.45666666666666,3,3,True,True,1.2273693705302513,2.3847877854040966
PRT,2021Q4,eurostat_hicp_midx_cp00_i15_2026_02_06|eurostat_hicp_midx_cp045_i15_2010_2025_2026_02_06,2026-02-06,2026-07-18T13:22:23.066990+00:00|2026-07-18T13:36:12.596560+00:00,105.87333333333332,99.9,3,3,True,True,2.411814019475078,4.892902141957167
PRT,2022Q1,eurostat_hicp_midx_cp00_i15_2026_02_06|eurostat_hicp_midx_cp045_i15_2010_2025_2026_02_06,2026-02-06,2026-07-18T13:22:23.066990+00:00|2026-07-18T13:36:12.596560+00:00,107.49333333333334,103.32666666666668,3,3,True,True,4.4199073924165555,8.555419366135531
PRT,2022Q2,eurostat_hicp_midx_cp00_i15_2026_02_06|eurostat_hicp_midx_cp045_i15_2010_2025_2026_02_06,2026-02-06,2026-07-18T13:22:23.066990+00:00|2026-07-18T13:36:12.596560+00:00,113.20333333333332,120.55666666666669,3,3,True,True,8.166385323438519,26.004250426784694
PRT,2022Q3,eurostat_hicp_midx_cp00_i15_2026_02_06|eurostat_hicp_midx_cp045_i15_2010_2025_2026_02_06,2026-02-06,2026-07-18T13:22:23.066990+00:00|2026-07-18T13:36:12.596560+00:00,114.72666666666667,129.34666666666666,3,3,True,True,9.531235082582823,32.72223552348053
PRT,2022Q4,eurostat_hicp_midx_cp00_i15_2026_02_06|eurostat_hicp_midx_cp045_i15_2010_2025_2026_02_06,2026-02-06,2026-07-18T13:22:23.066990+00:00|2026-07-18T13:36:12.596560+00:00,116.68,139.20000000000002,3,3,True,True,10.207165795604833,39.339339339339354
PRT,2023Q1,eurostat_hicp_midx_cp00_i15_2026_02_06|eurostat_hicp_midx_cp045_i15_2010_2025_2026_02_06,2026-02-06,2026-07-18T13:22:23.066990+00:00|2026-07-18T13:36:12.596560+00:00,116.51666666666668,114.56,3,3,True,True,8.3943190275366,10.871669139944506
PRT,2023Q2,eurostat_hicp_midx_cp00_i15_2026_02_06|eurostat_hicp_midx_cp045_i15_2010_2025_2026_02_06,2026-02-06,2026-07-18T13:22:23.066990+00:00|2026-07-18T13:36:12.596560+00:00,119.60333333333334,107.56666666666666,3,3,True,True,5.653543770795921,-10.775015898470997
PRT,2023Q3,eurostat_hicp_midx_cp00_i15_2026_02_06|eurostat_hicp_midx_cp045_i15_2010_2025_2026_02_06,2026-02-06,2026-07-18T13:22:23.066990+00:00|2026-07-18T13:36:12.596560+00:00,120.25,116.71999999999998,3,3,True,True,4.814341333023409,-9.76188021853418
PRT,2023Q4,eurostat_hicp_midx_cp00_i15_2026_02_06|eurostat_hicp_midx_cp045_i15_2010_2025_2026_02_06,2026-02-06,2026-07-18T13:22:23.066990+00:00|2026-07-18T13:36:12.596560+00:00,119.53333333333336,114.85333333333334,3,3,True,True,2.445434807450586,-17.490421455938698
PRT,2024Q1,eurostat_hicp_midx_cp00_i15_2026_02_06|eurostat_hicp_midx_cp045_i15_2010_2025_2026_02_06,2026-02-06,2026-07-18T13:22:23.066990+00:00|2026-07-18T13:36:12.596560+00:00,119.38666666666668,119.39,3,3,True,True,2.4631669289086,4.2161312849162025
PRT,2024Q2,eurostat_hicp_midx_cp00_i15_2026_02_06|eurostat_hicp_midx_cp045_i15_2010_2025_2026_02_06,2026-02-06,2026-07-18T13:22:23.066990+00:00|2026-07-18T13:36:12.596560+00:00,123.28,118.21333333333332,3,3,True,True,3.0740503330453306,9.897737837000298
PRT,2024Q3,eurostat_hicp_midx_cp00_i15_2026_02_06|eurostat_hicp_midx_cp045_i15_2010_2025_2026_02_06,2026-02-06,2026-07-18T13:22:23.066990+00:00|2026-07-18T13:36:12.596560+00:00,123.05666666666669,122.32666666666668,3,3,True,True,2.334026334026351,4.803518391592432
PRT,2024Q4,eurostat_hicp_midx_cp00_i15_2026_02_06|eurostat_hicp_midx_cp045_i15_2010_2025_2026_02_06,2026-02-06,2026-07-18T13:22:23.066990+00:00|2026-07-18T13:36:12.596560+00:00,122.88666666666666,123.46,3,3,True,True,2.805354155047368,7.493615045275126
PRT,2025Q1,eurostat_hicp_midx_cp00_i15_2026_02_06|eurostat_hicp_midx_cp045_i15_2010_2025_2026_02_06,2026-02-06,2026-07-18T13:22:23.066990+00:00|2026-07-18T13:36:12.596560+00:00,122.18333333333334,120.72333333333334,3,3,True,True,2.342528478892114,1.1167881173744343
PRT,2025Q2,eurostat_hicp_midx_cp00_i15_2026_02_06|eurostat_hicp_midx_cp045_i15_2010_2025_2026_02_06,2026-02-06,2026-07-18T13:22:23.066990+00:00|2026-07-18T13:36:12.596560+00:00,125.7,120.65333333333336,3,3,True,True,1.9630110317975458,2.064064967290813
PRT,2025Q3,eurostat_hicp_midx_cp00_i15_2026_02_06|eurostat_hicp_midx_cp045_i15_2010_2025_2026_02_06,2026-02-06,2026-07-18T13:22:23.066990+00:00|2026-07-18T13:36:12.596560+00:00,125.9,120.94,3,3,True,True,2.3105886177099855,-1.1335767616764025
PRT,2025Q4,eurostat_hicp_midx_cp00_i15_2026_02_06|eurostat_hicp_midx_cp045_i15_2010_2025_2026_02_06,2026-02-06,2026-07-18T13:22:23.066990+00:00|2026-07-18T13:36:12.596560+00:00,125.55,120.36,3,3,True,True,2.167308631259157,-2.5109347156973882
ROU,2010Q1,eurostat_hicp_midx_cp00_i15_2010_2019_2026_02_06|eurostat_hicp_midx_cp045_i15_2010_2025_2026_02_06,2026-02-06,2026-07-18T13:36:09.327867+00:00|2026-07-18T13:36:12.596560+00:00,85.62,77.95,3,3,True,True,,
ROU,2010Q2,eurostat_hicp_midx_cp00_i15_2010_2019_2026_02_06|eurostat_hicp_midx_cp045_i15_2010_2025_2026_02_06,2026-02-06,2026-07-18T13:36:09.327867+00:00|2026-07-18T13:36:12.596560+00:00,86.19333333333333,77.97,3,3,True,True,,
ROU,2010Q3,eurostat_hicp_midx_cp00_i15_2010_2019_2026_02_06|eurostat_hicp_midx_cp045_i15_2010_2025_2026_02_06,2026-02-06,2026-07-18T13:36:09.327867+00:00|2026-07-18T13:36:12.596560+00:00,88.86000000000001,80.53333333333335,3,3,True,True,,
ROU,2010Q4,eurostat_hicp_midx_cp00_i15_2010_2019_2026_02_06|eurostat_hicp_midx_cp045_i15_2010_2025_2026_02_06,2026-02-06,2026-07-18T13:36:09.327867+00:00|2026-07-18T13:36:12.596560+00:00,90.23,81.63666666666667,3,3,True,True,,
ROU,2011Q1,eurostat_hicp_midx_cp00_i15_2010_2019_2026_02_06|eurostat_hicp_midx_cp045_i15_2010_2025_2026_02_06,2026-02-06,2026-07-18T13:36:09.327867+00:00|2026-07-18T13:36:12.596560+00:00,92.07666666666668,82.96,3,3,True,True,7.541072958031636,6.427196921103251
ROU,2011Q2,eurostat_hicp_midx_cp00_i15_2010_2019_2026_02_06|eurostat_hicp_midx_cp045_i15_2010_2025_2026_02_06,2026-02-06,2026-07-18T13:36:09.327867+00:00|2026-07-18T13:36:12.596560+00:00,93.34333333333332,84.72,3,3,True,True,8.295305128006802,8.65717583686032
ROU,2011Q3,eurostat_hicp_midx_cp00_i15_2010_2019_2026_02_06|eurostat_hicp_midx_cp045_i15_2010_2025_2026_02_06,2026-02-06,2026-07-18T13:36:09.327867+00:00|2026-07-18T13:36:12.596560+00:00,92.62,85.05666666666667,3,3,True,True,4.231375196938991,5.616721854304618
ROU,2011Q4,eurostat_hicp_midx_cp00_i15_2010_2019_2026_02_06|eurostat_hicp_midx_cp045_i15_2010_2025_2026_02_06,2026-02-06,2026-07-18T13:36:09.327867+00:00|2026-07-18T13:36:12.596560+00:00,93.31333333333332,87.03333333333335,3,3,True,True,3.417193099117055,6.610591645910757
ROU,2012Q1,eurostat_hicp_midx_cp00_i15_2010_2019_2026_02_06|eurostat_hicp_midx_cp045_i15_2010_2025_2026_02_06,2026-02-06,2026-07-18T13:36:09.327867+00:00|2026-07-18T13:36:12.596560+00:00,94.53333333333336,87.37,3,3,True,True,2.668066466350516,5.315814850530387
ROU,2012Q2,eurostat_hicp_midx_cp00_i15_2010_2019_2026_02_06|eurostat_hicp_midx_cp045_i15_2010_2025_2026_02_06,2026-02-06,2026-07-18T13:36:09.327867+00:00|2026-07-18T13:36:12.596560+00:00,95.26,87.67,3,3,True,True,2.0533514266328767,3.482058545797928
ROU,2012Q3,eurostat_hicp_midx_cp00_i15_2010_2019_2026_02_06|eurostat_hicp_midx_cp045_i15_2010_2025_2026_02_06,2026-02-06,2026-07-18T13:36:09.327867+00:00|2026-07-18T13:36:12.596560+00:00,96.46666666666664,89.33333333333333,3,3,True,True,4.1531706614841735,5.0280205353293805
ROU,2012Q4,eurostat_hicp_midx_cp00_i15_2010_2019_2026_02_06|eurostat_hicp_midx_cp045_i15_2010_2025_2026_02_06,2026-02-06,2026-07-18T13:36:09.327867+00:00|2026-07-18T13:36:12.596560+00:00,97.65666666666668,91.35333333333334,3,3,True,True,4.654568836179207,4.963615472998839
ROU,2013Q1,eurostat_hicp_midx_cp00_i15_2010_2019_2026_02_06|eurostat_hicp_midx_cp045_i15_2010_2025_2026_02_06,2026-02-06,2026-07-18T13:36:09.327867+00:00|2026-07-18T13:36:12.596560+00:00,99.07666666666668,95.63333333333333,3,3,True,True,4.806064880112815,9.45786120331158
ROU,2013Q2,eurostat_hicp_midx_cp00_i15_2010_2019_2026_02_06|eurostat_hicp_midx_cp045_i15_2010_2025_2026_02_06,2026-02-06,2026-07-18T13:36:09.327867+00:00|2026-07-18T13:36:12.596560+00:00,99.46333333333332,95.54333333333334,3,3,True,True,4.412485128420451,8.980647123683516
ROU,2013Q3,eurostat_hicp_midx_cp00_i15_2010_2019_2026_02_06|eurostat_hicp_midx_cp045_i15_2010_2025_2026_02_06,2026-02-06,2026-07-18T13:36:09.327867+00:00|2026-07-18T13:36:12.596560+00:00,98.75666666666666,96.28333333333336,3,3,True,True,2.3738769868694165,7.779850746268702
ROU,2013Q4,eurostat_hicp_midx_cp00_i15_2010_2019_2026_02_06|eurostat_hicp_midx_cp045_i15_2010_2025_2026_02_06,2026-02-06,2026-07-18T13:36:09.327867+00:00|2026-07-18T13:36:12.596560+00:00,98.88,97.37666666666668,3,3,True,True,1.2526879885312203,6.593446690505744
ROU,2014Q1,eurostat_hicp_midx_cp00_i15_2010_2019_2026_02_06|eurostat_hicp_midx_cp045_i15_2010_2025_2026_02_06,2026-02-06,2026-07-18T13:36:09.327867+00:00|2026-07-18T13:36:12.596560+00:00,100.32,98.16,3,3,True,True,1.2549204319886709,2.6420355524573003
ROU,2014Q2,eurostat_hicp_midx_cp00_i15_2010_2019_2026_02_06|eurostat_hicp_midx_cp045_i15_2010_2025_2026_02_06,2026-02-06,2026-07-18T13:36:09.327867+00:00|2026-07-18T13:36:12.596560+00:00,100.73666666666668,97.65,3,3,True,True,1.2802037601796545,2.2049331891288437
ROU,2014Q3,eurostat_hicp_midx_cp00_i15_2010_2019_2026_02_06|eurostat_hicp_midx_cp045_i15_2010_2025_2026_02_06,2026-02-06,2026-07-18T13:36:09.327867+00:00|2026-07-18T13:36:12.596560+00:00,100.28666666666668,97.32666666666668,3,3,True,True,1.5492624970466329,1.0836074086896241
ROU,2014Q4,eurostat_hicp_midx_cp00_i15_2010_2019_2026_02_06|eurostat_hicp_midx_cp045_i15_2010_2025_2026_02_06,2026-02-06,2026-07-18T13:36:09.327867+00:00|2026-07-18T13:36:12.596560+00:00,100.31333333333332,97.37666666666668,3,3,True,True,1.4495685005393666,0.0
ROU,2015Q1,eurostat_hicp_midx_cp00_i15_2010_2019_2026_02_06|eurostat_hicp_midx_cp045_i15_2010_2025_2026_02_06,2026-02-06,2026-07-18T13:36:09.327867+00:00|2026-07-18T13:36:12.596560+00:00,100.86666666666667,99.13666666666666,3,3,True,True,0.5449229133439815,0.9949741917957056
ROU,2015Q2,eurostat_hicp_midx_cp00_i15_2010_2019_2026_02_06|eurostat_hicp_midx_cp045_i15_2010_2025_2026_02_06,2026-02-06,2026-07-18T13:36:09.327867+00:00|2026-07-18T13:36:12.596560+00:00,101.09,98.58666666666666,3,3,True,True,0.3507494788392185,0.9592080559822413
ROU,2015Q3,eurostat_hicp_midx_cp00_i15_2010_2019_2026_02_06|eurostat_hicp_midx_cp045_i15_2010_2025_2026_02_06,2026-02-06,2026-07-18T13:36:09.327867+00:00|2026-07-18T13:36:12.596560+00:00,98.75,100.95666666666666,3,3,True,True,-1.5322741474440016,3.7297075142132874
ROU,2015Q4,eurostat_hicp_midx_cp00_i15_2010_2019_2026_02_06|eurostat_hicp_midx_cp045_i15_2010_2025_2026_02_06,2026-02-06,2026-07-18T13:36:09.327867+00:00|2026-07-18T13:36:12.596560+00:00,99.29,101.31666666666666,3,3,True,True,-1.0201369043662978,4.046143840071181
ROU,2016Q1,eurostat_hicp_midx_cp00_i15_2010_2019_2026_02_06|eurostat_hicp_midx_cp045_i15_2010_2025_2026_02_06,2026-02-06,2026-07-18T13:36:09.327867+00:00|2026-07-18T13:36:12.596560+00:00,98.83,99.03333333333336,3,3,True,True,-2.019167217448792,-0.10423321340906622
ROU,2016Q2,eurostat_hicp_midx_cp00_i15_2010_2019_2026_02_06|eurostat_hicp_midx_cp045_i15_2010_2025_2026_02_06,2026-02-06,2026-07-18T13:36:09.327867+00:00|2026-07-18T13:36:12.596560+00:00,98.96999999999998,97.94333333333331,3,3,True,True,-2.097141161341398,-0.6525561265891433
ROU,2016Q3,eurostat_hicp_midx_cp00_i15_2010_2019_2026_02_06|eurostat_hicp_midx_cp045_i15_2010_2025_2026_02_06,2026-02-06,2026-07-18T13:36:09.327867+00:00|2026-07-18T13:36:12.596560+00:00,98.69,96.88,3,3,True,True,-0.06075949367089217,-4.038036121108068
ROU,2016Q4,eurostat_hicp_midx_cp00_i15_2010_2019_2026_02_06|eurostat_hicp_midx_cp045_i15_2010_2025_2026_02_06,2026-02-06,2026-07-18T13:36:09.327867+00:00|2026-07-18T13:36:12.596560+00:00,99.21,97.83333333333331,3,3,True,True,-0.08057206163764041,-3.438065471294638
ROU,2017Q1,eurostat_hicp_midx_cp00_i15_2010_2019_2026_02_06|eurostat_hicp_midx_cp045_i15_2010_2025_2026_02_06,2026-02-06,2026-07-18T13:36:09.327867+00:00|2026-07-18T13:36:12.596560+00:00,99.23666666666668,97.35666666666668,3,3,True,True,0.4114809942999953,-1.693032648939763
ROU,2017Q2,eurostat_hicp_midx_cp00_i15_2010_2019_2026_02_06|eurostat_hicp_midx_cp045_i15_2010_2025_2026_02_06,2026-02-06,2026-07-18T13:36:09.327867+00:00|2026-07-18T13:36:12.596560+00:00,99.58333333333331,98.43,3,3,True,True,0.6197164123808552,0.4968859544634885
ROU,2017Q3,eurostat_hicp_midx_cp00_i15_2010_2019_2026_02_06|eurostat_hicp_midx_cp045_i15_2010_2025_2026_02_06,2026-02-06,2026-07-18T13:36:09.327867+00:00|2026-07-18T13:36:12.596560+00:00,99.63,100.88333333333333,3,3,True,True,0.9524774546559867,4.132259840352326
ROU,2017Q4,eurostat_hicp_midx_cp00_i15_2010_2019_2026_02_06|eurostat_hicp_midx_cp045_i15_2010_2025_2026_02_06,2026-02-06,2026-07-18T13:36:09.327867+00:00|2026-07-18T13:36:12.596560+00:00,101.56333333333332,105.46666666666664,3,3,True,True,2.3720727077243486,7.802385008517887
ROU,2018Q1,eurostat_hicp_midx_cp00_i15_2010_2019_2026_02_06|eurostat_hicp_midx_cp045_i15_2010_2025_2026_02_06,2026-02-06,2026-07-18T13:36:09.327867+00:00|2026-07-18T13:36:12.596560+00:00,102.93333333333334,109.65333333333332,3,3,True,True,3.7251016089483002,12.630533776149534
ROU,2018Q2,eurostat_hicp_midx_cp00_i15_2010_2019_2026_02_06|eurostat_hicp_midx_cp045_i15_2010_2025_2026_02_06,2026-02-06,2026-07-18T13:36:09.327867+00:00|2026-07-18T13:36:12.596560+00:00,104.1,111.39666666666666,3,3,True,True,4.535564853556506,13.173490466998539
ROU,2018Q3,eurostat_hicp_midx_cp00_i15_2010_2019_2026_02_06|eurostat_hicp_midx_cp045_i15_2010_2025_2026_02_06,2026-02-06,2026-07-18T13:36:09.327867+00:00|2026-07-18T13:36:12.596560+00:00,104.19333333333331,111.53333333333336,3,3,True,True,4.5802803707049256,10.556748719643183
ROU,2018Q4,eurostat_hicp_midx_cp00_i15_2010_2019_2026_02_06|eurostat_hicp_midx_cp045_i15_2010_2025_2026_02_06,2026-02-06,2026-07-18T13:36:09.327867+00:00|2026-07-18T13:36:12.596560+00:00,105.09333333333332,114.20333333333332,3,3,True,True,3.4756637894253206,8.28381795195956
ROU,2019Q1,eurostat_hicp_midx_cp00_i15_2010_2019_2026_02_06|eurostat_hicp_midx_cp045_i15_2010_2025_2026_02_06,2026-02-06,2026-07-18T13:36:09.327867+00:00|2026-07-18T13:36:12.596560+00:00,106.85333333333334,115.66,3,3,True,True,3.808290155440419,5.477869649805456
ROU,2019Q2,eurostat_hicp_midx_cp00_i15_2010_2019_2026_02_06|eurostat_hicp_midx_cp045_i15_2010_2025_2026_02_06,2026-02-06,2026-07-18T13:36:09.327867+00:00|2026-07-18T13:36:12.596560+00:00,108.53000000000002,116.31,3,3,True,True,4.2555235350624665,4.41066459199857
ROU,2019Q3,eurostat_hicp_midx_cp00_i15_2010_2019_2026_02_06|eurostat_hicp_midx_cp045_i15_2010_2025_2026_02_06,2026-02-06,2026-07-18T13:36:09.327867+00:00|2026-07-18T13:36:12.596560+00:00,108.25666666666666,115.40666666666668,3,3,True,True,3.8998016507774125,3.472803347280329
ROU,2019Q4,eurostat_hicp_midx_cp00_i15_2010_2019_2026_02_06|eurostat_hicp_midx_cp045_i15_2010_2025_2026_02_06,2026-02-06,2026-07-18T13:36:09.327867+00:00|2026-07-18T13:36:12.596560+00:00,108.96333333333332,116.15333333333332,3,3,True,True,3.682441004821113,1.707480809083206
ROU,2020Q1,eurostat_hicp_midx_cp00_i15_2026_02_06|eurostat_hicp_midx_cp045_i15_2010_2025_2026_02_06,2026-02-06,2026-07-18T13:22:23.066990+00:00|2026-07-18T13:36:12.596560+00:00,110.20333333333332,117.29,3,3,True,True,3.135138507611668,1.409303129863404
ROU,2020Q2,eurostat_hicp_midx_cp00_i15_2026_02_06|eurostat_hicp_midx_cp045_i15_2010_2025_2026_02_06,2026-02-06,2026-07-18T13:22:23.066990+00:00|2026-07-18T13:36:12.596560+00:00,110.77,117.51666666666668,3,3,True,True,2.063945452870164,1.0374573696730005
ROU,2020Q3,eurostat_hicp_midx_cp00_i15_2026_02_06|eurostat_hicp_midx_cp045_i15_2010_2025_2026_02_06,2026-02-06,2026-07-18T13:22:23.066990+00:00|2026-07-18T13:36:12.596560+00:00,110.80333333333334,116.29,3,3,True,True,2.352434030236794,0.7654092773381027
ROU,2020Q4,eurostat_hicp_midx_cp00_i15_2026_02_06|eurostat_hicp_midx_cp045_i15_2010_2025_2026_02_06,2026-02-06,2026-07-18T13:22:23.066990+00:00|2026-07-18T13:36:12.596560+00:00,110.89666666666666,116.56,3,3,True,True,1.7742971641836691,0.3501119210239434
ROU,2021Q1,eurostat_hicp_midx_cp00_i15_2026_02_06|eurostat_hicp_midx_cp045_i15_2010_2025_2026_02_06,2026-02-06,2026-07-18T13:22:23.066990+00:00|2026-07-18T13:36:12.596560+00:00,112.76,123.68,3,3,True,True,2.3199540243791894,5.448034785574207
ROU,2021Q2,eurostat_hicp_midx_cp00_i15_2026_02_06|eurostat_hicp_midx_cp045_i15_2010_2025_2026_02_06,2026-02-06,2026-07-18T13:22:23.066990+00:00|2026-07-18T13:36:12.596560+00:00,114.22,123.88666666666666,3,3,True,True,3.1145617044326057,5.420507729400059
ROU,2021Q3,eurostat_hicp_midx_cp00_i15_2026_02_06|eurostat_hicp_midx_cp045_i15_2010_2025_2026_02_06,2026-02-06,2026-07-18T13:22:23.066990+00:00|2026-07-18T13:36:12.596560+00:00,115.60333333333334,131.81333333333333,3,3,True,True,4.331999639000017,13.348811878350087
ROU,2021Q4,eurostat_hicp_midx_cp00_i15_2026_02_06|eurostat_hicp_midx_cp045_i15_2010_2025_2026_02_06,2026-02-06,2026-07-18T13:22:23.066990+00:00|2026-07-18T13:36:12.596560+00:00,118.25333333333332,142.71,3,3,True,True,6.633803240253688,22.434797529169526
ROU,2022Q1,eurostat_hicp_midx_cp00_i15_2026_02_06|eurostat_hicp_midx_cp045_i15_2010_2025_2026_02_06,2026-02-06,2026-07-18T13:22:23.066990+00:00|2026-07-18T13:36:12.596560+00:00,122.05,144.72,3,3,True,True,8.238737140830077,17.011642949547202
ROU,2022Q2,eurostat_hicp_midx_cp00_i15_2026_02_06|eurostat_hicp_midx_cp045_i15_2010_2025_2026_02_06,2026-02-06,2026-07-18T13:22:23.066990+00:00|2026-07-18T13:36:12.596560+00:00,128.36666666666667,168.1966666666667,3,3,True,True,12.385454969941057,35.76656083517196
ROU,2022Q3,eurostat_hicp_midx_cp00_i15_2026_02_06|eurostat_hicp_midx_cp045_i15_2010_2025_2026_02_06,2026-02-06,2026-07-18T13:22:23.066990+00:00|2026-07-18T13:36:12.596560+00:00,130.9333333333333,178.21,3,3,True,True,13.260863296906056,35.19876593162048
ROU,2022Q4,eurostat_hicp_midx_cp00_i15_2026_02_06|eurostat_hicp_midx_cp045_i15_2010_2025_2026_02_06,2026-02-06,2026-07-18T13:22:23.066990+00:00|2026-07-18T13:36:12.596560+00:00,134.88666666666666,185.16333333333333,3,3,True,True,14.065847333408499,29.74797374629201
ROU,2023Q1,eurostat_hicp_midx_cp00_i15_2026_02_06|eurostat_hicp_midx_cp045_i15_2010_2025_2026_02_06,2026-02-06,2026-07-18T13:22:23.066990+00:00|2026-07-18T13:36:12.596560+00:00,137.89666666666668,179.42999999999998,3,3,True,True,12.983749829304948,23.98424543946931
ROU,2023Q2,eurostat_hicp_midx_cp00_i15_2026_02_06|eurostat_hicp_midx_cp045_i15_2010_2025_2026_02_06,2026-02-06,2026-07-18T13:22:23.066990+00:00|2026-07-18T13:36:12.596560+00:00,140.88333333333333,182.34333333333333,3,3,True,True,9.750714100233694,8.410788957371329
ROU,2023Q3,eurostat_hicp_midx_cp00_i15_2026_02_06|eurostat_hicp_midx_cp045_i15_2010_2025_2026_02_06,2026-02-06,2026-07-18T13:22:23.066990+00:00|2026-07-18T13:36:12.596560+00:00,142.88666666666666,182.06000000000003,3,3,True,True,9.129327902240348,2.160372594130533
ROU,2023Q4,eurostat_hicp_midx_cp00_i15_2026_02_06|eurostat_hicp_midx_cp045_i15_2010_2025_2026_02_06,2026-02-06,2026-07-18T13:22:23.066990+00:00|2026-07-18T13:36:12.596560+00:00,144.88,183.21333333333337,3,3,True,True,7.408688775762373,-1.0531242686636855
ROU,2024Q1,eurostat_hicp_midx_cp00_i15_2026_02_06|eurostat_hicp_midx_cp045_i15_2010_2025_2026_02_06,2026-02-06,2026-07-18T13:22:23.066990+00:00|2026-07-18T13:36:12.596560+00:00,147.62,184.23666666666668,3,3,True,True,7.051173584084691,2.678853406156545
ROU,2024Q2,eurostat_hicp_midx_cp00_i15_2026_02_06|eurostat_hicp_midx_cp045_i15_2010_2025_2026_02_06,2026-02-06,2026-07-18T13:22:23.066990+00:00|2026-07-18T13:36:12.596560+00:00,149.03333333333333,175.68999999999997,3,3,True,True,5.784928427777114,-3.6487943988446903
ROU,2024Q3,eurostat_hicp_midx_cp00_i15_2026_02_06|eurostat_hicp_midx_cp045_i15_2010_2025_2026_02_06,2026-02-06,2026-07-18T13:22:23.066990+00:00|2026-07-18T13:36:12.596560+00:00,150.46333333333334,178.28,3,3,True,True,5.302570802034268,-2.0762386026584756
ROU,2024Q4,eurostat_hicp_midx_cp00_i15_2026_02_06|eurostat_hicp_midx_cp045_i15_2010_2025_2026_02_06,2026-02-06,2026-07-18T13:22:23.066990+00:00|2026-07-18T13:36:12.596560+00:00,152.53666666666666,178.98,3,3,True,True,5.284833425363522,-2.310603303980807
ROU,2025Q1,eurostat_hicp_midx_cp00_i15_2026_02_06|eurostat_hicp_midx_cp045_i15_2010_2025_2026_02_06,2026-02-06,2026-07-18T13:22:23.066990+00:00|2026-07-18T13:36:12.596560+00:00,155.26333333333332,184.75,3,3,True,True,5.177708530912684,0.27862712815038826
ROU,2025Q2,eurostat_hicp_midx_cp00_i15_2026_02_06|eurostat_hicp_midx_cp045_i15_2010_2025_2026_02_06,2026-02-06,2026-07-18T13:22:23.066990+00:00|2026-07-18T13:36:12.596560+00:00,157.03,180.58666666666667,3,3,True,True,5.365690002236634,2.7871060769916856
ROU,2025Q3,eurostat_hicp_midx_cp00_i15_2026_02_06|eurostat_hicp_midx_cp045_i15_2010_2025_2026_02_06,2026-02-06,2026-07-18T13:22:23.066990+00:00|2026-07-18T13:36:12.596560+00:00,162.36333333333334,214.74,3,3,True,True,7.908903608852658,20.450975992820286
ROU,2025Q4,eurostat_hicp_midx_cp00_i15_2026_02_06|eurostat_hicp_midx_cp045_i15_2010_2025_2026_02_06,2026-02-06,2026-07-18T13:22:23.066990+00:00|2026-07-18T13:36:12.596560+00:00,165.58333333333334,218.24666666666667,3,3,True,True,8.553134765411595,21.93913658881812
SVK,2010Q1,eurostat_hicp_midx_cp00_i15_2010_2019_2026_02_06|eurostat_hicp_midx_cp045_i15_2010_2025_2026_02_06,2026-02-06,2026-07-18T13:36:09.327867+00:00|2026-07-18T13:36:12.596560+00:00,91.25666666666666,91.55333333333331,3,3,True,True,,
SVK,2010Q2,eurostat_hicp_midx_cp00_i15_2010_2019_2026_02_06|eurostat_hicp_midx_cp045_i15_2010_2025_2026_02_06,2026-02-06,2026-07-18T13:36:09.327867+00:00|2026-07-18T13:36:12.596560+00:00,91.70666666666666,91.52666666666666,3,3,True,True,,
SVK,2010Q3,eurostat_hicp_midx_cp00_i15_2010_2019_2026_02_06|eurostat_hicp_midx_cp045_i15_2010_2025_2026_02_06,2026-02-06,2026-07-18T13:36:09.327867+00:00|2026-07-18T13:36:12.596560+00:00,91.77,91.52666666666666,3,3,True,True,,
SVK,2010Q4,eurostat_hicp_midx_cp00_i15_2010_2019_2026_02_06|eurostat_hicp_midx_cp045_i15_2010_2025_2026_02_06,2026-02-06,2026-07-18T13:36:09.327867+00:00|2026-07-18T13:36:12.596560+00:00,92.01,91.61333333333334,3,3,True,True,,
SVK,2011Q1,eurostat_hicp_midx_cp00_i15_2010_2019_2026_02_06|eurostat_hicp_midx_cp045_i15_2010_2025_2026_02_06,2026-02-06,2026-07-18T13:36:09.327867+00:00|2026-07-18T13:36:12.596560+00:00,94.46,98.42333333333332,3,3,True,True,3.510245826788916,7.503822908323032
SVK,2011Q2,eurostat_hicp_midx_cp00_i15_2010_2019_2026_02_06|eurostat_hicp_midx_cp045_i15_2010_2025_2026_02_06,2026-02-06,2026-07-18T13:36:09.327867+00:00|2026-07-18T13:36:12.596560+00:00,95.44,98.50333333333332,3,3,True,True,4.070950857807509,7.622550804865602
SVK,2011Q3,eurostat_hicp_midx_cp00_i15_2010_2019_2026_02_06|eurostat_hicp_midx_cp045_i15_2010_2025_2026_02_06,2026-02-06,2026-07-18T13:36:09.327867+00:00|2026-07-18T13:36:12.596560+00:00,95.52,100.08666666666666,3,3,True,True,4.086302713305012,9.352465583800718
SVK,2011Q4,eurostat_hicp_midx_cp00_i15_2010_2019_2026_02_06|eurostat_hicp_midx_cp045_i15_2010_2025_2026_02_06,2026-02-06,2026-07-18T13:36:09.327867+00:00|2026-07-18T13:36:12.596560+00:00,96.29,101.41333333333334,3,3,True,True,4.6516682969242495,10.697132877310423
SVK,2012Q1,eurostat_hicp_midx_cp00_i15_2010_2019_2026_02_06|eurostat_hicp_midx_cp045_i15_2010_2025_2026_02_06,2026-02-06,2026-07-18T13:36:09.327867+00:00|2026-07-18T13:36:12.596560+00:00,98.21999999999998,106.07333333333334,3,3,True,True,3.980520855388514,7.772547160226262
SVK,2012Q2,eurostat_hicp_midx_cp00_i15_2010_2019_2026_02_06|eurostat_hicp_midx_cp045_i15_2010_2025_2026_02_06,2026-02-06,2026-07-18T13:36:09.327867+00:00|2026-07-18T13:36:12.596560+00:00,98.88333333333333,104.65333333333332,3,3,True,True,3.607851355127134,6.243443538289739
SVK,2012Q3,eurostat_hicp_midx_cp00_i15_2010_2019_2026_02_06|eurostat_hicp_midx_cp045_i15_2010_2025_2026_02_06,2026-02-06,2026-07-18T13:36:09.327867+00:00|2026-07-18T13:36:12.596560+00:00,99.13666666666668,104.71666666666664,3,3,True,True,3.7862925739810427,4.625990807966418
SVK,2012Q4,eurostat_hicp_midx_cp00_i15_2010_2019_2026_02_06|eurostat_hicp_midx_cp045_i15_2010_2025_2026_02_06,2026-02-06,2026-07-18T13:36:09.327867+00:00|2026-07-18T13:36:12.596560+00:00,99.75333333333332,104.78333333333336,3,3,True,True,3.596773635199191,3.3230344464896255
SVK,2013Q1,eurostat_hicp_midx_cp00_i15_2010_2019_2026_02_06|eurostat_hicp_midx_cp045_i15_2010_2025_2026_02_06,2026-02-06,2026-07-18T13:36:09.327867+00:00|2026-07-18T13:36:12.596560+00:00,100.41666666666669,105.45333333333332,3,3,True,True,2.2364759383696864,-0.5845012884168388
SVK,2013Q2,eurostat_hicp_midx_cp00_i15_2010_2019_2026_02_06|eurostat_hicp_midx_cp045_i15_2010_2025_2026_02_06,2026-02-06,2026-07-18T13:36:09.327867+00:00|2026-07-18T13:36:12.596560+00:00,100.58333333333331,104.33,3,3,True,True,1.7191977077363862,-0.3089565549751483
SVK,2013Q3,eurostat_hicp_midx_cp00_i15_2010_2019_2026_02_06|eurostat_hicp_midx_cp045_i15_2010_2025_2026_02_06,2026-02-06,2026-07-18T13:36:09.327867+00:00|2026-07-18T13:36:12.596560+00:00,100.51,104.36,3,3,True,True,1.3852930298241306,-0.3406016234282716
SVK,2013Q4,eurostat_hicp_midx_cp00_i15_2010_2019_2026_02_06|eurostat_hicp_midx_cp045_i15_2010_2025_2026_02_06,2026-02-06,2026-07-18T13:36:09.327867+00:00|2026-07-18T13:36:12.596560+00:00,100.28000000000002,104.37666666666668,3,3,True,True,0.5279689901757978,-0.38810243359314045
SVK,2014Q1,eurostat_hicp_midx_cp00_i15_2010_2019_2026_02_06|eurostat_hicp_midx_cp045_i15_2010_2025_2026_02_06,2026-02-06,2026-07-18T13:36:09.327867+00:00|2026-07-18T13:36:12.596560+00:00,100.30666666666669,102.18666666666668,3,3,True,True,-0.10954356846473168,-3.09773675559486
SVK,2014Q2,eurostat_hicp_midx_cp00_i15_2010_2019_2026_02_06|eurostat_hicp_midx_cp045_i15_2010_2025_2026_02_06,2026-02-06,2026-07-18T13:36:09.327867+00:00|2026-07-18T13:36:12.596560+00:00,100.47666666666667,102.19666666666669,3,3,True,True,-0.10604805302399933,-2.0447937633790048
SVK,2014Q3,eurostat_hicp_midx_cp00_i15_2010_2019_2026_02_06|eurostat_hicp_midx_cp045_i15_2010_2025_2026_02_06,2026-02-06,2026-07-18T13:36:09.327867+00:00|2026-07-18T13:36:12.596560+00:00,100.37,102.39666666666666,3,3,True,True,-0.13928962292308888,-1.8813082918104018
SVK,2014Q4,eurostat_hicp_midx_cp00_i15_2010_2019_2026_02_06|eurostat_hicp_midx_cp045_i15_2010_2025_2026_02_06,2026-02-06,2026-07-18T13:36:09.327867+00:00|2026-07-18T13:36:12.596560+00:00,100.22666666666667,102.79666666666668,3,3,True,True,-0.05318441696583465,-1.5137482834605365
SVK,2015Q1,eurostat_hicp_midx_cp00_i15_2010_2019_2026_02_06|eurostat_hicp_midx_cp045_i15_2010_2025_2026_02_06,2026-02-06,2026-07-18T13:36:09.327867+00:00|2026-07-18T13:36:12.596560+00:00,99.80666666666669,100.42,3,3,True,True,-0.49847135451283053,-1.7288622129436493
SVK,2015Q2,eurostat_hicp_midx_cp00_i15_2010_2019_2026_02_06|eurostat_hicp_midx_cp045_i15_2010_2025_2026_02_06,2026-02-06,2026-07-18T13:36:09.327867+00:00|2026-07-18T13:36:12.596560+00:00,100.37333333333332,100.37666666666668,3,3,True,True,-0.1028431144876274,-1.780880002609353
SVK,2015Q3,eurostat_hicp_midx_cp00_i15_2010_2019_2026_02_06|eurostat_hicp_midx_cp045_i15_2010_2025_2026_02_06,2026-02-06,2026-07-18T13:36:09.327867+00:00|2026-07-18T13:36:12.596560+00:00,100.05,99.99,3,3,True,True,-0.3188203646507959,-2.3503369250301165
SVK,2015Q4,eurostat_hicp_midx_cp00_i15_2010_2019_2026_02_06|eurostat_hicp_midx_cp045_i15_2010_2025_2026_02_06,2026-02-06,2026-07-18T13:36:09.327867+00:00|2026-07-18T13:36:12.596560+00:00,99.77,99.21,3,3,True,True,-0.45563389650127295,-3.4890884918447607
SVK,2016Q1,eurostat_hicp_midx_cp00_i15_2010_2019_2026_02_06|eurostat_hicp_midx_cp045_i15_2010_2025_2026_02_06,2026-02-06,2026-07-18T13:36:09.327867+00:00|2026-07-18T13:36:12.596560+00:00,99.33,97.81666666666666,3,3,True,True,-0.4775900073475614,-2.592445064064264
SVK,2016Q2,eurostat_hicp_midx_cp00_i15_2010_2019_2026_02_06|eurostat_hicp_midx_cp045_i15_2010_2025_2026_02_06,2026-02-06,2026-07-18T13:36:09.327867+00:00|2026-07-18T13:36:12.596560+00:00,99.75,97.79666666666668,3,3,True,True,-0.6210148777895719,-2.5703184671072243
SVK,2016Q3,eurostat_hicp_midx_cp00_i15_2010_2019_2026_02_06|eurostat_hicp_midx_cp045_i15_2010_2025_2026_02_06,2026-02-06,2026-07-18T13:36:09.327867+00:00|2026-07-18T13:36:12.596560+00:00,99.32666666666668,96.34999999999998,3,3,True,True,-0.7229718474096147,-3.640364036403654
SVK,2016Q4,eurostat_hicp_midx_cp00_i15_2010_2019_2026_02_06|eurostat_hicp_midx_cp045_i15_2010_2025_2026_02_06,2026-02-06,2026-07-18T13:36:09.327867+00:00|2026-07-18T13:36:12.596560+00:00,99.66666666666669,96.36333333333334,3,3,True,True,-0.10357154789346623,-2.869334408493751
SVK,2017Q1,eurostat_hicp_midx_cp00_i15_2010_2019_2026_02_06|eurostat_hicp_midx_cp045_i15_2010_2025_2026_02_06,2026-02-06,2026-07-18T13:36:09.327867+00:00|2026-07-18T13:36:12.596560+00:00,100.33,92.83666666666666,3,3,True,True,1.0067451927917137,-5.091156926222529
SVK,2017Q2,eurostat_hicp_midx_cp00_i15_2010_2019_2026_02_06|eurostat_hicp_midx_cp045_i15_2010_2025_2026_02_06,2026-02-06,2026-07-18T13:36:09.327867+00:00|2026-07-18T13:36:12.596560+00:00,100.73333333333332,92.86666666666667,3,3,True,True,0.9857978279030677,-5.041071611166026
SVK,2017Q3,eurostat_hicp_midx_cp00_i15_2010_2019_2026_02_06|eurostat_hicp_midx_cp045_i15_2010_2025_2026_02_06,2026-02-06,2026-07-18T13:36:09.327867+00:00|2026-07-18T13:36:12.596560+00:00,100.93333333333334,92.90666666666668,3,3,True,True,1.6175582253842524,-3.5737761632935183
SVK,2017Q4,eurostat_hicp_midx_cp00_i15_2010_2019_2026_02_06|eurostat_hicp_midx_cp045_i15_2010_2025_2026_02_06,2026-02-06,2026-07-18T13:36:09.327867+00:00|2026-07-18T13:36:12.596560+00:00,101.61333333333334,92.98,3,3,True,True,1.953177257525085,-3.5110173302431824
SVK,2018Q1,eurostat_hicp_midx_cp00_i15_2010_2019_2026_02_06|eurostat_hicp_midx_cp045_i15_2010_2025_2026_02_06,2026-02-06,2026-07-18T13:36:09.327867+00:00|2026-07-18T13:36:12.596560+00:00,102.76333333333334,94.24333333333334,3,3,True,True,2.425329745174265,1.515205917202267
SVK,2018Q2,eurostat_hicp_midx_cp00_i15_2010_2019_2026_02_06|eurostat_hicp_midx_cp045_i15_2010_2025_2026_02_06,2026-02-06,2026-07-18T13:36:09.327867+00:00|2026-07-18T13:36:12.596560+00:00,103.61,94.32666666666668,3,3,True,True,2.855724685638661,1.5721464465183077
SVK,2018Q3,eurostat_hicp_midx_cp00_i15_2010_2019_2026_02_06|eurostat_hicp_midx_cp045_i15_2010_2025_2026_02_06,2026-02-06,2026-07-18T13:36:09.327867+00:00|2026-07-18T13:36:12.596560+00:00,103.70333333333332,94.48,3,3,True,True,2.744385733157184,1.6934557979334075
SVK,2018Q4,eurostat_hicp_midx_cp00_i15_2010_2019_2026_02_06|eurostat_hicp_midx_cp045_i15_2010_2025_2026_02_06,2026-02-06,2026-07-18T13:36:09.327867+00:00|2026-07-18T13:36:12.596560+00:00,103.75666666666666,95.37,3,3,True,True,2.109303241044458,2.570445257044529
SVK,2019Q1,eurostat_hicp_midx_cp00_i15_2010_2019_2026_02_06|eurostat_hicp_midx_cp045_i15_2010_2025_2026_02_06,2026-02-06,2026-07-18T13:36:09.327867+00:00|2026-07-18T13:36:12.596560+00:00,105.24333333333334,100.34,3,3,True,True,2.41331214116578,6.469069430198426
SVK,2019Q2,eurostat_hicp_midx_cp00_i15_2010_2019_2026_02_06|eurostat_hicp_midx_cp045_i15_2010_2025_2026_02_06,2026-02-06,2026-07-18T13:36:09.327867+00:00|2026-07-18T13:36:12.596560+00:00,106.29666666666668,100.35666666666668,3,3,True,True,2.5930572982016065,6.392677927768742
SVK,2019Q3,eurostat_hicp_midx_cp00_i15_2010_2019_2026_02_06|eurostat_hicp_midx_cp045_i15_2010_2025_2026_02_06,2026-02-06,2026-07-18T13:36:09.327867+00:00|2026-07-18T13:36:12.596560+00:00,106.82666666666668,100.33666666666666,3,3,True,True,3.011796470701711,6.198842788597214
SVK,2019Q4,eurostat_hicp_midx_cp00_i15_2010_2019_2026_02_06|eurostat_hicp_midx_cp045_i15_2010_2025_2026_02_06,2026-02-06,2026-07-18T13:36:09.327867+00:00|2026-07-18T13:36:12.596560+00:00,106.93666666666668,100.5,3,3,True,True,3.064863301956522,5.379050015728204
SVK,2020Q1,eurostat_hicp_midx_cp00_i15_2026_02_06|eurostat_hicp_midx_cp045_i15_2010_2025_2026_02_06,2026-02-06,2026-07-18T13:22:23.066990+00:00|2026-07-18T13:36:12.596560+00:00,108.31333333333332,104.13666666666666,3,3,True,True,2.9170493776327744,3.783801740748105
SVK,2020Q2,eurostat_hicp_midx_cp00_i15_2026_02_06|eurostat_hicp_midx_cp045_i15_2010_2025_2026_02_06,2026-02-06,2026-07-18T13:22:23.066990+00:00|2026-07-18T13:36:12.596560+00:00,108.43333333333334,104.13,3,3,True,True,2.0100975257925757,3.7599229415085977
SVK,2020Q3,eurostat_hicp_midx_cp00_i15_2026_02_06|eurostat_hicp_midx_cp045_i15_2010_2025_2026_02_06,2026-02-06,2026-07-18T13:22:23.066990+00:00|2026-07-18T13:36:12.596560+00:00,108.46666666666664,104.15333333333336,3,3,True,True,1.5351972041936612,3.8038603368659274
SVK,2020Q4,eurostat_hicp_midx_cp00_i15_2026_02_06|eurostat_hicp_midx_cp045_i15_2010_2025_2026_02_06,2026-02-06,2026-07-18T13:22:23.066990+00:00|2026-07-18T13:36:12.596560+00:00,108.65666666666668,104.26666666666668,3,3,True,True,1.6084286649418633,3.747927031509124
SVK,2021Q1,eurostat_hicp_midx_cp00_i15_2026_02_06|eurostat_hicp_midx_cp045_i15_2010_2025_2026_02_06,2026-02-06,2026-07-18T13:22:23.066990+00:00|2026-07-18T13:36:12.596560+00:00,109.41333333333334,99.31666666666666,3,3,True,True,1.015572105619511,-4.6285330175090404
SVK,2021Q2,eurostat_hicp_midx_cp00_i15_2026_02_06|eurostat_hicp_midx_cp045_i15_2010_2025_2026_02_06,2026-02-06,2026-07-18T13:22:23.066990+00:00|2026-07-18T13:36:12.596560+00:00,110.69,99.38333333333333,3,3,True,True,2.081155856132799,-4.558404558404561
SVK,2021Q3,eurostat_hicp_midx_cp00_i15_2026_02_06|eurostat_hicp_midx_cp045_i15_2010_2025_2026_02_06,2026-02-06,2026-07-18T13:22:23.066990+00:00|2026-07-18T13:36:12.596560+00:00,112.16333333333334,99.59,3,3,True,True,3.408113091579623,-4.381360814184243
SVK,2021Q4,eurostat_hicp_midx_cp00_i15_2026_02_06|eurostat_hicp_midx_cp045_i15_2010_2025_2026_02_06,2026-02-06,2026-07-18T13:22:23.066990+00:00|2026-07-18T13:36:12.596560+00:00,113.83666666666666,100.04666666666668,3,3,True,True,4.767309875141867,-4.047314578005112
SVK,2022Q1,eurostat_hicp_midx_cp00_i15_2026_02_06|eurostat_hicp_midx_cp045_i15_2010_2025_2026_02_06,2026-02-06,2026-07-18T13:22:23.066990+00:00|2026-07-18T13:36:12.596560+00:00,118.72,113.71333333333332,3,3,True,True,8.505971240555677,14.495720758516528
SVK,2022Q2,eurostat_hicp_midx_cp00_i15_2026_02_06|eurostat_hicp_midx_cp045_i15_2010_2025_2026_02_06,2026-02-06,2026-07-18T13:22:23.066990+00:00|2026-07-18T13:36:12.596560+00:00,123.69666666666666,114.94,3,3,True,True,11.750534525852974,15.65319470065405
SVK,2022Q3,eurostat_hicp_midx_cp00_i15_2026_02_06|eurostat_hicp_midx_cp045_i15_2010_2025_2026_02_06,2026-02-06,2026-07-18T13:22:23.066990+00:00|2026-07-18T13:36:12.596560+00:00,127.03666666666668,116.39,3,3,True,True,13.260423786739572,16.86916357063961
SVK,2022Q4,eurostat_hicp_midx_cp00_i15_2026_02_06|eurostat_hicp_midx_cp045_i15_2010_2025_2026_02_06,2026-02-06,2026-07-18T13:22:23.066990+00:00|2026-07-18T13:36:12.596560+00:00,130.74666666666667,119.21666666666664,3,3,True,True,14.854616263066989,19.16105817285263
SVK,2023Q1,eurostat_hicp_midx_cp00_i15_2026_02_06|eurostat_hicp_midx_cp045_i15_2010_2025_2026_02_06,2026-02-06,2026-07-18T13:22:23.066990+00:00|2026-07-18T13:36:12.596560+00:00,136.65,129.84333333333333,3,3,True,True,15.102762803234505,14.184792167438598
SVK,2023Q2,eurostat_hicp_midx_cp00_i15_2026_02_06|eurostat_hicp_midx_cp045_i15_2010_2025_2026_02_06,2026-02-06,2026-07-18T13:22:23.066990+00:00|2026-07-18T13:36:12.596560+00:00,139.20666666666668,129.63333333333333,3,3,True,True,12.538737233555208,12.78348123658719
SVK,2023Q3,eurostat_hicp_midx_cp00_i15_2026_02_06|eurostat_hicp_midx_cp045_i15_2010_2025_2026_02_06,2026-02-06,2026-07-18T13:22:23.066990+00:00|2026-07-18T13:36:12.596560+00:00,139.28666666666666,128.96666666666667,3,3,True,True,9.642885256225231,10.805624767305332
SVK,2023Q4,eurostat_hicp_midx_cp00_i15_2026_02_06|eurostat_hicp_midx_cp045_i15_2010_2025_2026_02_06,2026-02-06,2026-07-18T13:22:23.066990+00:00|2026-07-18T13:36:12.596560+00:00,139.99666666666667,128.91333333333333,3,3,True,True,7.074750152967568,8.133650216692324
SVK,2024Q1,eurostat_hicp_midx_cp00_i15_2026_02_06|eurostat_hicp_midx_cp045_i15_2010_2025_2026_02_06,2026-02-06,2026-07-18T13:22:23.066990+00:00|2026-07-18T13:36:12.596560+00:00,141.61333333333334,128.09333333333333,3,3,True,True,3.6321502622270962,-1.3477780915462256
SVK,2024Q2,eurostat_hicp_midx_cp00_i15_2026_02_06|eurostat_hicp_midx_cp045_i15_2010_2025_2026_02_06,2026-02-06,2026-07-18T13:22:23.066990+00:00|2026-07-18T13:36:12.596560+00:00,142.67999999999998,128.54,3,3,True,True,2.495091231262836,-0.8434044741578828
SVK,2024Q3,eurostat_hicp_midx_cp00_i15_2026_02_06|eurostat_hicp_midx_cp045_i15_2010_2025_2026_02_06,2026-02-06,2026-07-18T13:22:23.066990+00:00|2026-07-18T13:36:12.596560+00:00,143.54,128.53333333333333,3,3,True,True,3.0536543339874545,-0.3360041354355192
SVK,2024Q4,eurostat_hicp_midx_cp00_i15_2026_02_06|eurostat_hicp_midx_cp045_i15_2010_2025_2026_02_06,2026-02-06,2026-07-18T13:22:23.066990+00:00|2026-07-18T13:36:12.596560+00:00,144.82666666666668,128.51,3,3,True,True,3.4500821448129715,-0.3128716967471745
SVK,2025Q1,eurostat_hicp_midx_cp00_i15_2026_02_06|eurostat_hicp_midx_cp045_i15_2010_2025_2026_02_06,2026-02-06,2026-07-18T13:22:23.066990+00:00|2026-07-18T13:36:12.596560+00:00,147.53666666666666,129.88333333333333,3,3,True,True,4.182751153375386,1.3974185489747049
SVK,2025Q2,eurostat_hicp_midx_cp00_i15_2026_02_06|eurostat_hicp_midx_cp045_i15_2010_2025_2026_02_06,2026-02-06,2026-07-18T13:22:23.066990+00:00|2026-07-18T13:36:12.596560+00:00,148.79666666666665,129.78333333333333,3,3,True,True,4.286982524997662,0.9672734816658979
SVK,2025Q3,eurostat_hicp_midx_cp00_i15_2026_02_06|eurostat_hicp_midx_cp045_i15_2010_2025_2026_02_06,2026-02-06,2026-07-18T13:22:23.066990+00:00|2026-07-18T13:36:12.596560+00:00,150.04666666666665,129.98,3,3,True,True,4.5329989317727915,1.1255186721991661
SVK,2025Q4,eurostat_hicp_midx_cp00_i15_2026_02_06|eurostat_hicp_midx_cp045_i15_2010_2025_2026_02_06,2026-02-06,2026-07-18T13:22:23.066990+00:00|2026-07-18T13:36:12.596560+00:00,150.55333333333334,130.14666666666668,3,3,True,True,3.9541520898545235,1.273571447098809
SVN,2010Q1,eurostat_hicp_midx_cp00_i15_2010_2019_2026_02_06|eurostat_hicp_midx_cp045_i15_2010_2025_2026_02_06,2026-02-06,2026-07-18T13:36:09.327867+00:00|2026-07-18T13:36:12.596560+00:00,92.44666666666669,84.11666666666667,3,3,True,True,,
SVN,2010Q2,eurostat_hicp_midx_cp00_i15_2010_2019_2026_02_06|eurostat_hicp_midx_cp045_i15_2010_2025_2026_02_06,2026-02-06,2026-07-18T13:36:09.327867+00:00|2026-07-18T13:36:12.596560+00:00,94.52666666666666,87.73666666666666,3,3,True,True,,
SVN,2010Q3,eurostat_hicp_midx_cp00_i15_2010_2019_2026_02_06|eurostat_hicp_midx_cp045_i15_2010_2025_2026_02_06,2026-02-06,2026-07-18T13:36:09.327867+00:00|2026-07-18T13:36:12.596560+00:00,94.16666666666669,89.23666666666666,3,3,True,True,,
SVN,2010Q4,eurostat_hicp_midx_cp00_i15_2010_2019_2026_02_06|eurostat_hicp_midx_cp045_i15_2010_2025_2026_02_06,2026-02-06,2026-07-18T13:36:09.327867+00:00|2026-07-18T13:36:12.596560+00:00,94.29666666666668,89.84666666666665,3,3,True,True,,
SVN,2011Q1,eurostat_hicp_midx_cp00_i15_2010_2019_2026_02_06|eurostat_hicp_midx_cp045_i15_2010_2025_2026_02_06,2026-02-06,2026-07-18T13:36:09.327867+00:00|2026-07-18T13:36:12.596560+00:00,94.51333333333332,94.46999999999998,3,3,True,True,2.23552318453879,12.308301961561297
SVN,2011Q2,eurostat_hicp_midx_cp00_i15_2010_2019_2026_02_06|eurostat_hicp_midx_cp045_i15_2010_2025_2026_02_06,2026-02-06,2026-07-18T13:36:09.327867+00:00|2026-07-18T13:36:12.596560+00:00,96.40333333333332,96.30666666666669,3,3,True,True,1.9853304182241294,9.767865962539446
SVN,2011Q3,eurostat_hicp_midx_cp00_i15_2010_2019_2026_02_06|eurostat_hicp_midx_cp045_i15_2010_2025_2026_02_06,2026-02-06,2026-07-18T13:36:09.327867+00:00|2026-07-18T13:36:12.596560+00:00,95.58333333333331,96.91666666666669,3,3,True,True,1.5044247787610265,8.606327742706688
SVN,2011Q4,eurostat_hicp_midx_cp00_i15_2010_2019_2026_02_06|eurostat_hicp_midx_cp045_i15_2010_2025_2026_02_06,2026-02-06,2026-07-18T13:36:09.327867+00:00|2026-07-18T13:36:12.596560+00:00,96.73333333333332,97.94666666666666,3,3,True,True,2.584043267701186,9.01535950137271
SVN,2012Q1,eurostat_hicp_midx_cp00_i15_2010_2019_2026_02_06|eurostat_hicp_midx_cp045_i15_2010_2025_2026_02_06,2026-02-06,2026-07-18T13:36:09.327867+00:00|2026-07-18T13:36:12.596560+00:00,96.88,101.41666666666669,3,3,True,True,2.5040558651336697,7.353304399985916
SVN,2012Q2,eurostat_hicp_midx_cp00_i15_2010_2019_2026_02_06|eurostat_hicp_midx_cp045_i15_2010_2025_2026_02_06,2026-02-06,2026-07-18T13:36:09.327867+00:00|2026-07-18T13:36:12.596560+00:00,98.86,101.87666666666668,3,3,True,True,2.5483212890287543,5.78360791914716
SVN,2012Q3,eurostat_hicp_midx_cp00_i15_2010_2019_2026_02_06|eurostat_hicp_midx_cp045_i15_2010_2025_2026_02_06,2026-02-06,2026-07-18T13:36:09.327867+00:00|2026-07-18T13:36:12.596560+00:00,98.58666666666666,103.25666666666666,3,3,True,True,3.142109851787289,6.541702493551127
SVN,2012Q4,eurostat_hicp_midx_cp00_i15_2010_2019_2026_02_06|eurostat_hicp_midx_cp045_i15_2010_2025_2026_02_06,2026-02-06,2026-07-18T13:36:09.327867+00:00|2026-07-18T13:36:12.596560+00:00,99.67333333333332,101.01666666666668,3,3,True,True,3.039283252929015,3.1343588347400253
SVN,2013Q1,eurostat_hicp_midx_cp00_i15_2010_2019_2026_02_06|eurostat_hicp_midx_cp045_i15_2010_2025_2026_02_06,2026-02-06,2026-07-18T13:36:09.327867+00:00|2026-07-18T13:36:12.596560+00:00,99.46,103.9,3,3,True,True,2.66308835672997,2.4486442070665415
SVN,2013Q2,eurostat_hicp_midx_cp00_i15_2010_2019_2026_02_06|eurostat_hicp_midx_cp045_i15_2010_2025_2026_02_06,2026-02-06,2026-07-18T13:36:09.327867+00:00|2026-07-18T13:36:12.596560+00:00,100.64,103.9,3,3,True,True,1.800525996358493,1.986061577724696
SVN,2013Q3,eurostat_hicp_midx_cp00_i15_2010_2019_2026_02_06|eurostat_hicp_midx_cp045_i15_2010_2025_2026_02_06,2026-02-06,2026-07-18T13:36:09.327867+00:00|2026-07-18T13:36:12.596560+00:00,100.74,104.96999999999998,3,3,True,True,2.1842034081687833,1.6592956064176656
SVN,2013Q4,eurostat_hicp_midx_cp00_i15_2010_2019_2026_02_06|eurostat_hicp_midx_cp045_i15_2010_2025_2026_02_06,2026-02-06,2026-07-18T13:36:09.327867+00:00|2026-07-18T13:36:12.596560+00:00,100.76333333333334,104.88,3,3,True,True,1.0935723362985872,3.8244514106582805
SVN,2014Q1,eurostat_hicp_midx_cp00_i15_2010_2019_2026_02_06|eurostat_hicp_midx_cp045_i15_2010_2025_2026_02_06,2026-02-06,2026-07-18T13:36:09.327867+00:00|2026-07-18T13:36:12.596560+00:00,100.02333333333333,103.98666666666668,3,3,True,True,0.5663918493196585,0.08341353865897183
SVN,2014Q2,eurostat_hicp_midx_cp00_i15_2010_2019_2026_02_06|eurostat_hicp_midx_cp045_i15_2010_2025_2026_02_06,2026-02-06,2026-07-18T13:36:09.327867+00:00|2026-07-18T13:36:12.596560+00:00,101.48,104.16,3,3,True,True,0.8346581875993575,0.2502406159768933
SVN,2014Q3,eurostat_hicp_midx_cp00_i15_2010_2019_2026_02_06|eurostat_hicp_midx_cp045_i15_2010_2025_2026_02_06,2026-02-06,2026-07-18T13:36:09.327867+00:00|2026-07-18T13:36:12.596560+00:00,100.80666666666669,104.09,3,3,True,True,0.06617695718353911,-0.83833476231302
SVN,2014Q4,eurostat_hicp_midx_cp00_i15_2010_2019_2026_02_06|eurostat_hicp_midx_cp045_i15_2010_2025_2026_02_06,2026-02-06,2026-07-18T13:36:09.327867+00:00|2026-07-18T13:36:12.596560+00:00,100.76333333333332,103.13333333333333,3,3,True,True,-1.1102230246251565e-14,-1.665395372489198
SVN,2015Q1,eurostat_hicp_midx_cp00_i15_2010_2019_2026_02_06|eurostat_hicp_midx_cp045_i15_2010_2025_2026_02_06,2026-02-06,2026-07-18T13:36:09.327867+00:00|2026-07-18T13:36:12.596560+00:00,99.47333333333331,99.94666666666669,3,3,True,True,-0.5498716966041317,-3.8851134760866657
SVN,2015Q2,eurostat_hicp_midx_cp00_i15_2010_2019_2026_02_06|eurostat_hicp_midx_cp045_i15_2010_2025_2026_02_06,2026-02-06,2026-07-18T13:36:09.327867+00:00|2026-07-18T13:36:12.596560+00:00,100.62,100.27666666666666,3,3,True,True,-0.8474576271186418,-3.728238607270873
SVN,2015Q3,eurostat_hicp_midx_cp00_i15_2010_2019_2026_02_06|eurostat_hicp_midx_cp045_i15_2010_2025_2026_02_06,2026-02-06,2026-07-18T13:36:09.327867+00:00|2026-07-18T13:36:12.596560+00:00,100.03333333333336,100.14,3,3,True,True,-0.7671450300905991,-3.794792967624172
SVN,2015Q4,eurostat_hicp_midx_cp00_i15_2010_2019_2026_02_06|eurostat_hicp_midx_cp045_i15_2010_2025_2026_02_06,2026-02-06,2026-07-18T13:36:09.327867+00:00|2026-07-18T13:36:12.596560+00:00,99.87,99.63666666666666,3,3,True,True,-0.8865658804459109,-3.3904330963154483
SVN,2016Q1,eurostat_hicp_midx_cp00_i15_2010_2019_2026_02_06|eurostat_hicp_midx_cp045_i15_2010_2025_2026_02_06,2026-02-06,2026-07-18T13:36:09.327867+00:00|2026-07-18T13:36:12.596560+00:00,98.61333333333332,96.71333333333332,3,3,True,True,-0.8645533141210415,-3.2350586979722817
SVN,2016Q2,eurostat_hicp_midx_cp00_i15_2010_2019_2026_02_06|eurostat_hicp_midx_cp045_i15_2010_2025_2026_02_06,2026-02-06,2026-07-18T13:36:09.327867+00:00|2026-07-18T13:36:12.596560+00:00,100.22333333333334,96.99,3,3,True,True,-0.3942224872457323,-3.2775986437522775
SVN,2016Q3,eurostat_hicp_midx_cp00_i15_2010_2019_2026_02_06|eurostat_hicp_midx_cp045_i15_2010_2025_2026_02_06,2026-02-06,2026-07-18T13:36:09.327867+00:00|2026-07-18T13:36:12.596560+00:00,100.01666666666668,97.48333333333332,3,3,True,True,-0.016661112962357283,-2.652952533120312
SVN,2016Q4,eurostat_hicp_midx_cp00_i15_2010_2019_2026_02_06|eurostat_hicp_midx_cp045_i15_2010_2025_2026_02_06,2026-02-06,2026-07-18T13:36:09.327867+00:00|2026-07-18T13:36:12.596560+00:00,100.53000000000002,97.57666666666668,3,3,True,True,0.6608591168519196,-2.0675119601217484
SVN,2017Q1,eurostat_hicp_midx_cp00_i15_2010_2019_2026_02_06|eurostat_hicp_midx_cp045_i15_2010_2025_2026_02_06,2026-02-06,2026-07-18T13:36:09.327867+00:00|2026-07-18T13:36:12.596560+00:00,100.59,98.79,3,3,True,True,2.004461871281804,2.147239263803691
SVN,2017Q2,eurostat_hicp_midx_cp00_i15_2010_2019_2026_02_06|eurostat_hicp_midx_cp045_i15_2010_2025_2026_02_06,2026-02-06,2026-07-18T13:36:09.327867+00:00|2026-07-18T13:36:12.596560+00:00,101.6,98.60333333333334,3,3,True,True,1.3735989623174794,1.66340172526378
SVN,2017Q3,eurostat_hicp_midx_cp00_i15_2010_2019_2026_02_06|eurostat_hicp_midx_cp045_i15_2010_2025_2026_02_06,2026-02-06,2026-07-18T13:36:09.327867+00:00|2026-07-18T13:36:12.596560+00:00,101.33666666666666,98.27666666666669,3,3,True,True,1.319780036660534,0.8138143272354625
SVN,2017Q4,eurostat_hicp_midx_cp00_i15_2010_2019_2026_02_06|eurostat_hicp_midx_cp045_i15_2010_2025_2026_02_06,2026-02-06,2026-07-18T13:36:09.327867+00:00|2026-07-18T13:36:12.596560+00:00,102.07333333333334,100.27,3,3,True,True,1.5351967903445063,2.7602227308441085
SVN,2018Q1,eurostat_hicp_midx_cp00_i15_2010_2019_2026_02_06|eurostat_hicp_midx_cp045_i15_2010_2025_2026_02_06,2026-02-06,2026-07-18T13:36:09.327867+00:00|2026-07-18T13:36:12.596560+00:00,102.13,102.94333333333331,3,3,True,True,1.5309672929714635,4.204204204204176
SVN,2018Q2,eurostat_hicp_midx_cp00_i15_2010_2019_2026_02_06|eurostat_hicp_midx_cp045_i15_2010_2025_2026_02_06,2026-02-06,2026-07-18T13:36:09.327867+00:00|2026-07-18T13:36:12.596560+00:00,103.78000000000002,103.5,3,3,True,True,2.1456692913386144,4.966025489334358
SVN,2018Q3,eurostat_hicp_midx_cp00_i15_2010_2019_2026_02_06|eurostat_hicp_midx_cp045_i15_2010_2025_2026_02_06,2026-02-06,2026-07-18T13:36:09.327867+00:00|2026-07-18T13:36:12.596560+00:00,103.46666666666664,104.88,3,3,True,True,2.1019045426137195,6.719126276159115
SVN,2018Q4,eurostat_hicp_midx_cp00_i15_2010_2019_2026_02_06|eurostat_hicp_midx_cp045_i15_2010_2025_2026_02_06,2026-02-06,2026-07-18T13:36:09.327867+00:00|2026-07-18T13:36:12.596560+00:00,104.06666666666666,108.77,3,3,True,True,1.9528443602638612,8.47711179814501
SVN,2019Q1,eurostat_hicp_midx_cp00_i15_2010_2019_2026_02_06|eurostat_hicp_midx_cp045_i15_2010_2025_2026_02_06,2026-02-06,2026-07-18T13:36:09.327867+00:00|2026-07-18T13:36:12.596560+00:00,103.50333333333332,108.54666666666668,3,3,True,True,1.344691406377474,5.443124048829495
SVN,2019Q2,eurostat_hicp_midx_cp00_i15_2010_2019_2026_02_06|eurostat_hicp_midx_cp045_i15_2010_2025_2026_02_06,2026-02-06,2026-07-18T13:36:09.327867+00:00|2026-07-18T13:36:12.596560+00:00,105.59333333333332,109.03333333333336,3,3,True,True,1.7472859253548911,5.346215780998409
SVN,2019Q3,eurostat_hicp_midx_cp00_i15_2010_2019_2026_02_06|eurostat_hicp_midx_cp045_i15_2010_2025_2026_02_06,2026-02-06,2026-07-18T13:36:09.327867+00:00|2026-07-18T13:36:12.596560+00:00,105.60333333333334,108.47666666666667,3,3,True,True,2.0650773195876493,3.429316043732533
SVN,2019Q4,eurostat_hicp_midx_cp00_i15_2010_2019_2026_02_06|eurostat_hicp_midx_cp045_i15_2010_2025_2026_02_06,2026-02-06,2026-07-18T13:36:09.327867+00:00|2026-07-18T13:36:12.596560+00:00,105.74,109.58333333333331,3,3,True,True,1.6079436258808366,0.7477552021084133
SVN,2020Q1,eurostat_hicp_midx_cp00_i15_2026_02_06|eurostat_hicp_midx_cp045_i15_2010_2025_2026_02_06,2026-02-06,2026-07-18T13:22:23.066990+00:00|2026-07-18T13:36:12.596560+00:00,105.20666666666666,104.55,3,3,True,True,1.6456796882548197,-3.6819801007247466
SVN,2020Q2,eurostat_hicp_midx_cp00_i15_2026_02_06|eurostat_hicp_midx_cp045_i15_2010_2025_2026_02_06,2026-02-06,2026-07-18T13:22:23.066990+00:00|2026-07-18T13:36:12.596560+00:00,104.35666666666668,95.09,3,3,True,True,-1.1711597954416009,-12.788138184041598
SVN,2020Q3,eurostat_hicp_midx_cp00_i15_2026_02_06|eurostat_hicp_midx_cp045_i15_2010_2025_2026_02_06,2026-02-06,2026-07-18T13:22:23.066990+00:00|2026-07-18T13:36:12.596560+00:00,104.97333333333331,105.72333333333334,3,3,True,True,-0.5965720779016026,-2.538180253818023
SVN,2020Q4,eurostat_hicp_midx_cp00_i15_2026_02_06|eurostat_hicp_midx_cp045_i15_2010_2025_2026_02_06,2026-02-06,2026-07-18T13:22:23.066990+00:00|2026-07-18T13:36:12.596560+00:00,104.74666666666668,104.65,3,3,True,True,-0.9394111342285849,-4.501901140684383
SVN,2021Q1,eurostat_hicp_midx_cp00_i15_2026_02_06|eurostat_hicp_midx_cp045_i15_2010_2025_2026_02_06,2026-02-06,2026-07-18T13:22:23.066990+00:00|2026-07-18T13:36:12.596560+00:00,104.55,105.31666666666666,3,3,True,True,-0.6241683036562917,0.733301450661572
SVN,2021Q2,eurostat_hicp_midx_cp00_i15_2026_02_06|eurostat_hicp_midx_cp045_i15_2010_2025_2026_02_06,2026-02-06,2026-07-18T13:22:23.066990+00:00|2026-07-18T13:36:12.596560+00:00,106.5,107.65,3,3,True,True,2.0538537707221804,13.20853927857819
SVN,2021Q3,eurostat_hicp_midx_cp00_i15_2026_02_06|eurostat_hicp_midx_cp045_i15_2010_2025_2026_02_06,2026-02-06,2026-07-18T13:22:23.066990+00:00|2026-07-18T13:36:12.596560+00:00,107.33666666666666,109.43,3,3,True,True,2.251365426139973,3.506006242708959
SVN,2021Q4,eurostat_hicp_midx_cp00_i15_2026_02_06|eurostat_hicp_midx_cp045_i15_2010_2025_2026_02_06,2026-02-06,2026-07-18T13:22:23.066990+00:00|2026-07-18T13:36:12.596560+00:00,109.48,115.28000000000002,3,3,True,True,4.518839103869632,10.157668418538002
SVN,2022Q1,eurostat_hicp_midx_cp00_i15_2026_02_06|eurostat_hicp_midx_cp045_i15_2010_2025_2026_02_06,2026-02-06,2026-07-18T13:22:23.066990+00:00|2026-07-18T13:36:12.596560+00:00,111.17,116.93666666666668,3,3,True,True,6.331898613103792,11.033391359392319
SVN,2022Q2,eurostat_hicp_midx_cp00_i15_2026_02_06|eurostat_hicp_midx_cp045_i15_2010_2025_2026_02_06,2026-02-06,2026-07-18T13:22:23.066990+00:00|2026-07-18T13:36:12.596560+00:00,116.05,128.15,3,3,True,True,8.967136150234744,19.04319554110543
SVN,2022Q3,eurostat_hicp_midx_cp00_i15_2026_02_06|eurostat_hicp_midx_cp045_i15_2010_2025_2026_02_06,2026-02-06,2026-07-18T13:22:23.066990+00:00|2026-07-18T13:36:12.596560+00:00,119.43666666666668,149.44,3,3,True,True,11.272941834104543,36.562185872247085
SVN,2022Q4,eurostat_hicp_midx_cp00_i15_2026_02_06|eurostat_hicp_midx_cp045_i15_2010_2025_2026_02_06,2026-02-06,2026-07-18T13:22:23.066990+00:00|2026-07-18T13:36:12.596560+00:00,121.09333333333332,144.3033333333333,3,3,True,True,10.607721349409305,25.176382142030974
SVN,2023Q1,eurostat_hicp_midx_cp00_i15_2026_02_06|eurostat_hicp_midx_cp045_i15_2010_2025_2026_02_06,2026-02-06,2026-07-18T13:22:23.066990+00:00|2026-07-18T13:36:12.596560+00:00,122.18666666666668,139.93,3,3,True,True,9.909747833648176,19.663065477038842
SVN,2023Q2,eurostat_hicp_midx_cp00_i15_2026_02_06|eurostat_hicp_midx_cp045_i15_2010_2025_2026_02_06,2026-02-06,2026-07-18T13:22:23.066990+00:00|2026-07-18T13:36:12.596560+00:00,125.27333333333333,142.16333333333333,3,3,True,True,7.94772368232084,10.935102093900362
SVN,2023Q3,eurostat_hicp_midx_cp00_i15_2026_02_06|eurostat_hicp_midx_cp045_i15_2010_2025_2026_02_06,2026-02-06,2026-07-18T13:22:23.066990+00:00|2026-07-18T13:36:12.596560+00:00,126.94333333333331,154.15666666666667,3,3,True,True,6.285060422539113,3.1562276945039214
SVN,2023Q4,eurostat_hicp_midx_cp00_i15_2026_02_06|eurostat_hicp_midx_cp045_i15_2010_2025_2026_02_06,2026-02-06,2026-07-18T13:22:23.066990+00:00|2026-07-18T13:36:12.596560+00:00,127.11,146.76666666666668,3,3,True,True,4.968619246861938,1.7070522741447602
SVN,2024Q1,eurostat_hicp_midx_cp00_i15_2026_02_06|eurostat_hicp_midx_cp045_i15_2010_2025_2026_02_06,2026-02-06,2026-07-18T13:22:23.066990+00:00|2026-07-18T13:36:12.596560+00:00,126.31666666666666,142.33,3,3,True,True,3.380074203404604,1.7151432859286775
SVN,2024Q2,eurostat_hicp_midx_cp00_i15_2026_02_06|eurostat_hicp_midx_cp045_i15_2010_2025_2026_02_06,2026-02-06,2026-07-18T13:22:23.066990+00:00|2026-07-18T13:36:12.596560+00:00,128.24333333333334,140.98333333333335,3,3,True,True,2.3708158160821835,-0.8300311847874386
SVN,2024Q3,eurostat_hicp_midx_cp00_i15_2026_02_06|eurostat_hicp_midx_cp045_i15_2010_2025_2026_02_06,2026-02-06,2026-07-18T13:22:23.066990+00:00|2026-07-18T13:36:12.596560+00:00,128.28,139.5,3,3,True,True,1.0529632644487252,-9.50764373905334
SVN,2024Q4,eurostat_hicp_midx_cp00_i15_2026_02_06|eurostat_hicp_midx_cp045_i15_2010_2025_2026_02_06,2026-02-06,2026-07-18T13:22:23.066990+00:00|2026-07-18T13:36:12.596560+00:00,128.63666666666666,136.71333333333334,3,3,True,True,1.201059449820363,-6.84987508516921
SVN,2025Q1,eurostat_hicp_midx_cp00_i15_2026_02_06|eurostat_hicp_midx_cp045_i15_2010_2025_2026_02_06,2026-02-06,2026-07-18T13:22:23.066990+00:00|2026-07-18T13:36:12.596560+00:00,129.0,133.38666666666666,3,3,True,True,2.1242908035360886,-6.283519520363489
SVN,2025Q2,eurostat_hicp_midx_cp00_i15_2026_02_06|eurostat_hicp_midx_cp045_i15_2010_2025_2026_02_06,2026-02-06,2026-07-18T13:22:23.066990+00:00|2026-07-18T13:36:12.596560+00:00,131.10333333333332,132.68333333333334,3,3,True,True,2.2301354196449408,-5.887220711668051
SVN,2025Q3,eurostat_hicp_midx_cp00_i15_2026_02_06|eurostat_hicp_midx_cp045_i15_2010_2025_2026_02_06,2026-02-06,2026-07-18T13:22:23.066990+00:00|2026-07-18T13:36:12.596560+00:00,131.98,137.51333333333332,3,3,True,True,2.884315559713113,-1.424133811230599
SVN,2025Q4,eurostat_hicp_midx_cp00_i15_2026_02_06|eurostat_hicp_midx_cp045_i15_2010_2025_2026_02_06,2026-02-06,2026-07-18T13:22:23.066990+00:00|2026-07-18T13:36:12.596560+00:00,132.08,144.21666666666667,3,3,True,True,2.6767899251120886,5.488369824937833
SWE,2010Q1,eurostat_hicp_midx_cp00_i15_2010_2019_2026_02_06|eurostat_hicp_midx_cp045_i15_2010_2025_2026_02_06,2026-02-06,2026-07-18T13:36:09.327867+00:00|2026-07-18T13:36:12.596560+00:00,96.00666666666666,109.09,3,3,True,True,,
SWE,2010Q2,eurostat_hicp_midx_cp00_i15_2010_2019_2026_02_06|eurostat_hicp_midx_cp045_i15_2010_2025_2026_02_06,2026-02-06,2026-07-18T13:36:09.327867+00:00|2026-07-18T13:36:12.596560+00:00,96.33333333333331,104.07,3,3,True,True,,
SWE,2010Q3,eurostat_hicp_midx_cp00_i15_2010_2019_2026_02_06|eurostat_hicp_midx_cp045_i15_2010_2025_2026_02_06,2026-02-06,2026-07-18T13:36:09.327867+00:00|2026-07-18T13:36:12.596560+00:00,96.12333333333332,105.17333333333332,3,3,True,True,,
SWE,2010Q4,eurostat_hicp_midx_cp00_i15_2010_2019_2026_02_06|eurostat_hicp_midx_cp045_i15_2010_2025_2026_02_06,2026-02-06,2026-07-18T13:36:09.327867+00:00|2026-07-18T13:36:12.596560+00:00,97.26,109.58666666666666,3,3,True,True,,
SWE,2011Q1,eurostat_hicp_midx_cp00_i15_2010_2019_2026_02_06|eurostat_hicp_midx_cp045_i15_2010_2025_2026_02_06,2026-02-06,2026-07-18T13:36:09.327867+00:00|2026-07-18T13:36:12.596560+00:00,97.28666666666668,112.66333333333334,3,3,True,True,1.3332407471703611,3.2755828520793173
SWE,2011Q2,eurostat_hicp_midx_cp00_i15_2010_2019_2026_02_06|eurostat_hicp_midx_cp045_i15_2010_2025_2026_02_06,2026-02-06,2026-07-18T13:36:09.327867+00:00|2026-07-18T13:36:12.596560+00:00,97.94,109.80666666666669,3,3,True,True,1.6678200692041623,5.512315428717884
SWE,2011Q3,eurostat_hicp_midx_cp00_i15_2010_2019_2026_02_06|eurostat_hicp_midx_cp045_i15_2010_2025_2026_02_06,2026-02-06,2026-07-18T13:36:09.327867+00:00|2026-07-18T13:36:12.596560+00:00,97.65666666666668,107.11,3,3,True,True,1.5951728681901978,1.8414046653144167
SWE,2011Q4,eurostat_hicp_midx_cp00_i15_2010_2019_2026_02_06|eurostat_hicp_midx_cp045_i15_2010_2025_2026_02_06,2026-02-06,2026-07-18T13:36:09.327867+00:00|2026-07-18T13:36:12.596560+00:00,98.10333333333334,107.26333333333332,3,3,True,True,0.867091644389606,-2.1200876018980463
SWE,2012Q1,eurostat_hicp_midx_cp00_i15_2010_2019_2026_02_06|eurostat_hicp_midx_cp045_i15_2010_2025_2026_02_06,2026-02-06,2026-07-18T13:36:09.327867+00:00|2026-07-18T13:36:12.596560+00:00,98.19666666666669,108.53333333333336,3,3,True,True,0.9353799767011672,-3.6657889286665135
SWE,2012Q2,eurostat_hicp_midx_cp00_i15_2010_2019_2026_02_06|eurostat_hicp_midx_cp045_i15_2010_2025_2026_02_06,2026-02-06,2026-07-18T13:36:09.327867+00:00|2026-07-18T13:36:12.596560+00:00,98.86,105.76,3,3,True,True,0.9393506228303039,-3.685265011231875
SWE,2012Q3,eurostat_hicp_midx_cp00_i15_2010_2019_2026_02_06|eurostat_hicp_midx_cp045_i15_2010_2025_2026_02_06,2026-02-06,2026-07-18T13:36:09.327867+00:00|2026-07-18T13:36:12.596560+00:00,98.51333333333334,103.55333333333331,3,3,True,True,0.8772229238488416,-3.3205738648741323
SWE,2012Q4,eurostat_hicp_midx_cp00_i15_2010_2019_2026_02_06|eurostat_hicp_midx_cp045_i15_2010_2025_2026_02_06,2026-02-06,2026-07-18T13:36:09.327867+00:00|2026-07-18T13:36:12.596560+00:00,99.08333333333331,105.80666666666669,3,3,True,True,0.9989466888654652,-1.3580285279219062
SWE,2013Q1,eurostat_hicp_midx_cp00_i15_2010_2019_2026_02_06|eurostat_hicp_midx_cp045_i15_2010_2025_2026_02_06,2026-02-06,2026-07-18T13:36:09.327867+00:00|2026-07-18T13:36:12.596560+00:00,98.73666666666668,107.30333333333331,3,3,True,True,0.5499168335652893,-1.133292383292428
SWE,2013Q2,eurostat_hicp_midx_cp00_i15_2010_2019_2026_02_06|eurostat_hicp_midx_cp045_i15_2010_2025_2026_02_06,2026-02-06,2026-07-18T13:36:09.327867+00:00|2026-07-18T13:36:12.596560+00:00,99.11666666666667,105.18666666666668,3,3,True,True,0.2596264077146193,-0.5421079172970189
SWE,2013Q3,eurostat_hicp_midx_cp00_i15_2010_2019_2026_02_06|eurostat_hicp_midx_cp045_i15_2010_2025_2026_02_06,2026-02-06,2026-07-18T13:36:09.327867+00:00|2026-07-18T13:36:12.596560+00:00,99.19,105.37666666666668,3,3,True,True,0.6868782567503562,1.7607673984420646
SWE,2013Q4,eurostat_hicp_midx_cp00_i15_2010_2019_2026_02_06|eurostat_hicp_midx_cp045_i15_2010_2025_2026_02_06,2026-02-06,2026-07-18T13:36:09.327867+00:00|2026-07-18T13:36:12.596560+00:00,99.35,105.82666666666668,3,3,True,True,0.2691337258200255,0.018902400604869918
SWE,2014Q1,eurostat_hicp_midx_cp00_i15_2010_2019_2026_02_06|eurostat_hicp_midx_cp045_i15_2010_2025_2026_02_06,2026-02-06,2026-07-18T13:36:09.327867+00:00|2026-07-18T13:36:12.596560+00:00,98.71666666666664,104.44333333333331,3,3,True,True,-0.020255899530774446,-2.6653412444472058
SWE,2014Q2,eurostat_hicp_midx_cp00_i15_2010_2019_2026_02_06|eurostat_hicp_midx_cp045_i15_2010_2025_2026_02_06,2026-02-06,2026-07-18T13:36:09.327867+00:00|2026-07-18T13:36:12.596560+00:00,99.43,103.26333333333334,3,3,True,True,0.31612577770303574,-1.8284953733046172
SWE,2014Q3,eurostat_hicp_midx_cp00_i15_2010_2019_2026_02_06|eurostat_hicp_midx_cp045_i15_2010_2025_2026_02_06,2026-02-06,2026-07-18T13:36:09.327867+00:00|2026-07-18T13:36:12.596560+00:00,99.41,103.10333333333334,3,3,True,True,0.2217965520717735,-2.157340334672453
SWE,2014Q4,eurostat_hicp_midx_cp00_i15_2010_2019_2026_02_06|eurostat_hicp_midx_cp045_i15_2010_2025_2026_02_06,2026-02-06,2026-07-18T13:36:09.327867+00:00|2026-07-18T13:36:12.596560+00:00,99.65333333333336,103.20333333333332,3,3,True,True,0.30531789968129,-2.4788963084289017
SWE,2015Q1,eurostat_hicp_midx_cp00_i15_2010_2019_2026_02_06|eurostat_hicp_midx_cp045_i15_2010_2025_2026_02_06,2026-02-06,2026-07-18T13:36:09.327867+00:00|2026-07-18T13:36:12.596560+00:00,99.30333333333331,103.01,3,3,True,True,0.5942934323822424,-1.37235502505344
SWE,2015Q2,eurostat_hicp_midx_cp00_i15_2010_2019_2026_02_06|eurostat_hicp_midx_cp045_i15_2010_2025_2026_02_06,2026-02-06,2026-07-18T13:36:09.327867+00:00|2026-07-18T13:36:12.596560+00:00,100.02666666666666,99.57666666666668,3,3,True,True,0.6000871634985971,-3.5701604312598723
SWE,2015Q3,eurostat_hicp_midx_cp00_i15_2010_2019_2026_02_06|eurostat_hicp_midx_cp045_i15_2010_2025_2026_02_06,2026-02-06,2026-07-18T13:36:09.327867+00:00|2026-07-18T13:36:12.596560+00:00,100.18,97.31333333333332,3,3,True,True,0.7745699627804248,-5.6157253241085225
SWE,2015Q4,eurostat_hicp_midx_cp00_i15_2010_2019_2026_02_06|eurostat_hicp_midx_cp045_i15_2010_2025_2026_02_06,2026-02-06,2026-07-18T13:36:09.327867+00:00|2026-07-18T13:36:12.596560+00:00,100.49,100.10666666666668,3,3,True,True,0.839577200963304,-3.0005490778721278
SWE,2016Q1,eurostat_hicp_midx_cp00_i15_2010_2019_2026_02_06|eurostat_hicp_midx_cp045_i15_2010_2025_2026_02_06,2026-02-06,2026-07-18T13:36:09.327867+00:00|2026-07-18T13:36:12.596560+00:00,100.37,101.58333333333331,3,3,True,True,1.0741499110469954,-1.3849788046468192
SWE,2016Q2,eurostat_hicp_midx_cp00_i15_2010_2019_2026_02_06|eurostat_hicp_midx_cp045_i15_2010_2025_2026_02_06,2026-02-06,2026-07-18T13:36:09.327867+00:00|2026-07-18T13:36:12.596560+00:00,101.04333333333334,100.31666666666666,3,3,True,True,1.0163956278326003,0.743145984668403
SWE,2016Q3,eurostat_hicp_midx_cp00_i15_2010_2019_2026_02_06|eurostat_hicp_midx_cp045_i15_2010_2025_2026_02_06,2026-02-06,2026-07-18T13:36:09.327867+00:00|2026-07-18T13:36:12.596560+00:00,101.23,101.78000000000002,3,3,True,True,1.0481133958873956,4.589984243337697
SWE,2016Q4,eurostat_hicp_midx_cp00_i15_2010_2019_2026_02_06|eurostat_hicp_midx_cp045_i15_2010_2025_2026_02_06,2026-02-06,2026-07-18T13:36:09.327867+00:00|2026-07-18T13:36:12.596560+00:00,101.9,106.13,3,3,True,True,1.4031246890237936,6.016915290356928
SWE,2017Q1,eurostat_hicp_midx_cp00_i15_2010_2019_2026_02_06|eurostat_hicp_midx_cp045_i15_2010_2025_2026_02_06,2026-02-06,2026-07-18T13:36:09.327867+00:00|2026-07-18T13:36:12.596560+00:00,102.0,106.66333333333334,3,3,True,True,1.6239912324399697,5.000820344544743
SWE,2017Q2,eurostat_hicp_midx_cp00_i15_2010_2019_2026_02_06|eurostat_hicp_midx_cp045_i15_2010_2025_2026_02_06,2026-02-06,2026-07-18T13:36:09.327867+00:00|2026-07-18T13:36:12.596560+00:00,102.91,103.77333333333333,3,3,True,True,1.8473922079635718,3.4457551088220573
SWE,2017Q3,eurostat_hicp_midx_cp00_i15_2010_2019_2026_02_06|eurostat_hicp_midx_cp045_i15_2010_2025_2026_02_06,2026-02-06,2026-07-18T13:36:09.327867+00:00|2026-07-18T13:36:12.596560+00:00,103.49,107.45,3,3,True,True,2.232539760940422,5.570839064649236
SWE,2017Q4,eurostat_hicp_midx_cp00_i15_2010_2019_2026_02_06|eurostat_hicp_midx_cp045_i15_2010_2025_2026_02_06,2026-02-06,2026-07-18T13:36:09.327867+00:00|2026-07-18T13:36:12.596560+00:00,103.69333333333331,108.78666666666668,3,3,True,True,1.7598953222113023,2.5032193222149113
SWE,2018Q1,eurostat_hicp_midx_cp00_i15_2010_2019_2026_02_06|eurostat_hicp_midx_cp045_i15_2010_2025_2026_02_06,2026-02-06,2026-07-18T13:36:09.327867+00:00|2026-07-18T13:36:12.596560+00:00,103.76,113.62666666666668,3,3,True,True,1.7254901960784386,6.528329010281575
SWE,2018Q2,eurostat_hicp_midx_cp00_i15_2010_2019_2026_02_06|eurostat_hicp_midx_cp045_i15_2010_2025_2026_02_06,2026-02-06,2026-07-18T13:36:09.327867+00:00|2026-07-18T13:36:12.596560+00:00,104.94,112.91333333333334,3,3,True,True,1.972597415217181,8.807657715533868
SWE,2018Q3,eurostat_hicp_midx_cp00_i15_2010_2019_2026_02_06|eurostat_hicp_midx_cp045_i15_2010_2025_2026_02_06,2026-02-06,2026-07-18T13:36:09.327867+00:00|2026-07-18T13:36:12.596560+00:00,105.8,119.88,3,3,True,True,2.23209971977969,11.568171242438341
SWE,2018Q4,eurostat_hicp_midx_cp00_i15_2010_2019_2026_02_06|eurostat_hicp_midx_cp045_i15_2010_2025_2026_02_06,2026-02-06,2026-07-18T13:36:09.327867+00:00|2026-07-18T13:36:12.596560+00:00,105.98333333333332,122.36333333333334,3,3,True,True,2.2084351292272153,12.480083343547
SWE,2019Q1,eurostat_hicp_midx_cp00_i15_2010_2019_2026_02_06|eurostat_hicp_midx_cp045_i15_2010_2025_2026_02_06,2026-02-06,2026-07-18T13:36:09.327867+00:00|2026-07-18T13:36:12.596560+00:00,105.70333333333332,124.69333333333331,3,3,True,True,1.8729118478540085,9.73949777047638
SWE,2019Q2,eurostat_hicp_midx_cp00_i15_2010_2019_2026_02_06|eurostat_hicp_midx_cp045_i15_2010_2025_2026_02_06,2026-02-06,2026-07-18T13:36:09.327867+00:00|2026-07-18T13:36:12.596560+00:00,106.96,117.71666666666664,3,3,True,True,1.9249094720792836,4.254000118084633
SWE,2019Q3,eurostat_hicp_midx_cp00_i15_2010_2019_2026_02_06|eurostat_hicp_midx_cp045_i15_2010_2025_2026_02_06,2026-02-06,2026-07-18T13:36:09.327867+00:00|2026-07-18T13:36:12.596560+00:00,107.26333333333334,119.02333333333333,3,3,True,True,1.3831127914303742,-0.7146034923812716
SWE,2019Q4,eurostat_hicp_midx_cp00_i15_2010_2019_2026_02_06|eurostat_hicp_midx_cp045_i15_2010_2025_2026_02_06,2026-02-06,2026-07-18T13:36:09.327867+00:00|2026-07-18T13:36:12.596560+00:00,107.79333333333334,122.11666666666667,3,3,True,True,1.70781569429157,-0.20158544226211994
SWE,2020Q1,eurostat_hicp_midx_cp00_i15_2026_02_06|eurostat_hicp_midx_cp045_i15_2010_2025_2026_02_06,2026-02-06,2026-07-18T13:22:23.066990+00:00|2026-07-18T13:36:12.596560+00:00,106.96999999999998,112.89333333333332,3,3,True,True,1.1983223487118,-9.463216424294263
SWE,2020Q2,eurostat_hicp_midx_cp00_i15_2026_02_06|eurostat_hicp_midx_cp045_i15_2010_2025_2026_02_06,2026-02-06,2026-07-18T13:22:23.066990+00:00|2026-07-18T13:36:12.596560+00:00,107.25333333333332,107.31333333333332,3,3,True,True,0.27424582398403174,-8.83760441738637
SWE,2020Q3,eurostat_hicp_midx_cp00_i15_2026_02_06|eurostat_hicp_midx_cp045_i15_2010_2025_2026_02_06,2026-02-06,2026-07-18T13:22:23.066990+00:00|2026-07-18T13:36:12.596560+00:00,108.07666666666668,110.88666666666666,3,3,True,True,0.7582584915628354,-6.836194583695077
SWE,2020Q4,eurostat_hicp_midx_cp00_i15_2026_02_06|eurostat_hicp_midx_cp045_i15_2010_2025_2026_02_06,2026-02-06,2026-07-18T13:22:23.066990+00:00|2026-07-18T13:36:12.596560+00:00,108.23,112.78333333333336,3,3,True,True,0.40509617168655865,-7.642964378326722
SWE,2021Q1,eurostat_hicp_midx_cp00_i15_2026_02_06|eurostat_hicp_midx_cp045_i15_2010_2025_2026_02_06,2026-02-06,2026-07-18T13:22:23.066990+00:00|2026-07-18T13:36:12.596560+00:00,109.02,121.03333333333336,3,3,True,True,1.9164251659343767,7.210346049368166
SWE,2021Q2,eurostat_hicp_midx_cp00_i15_2026_02_06|eurostat_hicp_midx_cp045_i15_2010_2025_2026_02_06,2026-02-06,2026-07-18T13:22:23.066990+00:00|2026-07-18T13:36:12.596560+00:00,109.73333333333336,117.96666666666664,3,3,True,True,2.312282446544045,9.927315648878654
SWE,2021Q3,eurostat_hicp_midx_cp00_i15_2026_02_06|eurostat_hicp_midx_cp045_i15_2010_2025_2026_02_06,2026-02-06,2026-07-18T13:22:23.066990+00:00|2026-07-18T13:36:12.596560+00:00,110.73,129.30666666666667,3,3,True,True,2.455047342935557,16.611555341790442
SWE,2021Q4,eurostat_hicp_midx_cp00_i15_2026_02_06|eurostat_hicp_midx_cp045_i15_2010_2025_2026_02_06,2026-02-06,2026-07-18T13:22:23.066990+00:00|2026-07-18T13:36:12.596560+00:00,112.46333333333332,141.99,3,3,True,True,3.9114232036711716,25.89626126791782
SWE,2022Q1,eurostat_hicp_midx_cp00_i15_2026_02_06|eurostat_hicp_midx_cp045_i15_2010_2025_2026_02_06,2026-02-06,2026-07-18T13:22:23.066990+00:00|2026-07-18T13:36:12.596560+00:00,114.35,145.15,3,3,True,True,4.889011190607229,19.925640319471192
SWE,2022Q2,eurostat_hicp_midx_cp00_i15_2026_02_06|eurostat_hicp_midx_cp045_i15_2010_2025_2026_02_06,2026-02-06,2026-07-18T13:22:23.066990+00:00|2026-07-18T13:36:12.596560+00:00,118.14333333333332,152.02666666666667,3,3,True,True,7.664034021871169,28.8725628708675
SWE,2022Q3,eurostat_hicp_midx_cp00_i15_2026_02_06|eurostat_hicp_midx_cp045_i15_2010_2025_2026_02_06,2026-02-06,2026-07-18T13:22:23.066990+00:00|2026-07-18T13:36:12.596560+00:00,121.09333333333332,175.56333333333336,3,3,True,True,9.3591017188958,35.77283976077543
SWE,2022Q4,eurostat_hicp_midx_cp00_i15_2026_02_06|eurostat_hicp_midx_cp045_i15_2010_2025_2026_02_06,2026-02-06,2026-07-18T13:22:23.066990+00:00|2026-07-18T13:36:12.596560+00:00,123.98666666666668,187.19333333333336,3,3,True,True,10.246302498592152,31.835575275254136
SWE,2023Q1,eurostat_hicp_midx_cp00_i15_2026_02_06|eurostat_hicp_midx_cp045_i15_2010_2025_2026_02_06,2026-02-06,2026-07-18T13:22:23.066990+00:00|2026-07-18T13:36:12.596560+00:00,124.79333333333334,161.74666666666667,3,3,True,True,9.132779478210185,11.43414858192675
SWE,2023Q2,eurostat_hicp_midx_cp00_i15_2026_02_06|eurostat_hicp_midx_cp045_i15_2010_2025_2026_02_06,2026-02-06,2026-07-18T13:22:23.066990+00:00|2026-07-18T13:36:12.596560+00:00,126.3,144.48666666666665,3,3,True,True,6.904043111474767,-4.959656200666562
SWE,2023Q3,eurostat_hicp_midx_cp00_i15_2026_02_06|eurostat_hicp_midx_cp045_i15_2010_2025_2026_02_06,2026-02-06,2026-07-18T13:22:23.066990+00:00|2026-07-18T13:36:12.596560+00:00,126.94666666666669,126.27,3,3,True,True,4.8337370623211084,-28.077237084432983
SWE,2023Q4,eurostat_hicp_midx_cp00_i15_2026_02_06|eurostat_hicp_midx_cp045_i15_2010_2025_2026_02_06,2026-02-06,2026-07-18T13:22:23.066990+00:00|2026-07-18T13:36:12.596560+00:00,127.73,140.4933333333333,3,3,True,True,3.01914184320895,-24.94746963923219
SWE,2024Q1,eurostat_hicp_midx_cp00_i15_2026_02_06|eurostat_hicp_midx_cp045_i15_2010_2025_2026_02_06,2026-02-06,2026-07-18T13:22:23.066990+00:00|2026-07-18T13:36:12.596560+00:00,128.28,149.51333333333335,3,3,True,True,2.793952668411781,-7.5632676613634375
SWE,2024Q2,eurostat_hicp_midx_cp00_i15_2026_02_06|eurostat_hicp_midx_cp045_i15_2010_2025_2026_02_06,2026-02-06,2026-07-18T13:22:23.066990+00:00|2026-07-18T13:36:12.596560+00:00,128.92,133.14666666666668,3,3,True,True,2.0744259699128964,-7.848475061135963
SWE,2024Q3,eurostat_hicp_midx_cp00_i15_2026_02_06|eurostat_hicp_midx_cp045_i15_2010_2025_2026_02_06,2026-02-06,2026-07-18T13:22:23.066990+00:00|2026-07-18T13:36:12.596560+00:00,128.74,122.19,3,3,True,True,1.412666736687318,-3.231171299596103
SWE,2024Q4,eurostat_hicp_midx_cp00_i15_2026_02_06|eurostat_hicp_midx_cp045_i15_2010_2025_2026_02_06,2026-02-06,2026-07-18T13:22:23.066990+00:00|2026-07-18T13:36:12.596560+00:00,129.9766666666667,138.48666666666668,3,3,True,True,1.7589185521542872,-1.4283002752206286
SWE,2025Q1,eurostat_hicp_midx_cp00_i15_2026_02_06|eurostat_hicp_midx_cp045_i15_2010_2025_2026_02_06,2026-02-06,2026-07-18T13:22:23.066990+00:00|2026-07-18T13:36:12.596560+00:00,131.25,151.63,3,3,True,True,2.315247895229189,1.415704285013586
SWE,2025Q2,eurostat_hicp_midx_cp00_i15_2026_02_06|eurostat_hicp_midx_cp045_i15_2010_2025_2026_02_06,2026-02-06,2026-07-18T13:22:23.066990+00:00|2026-07-18T13:36:12.596560+00:00,132.05666666666667,136.59666666666666,3,3,True,True,2.4330334057296676,2.591127578610042
SWE,2025Q3,eurostat_hicp_midx_cp00_i15_2026_02_06|eurostat_hicp_midx_cp045_i15_2010_2025_2026_02_06,2026-02-06,2026-07-18T13:22:23.066990+00:00|2026-07-18T13:36:12.596560+00:00,132.90333333333334,140.0666666666667,3,3,True,True,3.2339081352597,14.630220694546757
SWE,2025Q4,eurostat_hicp_midx_cp00_i15_2026_02_06|eurostat_hicp_midx_cp045_i15_2010_2025_2026_02_06,2026-02-06,2026-07-18T13:22:23.066990+00:00|2026-07-18T13:36:12.596560+00:00,133.19666666666666,151.79666666666665,3,3,True,True,2.477367732669933,9.611033553169968
