entity_id,quarter,source_identifiers,source_release_dates,retrieved_at,hicp_all_items_quarterly_average,hicp_energy_quarterly_average,hicp_all_items_months_observed,hicp_energy_months_observed,hicp_all_items_complete,hicp_energy_complete
AUT,2010Q1,eurostat_hicp_midx_cp00_i15_2010_2019_2026_02_06|eurostat_hicp_midx_cp045_i15_2010_2025_2026_02_06,2026-02-06,2026-07-18T13:36:09.327867+00:00|2026-07-18T13:36:12.596560+00:00,89.41000000000001,90.35333333333334,3,3,True,True
AUT,2010Q2,eurostat_hicp_midx_cp00_i15_2010_2019_2026_02_06|eurostat_hicp_midx_cp045_i15_2010_2025_2026_02_06,2026-02-06,2026-07-18T13:36:09.327867+00:00|2026-07-18T13:36:12.596560+00:00,90.24333333333334,92.11333333333333,3,3,True,True
AUT,2010Q3,eurostat_hicp_midx_cp00_i15_2010_2019_2026_02_06|eurostat_hicp_midx_cp045_i15_2010_2025_2026_02_06,2026-02-06,2026-07-18T13:36:09.327867+00:00|2026-07-18T13:36:12.596560+00:00,90.03666666666668,91.86333333333334,3,3,True,True
AUT,2010Q4,eurostat_hicp_midx_cp00_i15_2010_2019_2026_02_06|eurostat_hicp_midx_cp045_i15_2010_2025_2026_02_06,2026-02-06,2026-07-18T13:36:09.327867+00:00|2026-07-18T13:36:12.596560+00:00,90.88666666666667,92.61,3,3,True,True
AUT,2011Q1,eurostat_hicp_midx_cp00_i15_2010_2019_2026_02_06|eurostat_hicp_midx_cp045_i15_2010_2025_2026_02_06,2026-02-06,2026-07-18T13:36:09.327867+00:00|2026-07-18T13:36:12.596560+00:00,92.10000000000001,94.85333333333334,3,3,True,True
AUT,2011Q2,eurostat_hicp_midx_cp00_i15_2010_2019_2026_02_06|eurostat_hicp_midx_cp045_i15_2010_2025_2026_02_06,2026-02-06,2026-07-18T13:36:09.327867+00:00|2026-07-18T13:36:12.596560+00:00,93.57666666666667,96.76333333333332,3,3,True,True
AUT,2011Q3,eurostat_hicp_midx_cp00_i15_2010_2019_2026_02_06|eurostat_hicp_midx_cp045_i15_2010_2025_2026_02_06,2026-02-06,2026-07-18T13:36:09.327867+00:00|2026-07-18T13:36:12.596560+00:00,93.47666666666667,97.33999999999999,3,3,True,True
AUT,2011Q4,eurostat_hicp_midx_cp00_i15_2010_2019_2026_02_06|eurostat_hicp_midx_cp045_i15_2010_2025_2026_02_06,2026-02-06,2026-07-18T13:36:09.327867+00:00|2026-07-18T13:36:12.596560+00:00,94.22666666666667,99.21999999999998,3,3,True,True
AUT,2012Q1,eurostat_hicp_midx_cp00_i15_2010_2019_2026_02_06|eurostat_hicp_midx_cp045_i15_2010_2025_2026_02_06,2026-02-06,2026-07-18T13:36:09.327867+00:00|2026-07-18T13:36:12.596560+00:00,94.60333333333334,99.81,3,3,True,True
AUT,2012Q2,eurostat_hicp_midx_cp00_i15_2010_2019_2026_02_06|eurostat_hicp_midx_cp045_i15_2010_2025_2026_02_06,2026-02-06,2026-07-18T13:36:09.327867+00:00|2026-07-18T13:36:12.596560+00:00,95.69,99.61666666666667,3,3,True,True
AUT,2012Q3,eurostat_hicp_midx_cp00_i15_2010_2019_2026_02_06|eurostat_hicp_midx_cp045_i15_2010_2025_2026_02_06,2026-02-06,2026-07-18T13:36:09.327867+00:00|2026-07-18T13:36:12.596560+00:00,95.71666666666665,101.17,3,3,True,True
AUT,2012Q4,eurostat_hicp_midx_cp00_i15_2010_2019_2026_02_06|eurostat_hicp_midx_cp045_i15_2010_2025_2026_02_06,2026-02-06,2026-07-18T13:36:09.327867+00:00|2026-07-18T13:36:12.596560+00:00,96.97333333333334,101.79333333333334,3,3,True,True
AUT,2013Q1,eurostat_hicp_midx_cp00_i15_2010_2019_2026_02_06|eurostat_hicp_midx_cp045_i15_2010_2025_2026_02_06,2026-02-06,2026-07-18T13:36:09.327867+00:00|2026-07-18T13:36:12.596560+00:00,97.07000000000001,103.12333333333333,3,3,True,True
AUT,2013Q2,eurostat_hicp_midx_cp00_i15_2010_2019_2026_02_06|eurostat_hicp_midx_cp045_i15_2010_2025_2026_02_06,2026-02-06,2026-07-18T13:36:09.327867+00:00|2026-07-18T13:36:12.596560+00:00,97.84333333333332,102.29333333333334,3,3,True,True
AUT,2013Q3,eurostat_hicp_midx_cp00_i15_2010_2019_2026_02_06|eurostat_hicp_midx_cp045_i15_2010_2025_2026_02_06,2026-02-06,2026-07-18T13:36:09.327867+00:00|2026-07-18T13:36:12.596560+00:00,97.61000000000001,102.73,3,3,True,True
AUT,2013Q4,eurostat_hicp_midx_cp00_i15_2010_2019_2026_02_06|eurostat_hicp_midx_cp045_i15_2010_2025_2026_02_06,2026-02-06,2026-07-18T13:36:09.327867+00:00|2026-07-18T13:36:12.596560+00:00,98.57,102.13333333333333,3,3,True,True
AUT,2014Q1,eurostat_hicp_midx_cp00_i15_2010_2019_2026_02_06|eurostat_hicp_midx_cp045_i15_2010_2025_2026_02_06,2026-02-06,2026-07-18T13:36:09.327867+00:00|2026-07-18T13:36:12.596560+00:00,98.50999999999999,102.72333333333334,3,3,True,True
AUT,2014Q2,eurostat_hicp_midx_cp00_i15_2010_2019_2026_02_06|eurostat_hicp_midx_cp045_i15_2010_2025_2026_02_06,2026-02-06,2026-07-18T13:36:09.327867+00:00|2026-07-18T13:36:12.596560+00:00,99.40666666666668,102.57333333333334,3,3,True,True
AUT,2014Q3,eurostat_hicp_midx_cp00_i15_2010_2019_2026_02_06|eurostat_hicp_midx_cp045_i15_2010_2025_2026_02_06,2026-02-06,2026-07-18T13:36:09.327867+00:00|2026-07-18T13:36:12.596560+00:00,99.08333333333333,102.73,3,3,True,True
AUT,2014Q4,eurostat_hicp_midx_cp00_i15_2010_2019_2026_02_06|eurostat_hicp_midx_cp045_i15_2010_2025_2026_02_06,2026-02-06,2026-07-18T13:36:09.327867+00:00|2026-07-18T13:36:12.596560+00:00,99.80666666666667,101.09333333333335,3,3,True,True
AUT,2015Q1,eurostat_hicp_midx_cp00_i15_2010_2019_2026_02_06|eurostat_hicp_midx_cp045_i15_2010_2025_2026_02_06,2026-02-06,2026-07-18T13:36:09.327867+00:00|2026-07-18T13:36:12.596560+00:00,99.12666666666667,100.75,3,3,True,True
AUT,2015Q2,eurostat_hicp_midx_cp00_i15_2010_2019_2026_02_06|eurostat_hicp_midx_cp045_i15_2010_2025_2026_02_06,2026-02-06,2026-07-18T13:36:09.327867+00:00|2026-07-18T13:36:12.596560+00:00,100.37666666666667,101.08666666666666,3,3,True,True
AUT,2015Q3,eurostat_hicp_midx_cp00_i15_2010_2019_2026_02_06|eurostat_hicp_midx_cp045_i15_2010_2025_2026_02_06,2026-02-06,2026-07-18T13:36:09.327867+00:00|2026-07-18T13:36:12.596560+00:00,99.95666666666666,99.83,3,3,True,True
AUT,2015Q4,eurostat_hicp_midx_cp00_i15_2010_2019_2026_02_06|eurostat_hicp_midx_cp045_i15_2010_2025_2026_02_06,2026-02-06,2026-07-18T13:36:09.327867+00:00|2026-07-18T13:36:12.596560+00:00,100.54,98.33333333333333,3,3,True,True
AUT,2016Q1,eurostat_hicp_midx_cp00_i15_2010_2019_2026_02_06|eurostat_hicp_midx_cp045_i15_2010_2025_2026_02_06,2026-02-06,2026-07-18T13:36:09.327867+00:00|2026-07-18T13:36:12.596560+00:00,100.14333333333333,97.60000000000001,3,3,True,True
AUT,2016Q2,eurostat_hicp_midx_cp00_i15_2010_2019_2026_02_06|eurostat_hicp_midx_cp045_i15_2010_2025_2026_02_06,2026-02-06,2026-07-18T13:36:09.327867+00:00|2026-07-18T13:36:12.596560+00:00,101.00333333333333,98.22333333333334,3,3,True,True
AUT,2016Q3,eurostat_hicp_midx_cp00_i15_2010_2019_2026_02_06|eurostat_hicp_midx_cp045_i15_2010_2025_2026_02_06,2026-02-06,2026-07-18T13:36:09.327867+00:00|2026-07-18T13:36:12.596560+00:00,100.71666666666665,98.27999999999999,3,3,True,True
AUT,2016Q4,eurostat_hicp_midx_cp00_i15_2010_2019_2026_02_06|eurostat_hicp_midx_cp045_i15_2010_2025_2026_02_06,2026-02-06,2026-07-18T13:36:09.327867+00:00|2026-07-18T13:36:12.596560+00:00,102.02,98.86,3,3,True,True
AUT,2017Q1,eurostat_hicp_midx_cp00_i15_2010_2019_2026_02_06|eurostat_hicp_midx_cp045_i15_2010_2025_2026_02_06,2026-02-06,2026-07-18T13:36:09.327867+00:00|2026-07-18T13:36:12.596560+00:00,102.32666666666667,98.05,3,3,True,True
AUT,2017Q2,eurostat_hicp_midx_cp00_i15_2010_2019_2026_02_06|eurostat_hicp_midx_cp045_i15_2010_2025_2026_02_06,2026-02-06,2026-07-18T13:36:09.327867+00:00|2026-07-18T13:36:12.596560+00:00,103.17999999999999,97.17,3,3,True,True
AUT,2017Q3,eurostat_hicp_midx_cp00_i15_2010_2019_2026_02_06|eurostat_hicp_midx_cp045_i15_2010_2025_2026_02_06,2026-02-06,2026-07-18T13:36:09.327867+00:00|2026-07-18T13:36:12.596560+00:00,102.94333333333333,96.93333333333334,3,3,True,True
AUT,2017Q4,eurostat_hicp_midx_cp00_i15_2010_2019_2026_02_06|eurostat_hicp_midx_cp045_i15_2010_2025_2026_02_06,2026-02-06,2026-07-18T13:36:09.327867+00:00|2026-07-18T13:36:12.596560+00:00,104.44333333333333,98.48,3,3,True,True
AUT,2018Q1,eurostat_hicp_midx_cp00_i15_2010_2019_2026_02_06|eurostat_hicp_midx_cp045_i15_2010_2025_2026_02_06,2026-02-06,2026-07-18T13:36:09.327867+00:00|2026-07-18T13:36:12.596560+00:00,104.34333333333332,97.99333333333334,3,3,True,True
AUT,2018Q2,eurostat_hicp_midx_cp00_i15_2010_2019_2026_02_06|eurostat_hicp_midx_cp045_i15_2010_2025_2026_02_06,2026-02-06,2026-07-18T13:36:09.327867+00:00|2026-07-18T13:36:12.596560+00:00,105.38333333333333,99.12333333333333,3,3,True,True
AUT,2018Q3,eurostat_hicp_midx_cp00_i15_2010_2019_2026_02_06|eurostat_hicp_midx_cp045_i15_2010_2025_2026_02_06,2026-02-06,2026-07-18T13:36:09.327867+00:00|2026-07-18T13:36:12.596560+00:00,105.25333333333333,100.19333333333333,3,3,True,True
AUT,2018Q4,eurostat_hicp_midx_cp00_i15_2010_2019_2026_02_06|eurostat_hicp_midx_cp045_i15_2010_2025_2026_02_06,2026-02-06,2026-07-18T13:36:09.327867+00:00|2026-07-18T13:36:12.596560+00:00,106.66666666666667,103.49666666666667,3,3,True,True
AUT,2019Q1,eurostat_hicp_midx_cp00_i15_2010_2019_2026_02_06|eurostat_hicp_midx_cp045_i15_2010_2025_2026_02_06,2026-02-06,2026-07-18T13:36:09.327867+00:00|2026-07-18T13:36:12.596560+00:00,106.01333333333334,101.78666666666668,3,3,True,True
AUT,2019Q2,eurostat_hicp_midx_cp00_i15_2010_2019_2026_02_06|eurostat_hicp_midx_cp045_i15_2010_2025_2026_02_06,2026-02-06,2026-07-18T13:36:09.327867+00:00|2026-07-18T13:36:12.596560+00:00,107.13666666666667,102.28666666666668,3,3,True,True
AUT,2019Q3,eurostat_hicp_midx_cp00_i15_2010_2019_2026_02_06|eurostat_hicp_midx_cp045_i15_2010_2025_2026_02_06,2026-02-06,2026-07-18T13:36:09.327867+00:00|2026-07-18T13:36:12.596560+00:00,106.67333333333333,102.81666666666666,3,3,True,True
AUT,2019Q4,eurostat_hicp_midx_cp00_i15_2010_2019_2026_02_06|eurostat_hicp_midx_cp045_i15_2010_2025_2026_02_06,2026-02-06,2026-07-18T13:36:09.327867+00:00|2026-07-18T13:36:12.596560+00:00,108.11,103.22666666666667,3,3,True,True
AUT,2020Q1,eurostat_hicp_midx_cp00_i15_2026_02_06|eurostat_hicp_midx_cp045_i15_2010_2025_2026_02_06,2026-02-06,2026-07-18T13:22:23.066990+00:00|2026-07-18T13:36:12.596560+00:00,108.11,103.97666666666667,3,3,True,True
AUT,2020Q2,eurostat_hicp_midx_cp00_i15_2026_02_06|eurostat_hicp_midx_cp045_i15_2010_2025_2026_02_06,2026-02-06,2026-07-18T13:22:23.066990+00:00|2026-07-18T13:36:12.596560+00:00,108.27,102.24666666666667,3,3,True,True
AUT,2020Q3,eurostat_hicp_midx_cp00_i15_2026_02_06|eurostat_hicp_midx_cp045_i15_2010_2025_2026_02_06,2026-02-06,2026-07-18T13:22:23.066990+00:00|2026-07-18T13:36:12.596560+00:00,108.21,101.69666666666667,3,3,True,True
AUT,2020Q4,eurostat_hicp_midx_cp00_i15_2026_02_06|eurostat_hicp_midx_cp045_i15_2010_2025_2026_02_06,2026-02-06,2026-07-18T13:22:23.066990+00:00|2026-07-18T13:36:12.596560+00:00,109.28333333333335,101.21333333333332,3,3,True,True
AUT,2021Q1,eurostat_hicp_midx_cp00_i15_2026_02_06|eurostat_hicp_midx_cp045_i15_2010_2025_2026_02_06,2026-02-06,2026-07-18T13:22:23.066990+00:00|2026-07-18T13:36:12.596560+00:00,109.71333333333332,105.47666666666667,3,3,True,True
AUT,2021Q2,eurostat_hicp_midx_cp00_i15_2026_02_06|eurostat_hicp_midx_cp045_i15_2010_2025_2026_02_06,2026-02-06,2026-07-18T13:22:23.066990+00:00|2026-07-18T13:36:12.596560+00:00,111.05,106.37333333333333,3,3,True,True
AUT,2021Q3,eurostat_hicp_midx_cp00_i15_2026_02_06|eurostat_hicp_midx_cp045_i15_2010_2025_2026_02_06,2026-02-06,2026-07-18T13:22:23.066990+00:00|2026-07-18T13:36:12.596560+00:00,111.54666666666667,109.57333333333334,3,3,True,True
AUT,2021Q4,eurostat_hicp_midx_cp00_i15_2026_02_06|eurostat_hicp_midx_cp045_i15_2010_2025_2026_02_06,2026-02-06,2026-07-18T13:22:23.066990+00:00|2026-07-18T13:36:12.596560+00:00,113.53333333333335,116.04,3,3,True,True
AUT,2022Q1,eurostat_hicp_midx_cp00_i15_2026_02_06|eurostat_hicp_midx_cp045_i15_2010_2025_2026_02_06,2026-02-06,2026-07-18T13:22:23.066990+00:00|2026-07-18T13:36:12.596560+00:00,115.77666666666669,130.68333333333334,3,3,True,True
AUT,2022Q2,eurostat_hicp_midx_cp00_i15_2026_02_06|eurostat_hicp_midx_cp045_i15_2010_2025_2026_02_06,2026-02-06,2026-07-18T13:22:23.066990+00:00|2026-07-18T13:36:12.596560+00:00,119.77999999999999,136.45666666666668,3,3,True,True
AUT,2022Q3,eurostat_hicp_midx_cp00_i15_2026_02_06|eurostat_hicp_midx_cp045_i15_2010_2025_2026_02_06,2026-02-06,2026-07-18T13:22:23.066990+00:00|2026-07-18T13:36:12.596560+00:00,122.58999999999999,160.64333333333335,3,3,True,True
AUT,2022Q4,eurostat_hicp_midx_cp00_i15_2026_02_06|eurostat_hicp_midx_cp045_i15_2010_2025_2026_02_06,2026-02-06,2026-07-18T13:22:23.066990+00:00|2026-07-18T13:36:12.596560+00:00,126.12,176.76666666666665,3,3,True,True
AUT,2023Q1,eurostat_hicp_midx_cp00_i15_2026_02_06|eurostat_hicp_midx_cp045_i15_2010_2025_2026_02_06,2026-02-06,2026-07-18T13:22:23.066990+00:00|2026-07-18T13:36:12.596560+00:00,128.04666666666665,182.06333333333336,3,3,True,True
AUT,2023Q2,eurostat_hicp_midx_cp00_i15_2026_02_06|eurostat_hicp_midx_cp045_i15_2010_2025_2026_02_06,2026-02-06,2026-07-18T13:22:23.066990+00:00|2026-07-18T13:36:12.596560+00:00,130.12,178.98333333333335,3,3,True,True
AUT,2023Q3,eurostat_hicp_midx_cp00_i15_2026_02_06|eurostat_hicp_midx_cp045_i15_2010_2025_2026_02_06,2026-02-06,2026-07-18T13:22:23.066990+00:00|2026-07-18T13:36:12.596560+00:00,130.83666666666667,176.00666666666666,3,3,True,True
AUT,2023Q4,eurostat_hicp_midx_cp00_i15_2026_02_06|eurostat_hicp_midx_cp045_i15_2010_2025_2026_02_06,2026-02-06,2026-07-18T13:22:23.066990+00:00|2026-07-18T13:36:12.596560+00:00,132.59333333333333,177.58666666666667,3,3,True,True
AUT,2024Q1,eurostat_hicp_midx_cp00_i15_2026_02_06|eurostat_hicp_midx_cp045_i15_2010_2025_2026_02_06,2026-02-06,2026-07-18T13:22:23.066990+00:00|2026-07-18T13:36:12.596560+00:00,133.32666666666668,173.61666666666667,3,3,True,True
AUT,2024Q2,eurostat_hicp_midx_cp00_i15_2026_02_06|eurostat_hicp_midx_cp045_i15_2010_2025_2026_02_06,2026-02-06,2026-07-18T13:22:23.066990+00:00|2026-07-18T13:36:12.596560+00:00,134.36666666666667,167.15,3,3,True,True
AUT,2024Q3,eurostat_hicp_midx_cp00_i15_2026_02_06|eurostat_hicp_midx_cp045_i15_2010_2025_2026_02_06,2026-02-06,2026-07-18T13:22:23.066990+00:00|2026-07-18T13:36:12.596560+00:00,133.95000000000002,162.47666666666666,3,3,True,True
AUT,2024Q4,eurostat_hicp_midx_cp00_i15_2026_02_06|eurostat_hicp_midx_cp045_i15_2010_2025_2026_02_06,2026-02-06,2026-07-18T13:22:23.066990+00:00|2026-07-18T13:36:12.596560+00:00,135.1833333333333,156.16333333333333,3,3,True,True
AUT,2025Q1,eurostat_hicp_midx_cp00_i15_2026_02_06|eurostat_hicp_midx_cp045_i15_2010_2025_2026_02_06,2026-02-06,2026-07-18T13:22:23.066990+00:00|2026-07-18T13:36:12.596560+00:00,137.74,192.12,3,3,True,True
AUT,2025Q2,eurostat_hicp_midx_cp00_i15_2026_02_06|eurostat_hicp_midx_cp045_i15_2010_2025_2026_02_06,2026-02-06,2026-07-18T13:22:23.066990+00:00|2026-07-18T13:36:12.596560+00:00,138.60333333333332,188.79999999999998,3,3,True,True
AUT,2025Q3,eurostat_hicp_midx_cp00_i15_2026_02_06|eurostat_hicp_midx_cp045_i15_2010_2025_2026_02_06,2026-02-06,2026-07-18T13:22:23.066990+00:00|2026-07-18T13:36:12.596560+00:00,139.19,188.03333333333333,3,3,True,True
AUT,2025Q4,eurostat_hicp_midx_cp00_i15_2026_02_06|eurostat_hicp_midx_cp045_i15_2010_2025_2026_02_06,2026-02-06,2026-07-18T13:22:23.066990+00:00|2026-07-18T13:36:12.596560+00:00,140.50666666666666,187.4333333333333,3,3,True,True
BEL,2010Q1,eurostat_hicp_midx_cp00_i15_2010_2019_2026_02_06|eurostat_hicp_midx_cp045_i15_2010_2025_2026_02_06,2026-02-06,2026-07-18T13:36:09.327867+00:00|2026-07-18T13:36:12.596560+00:00,90.74333333333334,90.20666666666666,3,3,True,True
BEL,2010Q2,eurostat_hicp_midx_cp00_i15_2010_2019_2026_02_06|eurostat_hicp_midx_cp045_i15_2010_2025_2026_02_06,2026-02-06,2026-07-18T13:36:09.327867+00:00|2026-07-18T13:36:12.596560+00:00,92.38,95.84333333333332,3,3,True,True
BEL,2010Q3,eurostat_hicp_midx_cp00_i15_2010_2019_2026_02_06|eurostat_hicp_midx_cp045_i15_2010_2025_2026_02_06,2026-02-06,2026-07-18T13:36:09.327867+00:00|2026-07-18T13:36:12.596560+00:00,92.08666666666666,96.23333333333333,3,3,True,True
BEL,2010Q4,eurostat_hicp_midx_cp00_i15_2010_2019_2026_02_06|eurostat_hicp_midx_cp045_i15_2010_2025_2026_02_06,2026-02-06,2026-07-18T13:36:09.327867+00:00|2026-07-18T13:36:12.596560+00:00,93.16000000000001,99.46666666666665,3,3,True,True
BEL,2011Q1,eurostat_hicp_midx_cp00_i15_2010_2019_2026_02_06|eurostat_hicp_midx_cp045_i15_2010_2025_2026_02_06,2026-02-06,2026-07-18T13:36:09.327867+00:00|2026-07-18T13:36:12.596560+00:00,93.86333333333334,105.69,3,3,True,True
BEL,2011Q2,eurostat_hicp_midx_cp00_i15_2010_2019_2026_02_06|eurostat_hicp_midx_cp045_i15_2010_2025_2026_02_06,2026-02-06,2026-07-18T13:36:09.327867+00:00|2026-07-18T13:36:12.596560+00:00,95.25666666666666,112.51333333333332,3,3,True,True
BEL,2011Q3,eurostat_hicp_midx_cp00_i15_2010_2019_2026_02_06|eurostat_hicp_midx_cp045_i15_2010_2025_2026_02_06,2026-02-06,2026-07-18T13:36:09.327867+00:00|2026-07-18T13:36:12.596560+00:00,95.36333333333333,115.08999999999999,3,3,True,True
BEL,2011Q4,eurostat_hicp_midx_cp00_i15_2010_2019_2026_02_06|eurostat_hicp_midx_cp045_i15_2010_2025_2026_02_06,2026-02-06,2026-07-18T13:36:09.327867+00:00|2026-07-18T13:36:12.596560+00:00,96.23666666666668,117.15333333333332,3,3,True,True
BEL,2012Q1,eurostat_hicp_midx_cp00_i15_2010_2019_2026_02_06|eurostat_hicp_midx_cp045_i15_2010_2025_2026_02_06,2026-02-06,2026-07-18T13:36:09.327867+00:00|2026-07-18T13:36:12.596560+00:00,96.91333333333334,120.22000000000001,3,3,True,True
BEL,2012Q2,eurostat_hicp_midx_cp00_i15_2010_2019_2026_02_06|eurostat_hicp_midx_cp045_i15_2010_2025_2026_02_06,2026-02-06,2026-07-18T13:36:09.327867+00:00|2026-07-18T13:36:12.596560+00:00,97.7,119.32666666666667,3,3,True,True
BEL,2012Q3,eurostat_hicp_midx_cp00_i15_2010_2019_2026_02_06|eurostat_hicp_midx_cp045_i15_2010_2025_2026_02_06,2026-02-06,2026-07-18T13:36:09.327867+00:00|2026-07-18T13:36:12.596560+00:00,97.64999999999999,118.64333333333333,3,3,True,True
BEL,2012Q4,eurostat_hicp_midx_cp00_i15_2010_2019_2026_02_06|eurostat_hicp_midx_cp045_i15_2010_2025_2026_02_06,2026-02-06,2026-07-18T13:36:09.327867+00:00|2026-07-18T13:36:12.596560+00:00,98.45333333333333,118.63666666666667,3,3,True,True
BEL,2013Q1,eurostat_hicp_midx_cp00_i15_2010_2019_2026_02_06|eurostat_hicp_midx_cp045_i15_2010_2025_2026_02_06,2026-02-06,2026-07-18T13:36:09.327867+00:00|2026-07-18T13:36:12.596560+00:00,98.33999999999999,116.39666666666666,3,3,True,True
BEL,2013Q2,eurostat_hicp_midx_cp00_i15_2010_2019_2026_02_06|eurostat_hicp_midx_cp045_i15_2010_2025_2026_02_06,2026-02-06,2026-07-18T13:36:09.327867+00:00|2026-07-18T13:36:12.596560+00:00,99.02333333333333,112.96999999999998,3,3,True,True
BEL,2013Q3,eurostat_hicp_midx_cp00_i15_2010_2019_2026_02_06|eurostat_hicp_midx_cp045_i15_2010_2025_2026_02_06,2026-02-06,2026-07-18T13:36:09.327867+00:00|2026-07-18T13:36:12.596560+00:00,98.86666666666667,112.86000000000001,3,3,True,True
BEL,2013Q4,eurostat_hicp_midx_cp00_i15_2010_2019_2026_02_06|eurostat_hicp_midx_cp045_i15_2010_2025_2026_02_06,2026-02-06,2026-07-18T13:36:09.327867+00:00|2026-07-18T13:36:12.596560+00:00,99.36333333333334,112.48,3,3,True,True
BEL,2014Q1,eurostat_hicp_midx_cp00_i15_2010_2019_2026_02_06|eurostat_hicp_midx_cp045_i15_2010_2025_2026_02_06,2026-02-06,2026-07-18T13:36:09.327867+00:00|2026-07-18T13:36:12.596560+00:00,99.24333333333334,113.02999999999999,3,3,True,True
BEL,2014Q2,eurostat_hicp_midx_cp00_i15_2010_2019_2026_02_06|eurostat_hicp_midx_cp045_i15_2010_2025_2026_02_06,2026-02-06,2026-07-18T13:36:09.327867+00:00|2026-07-18T13:36:12.596560+00:00,99.69,103.74666666666667,3,3,True,True
BEL,2014Q3,eurostat_hicp_midx_cp00_i15_2010_2019_2026_02_06|eurostat_hicp_midx_cp045_i15_2010_2025_2026_02_06,2026-02-06,2026-07-18T13:36:09.327867+00:00|2026-07-18T13:36:12.596560+00:00,99.24000000000001,101.79666666666667,3,3,True,True
BEL,2014Q4,eurostat_hicp_midx_cp00_i15_2010_2019_2026_02_06|eurostat_hicp_midx_cp045_i15_2010_2025_2026_02_06,2026-02-06,2026-07-18T13:36:09.327867+00:00|2026-07-18T13:36:12.596560+00:00,99.36,101.81333333333333,3,3,True,True
BEL,2015Q1,eurostat_hicp_midx_cp00_i15_2010_2019_2026_02_06|eurostat_hicp_midx_cp045_i15_2010_2025_2026_02_06,2026-02-06,2026-07-18T13:36:09.327867+00:00|2026-07-18T13:36:12.596560+00:00,98.86,97.67999999999999,3,3,True,True
BEL,2015Q2,eurostat_hicp_midx_cp00_i15_2010_2019_2026_02_06|eurostat_hicp_midx_cp045_i15_2010_2025_2026_02_06,2026-02-06,2026-07-18T13:36:09.327867+00:00|2026-07-18T13:36:12.596560+00:00,100.38,99.58333333333333,3,3,True,True
BEL,2015Q3,eurostat_hicp_midx_cp00_i15_2010_2019_2026_02_06|eurostat_hicp_midx_cp045_i15_2010_2025_2026_02_06,2026-02-06,2026-07-18T13:36:09.327867+00:00|2026-07-18T13:36:12.596560+00:00,100.07,100.80333333333333,3,3,True,True
BEL,2015Q4,eurostat_hicp_midx_cp00_i15_2010_2019_2026_02_06|eurostat_hicp_midx_cp045_i15_2010_2025_2026_02_06,2026-02-06,2026-07-18T13:36:09.327867+00:00|2026-07-18T13:36:12.596560+00:00,100.68666666666667,101.92999999999999,3,3,True,True
BEL,2016Q1,eurostat_hicp_midx_cp00_i15_2010_2019_2026_02_06|eurostat_hicp_midx_cp045_i15_2010_2025_2026_02_06,2026-02-06,2026-07-18T13:36:09.327867+00:00|2026-07-18T13:36:12.596560+00:00,100.37333333333333,95.88666666666666,3,3,True,True
BEL,2016Q2,eurostat_hicp_midx_cp00_i15_2010_2019_2026_02_06|eurostat_hicp_midx_cp045_i15_2010_2025_2026_02_06,2026-02-06,2026-07-18T13:36:09.327867+00:00|2026-07-18T13:36:12.596560+00:00,102.03000000000002,101.21,3,3,True,True
BEL,2016Q3,eurostat_hicp_midx_cp00_i15_2010_2019_2026_02_06|eurostat_hicp_midx_cp045_i15_2010_2025_2026_02_06,2026-02-06,2026-07-18T13:36:09.327867+00:00|2026-07-18T13:36:12.596560+00:00,102.01333333333334,104.25333333333333,3,3,True,True
BEL,2016Q4,eurostat_hicp_midx_cp00_i15_2010_2019_2026_02_06|eurostat_hicp_midx_cp045_i15_2010_2025_2026_02_06,2026-02-06,2026-07-18T13:36:09.327867+00:00|2026-07-18T13:36:12.596560+00:00,102.66000000000001,107.26666666666667,3,3,True,True
BEL,2017Q1,eurostat_hicp_midx_cp00_i15_2010_2019_2026_02_06|eurostat_hicp_midx_cp045_i15_2010_2025_2026_02_06,2026-02-06,2026-07-18T13:36:09.327867+00:00|2026-07-18T13:36:12.596560+00:00,103.33999999999999,113.08,3,3,True,True
BEL,2017Q2,eurostat_hicp_midx_cp00_i15_2010_2019_2026_02_06|eurostat_hicp_midx_cp045_i15_2010_2025_2026_02_06,2026-02-06,2026-07-18T13:36:09.327867+00:00|2026-07-18T13:36:12.596560+00:00,104.10666666666667,110.35666666666667,3,3,True,True
BEL,2017Q3,eurostat_hicp_midx_cp00_i15_2010_2019_2026_02_06|eurostat_hicp_midx_cp045_i15_2010_2025_2026_02_06,2026-02-06,2026-07-18T13:36:09.327867+00:00|2026-07-18T13:36:12.596560+00:00,103.97333333333334,109.51333333333334,3,3,True,True
BEL,2017Q4,eurostat_hicp_midx_cp00_i15_2010_2019_2026_02_06|eurostat_hicp_midx_cp045_i15_2010_2025_2026_02_06,2026-02-06,2026-07-18T13:36:09.327867+00:00|2026-07-18T13:36:12.596560+00:00,104.71,114.31,3,3,True,True
BEL,2018Q1,eurostat_hicp_midx_cp00_i15_2010_2019_2026_02_06|eurostat_hicp_midx_cp045_i15_2010_2025_2026_02_06,2026-02-06,2026-07-18T13:36:09.327867+00:00|2026-07-18T13:36:12.596560+00:00,104.96999999999998,114.44,3,3,True,True
BEL,2018Q2,eurostat_hicp_midx_cp00_i15_2010_2019_2026_02_06|eurostat_hicp_midx_cp045_i15_2010_2025_2026_02_06,2026-02-06,2026-07-18T13:36:09.327867+00:00|2026-07-18T13:36:12.596560+00:00,106.35666666666667,116.76333333333334,3,3,True,True
BEL,2018Q3,eurostat_hicp_midx_cp00_i15_2010_2019_2026_02_06|eurostat_hicp_midx_cp045_i15_2010_2025_2026_02_06,2026-02-06,2026-07-18T13:36:09.327867+00:00|2026-07-18T13:36:12.596560+00:00,106.81333333333333,122.17,3,3,True,True
BEL,2018Q4,eurostat_hicp_midx_cp00_i15_2010_2019_2026_02_06|eurostat_hicp_midx_cp045_i15_2010_2025_2026_02_06,2026-02-06,2026-07-18T13:36:09.327867+00:00|2026-07-18T13:36:12.596560+00:00,107.60666666666667,129.6966666666667,3,3,True,True
BEL,2019Q1,eurostat_hicp_midx_cp00_i15_2010_2019_2026_02_06|eurostat_hicp_midx_cp045_i15_2010_2025_2026_02_06,2026-02-06,2026-07-18T13:36:09.327867+00:00|2026-07-18T13:36:12.596560+00:00,107.05666666666667,122.76666666666667,3,3,True,True
BEL,2019Q2,eurostat_hicp_midx_cp00_i15_2010_2019_2026_02_06|eurostat_hicp_midx_cp045_i15_2010_2025_2026_02_06,2026-02-06,2026-07-18T13:36:09.327867+00:00|2026-07-18T13:36:12.596560+00:00,108.12,119.32666666666667,3,3,True,True
BEL,2019Q3,eurostat_hicp_midx_cp00_i15_2010_2019_2026_02_06|eurostat_hicp_midx_cp045_i15_2010_2025_2026_02_06,2026-02-06,2026-07-18T13:36:09.327867+00:00|2026-07-18T13:36:12.596560+00:00,107.75,116.15333333333332,3,3,True,True
BEL,2019Q4,eurostat_hicp_midx_cp00_i15_2010_2019_2026_02_06|eurostat_hicp_midx_cp045_i15_2010_2025_2026_02_06,2026-02-06,2026-07-18T13:36:09.327867+00:00|2026-07-18T13:36:12.596560+00:00,108.13666666666666,117.42999999999999,3,3,True,True
BEL,2020Q1,eurostat_hicp_midx_cp00_i15_2026_02_06|eurostat_hicp_midx_cp045_i15_2010_2025_2026_02_06,2026-02-06,2026-07-18T13:22:23.066990+00:00|2026-07-18T13:36:12.596560+00:00,108.07666666666667,111.16000000000001,3,3,True,True
BEL,2020Q2,eurostat_hicp_midx_cp00_i15_2026_02_06|eurostat_hicp_midx_cp045_i15_2010_2025_2026_02_06,2026-02-06,2026-07-18T13:22:23.066990+00:00|2026-07-18T13:36:12.596560+00:00,108.11666666666667,99.87333333333333,3,3,True,True
BEL,2020Q3,eurostat_hicp_midx_cp00_i15_2026_02_06|eurostat_hicp_midx_cp045_i15_2010_2025_2026_02_06,2026-02-06,2026-07-18T13:22:23.066990+00:00|2026-07-18T13:36:12.596560+00:00,108.21333333333332,101.11333333333334,3,3,True,True
BEL,2020Q4,eurostat_hicp_midx_cp00_i15_2026_02_06|eurostat_hicp_midx_cp045_i15_2010_2025_2026_02_06,2026-02-06,2026-07-18T13:22:23.066990+00:00|2026-07-18T13:36:12.596560+00:00,108.5,104.52,3,3,True,True
BEL,2021Q1,eurostat_hicp_midx_cp00_i15_2026_02_06|eurostat_hicp_midx_cp045_i15_2010_2025_2026_02_06,2026-02-06,2026-07-18T13:22:23.066990+00:00|2026-07-18T13:36:12.596560+00:00,108.99,112.45333333333333,3,3,True,True
BEL,2021Q2,eurostat_hicp_midx_cp00_i15_2026_02_06|eurostat_hicp_midx_cp045_i15_2010_2025_2026_02_06,2026-02-06,2026-07-18T13:22:23.066990+00:00|2026-07-18T13:36:12.596560+00:00,110.68333333333334,117.48,3,3,True,True
BEL,2021Q3,eurostat_hicp_midx_cp00_i15_2026_02_06|eurostat_hicp_midx_cp045_i15_2010_2025_2026_02_06,2026-02-06,2026-07-18T13:22:23.066990+00:00|2026-07-18T13:36:12.596560+00:00,111.77999999999999,129.93,3,3,True,True
BEL,2021Q4,eurostat_hicp_midx_cp00_i15_2026_02_06|eurostat_hicp_midx_cp045_i15_2010_2025_2026_02_06,2026-02-06,2026-07-18T13:22:23.066990+00:00|2026-07-18T13:36:12.596560+00:00,115.40333333333335,163.64,3,3,True,True
BEL,2022Q1,eurostat_hicp_midx_cp00_i15_2026_02_06|eurostat_hicp_midx_cp045_i15_2010_2025_2026_02_06,2026-02-06,2026-07-18T13:22:23.066990+00:00|2026-07-18T13:36:12.596560+00:00,118.92,206.54999999999998,3,3,True,True
BEL,2022Q2,eurostat_hicp_midx_cp00_i15_2026_02_06|eurostat_hicp_midx_cp045_i15_2010_2025_2026_02_06,2026-02-06,2026-07-18T13:22:23.066990+00:00|2026-07-18T13:36:12.596560+00:00,121.67999999999999,209.4,3,3,True,True
BEL,2022Q3,eurostat_hicp_midx_cp00_i15_2026_02_06|eurostat_hicp_midx_cp045_i15_2010_2025_2026_02_06,2026-02-06,2026-07-18T13:22:23.066990+00:00|2026-07-18T13:36:12.596560+00:00,124.05666666666667,228.3033333333333,3,3,True,True
BEL,2022Q4,eurostat_hicp_midx_cp00_i15_2026_02_06|eurostat_hicp_midx_cp045_i15_2010_2025_2026_02_06,2026-02-06,2026-07-18T13:22:23.066990+00:00|2026-07-18T13:36:12.596560+00:00,128.38,262.39000000000004,3,3,True,True
BEL,2023Q1,eurostat_hicp_midx_cp00_i15_2026_02_06|eurostat_hicp_midx_cp045_i15_2010_2025_2026_02_06,2026-02-06,2026-07-18T13:22:23.066990+00:00|2026-07-18T13:36:12.596560+00:00,125.96,177.35666666666665,3,3,True,True
BEL,2023Q2,eurostat_hicp_midx_cp00_i15_2026_02_06|eurostat_hicp_midx_cp045_i15_2010_2025_2026_02_06,2026-02-06,2026-07-18T13:22:23.066990+00:00|2026-07-18T13:36:12.596560+00:00,124.78333333333335,126.19,3,3,True,True
BEL,2023Q3,eurostat_hicp_midx_cp00_i15_2026_02_06|eurostat_hicp_midx_cp045_i15_2010_2025_2026_02_06,2026-02-06,2026-07-18T13:22:23.066990+00:00|2026-07-18T13:36:12.596560+00:00,125.99333333333334,132.86333333333334,3,3,True,True
BEL,2023Q4,eurostat_hicp_midx_cp00_i15_2026_02_06|eurostat_hicp_midx_cp045_i15_2010_2025_2026_02_06,2026-02-06,2026-07-18T13:22:23.066990+00:00|2026-07-18T13:36:12.596560+00:00,127.55,141.64333333333335,3,3,True,True
BEL,2024Q1,eurostat_hicp_midx_cp00_i15_2026_02_06|eurostat_hicp_midx_cp045_i15_2010_2025_2026_02_06,2026-02-06,2026-07-18T13:22:23.066990+00:00|2026-07-18T13:36:12.596560+00:00,129.70000000000002,159.04666666666665,3,3,True,True
BEL,2024Q2,eurostat_hicp_midx_cp00_i15_2026_02_06|eurostat_hicp_midx_cp045_i15_2010_2025_2026_02_06,2026-02-06,2026-07-18T13:22:23.066990+00:00|2026-07-18T13:36:12.596560+00:00,131.08666666666667,165.44333333333333,3,3,True,True
BEL,2024Q3,eurostat_hicp_midx_cp00_i15_2026_02_06|eurostat_hicp_midx_cp045_i15_2010_2025_2026_02_06,2026-02-06,2026-07-18T13:22:23.066990+00:00|2026-07-18T13:36:12.596560+00:00,131.9,169.41333333333333,3,3,True,True
BEL,2024Q4,eurostat_hicp_midx_cp00_i15_2026_02_06|eurostat_hicp_midx_cp045_i15_2010_2025_2026_02_06,2026-02-06,2026-07-18T13:22:23.066990+00:00|2026-07-18T13:36:12.596560+00:00,133.38333333333333,175.53333333333333,3,3,True,True
BEL,2025Q1,eurostat_hicp_midx_cp00_i15_2026_02_06|eurostat_hicp_midx_cp045_i15_2010_2025_2026_02_06,2026-02-06,2026-07-18T13:22:23.066990+00:00|2026-07-18T13:36:12.596560+00:00,135.03333333333333,194.33,3,3,True,True
BEL,2025Q2,eurostat_hicp_midx_cp00_i15_2026_02_06|eurostat_hicp_midx_cp045_i15_2010_2025_2026_02_06,2026-02-06,2026-07-18T13:22:23.066990+00:00|2026-07-18T13:36:12.596560+00:00,134.92666666666665,178.74666666666667,3,3,True,True
BEL,2025Q3,eurostat_hicp_midx_cp00_i15_2026_02_06|eurostat_hicp_midx_cp045_i15_2010_2025_2026_02_06,2026-02-06,2026-07-18T13:22:23.066990+00:00|2026-07-18T13:36:12.596560+00:00,135.37333333333333,176.74,3,3,True,True
BEL,2025Q4,eurostat_hicp_midx_cp00_i15_2026_02_06|eurostat_hicp_midx_cp045_i15_2010_2025_2026_02_06,2026-02-06,2026-07-18T13:22:23.066990+00:00|2026-07-18T13:36:12.596560+00:00,136.63666666666666,174.37666666666667,3,3,True,True
BGR,2010Q1,eurostat_hicp_midx_cp00_i15_2010_2019_2026_02_06|eurostat_hicp_midx_cp045_i15_2010_2025_2026_02_06,2026-02-06,2026-07-18T13:36:09.327867+00:00|2026-07-18T13:36:12.596560+00:00,95.24666666666667,88.07,3,3,True,True
BGR,2010Q2,eurostat_hicp_midx_cp00_i15_2010_2019_2026_02_06|eurostat_hicp_midx_cp045_i15_2010_2025_2026_02_06,2026-02-06,2026-07-18T13:36:09.327867+00:00|2026-07-18T13:36:12.596560+00:00,96.54666666666667,88.44666666666667,3,3,True,True
BGR,2010Q3,eurostat_hicp_midx_cp00_i15_2010_2019_2026_02_06|eurostat_hicp_midx_cp045_i15_2010_2025_2026_02_06,2026-02-06,2026-07-18T13:36:09.327867+00:00|2026-07-18T13:36:12.596560+00:00,96.94666666666667,90.36666666666667,3,3,True,True
BGR,2010Q4,eurostat_hicp_midx_cp00_i15_2010_2019_2026_02_06|eurostat_hicp_midx_cp045_i15_2010_2025_2026_02_06,2026-02-06,2026-07-18T13:36:09.327867+00:00|2026-07-18T13:36:12.596560+00:00,97.91666666666667,91.39666666666666,3,3,True,True
BGR,2011Q1,eurostat_hicp_midx_cp00_i15_2010_2019_2026_02_06|eurostat_hicp_midx_cp045_i15_2010_2025_2026_02_06,2026-02-06,2026-07-18T13:36:09.327867+00:00|2026-07-18T13:36:12.596560+00:00,99.53333333333335,91.06333333333333,3,3,True,True
BGR,2011Q2,eurostat_hicp_midx_cp00_i15_2010_2019_2026_02_06|eurostat_hicp_midx_cp045_i15_2010_2025_2026_02_06,2026-02-06,2026-07-18T13:36:09.327867+00:00|2026-07-18T13:36:12.596560+00:00,99.85333333333334,91.08333333333333,3,3,True,True
BGR,2011Q3,eurostat_hicp_midx_cp00_i15_2010_2019_2026_02_06|eurostat_hicp_midx_cp045_i15_2010_2025_2026_02_06,2026-02-06,2026-07-18T13:36:09.327867+00:00|2026-07-18T13:36:12.596560+00:00,99.96333333333332,92.92666666666666,3,3,True,True
BGR,2011Q4,eurostat_hicp_midx_cp00_i15_2010_2019_2026_02_06|eurostat_hicp_midx_cp045_i15_2010_2025_2026_02_06,2026-02-06,2026-07-18T13:36:09.327867+00:00|2026-07-18T13:36:12.596560+00:00,100.39999999999999,93.84666666666665,3,3,True,True
BGR,2012Q1,eurostat_hicp_midx_cp00_i15_2010_2019_2026_02_06|eurostat_hicp_midx_cp045_i15_2010_2025_2026_02_06,2026-02-06,2026-07-18T13:36:09.327867+00:00|2026-07-18T13:36:12.596560+00:00,101.40666666666668,94.54,3,3,True,True
BGR,2012Q2,eurostat_hicp_midx_cp00_i15_2010_2019_2026_02_06|eurostat_hicp_midx_cp045_i15_2010_2025_2026_02_06,2026-02-06,2026-07-18T13:36:09.327867+00:00|2026-07-18T13:36:12.596560+00:00,101.68666666666667,96.11,3,3,True,True
BGR,2012Q3,eurostat_hicp_midx_cp00_i15_2010_2019_2026_02_06|eurostat_hicp_midx_cp045_i15_2010_2025_2026_02_06,2026-02-06,2026-07-18T13:36:09.327867+00:00|2026-07-18T13:36:12.596560+00:00,102.95666666666666,105.34333333333332,3,3,True,True
BGR,2012Q4,eurostat_hicp_midx_cp00_i15_2010_2019_2026_02_06|eurostat_hicp_midx_cp045_i15_2010_2025_2026_02_06,2026-02-06,2026-07-18T13:36:09.327867+00:00|2026-07-18T13:36:12.596560+00:00,103.25666666666666,105.87,3,3,True,True
BGR,2013Q1,eurostat_hicp_midx_cp00_i15_2010_2019_2026_02_06|eurostat_hicp_midx_cp045_i15_2010_2025_2026_02_06,2026-02-06,2026-07-18T13:36:09.327867+00:00|2026-07-18T13:36:12.596560+00:00,103.58999999999999,103.08333333333333,3,3,True,True
BGR,2013Q2,eurostat_hicp_midx_cp00_i15_2010_2019_2026_02_06|eurostat_hicp_midx_cp045_i15_2010_2025_2026_02_06,2026-02-06,2026-07-18T13:36:09.327867+00:00|2026-07-18T13:36:12.596560+00:00,102.77,98.21,3,3,True,True
BGR,2013Q3,eurostat_hicp_midx_cp00_i15_2010_2019_2026_02_06|eurostat_hicp_midx_cp045_i15_2010_2025_2026_02_06,2026-02-06,2026-07-18T13:36:09.327867+00:00|2026-07-18T13:36:12.596560+00:00,102.27,95.94333333333333,3,3,True,True
BGR,2013Q4,eurostat_hicp_midx_cp00_i15_2010_2019_2026_02_06|eurostat_hicp_midx_cp045_i15_2010_2025_2026_02_06,2026-02-06,2026-07-18T13:36:09.327867+00:00|2026-07-18T13:36:12.596560+00:00,102.25333333333333,94.76666666666667,3,3,True,True
BGR,2014Q1,eurostat_hicp_midx_cp00_i15_2010_2019_2026_02_06|eurostat_hicp_midx_cp045_i15_2010_2025_2026_02_06,2026-02-06,2026-07-18T13:36:09.327867+00:00|2026-07-18T13:36:12.596560+00:00,101.71333333333332,92.79,3,3,True,True
BGR,2014Q2,eurostat_hicp_midx_cp00_i15_2010_2019_2026_02_06|eurostat_hicp_midx_cp045_i15_2010_2025_2026_02_06,2026-02-06,2026-07-18T13:36:09.327867+00:00|2026-07-18T13:36:12.596560+00:00,101.09666666666668,92.61666666666667,3,3,True,True
BGR,2014Q3,eurostat_hicp_midx_cp00_i15_2010_2019_2026_02_06|eurostat_hicp_midx_cp045_i15_2010_2025_2026_02_06,2026-02-06,2026-07-18T13:36:09.327867+00:00|2026-07-18T13:36:12.596560+00:00,101.06333333333333,93.99666666666667,3,3,True,True
BGR,2014Q4,eurostat_hicp_midx_cp00_i15_2010_2019_2026_02_06|eurostat_hicp_midx_cp045_i15_2010_2025_2026_02_06,2026-02-06,2026-07-18T13:36:09.327867+00:00|2026-07-18T13:36:12.596560+00:00,100.43333333333334,101.23666666666668,3,3,True,True
BGR,2015Q1,eurostat_hicp_midx_cp00_i15_2010_2019_2026_02_06|eurostat_hicp_midx_cp045_i15_2010_2025_2026_02_06,2026-02-06,2026-07-18T13:36:09.327867+00:00|2026-07-18T13:36:12.596560+00:00,99.95,101.28000000000002,3,3,True,True
BGR,2015Q2,eurostat_hicp_midx_cp00_i15_2010_2019_2026_02_06|eurostat_hicp_midx_cp045_i15_2010_2025_2026_02_06,2026-02-06,2026-07-18T13:36:09.327867+00:00|2026-07-18T13:36:12.596560+00:00,100.50333333333333,100.13,3,3,True,True
BGR,2015Q3,eurostat_hicp_midx_cp00_i15_2010_2019_2026_02_06|eurostat_hicp_midx_cp045_i15_2010_2025_2026_02_06,2026-02-06,2026-07-18T13:36:09.327867+00:00|2026-07-18T13:36:12.596560+00:00,100.12333333333333,99.53333333333335,3,3,True,True
BGR,2015Q4,eurostat_hicp_midx_cp00_i15_2010_2019_2026_02_06|eurostat_hicp_midx_cp045_i15_2010_2025_2026_02_06,2026-02-06,2026-07-18T13:36:09.327867+00:00|2026-07-18T13:36:12.596560+00:00,99.41666666666667,99.05333333333333,3,3,True,True
BGR,2016Q1,eurostat_hicp_midx_cp00_i15_2010_2019_2026_02_06|eurostat_hicp_midx_cp045_i15_2010_2025_2026_02_06,2026-02-06,2026-07-18T13:36:09.327867+00:00|2026-07-18T13:36:12.596560+00:00,98.85666666666667,98.85333333333334,3,3,True,True
BGR,2016Q2,eurostat_hicp_midx_cp00_i15_2010_2019_2026_02_06|eurostat_hicp_midx_cp045_i15_2010_2025_2026_02_06,2026-02-06,2026-07-18T13:36:09.327867+00:00|2026-07-18T13:36:12.596560+00:00,98.17666666666666,97.75333333333333,3,3,True,True
BGR,2016Q3,eurostat_hicp_midx_cp00_i15_2010_2019_2026_02_06|eurostat_hicp_midx_cp045_i15_2010_2025_2026_02_06,2026-02-06,2026-07-18T13:36:09.327867+00:00|2026-07-18T13:36:12.596560+00:00,99.03000000000002,97.70666666666666,3,3,True,True
BGR,2016Q4,eurostat_hicp_midx_cp00_i15_2010_2019_2026_02_06|eurostat_hicp_midx_cp045_i15_2010_2025_2026_02_06,2026-02-06,2026-07-18T13:36:09.327867+00:00|2026-07-18T13:36:12.596560+00:00,98.63999999999999,97.83333333333333,3,3,True,True
BGR,2017Q1,eurostat_hicp_midx_cp00_i15_2010_2019_2026_02_06|eurostat_hicp_midx_cp045_i15_2010_2025_2026_02_06,2026-02-06,2026-07-18T13:36:09.327867+00:00|2026-07-18T13:36:12.596560+00:00,99.61666666666667,98.56,3,3,True,True
BGR,2017Q2,eurostat_hicp_midx_cp00_i15_2010_2019_2026_02_06|eurostat_hicp_midx_cp045_i15_2010_2025_2026_02_06,2026-02-06,2026-07-18T13:36:09.327867+00:00|2026-07-18T13:36:12.596560+00:00,99.53666666666668,101.0,3,3,True,True
BGR,2017Q3,eurostat_hicp_midx_cp00_i15_2010_2019_2026_02_06|eurostat_hicp_midx_cp045_i15_2010_2025_2026_02_06,2026-02-06,2026-07-18T13:36:09.327867+00:00|2026-07-18T13:36:12.596560+00:00,99.89666666666666,102.31333333333333,3,3,True,True
BGR,2017Q4,eurostat_hicp_midx_cp00_i15_2010_2019_2026_02_06|eurostat_hicp_midx_cp045_i15_2010_2025_2026_02_06,2026-02-06,2026-07-18T13:36:09.327867+00:00|2026-07-18T13:36:12.596560+00:00,100.34333333333332,103.49000000000001,3,3,True,True
BGR,2018Q1,eurostat_hicp_midx_cp00_i15_2010_2019_2026_02_06|eurostat_hicp_midx_cp045_i15_2010_2025_2026_02_06,2026-02-06,2026-07-18T13:36:09.327867+00:00|2026-07-18T13:36:12.596560+00:00,101.17333333333333,103.92666666666666,3,3,True,True
BGR,2018Q2,eurostat_hicp_midx_cp00_i15_2010_2019_2026_02_06|eurostat_hicp_midx_cp045_i15_2010_2025_2026_02_06,2026-02-06,2026-07-18T13:36:09.327867+00:00|2026-07-18T13:36:12.596560+00:00,101.87666666666667,103.83,3,3,True,True
BGR,2018Q3,eurostat_hicp_midx_cp00_i15_2010_2019_2026_02_06|eurostat_hicp_midx_cp045_i15_2010_2025_2026_02_06,2026-02-06,2026-07-18T13:36:09.327867+00:00|2026-07-18T13:36:12.596560+00:00,103.51666666666667,106.22333333333331,3,3,True,True
BGR,2018Q4,eurostat_hicp_midx_cp00_i15_2010_2019_2026_02_06|eurostat_hicp_midx_cp045_i15_2010_2025_2026_02_06,2026-02-06,2026-07-18T13:36:09.327867+00:00|2026-07-18T13:36:12.596560+00:00,103.33666666666666,108.57333333333334,3,3,True,True
BGR,2019Q1,eurostat_hicp_midx_cp00_i15_2010_2019_2026_02_06|eurostat_hicp_midx_cp045_i15_2010_2025_2026_02_06,2026-02-06,2026-07-18T13:36:09.327867+00:00|2026-07-18T13:36:12.596560+00:00,103.70333333333333,109.14333333333333,3,3,True,True
BGR,2019Q2,eurostat_hicp_midx_cp00_i15_2010_2019_2026_02_06|eurostat_hicp_midx_cp045_i15_2010_2025_2026_02_06,2026-02-06,2026-07-18T13:36:09.327867+00:00|2026-07-18T13:36:12.596560+00:00,104.69666666666667,108.71666666666665,3,3,True,True
BGR,2019Q3,eurostat_hicp_midx_cp00_i15_2010_2019_2026_02_06|eurostat_hicp_midx_cp045_i15_2010_2025_2026_02_06,2026-02-06,2026-07-18T13:36:09.327867+00:00|2026-07-18T13:36:12.596560+00:00,105.84333333333332,110.67333333333333,3,3,True,True
BGR,2019Q4,eurostat_hicp_midx_cp00_i15_2010_2019_2026_02_06|eurostat_hicp_midx_cp045_i15_2010_2025_2026_02_06,2026-02-06,2026-07-18T13:36:09.327867+00:00|2026-07-18T13:36:12.596560+00:00,105.73333333333333,111.18333333333334,3,3,True,True
BGR,2020Q1,eurostat_hicp_midx_cp00_i15_2026_02_06|eurostat_hicp_midx_cp045_i15_2010_2025_2026_02_06,2026-02-06,2026-07-18T13:22:23.066990+00:00|2026-07-18T13:36:12.596560+00:00,106.78333333333335,111.09333333333332,3,3,True,True
BGR,2020Q2,eurostat_hicp_midx_cp00_i15_2026_02_06|eurostat_hicp_midx_cp045_i15_2010_2025_2026_02_06,2026-02-06,2026-07-18T13:22:23.066990+00:00|2026-07-18T13:36:12.596560+00:00,105.82000000000001,107.29333333333334,3,3,True,True
BGR,2020Q3,eurostat_hicp_midx_cp00_i15_2026_02_06|eurostat_hicp_midx_cp045_i15_2010_2025_2026_02_06,2026-02-06,2026-07-18T13:22:23.066990+00:00|2026-07-18T13:36:12.596560+00:00,106.43,109.89,3,3,True,True
BGR,2020Q4,eurostat_hicp_midx_cp00_i15_2026_02_06|eurostat_hicp_midx_cp045_i15_2010_2025_2026_02_06,2026-02-06,2026-07-18T13:22:23.066990+00:00|2026-07-18T13:36:12.596560+00:00,106.06333333333333,110.72666666666667,3,3,True,True
BGR,2021Q1,eurostat_hicp_midx_cp00_i15_2026_02_06|eurostat_hicp_midx_cp045_i15_2010_2025_2026_02_06,2026-02-06,2026-07-18T13:22:23.066990+00:00|2026-07-18T13:36:12.596560+00:00,107.02666666666666,111.10333333333334,3,3,True,True
BGR,2021Q2,eurostat_hicp_midx_cp00_i15_2026_02_06|eurostat_hicp_midx_cp045_i15_2010_2025_2026_02_06,2026-02-06,2026-07-18T13:22:23.066990+00:00|2026-07-18T13:36:12.596560+00:00,108.17,111.48,3,3,True,True
BGR,2021Q3,eurostat_hicp_midx_cp00_i15_2026_02_06|eurostat_hicp_midx_cp045_i15_2010_2025_2026_02_06,2026-02-06,2026-07-18T13:22:23.066990+00:00|2026-07-18T13:36:12.596560+00:00,109.54,117.15333333333332,3,3,True,True
BGR,2021Q4,eurostat_hicp_midx_cp00_i15_2026_02_06|eurostat_hicp_midx_cp045_i15_2010_2025_2026_02_06,2026-02-06,2026-07-18T13:22:23.066990+00:00|2026-07-18T13:36:12.596560+00:00,112.44333333333333,125.37333333333333,3,3,True,True
BGR,2022Q1,eurostat_hicp_midx_cp00_i15_2026_02_06|eurostat_hicp_midx_cp045_i15_2010_2025_2026_02_06,2026-02-06,2026-07-18T13:22:23.066990+00:00|2026-07-18T13:36:12.596560+00:00,116.51666666666667,129.20666666666668,3,3,True,True
BGR,2022Q2,eurostat_hicp_midx_cp00_i15_2026_02_06|eurostat_hicp_midx_cp045_i15_2010_2025_2026_02_06,2026-02-06,2026-07-18T13:22:23.066990+00:00|2026-07-18T13:36:12.596560+00:00,122.67333333333333,134.20666666666668,3,3,True,True
BGR,2022Q3,eurostat_hicp_midx_cp00_i15_2026_02_06|eurostat_hicp_midx_cp045_i15_2010_2025_2026_02_06,2026-02-06,2026-07-18T13:22:23.066990+00:00|2026-07-18T13:36:12.596560+00:00,126.16000000000001,154.03333333333333,3,3,True,True
BGR,2022Q4,eurostat_hicp_midx_cp00_i15_2026_02_06|eurostat_hicp_midx_cp045_i15_2010_2025_2026_02_06,2026-02-06,2026-07-18T13:22:23.066990+00:00|2026-07-18T13:36:12.596560+00:00,128.74666666666667,152.51666666666665,3,3,True,True
BGR,2023Q1,eurostat_hicp_midx_cp00_i15_2026_02_06|eurostat_hicp_midx_cp045_i15_2010_2025_2026_02_06,2026-02-06,2026-07-18T13:22:23.066990+00:00|2026-07-18T13:36:12.596560+00:00,132.07333333333335,149.99333333333334,3,3,True,True
BGR,2023Q2,eurostat_hicp_midx_cp00_i15_2026_02_06|eurostat_hicp_midx_cp045_i15_2010_2025_2026_02_06,2026-02-06,2026-07-18T13:22:23.066990+00:00|2026-07-18T13:36:12.596560+00:00,133.46,146.27666666666667,3,3,True,True
BGR,2023Q3,eurostat_hicp_midx_cp00_i15_2026_02_06|eurostat_hicp_midx_cp045_i15_2010_2025_2026_02_06,2026-02-06,2026-07-18T13:22:23.066990+00:00|2026-07-18T13:36:12.596560+00:00,135.26000000000002,147.74333333333334,3,3,True,True
BGR,2023Q4,eurostat_hicp_midx_cp00_i15_2026_02_06|eurostat_hicp_midx_cp045_i15_2010_2025_2026_02_06,2026-02-06,2026-07-18T13:22:23.066990+00:00|2026-07-18T13:36:12.596560+00:00,135.79,148.47666666666666,3,3,True,True
BGR,2024Q1,eurostat_hicp_midx_cp00_i15_2026_02_06|eurostat_hicp_midx_cp045_i15_2010_2025_2026_02_06,2026-02-06,2026-07-18T13:22:23.066990+00:00|2026-07-18T13:36:12.596560+00:00,136.68666666666667,148.20333333333335,3,3,True,True
BGR,2024Q2,eurostat_hicp_midx_cp00_i15_2026_02_06|eurostat_hicp_midx_cp045_i15_2010_2025_2026_02_06,2026-02-06,2026-07-18T13:22:23.066990+00:00|2026-07-18T13:36:12.596560+00:00,137.00333333333333,146.17333333333332,3,3,True,True
BGR,2024Q3,eurostat_hicp_midx_cp00_i15_2026_02_06|eurostat_hicp_midx_cp045_i15_2010_2025_2026_02_06,2026-02-06,2026-07-18T13:22:23.066990+00:00|2026-07-18T13:36:12.596560+00:00,138.27666666666667,146.49,3,3,True,True
BGR,2024Q4,eurostat_hicp_midx_cp00_i15_2026_02_06|eurostat_hicp_midx_cp045_i15_2010_2025_2026_02_06,2026-02-06,2026-07-18T13:22:23.066990+00:00|2026-07-18T13:36:12.596560+00:00,138.5533333333333,146.35333333333332,3,3,True,True
BGR,2025Q1,eurostat_hicp_midx_cp00_i15_2026_02_06|eurostat_hicp_midx_cp045_i15_2010_2025_2026_02_06,2026-02-06,2026-07-18T13:22:23.066990+00:00|2026-07-18T13:36:12.596560+00:00,142.03,154.32666666666668,3,3,True,True
BGR,2025Q2,eurostat_hicp_midx_cp00_i15_2026_02_06|eurostat_hicp_midx_cp045_i15_2010_2025_2026_02_06,2026-02-06,2026-07-18T13:22:23.066990+00:00|2026-07-18T13:36:12.596560+00:00,141.01333333333332,153.01333333333332,3,3,True,True
BGR,2025Q3,eurostat_hicp_midx_cp00_i15_2026_02_06|eurostat_hicp_midx_cp045_i15_2010_2025_2026_02_06,2026-02-06,2026-07-18T13:22:23.066990+00:00|2026-07-18T13:36:12.596560+00:00,143.32666666666668,156.67,3,3,True,True
BGR,2025Q4,eurostat_hicp_midx_cp00_i15_2026_02_06|eurostat_hicp_midx_cp045_i15_2010_2025_2026_02_06,2026-02-06,2026-07-18T13:22:23.066990+00:00|2026-07-18T13:36:12.596560+00:00,143.63,156.97,3,3,True,True
CYP,2010Q1,eurostat_hicp_midx_cp00_i15_2010_2019_2026_02_06|eurostat_hicp_midx_cp045_i15_2010_2025_2026_02_06,2026-02-06,2026-07-18T13:36:09.327867+00:00|2026-07-18T13:36:12.596560+00:00,93.33,95.21999999999998,3,3,True,True
CYP,2010Q2,eurostat_hicp_midx_cp00_i15_2010_2019_2026_02_06|eurostat_hicp_midx_cp045_i15_2010_2025_2026_02_06,2026-02-06,2026-07-18T13:36:09.327867+00:00|2026-07-18T13:36:12.596560+00:00,95.16333333333334,101.58,3,3,True,True
CYP,2010Q3,eurostat_hicp_midx_cp00_i15_2010_2019_2026_02_06|eurostat_hicp_midx_cp045_i15_2010_2025_2026_02_06,2026-02-06,2026-07-18T13:36:09.327867+00:00|2026-07-18T13:36:12.596560+00:00,95.46666666666665,105.03333333333335,3,3,True,True
CYP,2010Q4,eurostat_hicp_midx_cp00_i15_2010_2019_2026_02_06|eurostat_hicp_midx_cp045_i15_2010_2025_2026_02_06,2026-02-06,2026-07-18T13:36:09.327867+00:00|2026-07-18T13:36:12.596560+00:00,96.38666666666666,106.78333333333335,3,3,True,True
CYP,2011Q1,eurostat_hicp_midx_cp00_i15_2010_2019_2026_02_06|eurostat_hicp_midx_cp045_i15_2010_2025_2026_02_06,2026-02-06,2026-07-18T13:36:09.327867+00:00|2026-07-18T13:36:12.596560+00:00,96.25999999999999,108.54666666666667,3,3,True,True
CYP,2011Q2,eurostat_hicp_midx_cp00_i15_2010_2019_2026_02_06|eurostat_hicp_midx_cp045_i15_2010_2025_2026_02_06,2026-02-06,2026-07-18T13:36:09.327867+00:00|2026-07-18T13:36:12.596560+00:00,99.04333333333334,116.91666666666667,3,3,True,True
CYP,2011Q3,eurostat_hicp_midx_cp00_i15_2010_2019_2026_02_06|eurostat_hicp_midx_cp045_i15_2010_2025_2026_02_06,2026-02-06,2026-07-18T13:36:09.327867+00:00|2026-07-18T13:36:12.596560+00:00,98.25999999999999,122.87333333333333,3,3,True,True
CYP,2011Q4,eurostat_hicp_midx_cp00_i15_2010_2019_2026_02_06|eurostat_hicp_midx_cp045_i15_2010_2025_2026_02_06,2026-02-06,2026-07-18T13:36:09.327867+00:00|2026-07-18T13:36:12.596560+00:00,100.04333333333334,131.80333333333334,3,3,True,True
CYP,2012Q1,eurostat_hicp_midx_cp00_i15_2010_2019_2026_02_06|eurostat_hicp_midx_cp045_i15_2010_2025_2026_02_06,2026-02-06,2026-07-18T13:36:09.327867+00:00|2026-07-18T13:36:12.596560+00:00,99.38333333333333,139.01,3,3,True,True
CYP,2012Q2,eurostat_hicp_midx_cp00_i15_2010_2019_2026_02_06|eurostat_hicp_midx_cp045_i15_2010_2025_2026_02_06,2026-02-06,2026-07-18T13:36:09.327867+00:00|2026-07-18T13:36:12.596560+00:00,102.40666666666668,148.41333333333333,3,3,True,True
CYP,2012Q3,eurostat_hicp_midx_cp00_i15_2010_2019_2026_02_06|eurostat_hicp_midx_cp045_i15_2010_2025_2026_02_06,2026-02-06,2026-07-18T13:36:09.327867+00:00|2026-07-18T13:36:12.596560+00:00,102.14333333333333,146.54666666666665,3,3,True,True
CYP,2012Q4,eurostat_hicp_midx_cp00_i15_2010_2019_2026_02_06|eurostat_hicp_midx_cp045_i15_2010_2025_2026_02_06,2026-02-06,2026-07-18T13:36:09.327867+00:00|2026-07-18T13:36:12.596560+00:00,101.87,147.12333333333333,3,3,True,True
CYP,2013Q1,eurostat_hicp_midx_cp00_i15_2010_2019_2026_02_06|eurostat_hicp_midx_cp045_i15_2010_2025_2026_02_06,2026-02-06,2026-07-18T13:36:09.327867+00:00|2026-07-18T13:36:12.596560+00:00,101.08666666666666,145.39,3,3,True,True
CYP,2013Q2,eurostat_hicp_midx_cp00_i15_2010_2019_2026_02_06|eurostat_hicp_midx_cp045_i15_2010_2025_2026_02_06,2026-02-06,2026-07-18T13:36:09.327867+00:00|2026-07-18T13:36:12.596560+00:00,102.76333333333334,137.65,3,3,True,True
CYP,2013Q3,eurostat_hicp_midx_cp00_i15_2010_2019_2026_02_06|eurostat_hicp_midx_cp045_i15_2010_2025_2026_02_06,2026-02-06,2026-07-18T13:36:09.327867+00:00|2026-07-18T13:36:12.596560+00:00,102.49666666666667,132.10666666666665,3,3,True,True
CYP,2013Q4,eurostat_hicp_midx_cp00_i15_2010_2019_2026_02_06|eurostat_hicp_midx_cp045_i15_2010_2025_2026_02_06,2026-02-06,2026-07-18T13:36:09.327867+00:00|2026-07-18T13:36:12.596560+00:00,101.00666666666666,127.75333333333333,3,3,True,True
CYP,2014Q1,eurostat_hicp_midx_cp00_i15_2010_2019_2026_02_06|eurostat_hicp_midx_cp045_i15_2010_2025_2026_02_06,2026-02-06,2026-07-18T13:36:09.327867+00:00|2026-07-18T13:36:12.596560+00:00,99.83666666666666,123.27333333333333,3,3,True,True
CYP,2014Q2,eurostat_hicp_midx_cp00_i15_2010_2019_2026_02_06|eurostat_hicp_midx_cp045_i15_2010_2025_2026_02_06,2026-02-06,2026-07-18T13:36:09.327867+00:00|2026-07-18T13:36:12.596560+00:00,102.61,123.25666666666666,3,3,True,True
CYP,2014Q3,eurostat_hicp_midx_cp00_i15_2010_2019_2026_02_06|eurostat_hicp_midx_cp045_i15_2010_2025_2026_02_06,2026-02-06,2026-07-18T13:36:09.327867+00:00|2026-07-18T13:36:12.596560+00:00,103.07333333333334,126.36,3,3,True,True
CYP,2014Q4,eurostat_hicp_midx_cp00_i15_2010_2019_2026_02_06|eurostat_hicp_midx_cp045_i15_2010_2025_2026_02_06,2026-02-06,2026-07-18T13:36:09.327867+00:00|2026-07-18T13:36:12.596560+00:00,100.77333333333333,120.80666666666667,3,3,True,True
CYP,2015Q1,eurostat_hicp_midx_cp00_i15_2010_2019_2026_02_06|eurostat_hicp_midx_cp045_i15_2010_2025_2026_02_06,2026-02-06,2026-07-18T13:36:09.327867+00:00|2026-07-18T13:36:12.596560+00:00,98.88333333333333,107.21999999999998,3,3,True,True
CYP,2015Q2,eurostat_hicp_midx_cp00_i15_2010_2019_2026_02_06|eurostat_hicp_midx_cp045_i15_2010_2025_2026_02_06,2026-02-06,2026-07-18T13:36:09.327867+00:00|2026-07-18T13:36:12.596560+00:00,100.71333333333332,99.28333333333335,3,3,True,True
CYP,2015Q3,eurostat_hicp_midx_cp00_i15_2010_2019_2026_02_06|eurostat_hicp_midx_cp045_i15_2010_2025_2026_02_06,2026-02-06,2026-07-18T13:36:09.327867+00:00|2026-07-18T13:36:12.596560+00:00,100.93333333333334,100.03666666666668,3,3,True,True
CYP,2015Q4,eurostat_hicp_midx_cp00_i15_2010_2019_2026_02_06|eurostat_hicp_midx_cp045_i15_2010_2025_2026_02_06,2026-02-06,2026-07-18T13:36:09.327867+00:00|2026-07-18T13:36:12.596560+00:00,99.46666666666665,93.45666666666666,3,3,True,True
CYP,2016Q1,eurostat_hicp_midx_cp00_i15_2010_2019_2026_02_06|eurostat_hicp_midx_cp045_i15_2010_2025_2026_02_06,2026-02-06,2026-07-18T13:36:09.327867+00:00|2026-07-18T13:36:12.596560+00:00,97.08999999999999,84.72333333333334,3,3,True,True
CYP,2016Q2,eurostat_hicp_midx_cp00_i15_2010_2019_2026_02_06|eurostat_hicp_midx_cp045_i15_2010_2025_2026_02_06,2026-02-06,2026-07-18T13:36:09.327867+00:00|2026-07-18T13:36:12.596560+00:00,98.69333333333333,78.89999999999999,3,3,True,True
CYP,2016Q3,eurostat_hicp_midx_cp00_i15_2010_2019_2026_02_06|eurostat_hicp_midx_cp045_i15_2010_2025_2026_02_06,2026-02-06,2026-07-18T13:36:09.327867+00:00|2026-07-18T13:36:12.596560+00:00,100.45333333333333,86.05666666666667,3,3,True,True
CYP,2016Q4,eurostat_hicp_midx_cp00_i15_2010_2019_2026_02_06|eurostat_hicp_midx_cp045_i15_2010_2025_2026_02_06,2026-02-06,2026-07-18T13:36:09.327867+00:00|2026-07-18T13:36:12.596560+00:00,98.89,91.48666666666666,3,3,True,True
CYP,2017Q1,eurostat_hicp_midx_cp00_i15_2010_2019_2026_02_06|eurostat_hicp_midx_cp045_i15_2010_2025_2026_02_06,2026-02-06,2026-07-18T13:36:09.327867+00:00|2026-07-18T13:36:12.596560+00:00,98.24666666666667,98.56666666666666,3,3,True,True
CYP,2017Q2,eurostat_hicp_midx_cp00_i15_2010_2019_2026_02_06|eurostat_hicp_midx_cp045_i15_2010_2025_2026_02_06,2026-02-06,2026-07-18T13:36:09.327867+00:00|2026-07-18T13:36:12.596560+00:00,99.96333333333332,100.71666666666665,3,3,True,True
CYP,2017Q3,eurostat_hicp_midx_cp00_i15_2010_2019_2026_02_06|eurostat_hicp_midx_cp045_i15_2010_2025_2026_02_06,2026-02-06,2026-07-18T13:36:09.327867+00:00|2026-07-18T13:36:12.596560+00:00,100.63666666666666,94.95333333333333,3,3,True,True
CYP,2017Q4,eurostat_hicp_midx_cp00_i15_2010_2019_2026_02_06|eurostat_hicp_midx_cp045_i15_2010_2025_2026_02_06,2026-02-06,2026-07-18T13:36:09.327867+00:00|2026-07-18T13:36:12.596560+00:00,98.94,93.23,3,3,True,True
CYP,2018Q1,eurostat_hicp_midx_cp00_i15_2010_2019_2026_02_06|eurostat_hicp_midx_cp045_i15_2010_2025_2026_02_06,2026-02-06,2026-07-18T13:36:09.327867+00:00|2026-07-18T13:36:12.596560+00:00,97.49333333333334,96.46666666666665,3,3,True,True
CYP,2018Q2,eurostat_hicp_midx_cp00_i15_2010_2019_2026_02_06|eurostat_hicp_midx_cp045_i15_2010_2025_2026_02_06,2026-02-06,2026-07-18T13:36:09.327867+00:00|2026-07-18T13:36:12.596560+00:00,100.76666666666667,101.41666666666667,3,3,True,True
CYP,2018Q3,eurostat_hicp_midx_cp00_i15_2010_2019_2026_02_06|eurostat_hicp_midx_cp045_i15_2010_2025_2026_02_06,2026-02-06,2026-07-18T13:36:09.327867+00:00|2026-07-18T13:36:12.596560+00:00,102.23,110.20333333333333,3,3,True,True
CYP,2018Q4,eurostat_hicp_midx_cp00_i15_2010_2019_2026_02_06|eurostat_hicp_midx_cp045_i15_2010_2025_2026_02_06,2026-02-06,2026-07-18T13:36:09.327867+00:00|2026-07-18T13:36:12.596560+00:00,100.44666666666667,117.63666666666667,3,3,True,True
CYP,2019Q1,eurostat_hicp_midx_cp00_i15_2010_2019_2026_02_06|eurostat_hicp_midx_cp045_i15_2010_2025_2026_02_06,2026-02-06,2026-07-18T13:36:09.327867+00:00|2026-07-18T13:36:12.596560+00:00,98.79333333333334,111.39,3,3,True,True
CYP,2019Q2,eurostat_hicp_midx_cp00_i15_2010_2019_2026_02_06|eurostat_hicp_midx_cp045_i15_2010_2025_2026_02_06,2026-02-06,2026-07-18T13:36:09.327867+00:00|2026-07-18T13:36:12.596560+00:00,101.34333333333332,110.14666666666666,3,3,True,True
CYP,2019Q3,eurostat_hicp_midx_cp00_i15_2010_2019_2026_02_06|eurostat_hicp_midx_cp045_i15_2010_2025_2026_02_06,2026-02-06,2026-07-18T13:36:09.327867+00:00|2026-07-18T13:36:12.596560+00:00,102.31666666666666,110.71999999999998,3,3,True,True
CYP,2019Q4,eurostat_hicp_midx_cp00_i15_2010_2019_2026_02_06|eurostat_hicp_midx_cp045_i15_2010_2025_2026_02_06,2026-02-06,2026-07-18T13:36:09.327867+00:00|2026-07-18T13:36:12.596560+00:00,100.67666666666666,114.42,3,3,True,True
CYP,2020Q1,eurostat_hicp_midx_cp00_i15_2026_02_06|eurostat_hicp_midx_cp045_i15_2010_2025_2026_02_06,2026-02-06,2026-07-18T13:22:23.066990+00:00|2026-07-18T13:36:12.596560+00:00,99.39333333333333,115.20666666666666,3,3,True,True
CYP,2020Q2,eurostat_hicp_midx_cp00_i15_2026_02_06|eurostat_hicp_midx_cp045_i15_2010_2025_2026_02_06,2026-02-06,2026-07-18T13:22:23.066990+00:00|2026-07-18T13:36:12.596560+00:00,99.70333333333333,101.00666666666666,3,3,True,True
CYP,2020Q3,eurostat_hicp_midx_cp00_i15_2026_02_06|eurostat_hicp_midx_cp045_i15_2010_2025_2026_02_06,2026-02-06,2026-07-18T13:22:23.066990+00:00|2026-07-18T13:36:12.596560+00:00,99.97666666666667,87.94,3,3,True,True
CYP,2020Q4,eurostat_hicp_midx_cp00_i15_2026_02_06|eurostat_hicp_midx_cp045_i15_2010_2025_2026_02_06,2026-02-06,2026-07-18T13:22:23.066990+00:00|2026-07-18T13:36:12.596560+00:00,99.59333333333332,96.83333333333333,3,3,True,True
CYP,2021Q1,eurostat_hicp_midx_cp00_i15_2026_02_06|eurostat_hicp_midx_cp045_i15_2010_2025_2026_02_06,2026-02-06,2026-07-18T13:22:23.066990+00:00|2026-07-18T13:36:12.596560+00:00,98.93333333333334,100.81,3,3,True,True
CYP,2021Q2,eurostat_hicp_midx_cp00_i15_2026_02_06|eurostat_hicp_midx_cp045_i15_2010_2025_2026_02_06,2026-02-06,2026-07-18T13:22:23.066990+00:00|2026-07-18T13:36:12.596560+00:00,101.33999999999999,111.22666666666667,3,3,True,True
CYP,2021Q3,eurostat_hicp_midx_cp00_i15_2026_02_06|eurostat_hicp_midx_cp045_i15_2010_2025_2026_02_06,2026-02-06,2026-07-18T13:22:23.066990+00:00|2026-07-18T13:36:12.596560+00:00,103.19,116.36,3,3,True,True
CYP,2021Q4,eurostat_hicp_midx_cp00_i15_2026_02_06|eurostat_hicp_midx_cp045_i15_2010_2025_2026_02_06,2026-02-06,2026-07-18T13:22:23.066990+00:00|2026-07-18T13:36:12.596560+00:00,104.21666666666665,128.28333333333333,3,3,True,True
CYP,2022Q1,eurostat_hicp_midx_cp00_i15_2026_02_06|eurostat_hicp_midx_cp045_i15_2010_2025_2026_02_06,2026-02-06,2026-07-18T13:22:23.066990+00:00|2026-07-18T13:36:12.596560+00:00,104.56,129.50666666666666,3,3,True,True
CYP,2022Q2,eurostat_hicp_midx_cp00_i15_2026_02_06|eurostat_hicp_midx_cp045_i15_2010_2025_2026_02_06,2026-02-06,2026-07-18T13:22:23.066990+00:00|2026-07-18T13:36:12.596560+00:00,110.25999999999999,157.82666666666668,3,3,True,True
CYP,2022Q3,eurostat_hicp_midx_cp00_i15_2026_02_06|eurostat_hicp_midx_cp045_i15_2010_2025_2026_02_06,2026-02-06,2026-07-18T13:22:23.066990+00:00|2026-07-18T13:36:12.596560+00:00,113.21666666666665,183.38,3,3,True,True
CYP,2022Q4,eurostat_hicp_midx_cp00_i15_2026_02_06|eurostat_hicp_midx_cp045_i15_2010_2025_2026_02_06,2026-02-06,2026-07-18T13:22:23.066990+00:00|2026-07-18T13:36:12.596560+00:00,112.66000000000001,172.20333333333335,3,3,True,True
CYP,2023Q1,eurostat_hicp_midx_cp00_i15_2026_02_06|eurostat_hicp_midx_cp045_i15_2010_2025_2026_02_06,2026-02-06,2026-07-18T13:22:23.066990+00:00|2026-07-18T13:36:12.596560+00:00,111.39999999999999,168.91666666666666,3,3,True,True
CYP,2023Q2,eurostat_hicp_midx_cp00_i15_2026_02_06|eurostat_hicp_midx_cp045_i15_2010_2025_2026_02_06,2026-02-06,2026-07-18T13:22:23.066990+00:00|2026-07-18T13:36:12.596560+00:00,114.05,160.08666666666667,3,3,True,True
CYP,2023Q3,eurostat_hicp_midx_cp00_i15_2026_02_06|eurostat_hicp_midx_cp045_i15_2010_2025_2026_02_06,2026-02-06,2026-07-18T13:22:23.066990+00:00|2026-07-18T13:36:12.596560+00:00,116.91000000000001,172.74666666666667,3,3,True,True
CYP,2023Q4,eurostat_hicp_midx_cp00_i15_2026_02_06|eurostat_hicp_midx_cp045_i15_2010_2025_2026_02_06,2026-02-06,2026-07-18T13:22:23.066990+00:00|2026-07-18T13:36:12.596560+00:00,115.64,174.03333333333333,3,3,True,True
CYP,2024Q1,eurostat_hicp_midx_cp00_i15_2026_02_06|eurostat_hicp_midx_cp045_i15_2010_2025_2026_02_06,2026-02-06,2026-07-18T13:22:23.066990+00:00|2026-07-18T13:36:12.596560+00:00,113.57666666666667,162.27,3,3,True,True
CYP,2024Q2,eurostat_hicp_midx_cp00_i15_2026_02_06|eurostat_hicp_midx_cp045_i15_2010_2025_2026_02_06,2026-02-06,2026-07-18T13:22:23.066990+00:00|2026-07-18T13:36:12.596560+00:00,117.13666666666666,167.53333333333333,3,3,True,True
CYP,2024Q3,eurostat_hicp_midx_cp00_i15_2026_02_06|eurostat_hicp_midx_cp045_i15_2010_2025_2026_02_06,2026-02-06,2026-07-18T13:22:23.066990+00:00|2026-07-18T13:36:12.596560+00:00,119.35000000000001,168.93333333333334,3,3,True,True
CYP,2024Q4,eurostat_hicp_midx_cp00_i15_2026_02_06|eurostat_hicp_midx_cp045_i15_2010_2025_2026_02_06,2026-02-06,2026-07-18T13:22:23.066990+00:00|2026-07-18T13:36:12.596560+00:00,118.28333333333335,166.27666666666667,3,3,True,True
CYP,2025Q1,eurostat_hicp_midx_cp00_i15_2026_02_06|eurostat_hicp_midx_cp045_i15_2010_2025_2026_02_06,2026-02-06,2026-07-18T13:22:23.066990+00:00|2026-07-18T13:36:12.596560+00:00,116.35666666666667,165.35333333333335,3,3,True,True
CYP,2025Q2,eurostat_hicp_midx_cp00_i15_2026_02_06|eurostat_hicp_midx_cp045_i15_2010_2025_2026_02_06,2026-02-06,2026-07-18T13:22:23.066990+00:00|2026-07-18T13:36:12.596560+00:00,118.02666666666669,153.61333333333332,3,3,True,True
CYP,2025Q3,eurostat_hicp_midx_cp00_i15_2026_02_06|eurostat_hicp_midx_cp045_i15_2010_2025_2026_02_06,2026-02-06,2026-07-18T13:22:23.066990+00:00|2026-07-18T13:36:12.596560+00:00,119.39666666666666,152.39666666666668,3,3,True,True
CYP,2025Q4,eurostat_hicp_midx_cp00_i15_2026_02_06|eurostat_hicp_midx_cp045_i15_2010_2025_2026_02_06,2026-02-06,2026-07-18T13:22:23.066990+00:00|2026-07-18T13:36:12.596560+00:00,118.45666666666666,154.70333333333335,3,3,True,True
CZE,2010Q1,eurostat_hicp_midx_cp00_i15_2010_2019_2026_02_06|eurostat_hicp_midx_cp045_i15_2010_2025_2026_02_06,2026-02-06,2026-07-18T13:36:09.327867+00:00|2026-07-18T13:36:12.596560+00:00,92.13333333333333,88.60000000000001,3,3,True,True
CZE,2010Q2,eurostat_hicp_midx_cp00_i15_2010_2019_2026_02_06|eurostat_hicp_midx_cp045_i15_2010_2025_2026_02_06,2026-02-06,2026-07-18T13:36:09.327867+00:00|2026-07-18T13:36:12.596560+00:00,92.8,89.40000000000002,3,3,True,True
CZE,2010Q3,eurostat_hicp_midx_cp00_i15_2010_2019_2026_02_06|eurostat_hicp_midx_cp045_i15_2010_2025_2026_02_06,2026-02-06,2026-07-18T13:36:09.327867+00:00|2026-07-18T13:36:12.596560+00:00,92.89999999999999,90.56666666666666,3,3,True,True
CZE,2010Q4,eurostat_hicp_midx_cp00_i15_2010_2019_2026_02_06|eurostat_hicp_midx_cp045_i15_2010_2025_2026_02_06,2026-02-06,2026-07-18T13:36:09.327867+00:00|2026-07-18T13:36:12.596560+00:00,92.7,90.59999999999998,3,3,True,True
CZE,2011Q1,eurostat_hicp_midx_cp00_i15_2010_2019_2026_02_06|eurostat_hicp_midx_cp045_i15_2010_2025_2026_02_06,2026-02-06,2026-07-18T13:36:09.327867+00:00|2026-07-18T13:36:12.596560+00:00,93.89999999999999,93.36666666666667,3,3,True,True
CZE,2011Q2,eurostat_hicp_midx_cp00_i15_2010_2019_2026_02_06|eurostat_hicp_midx_cp045_i15_2010_2025_2026_02_06,2026-02-06,2026-07-18T13:36:09.327867+00:00|2026-07-18T13:36:12.596560+00:00,94.53333333333335,93.89999999999999,3,3,True,True
CZE,2011Q3,eurostat_hicp_midx_cp00_i15_2010_2019_2026_02_06|eurostat_hicp_midx_cp045_i15_2010_2025_2026_02_06,2026-02-06,2026-07-18T13:36:09.327867+00:00|2026-07-18T13:36:12.596560+00:00,94.8,95.73333333333333,3,3,True,True
CZE,2011Q4,eurostat_hicp_midx_cp00_i15_2010_2019_2026_02_06|eurostat_hicp_midx_cp045_i15_2010_2025_2026_02_06,2026-02-06,2026-07-18T13:36:09.327867+00:00|2026-07-18T13:36:12.596560+00:00,95.3,97.3,3,3,True,True
CZE,2012Q1,eurostat_hicp_midx_cp00_i15_2010_2019_2026_02_06|eurostat_hicp_midx_cp045_i15_2010_2025_2026_02_06,2026-02-06,2026-07-18T13:36:09.327867+00:00|2026-07-18T13:36:12.596560+00:00,97.63333333333333,103.03333333333335,3,3,True,True
CZE,2012Q2,eurostat_hicp_midx_cp00_i15_2010_2019_2026_02_06|eurostat_hicp_midx_cp045_i15_2010_2025_2026_02_06,2026-02-06,2026-07-18T13:36:09.327867+00:00|2026-07-18T13:36:12.596560+00:00,98.10000000000001,103.09999999999998,3,3,True,True
CZE,2012Q3,eurostat_hicp_midx_cp00_i15_2010_2019_2026_02_06|eurostat_hicp_midx_cp045_i15_2010_2025_2026_02_06,2026-02-06,2026-07-18T13:36:09.327867+00:00|2026-07-18T13:36:12.596560+00:00,98.06666666666666,103.09999999999998,3,3,True,True
CZE,2012Q4,eurostat_hicp_midx_cp00_i15_2010_2019_2026_02_06|eurostat_hicp_midx_cp045_i15_2010_2025_2026_02_06,2026-02-06,2026-07-18T13:36:09.327867+00:00|2026-07-18T13:36:12.596560+00:00,98.10000000000001,103.26666666666667,3,3,True,True
CZE,2013Q1,eurostat_hicp_midx_cp00_i15_2010_2019_2026_02_06|eurostat_hicp_midx_cp045_i15_2010_2025_2026_02_06,2026-02-06,2026-07-18T13:36:09.327867+00:00|2026-07-18T13:36:12.596560+00:00,99.33333333333333,106.23333333333333,3,3,True,True
CZE,2013Q2,eurostat_hicp_midx_cp00_i15_2010_2019_2026_02_06|eurostat_hicp_midx_cp045_i15_2010_2025_2026_02_06,2026-02-06,2026-07-18T13:36:09.327867+00:00|2026-07-18T13:36:12.596560+00:00,99.56666666666666,104.96666666666665,3,3,True,True
CZE,2013Q3,eurostat_hicp_midx_cp00_i15_2010_2019_2026_02_06|eurostat_hicp_midx_cp045_i15_2010_2025_2026_02_06,2026-02-06,2026-07-18T13:36:09.327867+00:00|2026-07-18T13:36:12.596560+00:00,99.26666666666667,103.36666666666667,3,3,True,True
CZE,2013Q4,eurostat_hicp_midx_cp00_i15_2010_2019_2026_02_06|eurostat_hicp_midx_cp045_i15_2010_2025_2026_02_06,2026-02-06,2026-07-18T13:36:09.327867+00:00|2026-07-18T13:36:12.596560+00:00,99.2,103.33333333333333,3,3,True,True
CZE,2014Q1,eurostat_hicp_midx_cp00_i15_2010_2019_2026_02_06|eurostat_hicp_midx_cp045_i15_2010_2025_2026_02_06,2026-02-06,2026-07-18T13:36:09.327867+00:00|2026-07-18T13:36:12.596560+00:00,99.63333333333333,98.56666666666666,3,3,True,True
CZE,2014Q2,eurostat_hicp_midx_cp00_i15_2010_2019_2026_02_06|eurostat_hicp_midx_cp045_i15_2010_2025_2026_02_06,2026-02-06,2026-07-18T13:36:09.327867+00:00|2026-07-18T13:36:12.596560+00:00,99.76666666666667,98.43333333333334,3,3,True,True
CZE,2014Q3,eurostat_hicp_midx_cp00_i15_2010_2019_2026_02_06|eurostat_hicp_midx_cp045_i15_2010_2025_2026_02_06,2026-02-06,2026-07-18T13:36:09.327867+00:00|2026-07-18T13:36:12.596560+00:00,99.93333333333334,99.23333333333333,3,3,True,True
CZE,2014Q4,eurostat_hicp_midx_cp00_i15_2010_2019_2026_02_06|eurostat_hicp_midx_cp045_i15_2010_2025_2026_02_06,2026-02-06,2026-07-18T13:36:09.327867+00:00|2026-07-18T13:36:12.596560+00:00,99.66666666666667,99.40000000000002,3,3,True,True
CZE,2015Q1,eurostat_hicp_midx_cp00_i15_2010_2019_2026_02_06|eurostat_hicp_midx_cp045_i15_2010_2025_2026_02_06,2026-02-06,2026-07-18T13:36:09.327867+00:00|2026-07-18T13:36:12.596560+00:00,99.63333333333333,99.89999999999999,3,3,True,True
CZE,2015Q2,eurostat_hicp_midx_cp00_i15_2010_2019_2026_02_06|eurostat_hicp_midx_cp045_i15_2010_2025_2026_02_06,2026-02-06,2026-07-18T13:36:09.327867+00:00|2026-07-18T13:36:12.596560+00:00,100.46666666666665,100.03333333333335,3,3,True,True
CZE,2015Q3,eurostat_hicp_midx_cp00_i15_2010_2019_2026_02_06|eurostat_hicp_midx_cp045_i15_2010_2025_2026_02_06,2026-02-06,2026-07-18T13:36:09.327867+00:00|2026-07-18T13:36:12.596560+00:00,100.26666666666667,100.0,3,3,True,True
CZE,2015Q4,eurostat_hicp_midx_cp00_i15_2010_2019_2026_02_06|eurostat_hicp_midx_cp045_i15_2010_2025_2026_02_06,2026-02-06,2026-07-18T13:36:09.327867+00:00|2026-07-18T13:36:12.596560+00:00,99.66666666666667,100.09999999999998,3,3,True,True
CZE,2016Q1,eurostat_hicp_midx_cp00_i15_2010_2019_2026_02_06|eurostat_hicp_midx_cp045_i15_2010_2025_2026_02_06,2026-02-06,2026-07-18T13:36:09.327867+00:00|2026-07-18T13:36:12.596560+00:00,100.06666666666666,100.43333333333334,3,3,True,True
CZE,2016Q2,eurostat_hicp_midx_cp00_i15_2010_2019_2026_02_06|eurostat_hicp_midx_cp045_i15_2010_2025_2026_02_06,2026-02-06,2026-07-18T13:36:09.327867+00:00|2026-07-18T13:36:12.596560+00:00,100.60000000000001,99.46666666666665,3,3,True,True
CZE,2016Q3,eurostat_hicp_midx_cp00_i15_2010_2019_2026_02_06|eurostat_hicp_midx_cp045_i15_2010_2025_2026_02_06,2026-02-06,2026-07-18T13:36:09.327867+00:00|2026-07-18T13:36:12.596560+00:00,100.8,98.96666666666665,3,3,True,True
CZE,2016Q4,eurostat_hicp_midx_cp00_i15_2010_2019_2026_02_06|eurostat_hicp_midx_cp045_i15_2010_2025_2026_02_06,2026-02-06,2026-07-18T13:36:09.327867+00:00|2026-07-18T13:36:12.596560+00:00,101.16666666666667,99.09999999999998,3,3,True,True
CZE,2017Q1,eurostat_hicp_midx_cp00_i15_2010_2019_2026_02_06|eurostat_hicp_midx_cp045_i15_2010_2025_2026_02_06,2026-02-06,2026-07-18T13:36:09.327867+00:00|2026-07-18T13:36:12.596560+00:00,102.56666666666666,99.0,3,3,True,True
CZE,2017Q2,eurostat_hicp_midx_cp00_i15_2010_2019_2026_02_06|eurostat_hicp_midx_cp045_i15_2010_2025_2026_02_06,2026-02-06,2026-07-18T13:36:09.327867+00:00|2026-07-18T13:36:12.596560+00:00,102.93333333333334,98.63333333333333,3,3,True,True
CZE,2017Q3,eurostat_hicp_midx_cp00_i15_2010_2019_2026_02_06|eurostat_hicp_midx_cp045_i15_2010_2025_2026_02_06,2026-02-06,2026-07-18T13:36:09.327867+00:00|2026-07-18T13:36:12.596560+00:00,103.23333333333333,98.66666666666667,3,3,True,True
CZE,2017Q4,eurostat_hicp_midx_cp00_i15_2010_2019_2026_02_06|eurostat_hicp_midx_cp045_i15_2010_2025_2026_02_06,2026-02-06,2026-07-18T13:36:09.327867+00:00|2026-07-18T13:36:12.596560+00:00,103.66666666666667,98.83333333333333,3,3,True,True
CZE,2018Q1,eurostat_hicp_midx_cp00_i15_2010_2019_2026_02_06|eurostat_hicp_midx_cp045_i15_2010_2025_2026_02_06,2026-02-06,2026-07-18T13:36:09.327867+00:00|2026-07-18T13:36:12.596560+00:00,104.33333333333333,100.16666666666667,3,3,True,True
CZE,2018Q2,eurostat_hicp_midx_cp00_i15_2010_2019_2026_02_06|eurostat_hicp_midx_cp045_i15_2010_2025_2026_02_06,2026-02-06,2026-07-18T13:36:09.327867+00:00|2026-07-18T13:36:12.596560+00:00,105.06666666666666,100.26666666666667,3,3,True,True
CZE,2018Q3,eurostat_hicp_midx_cp00_i15_2010_2019_2026_02_06|eurostat_hicp_midx_cp045_i15_2010_2025_2026_02_06,2026-02-06,2026-07-18T13:36:09.327867+00:00|2026-07-18T13:36:12.596560+00:00,105.56666666666666,101.23333333333333,3,3,True,True
CZE,2018Q4,eurostat_hicp_midx_cp00_i15_2010_2019_2026_02_06|eurostat_hicp_midx_cp045_i15_2010_2025_2026_02_06,2026-02-06,2026-07-18T13:36:09.327867+00:00|2026-07-18T13:36:12.596560+00:00,105.5,101.56666666666666,3,3,True,True
CZE,2019Q1,eurostat_hicp_midx_cp00_i15_2010_2019_2026_02_06|eurostat_hicp_midx_cp045_i15_2010_2025_2026_02_06,2026-02-06,2026-07-18T13:36:09.327867+00:00|2026-07-18T13:36:12.596560+00:00,106.76666666666667,106.2,3,3,True,True
CZE,2019Q2,eurostat_hicp_midx_cp00_i15_2010_2019_2026_02_06|eurostat_hicp_midx_cp045_i15_2010_2025_2026_02_06,2026-02-06,2026-07-18T13:36:09.327867+00:00|2026-07-18T13:36:12.596560+00:00,107.63333333333333,107.76666666666667,3,3,True,True
CZE,2019Q3,eurostat_hicp_midx_cp00_i15_2010_2019_2026_02_06|eurostat_hicp_midx_cp045_i15_2010_2025_2026_02_06,2026-02-06,2026-07-18T13:36:09.327867+00:00|2026-07-18T13:36:12.596560+00:00,108.3,108.09999999999998,3,3,True,True
CZE,2019Q4,eurostat_hicp_midx_cp00_i15_2010_2019_2026_02_06|eurostat_hicp_midx_cp045_i15_2010_2025_2026_02_06,2026-02-06,2026-07-18T13:36:09.327867+00:00|2026-07-18T13:36:12.596560+00:00,108.63333333333333,108.76666666666667,3,3,True,True
CZE,2020Q1,eurostat_hicp_midx_cp00_i15_2026_02_06|eurostat_hicp_midx_cp045_i15_2010_2025_2026_02_06,2026-02-06,2026-07-18T13:22:23.066990+00:00|2026-07-18T13:36:12.596560+00:00,110.7,111.2,3,3,True,True
CZE,2020Q2,eurostat_hicp_midx_cp00_i15_2026_02_06|eurostat_hicp_midx_cp045_i15_2010_2025_2026_02_06,2026-02-06,2026-07-18T13:22:23.066990+00:00|2026-07-18T13:36:12.596560+00:00,111.13333333333333,111.76666666666667,3,3,True,True
CZE,2020Q3,eurostat_hicp_midx_cp00_i15_2026_02_06|eurostat_hicp_midx_cp045_i15_2010_2025_2026_02_06,2026-02-06,2026-07-18T13:22:23.066990+00:00|2026-07-18T13:36:12.596560+00:00,112.06666666666666,111.90000000000002,3,3,True,True
CZE,2020Q4,eurostat_hicp_midx_cp00_i15_2026_02_06|eurostat_hicp_midx_cp045_i15_2010_2025_2026_02_06,2026-02-06,2026-07-18T13:22:23.066990+00:00|2026-07-18T13:36:12.596560+00:00,111.56666666666666,109.2,3,3,True,True
CZE,2021Q1,eurostat_hicp_midx_cp00_i15_2026_02_06|eurostat_hicp_midx_cp045_i15_2010_2025_2026_02_06,2026-02-06,2026-07-18T13:22:23.066990+00:00|2026-07-18T13:36:12.596560+00:00,113.10000000000001,108.66666666666667,3,3,True,True
CZE,2021Q2,eurostat_hicp_midx_cp00_i15_2026_02_06|eurostat_hicp_midx_cp045_i15_2010_2025_2026_02_06,2026-02-06,2026-07-18T13:22:23.066990+00:00|2026-07-18T13:36:12.596560+00:00,114.2,108.59999999999998,3,3,True,True
CZE,2021Q3,eurostat_hicp_midx_cp00_i15_2026_02_06|eurostat_hicp_midx_cp045_i15_2010_2025_2026_02_06,2026-02-06,2026-07-18T13:22:23.066990+00:00|2026-07-18T13:36:12.596560+00:00,115.73333333333333,108.89999999999999,3,3,True,True
CZE,2021Q4,eurostat_hicp_midx_cp00_i15_2026_02_06|eurostat_hicp_midx_cp045_i15_2010_2025_2026_02_06,2026-02-06,2026-07-18T13:22:23.066990+00:00|2026-07-18T13:36:12.596560+00:00,117.16666666666667,103.86666666666667,3,3,True,True
CZE,2022Q1,eurostat_hicp_midx_cp00_i15_2026_02_06|eurostat_hicp_midx_cp045_i15_2010_2025_2026_02_06,2026-02-06,2026-07-18T13:22:23.066990+00:00|2026-07-18T13:36:12.596560+00:00,124.66666666666667,132.66666666666666,3,3,True,True
CZE,2022Q2,eurostat_hicp_midx_cp00_i15_2026_02_06|eurostat_hicp_midx_cp045_i15_2010_2025_2026_02_06,2026-02-06,2026-07-18T13:22:23.066990+00:00|2026-07-18T13:36:12.596560+00:00,131.36666666666667,145.0666666666667,3,3,True,True
CZE,2022Q3,eurostat_hicp_midx_cp00_i15_2026_02_06|eurostat_hicp_midx_cp045_i15_2010_2025_2026_02_06,2026-02-06,2026-07-18T13:22:23.066990+00:00|2026-07-18T13:36:12.596560+00:00,135.86666666666667,154.83333333333334,3,3,True,True
CZE,2022Q4,eurostat_hicp_midx_cp00_i15_2026_02_06|eurostat_hicp_midx_cp045_i15_2010_2025_2026_02_06,2026-02-06,2026-07-18T13:22:23.066990+00:00|2026-07-18T13:36:12.596560+00:00,136.5,131.29999999999998,3,3,True,True
CZE,2023Q1,eurostat_hicp_midx_cp00_i15_2026_02_06|eurostat_hicp_midx_cp045_i15_2010_2025_2026_02_06,2026-02-06,2026-07-18T13:22:23.066990+00:00|2026-07-18T13:36:12.596560+00:00,147.06666666666666,198.13333333333333,3,3,True,True
CZE,2023Q2,eurostat_hicp_midx_cp00_i15_2026_02_06|eurostat_hicp_midx_cp045_i15_2010_2025_2026_02_06,2026-02-06,2026-07-18T13:22:23.066990+00:00|2026-07-18T13:36:12.596560+00:00,147.93333333333334,198.4,3,3,True,True
CZE,2023Q3,eurostat_hicp_midx_cp00_i15_2026_02_06|eurostat_hicp_midx_cp045_i15_2010_2025_2026_02_06,2026-02-06,2026-07-18T13:22:23.066990+00:00|2026-07-18T13:36:12.596560+00:00,148.79999999999998,197.1,3,3,True,True
CZE,2023Q4,eurostat_hicp_midx_cp00_i15_2026_02_06|eurostat_hicp_midx_cp045_i15_2010_2025_2026_02_06,2026-02-06,2026-07-18T13:22:23.066990+00:00|2026-07-18T13:36:12.596560+00:00,147.9,192.53333333333333,3,3,True,True
CZE,2024Q1,eurostat_hicp_midx_cp00_i15_2026_02_06|eurostat_hicp_midx_cp045_i15_2010_2025_2026_02_06,2026-02-06,2026-07-18T13:22:23.066990+00:00|2026-07-18T13:36:12.596560+00:00,150.53333333333333,207.5,3,3,True,True
CZE,2024Q2,eurostat_hicp_midx_cp00_i15_2026_02_06|eurostat_hicp_midx_cp045_i15_2010_2025_2026_02_06,2026-02-06,2026-07-18T13:22:23.066990+00:00|2026-07-18T13:36:12.596560+00:00,151.9,205.70000000000002,3,3,True,True
CZE,2024Q3,eurostat_hicp_midx_cp00_i15_2026_02_06|eurostat_hicp_midx_cp045_i15_2010_2025_2026_02_06,2026-02-06,2026-07-18T13:22:23.066990+00:00|2026-07-18T13:36:12.596560+00:00,152.6,203.66666666666666,3,3,True,True
CZE,2024Q4,eurostat_hicp_midx_cp00_i15_2026_02_06|eurostat_hicp_midx_cp045_i15_2010_2025_2026_02_06,2026-02-06,2026-07-18T13:22:23.066990+00:00|2026-07-18T13:36:12.596560+00:00,152.53333333333333,202.70000000000002,3,3,True,True
CZE,2025Q1,eurostat_hicp_midx_cp00_i15_2026_02_06|eurostat_hicp_midx_cp045_i15_2010_2025_2026_02_06,2026-02-06,2026-07-18T13:22:23.066990+00:00|2026-07-18T13:36:12.596560+00:00,154.73333333333335,200.5666666666667,3,3,True,True
CZE,2025Q2,eurostat_hicp_midx_cp00_i15_2026_02_06|eurostat_hicp_midx_cp045_i15_2010_2025_2026_02_06,2026-02-06,2026-07-18T13:22:23.066990+00:00|2026-07-18T13:36:12.596560+00:00,155.33333333333334,198.9,3,3,True,True
CZE,2025Q3,eurostat_hicp_midx_cp00_i15_2026_02_06|eurostat_hicp_midx_cp045_i15_2010_2025_2026_02_06,2026-02-06,2026-07-18T13:22:23.066990+00:00|2026-07-18T13:36:12.596560+00:00,156.1,197.4333333333333,3,3,True,True
CZE,2025Q4,eurostat_hicp_midx_cp00_i15_2026_02_06|eurostat_hicp_midx_cp045_i15_2010_2025_2026_02_06,2026-02-06,2026-07-18T13:22:23.066990+00:00|2026-07-18T13:36:12.596560+00:00,155.53333333333333,194.79999999999998,3,3,True,True
DEU,2010Q1,eurostat_hicp_midx_cp00_i15_2010_2019_2026_02_06|eurostat_hicp_midx_cp045_i15_2010_2025_2026_02_06,2026-02-06,2026-07-18T13:36:09.327867+00:00|2026-07-18T13:36:12.596560+00:00,92.06666666666666,86.3,3,3,True,True
DEU,2010Q2,eurostat_hicp_midx_cp00_i15_2010_2019_2026_02_06|eurostat_hicp_midx_cp045_i15_2010_2025_2026_02_06,2026-02-06,2026-07-18T13:36:09.327867+00:00|2026-07-18T13:36:12.596560+00:00,92.5,87.93333333333332,3,3,True,True
DEU,2010Q3,eurostat_hicp_midx_cp00_i15_2010_2019_2026_02_06|eurostat_hicp_midx_cp045_i15_2010_2025_2026_02_06,2026-02-06,2026-07-18T13:36:09.327867+00:00|2026-07-18T13:36:12.596560+00:00,92.8,88.06666666666666,3,3,True,True
DEU,2010Q4,eurostat_hicp_midx_cp00_i15_2010_2019_2026_02_06|eurostat_hicp_midx_cp045_i15_2010_2025_2026_02_06,2026-02-06,2026-07-18T13:36:09.327867+00:00|2026-07-18T13:36:12.596560+00:00,93.23333333333333,89.26666666666667,3,3,True,True
DEU,2011Q1,eurostat_hicp_midx_cp00_i15_2010_2019_2026_02_06|eurostat_hicp_midx_cp045_i15_2010_2025_2026_02_06,2026-02-06,2026-07-18T13:36:09.327867+00:00|2026-07-18T13:36:12.596560+00:00,94.10000000000001,94.16666666666667,3,3,True,True
DEU,2011Q2,eurostat_hicp_midx_cp00_i15_2010_2019_2026_02_06|eurostat_hicp_midx_cp045_i15_2010_2025_2026_02_06,2026-02-06,2026-07-18T13:36:09.327867+00:00|2026-07-18T13:36:12.596560+00:00,94.83333333333333,95.76666666666667,3,3,True,True
DEU,2011Q3,eurostat_hicp_midx_cp00_i15_2010_2019_2026_02_06|eurostat_hicp_midx_cp045_i15_2010_2025_2026_02_06,2026-02-06,2026-07-18T13:36:09.327867+00:00|2026-07-18T13:36:12.596560+00:00,95.23333333333333,96.53333333333335,3,3,True,True
DEU,2011Q4,eurostat_hicp_midx_cp00_i15_2010_2019_2026_02_06|eurostat_hicp_midx_cp045_i15_2010_2025_2026_02_06,2026-02-06,2026-07-18T13:36:09.327867+00:00|2026-07-18T13:36:12.596560+00:00,95.63333333333333,98.46666666666665,3,3,True,True
DEU,2012Q1,eurostat_hicp_midx_cp00_i15_2010_2019_2026_02_06|eurostat_hicp_midx_cp045_i15_2010_2025_2026_02_06,2026-02-06,2026-07-18T13:36:09.327867+00:00|2026-07-18T13:36:12.596560+00:00,96.36666666666667,100.73333333333333,3,3,True,True
DEU,2012Q2,eurostat_hicp_midx_cp00_i15_2010_2019_2026_02_06|eurostat_hicp_midx_cp045_i15_2010_2025_2026_02_06,2026-02-06,2026-07-18T13:36:09.327867+00:00|2026-07-18T13:36:12.596560+00:00,96.8,101.0,3,3,True,True
DEU,2012Q3,eurostat_hicp_midx_cp00_i15_2010_2019_2026_02_06|eurostat_hicp_midx_cp045_i15_2010_2025_2026_02_06,2026-02-06,2026-07-18T13:36:09.327867+00:00|2026-07-18T13:36:12.596560+00:00,97.26666666666667,102.2,3,3,True,True
DEU,2012Q4,eurostat_hicp_midx_cp00_i15_2010_2019_2026_02_06|eurostat_hicp_midx_cp045_i15_2010_2025_2026_02_06,2026-02-06,2026-07-18T13:36:09.327867+00:00|2026-07-18T13:36:12.596560+00:00,97.56666666666666,102.93333333333334,3,3,True,True
DEU,2013Q1,eurostat_hicp_midx_cp00_i15_2010_2019_2026_02_06|eurostat_hicp_midx_cp045_i15_2010_2025_2026_02_06,2026-02-06,2026-07-18T13:36:09.327867+00:00|2026-07-18T13:36:12.596560+00:00,98.13333333333333,106.8,3,3,True,True
DEU,2013Q2,eurostat_hicp_midx_cp00_i15_2010_2019_2026_02_06|eurostat_hicp_midx_cp045_i15_2010_2025_2026_02_06,2026-02-06,2026-07-18T13:36:09.327867+00:00|2026-07-18T13:36:12.596560+00:00,98.3,106.23333333333333,3,3,True,True
DEU,2013Q3,eurostat_hicp_midx_cp00_i15_2010_2019_2026_02_06|eurostat_hicp_midx_cp045_i15_2010_2025_2026_02_06,2026-02-06,2026-07-18T13:36:09.327867+00:00|2026-07-18T13:36:12.596560+00:00,98.90000000000002,106.83333333333333,3,3,True,True
DEU,2013Q4,eurostat_hicp_midx_cp00_i15_2010_2019_2026_02_06|eurostat_hicp_midx_cp045_i15_2010_2025_2026_02_06,2026-02-06,2026-07-18T13:36:09.327867+00:00|2026-07-18T13:36:12.596560+00:00,98.89999999999999,106.39999999999999,3,3,True,True
DEU,2014Q1,eurostat_hicp_midx_cp00_i15_2010_2019_2026_02_06|eurostat_hicp_midx_cp045_i15_2010_2025_2026_02_06,2026-02-06,2026-07-18T13:36:09.327867+00:00|2026-07-18T13:36:12.596560+00:00,99.06666666666666,106.3,3,3,True,True
DEU,2014Q2,eurostat_hicp_midx_cp00_i15_2010_2019_2026_02_06|eurostat_hicp_midx_cp045_i15_2010_2025_2026_02_06,2026-02-06,2026-07-18T13:36:09.327867+00:00|2026-07-18T13:36:12.596560+00:00,99.2,106.3,3,3,True,True
DEU,2014Q3,eurostat_hicp_midx_cp00_i15_2010_2019_2026_02_06|eurostat_hicp_midx_cp045_i15_2010_2025_2026_02_06,2026-02-06,2026-07-18T13:36:09.327867+00:00|2026-07-18T13:36:12.596560+00:00,99.66666666666667,106.2,3,3,True,True
DEU,2014Q4,eurostat_hicp_midx_cp00_i15_2010_2019_2026_02_06|eurostat_hicp_midx_cp045_i15_2010_2025_2026_02_06,2026-02-06,2026-07-18T13:36:09.327867+00:00|2026-07-18T13:36:12.596560+00:00,99.33333333333333,104.23333333333333,3,3,True,True
DEU,2015Q1,eurostat_hicp_midx_cp00_i15_2010_2019_2026_02_06|eurostat_hicp_midx_cp045_i15_2010_2025_2026_02_06,2026-02-06,2026-07-18T13:36:09.327867+00:00|2026-07-18T13:36:12.596560+00:00,98.93333333333334,101.43333333333334,3,3,True,True
DEU,2015Q2,eurostat_hicp_midx_cp00_i15_2010_2019_2026_02_06|eurostat_hicp_midx_cp045_i15_2010_2025_2026_02_06,2026-02-06,2026-07-18T13:36:09.327867+00:00|2026-07-18T13:36:12.596560+00:00,100.43333333333334,101.5,3,3,True,True
DEU,2015Q3,eurostat_hicp_midx_cp00_i15_2010_2019_2026_02_06|eurostat_hicp_midx_cp045_i15_2010_2025_2026_02_06,2026-02-06,2026-07-18T13:36:09.327867+00:00|2026-07-18T13:36:12.596560+00:00,100.73333333333333,99.43333333333334,3,3,True,True
DEU,2015Q4,eurostat_hicp_midx_cp00_i15_2010_2019_2026_02_06|eurostat_hicp_midx_cp045_i15_2010_2025_2026_02_06,2026-02-06,2026-07-18T13:36:09.327867+00:00|2026-07-18T13:36:12.596560+00:00,99.86666666666667,97.66666666666667,3,3,True,True
DEU,2016Q1,eurostat_hicp_midx_cp00_i15_2010_2019_2026_02_06|eurostat_hicp_midx_cp045_i15_2010_2025_2026_02_06,2026-02-06,2026-07-18T13:36:09.327867+00:00|2026-07-18T13:36:12.596560+00:00,99.06666666666666,94.83333333333333,3,3,True,True
DEU,2016Q2,eurostat_hicp_midx_cp00_i15_2010_2019_2026_02_06|eurostat_hicp_midx_cp045_i15_2010_2025_2026_02_06,2026-02-06,2026-07-18T13:36:09.327867+00:00|2026-07-18T13:36:12.596560+00:00,100.33333333333333,95.66666666666667,3,3,True,True
DEU,2016Q3,eurostat_hicp_midx_cp00_i15_2010_2019_2026_02_06|eurostat_hicp_midx_cp045_i15_2010_2025_2026_02_06,2026-02-06,2026-07-18T13:36:09.327867+00:00|2026-07-18T13:36:12.596560+00:00,101.13333333333333,95.16666666666667,3,3,True,True
DEU,2016Q4,eurostat_hicp_midx_cp00_i15_2010_2019_2026_02_06|eurostat_hicp_midx_cp045_i15_2010_2025_2026_02_06,2026-02-06,2026-07-18T13:36:09.327867+00:00|2026-07-18T13:36:12.596560+00:00,100.89999999999999,96.06666666666666,3,3,True,True
DEU,2017Q1,eurostat_hicp_midx_cp00_i15_2010_2019_2026_02_06|eurostat_hicp_midx_cp045_i15_2010_2025_2026_02_06,2026-02-06,2026-07-18T13:36:09.327867+00:00|2026-07-18T13:36:12.596560+00:00,100.83333333333333,97.0,3,3,True,True
DEU,2017Q2,eurostat_hicp_midx_cp00_i15_2010_2019_2026_02_06|eurostat_hicp_midx_cp045_i15_2010_2025_2026_02_06,2026-02-06,2026-07-18T13:36:09.327867+00:00|2026-07-18T13:36:12.596560+00:00,102.0,96.5,3,3,True,True
DEU,2017Q3,eurostat_hicp_midx_cp00_i15_2010_2019_2026_02_06|eurostat_hicp_midx_cp045_i15_2010_2025_2026_02_06,2026-02-06,2026-07-18T13:36:09.327867+00:00|2026-07-18T13:36:12.596560+00:00,102.96666666666665,96.33333333333333,3,3,True,True
DEU,2017Q4,eurostat_hicp_midx_cp00_i15_2010_2019_2026_02_06|eurostat_hicp_midx_cp045_i15_2010_2025_2026_02_06,2026-02-06,2026-07-18T13:36:09.327867+00:00|2026-07-18T13:36:12.596560+00:00,102.46666666666665,97.60000000000001,3,3,True,True
DEU,2018Q1,eurostat_hicp_midx_cp00_i15_2010_2019_2026_02_06|eurostat_hicp_midx_cp045_i15_2010_2025_2026_02_06,2026-02-06,2026-07-18T13:36:09.327867+00:00|2026-07-18T13:36:12.596560+00:00,102.3,98.0,3,3,True,True
DEU,2018Q2,eurostat_hicp_midx_cp00_i15_2010_2019_2026_02_06|eurostat_hicp_midx_cp045_i15_2010_2025_2026_02_06,2026-02-06,2026-07-18T13:36:09.327867+00:00|2026-07-18T13:36:12.596560+00:00,103.96666666666665,99.23333333333333,3,3,True,True
DEU,2018Q3,eurostat_hicp_midx_cp00_i15_2010_2019_2026_02_06|eurostat_hicp_midx_cp045_i15_2010_2025_2026_02_06,2026-02-06,2026-07-18T13:36:09.327867+00:00|2026-07-18T13:36:12.596560+00:00,105.23333333333333,100.33333333333333,3,3,True,True
DEU,2018Q4,eurostat_hicp_midx_cp00_i15_2010_2019_2026_02_06|eurostat_hicp_midx_cp045_i15_2010_2025_2026_02_06,2026-02-06,2026-07-18T13:36:09.327867+00:00|2026-07-18T13:36:12.596560+00:00,104.66666666666667,102.33333333333333,3,3,True,True
DEU,2019Q1,eurostat_hicp_midx_cp00_i15_2010_2019_2026_02_06|eurostat_hicp_midx_cp045_i15_2010_2025_2026_02_06,2026-02-06,2026-07-18T13:36:09.327867+00:00|2026-07-18T13:36:12.596560+00:00,103.90000000000002,102.16666666666667,3,3,True,True
DEU,2019Q2,eurostat_hicp_midx_cp00_i15_2010_2019_2026_02_06|eurostat_hicp_midx_cp045_i15_2010_2025_2026_02_06,2026-02-06,2026-07-18T13:36:09.327867+00:00|2026-07-18T13:36:12.596560+00:00,105.7,103.03333333333335,3,3,True,True
DEU,2019Q3,eurostat_hicp_midx_cp00_i15_2010_2019_2026_02_06|eurostat_hicp_midx_cp045_i15_2010_2025_2026_02_06,2026-02-06,2026-07-18T13:36:09.327867+00:00|2026-07-18T13:36:12.596560+00:00,106.3,103.10000000000001,3,3,True,True
DEU,2019Q4,eurostat_hicp_midx_cp00_i15_2010_2019_2026_02_06|eurostat_hicp_midx_cp045_i15_2010_2025_2026_02_06,2026-02-06,2026-07-18T13:36:09.327867+00:00|2026-07-18T13:36:12.596560+00:00,105.89999999999999,103.36666666666667,3,3,True,True
DEU,2020Q1,eurostat_hicp_midx_cp00_i15_2026_02_06|eurostat_hicp_midx_cp045_i15_2010_2025_2026_02_06,2026-02-06,2026-07-18T13:22:23.066990+00:00|2026-07-18T13:36:12.596560+00:00,105.53333333333335,103.76666666666667,3,3,True,True
DEU,2020Q2,eurostat_hicp_midx_cp00_i15_2026_02_06|eurostat_hicp_midx_cp045_i15_2010_2025_2026_02_06,2026-02-06,2026-07-18T13:22:23.066990+00:00|2026-07-18T13:36:12.596560+00:00,106.43333333333334,102.16666666666667,3,3,True,True
DEU,2020Q3,eurostat_hicp_midx_cp00_i15_2026_02_06|eurostat_hicp_midx_cp045_i15_2010_2025_2026_02_06,2026-02-06,2026-07-18T13:22:23.066990+00:00|2026-07-18T13:36:12.596560+00:00,106.13333333333333,99.46666666666665,3,3,True,True
DEU,2020Q4,eurostat_hicp_midx_cp00_i15_2026_02_06|eurostat_hicp_midx_cp045_i15_2010_2025_2026_02_06,2026-02-06,2026-07-18T13:22:23.066990+00:00|2026-07-18T13:36:12.596560+00:00,105.26666666666667,99.10000000000001,3,3,True,True
DEU,2021Q1,eurostat_hicp_midx_cp00_i15_2026_02_06|eurostat_hicp_midx_cp045_i15_2010_2025_2026_02_06,2026-02-06,2026-07-18T13:22:23.066990+00:00|2026-07-18T13:36:12.596560+00:00,107.36666666666667,103.26666666666667,3,3,True,True
DEU,2021Q2,eurostat_hicp_midx_cp00_i15_2026_02_06|eurostat_hicp_midx_cp045_i15_2010_2025_2026_02_06,2026-02-06,2026-07-18T13:22:23.066990+00:00|2026-07-18T13:36:12.596560+00:00,108.73333333333333,104.03333333333335,3,3,True,True
DEU,2021Q3,eurostat_hicp_midx_cp00_i15_2026_02_06|eurostat_hicp_midx_cp045_i15_2010_2025_2026_02_06,2026-02-06,2026-07-18T13:22:23.066990+00:00|2026-07-18T13:36:12.596560+00:00,109.86666666666667,105.39999999999999,3,3,True,True
DEU,2021Q4,eurostat_hicp_midx_cp00_i15_2026_02_06|eurostat_hicp_midx_cp045_i15_2010_2025_2026_02_06,2026-02-06,2026-07-18T13:22:23.066990+00:00|2026-07-18T13:36:12.596560+00:00,111.0,110.2,3,3,True,True
DEU,2022Q1,eurostat_hicp_midx_cp00_i15_2026_02_06|eurostat_hicp_midx_cp045_i15_2010_2025_2026_02_06,2026-02-06,2026-07-18T13:22:23.066990+00:00|2026-07-18T13:36:12.596560+00:00,113.89999999999999,128.03333333333333,3,3,True,True
DEU,2022Q2,eurostat_hicp_midx_cp00_i15_2026_02_06|eurostat_hicp_midx_cp045_i15_2010_2025_2026_02_06,2026-02-06,2026-07-18T13:22:23.066990+00:00|2026-07-18T13:36:12.596560+00:00,117.73333333333333,141.36666666666667,3,3,True,True
DEU,2022Q3,eurostat_hicp_midx_cp00_i15_2026_02_06|eurostat_hicp_midx_cp045_i15_2010_2025_2026_02_06,2026-02-06,2026-07-18T13:22:23.066990+00:00|2026-07-18T13:36:12.596560+00:00,120.2,154.36666666666667,3,3,True,True
DEU,2022Q4,eurostat_hicp_midx_cp00_i15_2026_02_06|eurostat_hicp_midx_cp045_i15_2010_2025_2026_02_06,2026-02-06,2026-07-18T13:22:23.066990+00:00|2026-07-18T13:36:12.596560+00:00,123.0,162.4,3,3,True,True
DEU,2023Q1,eurostat_hicp_midx_cp00_i15_2026_02_06|eurostat_hicp_midx_cp045_i15_2010_2025_2026_02_06,2026-02-06,2026-07-18T13:22:23.066990+00:00|2026-07-18T13:36:12.596560+00:00,123.83333333333333,165.23333333333332,3,3,True,True
DEU,2023Q2,eurostat_hicp_midx_cp00_i15_2026_02_06|eurostat_hicp_midx_cp045_i15_2010_2025_2026_02_06,2026-02-06,2026-07-18T13:22:23.066990+00:00|2026-07-18T13:36:12.596560+00:00,125.83333333333333,164.53333333333333,3,3,True,True
DEU,2023Q3,eurostat_hicp_midx_cp00_i15_2026_02_06|eurostat_hicp_midx_cp045_i15_2010_2025_2026_02_06,2026-02-06,2026-07-18T13:22:23.066990+00:00|2026-07-18T13:36:12.596560+00:00,127.10000000000001,163.36666666666667,3,3,True,True
DEU,2023Q4,eurostat_hicp_midx_cp00_i15_2026_02_06|eurostat_hicp_midx_cp045_i15_2010_2025_2026_02_06,2026-02-06,2026-07-18T13:22:23.066990+00:00|2026-07-18T13:36:12.596560+00:00,126.7,159.1,3,3,True,True
DEU,2024Q1,eurostat_hicp_midx_cp00_i15_2026_02_06|eurostat_hicp_midx_cp045_i15_2010_2025_2026_02_06,2026-02-06,2026-07-18T13:22:23.066990+00:00|2026-07-18T13:36:12.596560+00:00,127.2,158.13333333333333,3,3,True,True
DEU,2024Q2,eurostat_hicp_midx_cp00_i15_2026_02_06|eurostat_hicp_midx_cp045_i15_2010_2025_2026_02_06,2026-02-06,2026-07-18T13:22:23.066990+00:00|2026-07-18T13:36:12.596560+00:00,129.0666666666667,158.76666666666668,3,3,True,True
DEU,2024Q3,eurostat_hicp_midx_cp00_i15_2026_02_06|eurostat_hicp_midx_cp045_i15_2010_2025_2026_02_06,2026-02-06,2026-07-18T13:22:23.066990+00:00|2026-07-18T13:36:12.596560+00:00,129.83333333333334,157.70000000000002,3,3,True,True
DEU,2024Q4,eurostat_hicp_midx_cp00_i15_2026_02_06|eurostat_hicp_midx_cp045_i15_2010_2025_2026_02_06,2026-02-06,2026-07-18T13:22:23.066990+00:00|2026-07-18T13:36:12.596560+00:00,129.9,156.66666666666666,3,3,True,True
DEU,2025Q1,eurostat_hicp_midx_cp00_i15_2026_02_06|eurostat_hicp_midx_cp045_i15_2010_2025_2026_02_06,2026-02-06,2026-07-18T13:22:23.066990+00:00|2026-07-18T13:36:12.596560+00:00,130.46666666666667,155.23333333333335,3,3,True,True
DEU,2025Q2,eurostat_hicp_midx_cp00_i15_2026_02_06|eurostat_hicp_midx_cp045_i15_2010_2025_2026_02_06,2026-02-06,2026-07-18T13:22:23.066990+00:00|2026-07-18T13:36:12.596560+00:00,131.76666666666668,154.29999999999998,3,3,True,True
DEU,2025Q3,eurostat_hicp_midx_cp00_i15_2026_02_06|eurostat_hicp_midx_cp045_i15_2010_2025_2026_02_06,2026-02-06,2026-07-18T13:22:23.066990+00:00|2026-07-18T13:36:12.596560+00:00,132.5666666666667,154.26666666666665,3,3,True,True
DEU,2025Q4,eurostat_hicp_midx_cp00_i15_2026_02_06|eurostat_hicp_midx_cp045_i15_2010_2025_2026_02_06,2026-02-06,2026-07-18T13:22:23.066990+00:00|2026-07-18T13:36:12.596560+00:00,132.86666666666667,154.16666666666666,3,3,True,True
DNK,2010Q1,eurostat_hicp_midx_cp00_i15_2010_2019_2026_02_06|eurostat_hicp_midx_cp045_i15_2010_2025_2026_02_06,2026-02-06,2026-07-18T13:36:09.327867+00:00|2026-07-18T13:36:12.596560+00:00,93.3,93.10000000000001,3,3,True,True
DNK,2010Q2,eurostat_hicp_midx_cp00_i15_2010_2019_2026_02_06|eurostat_hicp_midx_cp045_i15_2010_2025_2026_02_06,2026-02-06,2026-07-18T13:36:09.327867+00:00|2026-07-18T13:36:12.596560+00:00,94.13333333333333,95.43333333333334,3,3,True,True
DNK,2010Q3,eurostat_hicp_midx_cp00_i15_2010_2019_2026_02_06|eurostat_hicp_midx_cp045_i15_2010_2025_2026_02_06,2026-02-06,2026-07-18T13:36:09.327867+00:00|2026-07-18T13:36:12.596560+00:00,94.39999999999999,95.73333333333333,3,3,True,True
DNK,2010Q4,eurostat_hicp_midx_cp00_i15_2010_2019_2026_02_06|eurostat_hicp_midx_cp045_i15_2010_2025_2026_02_06,2026-02-06,2026-07-18T13:36:09.327867+00:00|2026-07-18T13:36:12.596560+00:00,94.7,96.10000000000001,3,3,True,True
DNK,2011Q1,eurostat_hicp_midx_cp00_i15_2010_2019_2026_02_06|eurostat_hicp_midx_cp045_i15_2010_2025_2026_02_06,2026-02-06,2026-07-18T13:36:09.327867+00:00|2026-07-18T13:36:12.596560+00:00,95.7,100.60000000000001,3,3,True,True
DNK,2011Q2,eurostat_hicp_midx_cp00_i15_2010_2019_2026_02_06|eurostat_hicp_midx_cp045_i15_2010_2025_2026_02_06,2026-02-06,2026-07-18T13:36:09.327867+00:00|2026-07-18T13:36:12.596560+00:00,96.89999999999999,102.0,3,3,True,True
DNK,2011Q3,eurostat_hicp_midx_cp00_i15_2010_2019_2026_02_06|eurostat_hicp_midx_cp045_i15_2010_2025_2026_02_06,2026-02-06,2026-07-18T13:36:09.327867+00:00|2026-07-18T13:36:12.596560+00:00,96.8,102.39999999999999,3,3,True,True
DNK,2011Q4,eurostat_hicp_midx_cp00_i15_2010_2019_2026_02_06|eurostat_hicp_midx_cp045_i15_2010_2025_2026_02_06,2026-02-06,2026-07-18T13:36:09.327867+00:00|2026-07-18T13:36:12.596560+00:00,97.13333333333333,102.86666666666667,3,3,True,True
DNK,2012Q1,eurostat_hicp_midx_cp00_i15_2010_2019_2026_02_06|eurostat_hicp_midx_cp045_i15_2010_2025_2026_02_06,2026-02-06,2026-07-18T13:36:09.327867+00:00|2026-07-18T13:36:12.596560+00:00,98.3,104.10000000000001,3,3,True,True
DNK,2012Q2,eurostat_hicp_midx_cp00_i15_2010_2019_2026_02_06|eurostat_hicp_midx_cp045_i15_2010_2025_2026_02_06,2026-02-06,2026-07-18T13:36:09.327867+00:00|2026-07-18T13:36:12.596560+00:00,98.96666666666665,103.10000000000001,3,3,True,True
DNK,2012Q3,eurostat_hicp_midx_cp00_i15_2010_2019_2026_02_06|eurostat_hicp_midx_cp045_i15_2010_2025_2026_02_06,2026-02-06,2026-07-18T13:36:09.327867+00:00|2026-07-18T13:36:12.596560+00:00,99.16666666666667,103.86666666666667,3,3,True,True
DNK,2012Q4,eurostat_hicp_midx_cp00_i15_2010_2019_2026_02_06|eurostat_hicp_midx_cp045_i15_2010_2025_2026_02_06,2026-02-06,2026-07-18T13:36:09.327867+00:00|2026-07-18T13:36:12.596560+00:00,99.2,103.53333333333335,3,3,True,True
DNK,2013Q1,eurostat_hicp_midx_cp00_i15_2010_2019_2026_02_06|eurostat_hicp_midx_cp045_i15_2010_2025_2026_02_06,2026-02-06,2026-07-18T13:36:09.327867+00:00|2026-07-18T13:36:12.596560+00:00,99.2,105.8,3,3,True,True
DNK,2013Q2,eurostat_hicp_midx_cp00_i15_2010_2019_2026_02_06|eurostat_hicp_midx_cp045_i15_2010_2025_2026_02_06,2026-02-06,2026-07-18T13:36:09.327867+00:00|2026-07-18T13:36:12.596560+00:00,99.56666666666666,104.86666666666667,3,3,True,True
DNK,2013Q3,eurostat_hicp_midx_cp00_i15_2010_2019_2026_02_06|eurostat_hicp_midx_cp045_i15_2010_2025_2026_02_06,2026-02-06,2026-07-18T13:36:09.327867+00:00|2026-07-18T13:36:12.596560+00:00,99.36666666666667,104.10000000000001,3,3,True,True
DNK,2013Q4,eurostat_hicp_midx_cp00_i15_2010_2019_2026_02_06|eurostat_hicp_midx_cp045_i15_2010_2025_2026_02_06,2026-02-06,2026-07-18T13:36:09.327867+00:00|2026-07-18T13:36:12.596560+00:00,99.56666666666666,105.06666666666666,3,3,True,True
DNK,2014Q1,eurostat_hicp_midx_cp00_i15_2010_2019_2026_02_06|eurostat_hicp_midx_cp045_i15_2010_2025_2026_02_06,2026-02-06,2026-07-18T13:36:09.327867+00:00|2026-07-18T13:36:12.596560+00:00,99.63333333333333,106.66666666666667,3,3,True,True
DNK,2014Q2,eurostat_hicp_midx_cp00_i15_2010_2019_2026_02_06|eurostat_hicp_midx_cp045_i15_2010_2025_2026_02_06,2026-02-06,2026-07-18T13:36:09.327867+00:00|2026-07-18T13:36:12.596560+00:00,99.96666666666665,106.53333333333335,3,3,True,True
DNK,2014Q3,eurostat_hicp_midx_cp00_i15_2010_2019_2026_02_06|eurostat_hicp_midx_cp045_i15_2010_2025_2026_02_06,2026-02-06,2026-07-18T13:36:09.327867+00:00|2026-07-18T13:36:12.596560+00:00,99.73333333333333,105.36666666666667,3,3,True,True
DNK,2014Q4,eurostat_hicp_midx_cp00_i15_2010_2019_2026_02_06|eurostat_hicp_midx_cp045_i15_2010_2025_2026_02_06,2026-02-06,2026-07-18T13:36:09.327867+00:00|2026-07-18T13:36:12.596560+00:00,99.76666666666667,105.76666666666667,3,3,True,True
DNK,2015Q1,eurostat_hicp_midx_cp00_i15_2010_2019_2026_02_06|eurostat_hicp_midx_cp045_i15_2010_2025_2026_02_06,2026-02-06,2026-07-18T13:36:09.327867+00:00|2026-07-18T13:36:12.596560+00:00,99.60000000000001,101.53333333333335,3,3,True,True
DNK,2015Q2,eurostat_hicp_midx_cp00_i15_2010_2019_2026_02_06|eurostat_hicp_midx_cp045_i15_2010_2025_2026_02_06,2026-02-06,2026-07-18T13:36:09.327867+00:00|2026-07-18T13:36:12.596560+00:00,100.36666666666667,100.73333333333333,3,3,True,True
DNK,2015Q3,eurostat_hicp_midx_cp00_i15_2010_2019_2026_02_06|eurostat_hicp_midx_cp045_i15_2010_2025_2026_02_06,2026-02-06,2026-07-18T13:36:09.327867+00:00|2026-07-18T13:36:12.596560+00:00,100.10000000000001,99.60000000000001,3,3,True,True
DNK,2015Q4,eurostat_hicp_midx_cp00_i15_2010_2019_2026_02_06|eurostat_hicp_midx_cp045_i15_2010_2025_2026_02_06,2026-02-06,2026-07-18T13:36:09.327867+00:00|2026-07-18T13:36:12.596560+00:00,99.93333333333334,98.13333333333333,3,3,True,True
DNK,2016Q1,eurostat_hicp_midx_cp00_i15_2010_2019_2026_02_06|eurostat_hicp_midx_cp045_i15_2010_2025_2026_02_06,2026-02-06,2026-07-18T13:36:09.327867+00:00|2026-07-18T13:36:12.596560+00:00,99.66666666666667,98.2,3,3,True,True
DNK,2016Q2,eurostat_hicp_midx_cp00_i15_2010_2019_2026_02_06|eurostat_hicp_midx_cp045_i15_2010_2025_2026_02_06,2026-02-06,2026-07-18T13:36:09.327867+00:00|2026-07-18T13:36:12.596560+00:00,100.26666666666667,97.96666666666665,3,3,True,True
DNK,2016Q3,eurostat_hicp_midx_cp00_i15_2010_2019_2026_02_06|eurostat_hicp_midx_cp045_i15_2010_2025_2026_02_06,2026-02-06,2026-07-18T13:36:09.327867+00:00|2026-07-18T13:36:12.596560+00:00,100.03333333333335,96.63333333333333,3,3,True,True
DNK,2016Q4,eurostat_hicp_midx_cp00_i15_2010_2019_2026_02_06|eurostat_hicp_midx_cp045_i15_2010_2025_2026_02_06,2026-02-06,2026-07-18T13:36:09.327867+00:00|2026-07-18T13:36:12.596560+00:00,100.10000000000001,98.26666666666667,3,3,True,True
DNK,2017Q1,eurostat_hicp_midx_cp00_i15_2010_2019_2026_02_06|eurostat_hicp_midx_cp045_i15_2010_2025_2026_02_06,2026-02-06,2026-07-18T13:36:09.327867+00:00|2026-07-18T13:36:12.596560+00:00,100.5,98.53333333333335,3,3,True,True
DNK,2017Q2,eurostat_hicp_midx_cp00_i15_2010_2019_2026_02_06|eurostat_hicp_midx_cp045_i15_2010_2025_2026_02_06,2026-02-06,2026-07-18T13:36:09.327867+00:00|2026-07-18T13:36:12.596560+00:00,100.96666666666665,96.76666666666667,3,3,True,True
DNK,2017Q3,eurostat_hicp_midx_cp00_i15_2010_2019_2026_02_06|eurostat_hicp_midx_cp045_i15_2010_2025_2026_02_06,2026-02-06,2026-07-18T13:36:09.327867+00:00|2026-07-18T13:36:12.596560+00:00,101.56666666666666,96.3,3,3,True,True
DNK,2017Q4,eurostat_hicp_midx_cp00_i15_2010_2019_2026_02_06|eurostat_hicp_midx_cp045_i15_2010_2025_2026_02_06,2026-02-06,2026-07-18T13:36:09.327867+00:00|2026-07-18T13:36:12.596560+00:00,101.26666666666667,97.89999999999999,3,3,True,True
DNK,2018Q1,eurostat_hicp_midx_cp00_i15_2010_2019_2026_02_06|eurostat_hicp_midx_cp045_i15_2010_2025_2026_02_06,2026-02-06,2026-07-18T13:36:09.327867+00:00|2026-07-18T13:36:12.596560+00:00,101.0,98.03333333333335,3,3,True,True
DNK,2018Q2,eurostat_hicp_midx_cp00_i15_2010_2019_2026_02_06|eurostat_hicp_midx_cp045_i15_2010_2025_2026_02_06,2026-02-06,2026-07-18T13:36:09.327867+00:00|2026-07-18T13:36:12.596560+00:00,101.89999999999999,99.10000000000001,3,3,True,True
DNK,2018Q3,eurostat_hicp_midx_cp00_i15_2010_2019_2026_02_06|eurostat_hicp_midx_cp045_i15_2010_2025_2026_02_06,2026-02-06,2026-07-18T13:36:09.327867+00:00|2026-07-18T13:36:12.596560+00:00,102.3,98.10000000000001,3,3,True,True
DNK,2018Q4,eurostat_hicp_midx_cp00_i15_2010_2019_2026_02_06|eurostat_hicp_midx_cp045_i15_2010_2025_2026_02_06,2026-02-06,2026-07-18T13:36:09.327867+00:00|2026-07-18T13:36:12.596560+00:00,101.96666666666665,100.13333333333333,3,3,True,True
DNK,2019Q1,eurostat_hicp_midx_cp00_i15_2010_2019_2026_02_06|eurostat_hicp_midx_cp045_i15_2010_2025_2026_02_06,2026-02-06,2026-07-18T13:36:09.327867+00:00|2026-07-18T13:36:12.596560+00:00,102.16666666666667,100.2,3,3,True,True
DNK,2019Q2,eurostat_hicp_midx_cp00_i15_2010_2019_2026_02_06|eurostat_hicp_midx_cp045_i15_2010_2025_2026_02_06,2026-02-06,2026-07-18T13:36:09.327867+00:00|2026-07-18T13:36:12.596560+00:00,102.60000000000001,98.73333333333333,3,3,True,True
DNK,2019Q3,eurostat_hicp_midx_cp00_i15_2010_2019_2026_02_06|eurostat_hicp_midx_cp045_i15_2010_2025_2026_02_06,2026-02-06,2026-07-18T13:36:09.327867+00:00|2026-07-18T13:36:12.596560+00:00,102.73333333333333,95.63333333333333,3,3,True,True
DNK,2019Q4,eurostat_hicp_midx_cp00_i15_2010_2019_2026_02_06|eurostat_hicp_midx_cp045_i15_2010_2025_2026_02_06,2026-02-06,2026-07-18T13:36:09.327867+00:00|2026-07-18T13:36:12.596560+00:00,102.63333333333333,98.26666666666667,3,3,True,True
DNK,2020Q1,eurostat_hicp_midx_cp00_i15_2026_02_06|eurostat_hicp_midx_cp045_i15_2010_2025_2026_02_06,2026-02-06,2026-07-18T13:22:23.066990+00:00|2026-07-18T13:36:12.596560+00:00,102.76666666666667,96.86666666666667,3,3,True,True
DNK,2020Q2,eurostat_hicp_midx_cp00_i15_2026_02_06|eurostat_hicp_midx_cp045_i15_2010_2025_2026_02_06,2026-02-06,2026-07-18T13:22:23.066990+00:00|2026-07-18T13:36:12.596560+00:00,102.56666666666666,93.8,3,3,True,True
DNK,2020Q3,eurostat_hicp_midx_cp00_i15_2026_02_06|eurostat_hicp_midx_cp045_i15_2010_2025_2026_02_06,2026-02-06,2026-07-18T13:22:23.066990+00:00|2026-07-18T13:36:12.596560+00:00,103.16666666666667,94.13333333333333,3,3,True,True
DNK,2020Q4,eurostat_hicp_midx_cp00_i15_2026_02_06|eurostat_hicp_midx_cp045_i15_2010_2025_2026_02_06,2026-02-06,2026-07-18T13:22:23.066990+00:00|2026-07-18T13:36:12.596560+00:00,103.0,94.83333333333333,3,3,True,True
DNK,2021Q1,eurostat_hicp_midx_cp00_i15_2026_02_06|eurostat_hicp_midx_cp045_i15_2010_2025_2026_02_06,2026-02-06,2026-07-18T13:22:23.066990+00:00|2026-07-18T13:36:12.596560+00:00,103.36666666666667,96.3,3,3,True,True
DNK,2021Q2,eurostat_hicp_midx_cp00_i15_2026_02_06|eurostat_hicp_midx_cp045_i15_2010_2025_2026_02_06,2026-02-06,2026-07-18T13:22:23.066990+00:00|2026-07-18T13:36:12.596560+00:00,104.33333333333333,97.63333333333333,3,3,True,True
DNK,2021Q3,eurostat_hicp_midx_cp00_i15_2026_02_06|eurostat_hicp_midx_cp045_i15_2010_2025_2026_02_06,2026-02-06,2026-07-18T13:22:23.066990+00:00|2026-07-18T13:36:12.596560+00:00,105.23333333333333,104.10000000000001,3,3,True,True
DNK,2021Q4,eurostat_hicp_midx_cp00_i15_2026_02_06|eurostat_hicp_midx_cp045_i15_2010_2025_2026_02_06,2026-02-06,2026-07-18T13:22:23.066990+00:00|2026-07-18T13:36:12.596560+00:00,106.56666666666666,116.63333333333333,3,3,True,True
DNK,2022Q1,eurostat_hicp_midx_cp00_i15_2026_02_06|eurostat_hicp_midx_cp045_i15_2010_2025_2026_02_06,2026-02-06,2026-07-18T13:22:23.066990+00:00|2026-07-18T13:36:12.596560+00:00,108.93333333333334,131.43333333333334,3,3,True,True
DNK,2022Q2,eurostat_hicp_midx_cp00_i15_2026_02_06|eurostat_hicp_midx_cp045_i15_2010_2025_2026_02_06,2026-02-06,2026-07-18T13:22:23.066990+00:00|2026-07-18T13:36:12.596560+00:00,112.93333333333334,143.73333333333335,3,3,True,True
DNK,2022Q3,eurostat_hicp_midx_cp00_i15_2026_02_06|eurostat_hicp_midx_cp045_i15_2010_2025_2026_02_06,2026-02-06,2026-07-18T13:22:23.066990+00:00|2026-07-18T13:36:12.596560+00:00,115.96666666666665,161.33333333333334,3,3,True,True
DNK,2022Q4,eurostat_hicp_midx_cp00_i15_2026_02_06|eurostat_hicp_midx_cp045_i15_2010_2025_2026_02_06,2026-02-06,2026-07-18T13:22:23.066990+00:00|2026-07-18T13:36:12.596560+00:00,117.46666666666665,176.29999999999998,3,3,True,True
DNK,2023Q1,eurostat_hicp_midx_cp00_i15_2026_02_06|eurostat_hicp_midx_cp045_i15_2010_2025_2026_02_06,2026-02-06,2026-07-18T13:22:23.066990+00:00|2026-07-18T13:36:12.596560+00:00,117.63333333333333,152.63333333333333,3,3,True,True
DNK,2023Q2,eurostat_hicp_midx_cp00_i15_2026_02_06|eurostat_hicp_midx_cp045_i15_2010_2025_2026_02_06,2026-02-06,2026-07-18T13:22:23.066990+00:00|2026-07-18T13:36:12.596560+00:00,117.03333333333335,119.73333333333333,3,3,True,True
DNK,2023Q3,eurostat_hicp_midx_cp00_i15_2026_02_06|eurostat_hicp_midx_cp045_i15_2010_2025_2026_02_06,2026-02-06,2026-07-18T13:22:23.066990+00:00|2026-07-18T13:36:12.596560+00:00,118.33333333333333,121.60000000000001,3,3,True,True
DNK,2023Q4,eurostat_hicp_midx_cp00_i15_2026_02_06|eurostat_hicp_midx_cp045_i15_2010_2025_2026_02_06,2026-02-06,2026-07-18T13:22:23.066990+00:00|2026-07-18T13:36:12.596560+00:00,117.56666666666666,125.73333333333333,3,3,True,True
DNK,2024Q1,eurostat_hicp_midx_cp00_i15_2026_02_06|eurostat_hicp_midx_cp045_i15_2010_2025_2026_02_06,2026-02-06,2026-07-18T13:22:23.066990+00:00|2026-07-18T13:36:12.596560+00:00,118.53333333333335,134.13333333333333,3,3,True,True
DNK,2024Q2,eurostat_hicp_midx_cp00_i15_2026_02_06|eurostat_hicp_midx_cp045_i15_2010_2025_2026_02_06,2026-02-06,2026-07-18T13:22:23.066990+00:00|2026-07-18T13:36:12.596560+00:00,118.73333333333333,124.26666666666667,3,3,True,True
DNK,2024Q3,eurostat_hicp_midx_cp00_i15_2026_02_06|eurostat_hicp_midx_cp045_i15_2010_2025_2026_02_06,2026-02-06,2026-07-18T13:22:23.066990+00:00|2026-07-18T13:36:12.596560+00:00,119.73333333333333,127.43333333333334,3,3,True,True
DNK,2024Q4,eurostat_hicp_midx_cp00_i15_2026_02_06|eurostat_hicp_midx_cp045_i15_2010_2025_2026_02_06,2026-02-06,2026-07-18T13:22:23.066990+00:00|2026-07-18T13:36:12.596560+00:00,119.53333333333335,135.76666666666668,3,3,True,True
DNK,2025Q1,eurostat_hicp_midx_cp00_i15_2026_02_06|eurostat_hicp_midx_cp045_i15_2010_2025_2026_02_06,2026-02-06,2026-07-18T13:22:23.066990+00:00|2026-07-18T13:36:12.596560+00:00,120.46666666666665,136.0666666666667,3,3,True,True
DNK,2025Q2,eurostat_hicp_midx_cp00_i15_2026_02_06|eurostat_hicp_midx_cp045_i15_2010_2025_2026_02_06,2026-02-06,2026-07-18T13:22:23.066990+00:00|2026-07-18T13:36:12.596560+00:00,120.63333333333333,121.93333333333334,3,3,True,True
DNK,2025Q3,eurostat_hicp_midx_cp00_i15_2026_02_06|eurostat_hicp_midx_cp045_i15_2010_2025_2026_02_06,2026-02-06,2026-07-18T13:22:23.066990+00:00|2026-07-18T13:36:12.596560+00:00,122.23333333333333,122.36666666666667,3,3,True,True
DNK,2025Q4,eurostat_hicp_midx_cp00_i15_2026_02_06|eurostat_hicp_midx_cp045_i15_2010_2025_2026_02_06,2026-02-06,2026-07-18T13:22:23.066990+00:00|2026-07-18T13:36:12.596560+00:00,121.93333333333334,128.29999999999998,3,3,True,True
ESP,2010Q1,eurostat_hicp_midx_cp00_i15_2010_2019_2026_02_06|eurostat_hicp_midx_cp045_i15_2010_2025_2026_02_06,2026-02-06,2026-07-18T13:36:09.327867+00:00|2026-07-18T13:36:12.596560+00:00,92.41000000000001,78.26,3,3,True,True
ESP,2010Q2,eurostat_hicp_midx_cp00_i15_2010_2019_2026_02_06|eurostat_hicp_midx_cp045_i15_2010_2025_2026_02_06,2026-02-06,2026-07-18T13:36:09.327867+00:00|2026-07-18T13:36:12.596560+00:00,94.51666666666665,79.98,3,3,True,True
ESP,2010Q3,eurostat_hicp_midx_cp00_i15_2010_2019_2026_02_06|eurostat_hicp_midx_cp045_i15_2010_2025_2026_02_06,2026-02-06,2026-07-18T13:36:09.327867+00:00|2026-07-18T13:36:12.596560+00:00,93.96666666666665,81.96666666666667,3,3,True,True
ESP,2010Q4,eurostat_hicp_midx_cp00_i15_2010_2019_2026_02_06|eurostat_hicp_midx_cp045_i15_2010_2025_2026_02_06,2026-02-06,2026-07-18T13:36:09.327867+00:00|2026-07-18T13:36:12.596560+00:00,95.40666666666668,85.05666666666667,3,3,True,True
ESP,2011Q1,eurostat_hicp_midx_cp00_i15_2010_2019_2026_02_06|eurostat_hicp_midx_cp045_i15_2010_2025_2026_02_06,2026-02-06,2026-07-18T13:36:09.327867+00:00|2026-07-18T13:36:12.596560+00:00,95.41000000000001,91.69666666666667,3,3,True,True
ESP,2011Q2,eurostat_hicp_midx_cp00_i15_2010_2019_2026_02_06|eurostat_hicp_midx_cp045_i15_2010_2025_2026_02_06,2026-02-06,2026-07-18T13:36:09.327867+00:00|2026-07-18T13:36:12.596560+00:00,97.64,93.32333333333334,3,3,True,True
ESP,2011Q3,eurostat_hicp_midx_cp00_i15_2010_2019_2026_02_06|eurostat_hicp_midx_cp045_i15_2010_2025_2026_02_06,2026-02-06,2026-07-18T13:36:09.327867+00:00|2026-07-18T13:36:12.596560+00:00,96.70333333333333,95.09666666666668,3,3,True,True
ESP,2011Q4,eurostat_hicp_midx_cp00_i15_2010_2019_2026_02_06|eurostat_hicp_midx_cp045_i15_2010_2025_2026_02_06,2026-02-06,2026-07-18T13:36:09.327867+00:00|2026-07-18T13:36:12.596560+00:00,98.02333333333333,96.17999999999999,3,3,True,True
ESP,2012Q1,eurostat_hicp_midx_cp00_i15_2010_2019_2026_02_06|eurostat_hicp_midx_cp045_i15_2010_2025_2026_02_06,2026-02-06,2026-07-18T13:36:09.327867+00:00|2026-07-18T13:36:12.596560+00:00,97.21,96.95333333333333,3,3,True,True
ESP,2012Q2,eurostat_hicp_midx_cp00_i15_2010_2019_2026_02_06|eurostat_hicp_midx_cp045_i15_2010_2025_2026_02_06,2026-02-06,2026-07-18T13:36:09.327867+00:00|2026-07-18T13:36:12.596560+00:00,99.49000000000001,102.44333333333333,3,3,True,True
ESP,2012Q3,eurostat_hicp_midx_cp00_i15_2010_2019_2026_02_06|eurostat_hicp_midx_cp045_i15_2010_2025_2026_02_06,2026-02-06,2026-07-18T13:36:09.327867+00:00|2026-07-18T13:36:12.596560+00:00,99.39,106.99000000000001,3,3,True,True
ESP,2012Q4,eurostat_hicp_midx_cp00_i15_2010_2019_2026_02_06|eurostat_hicp_midx_cp045_i15_2010_2025_2026_02_06,2026-02-06,2026-07-18T13:36:09.327867+00:00|2026-07-18T13:36:12.596560+00:00,101.13333333333333,106.71999999999998,3,3,True,True
ESP,2013Q1,eurostat_hicp_midx_cp00_i15_2010_2019_2026_02_06|eurostat_hicp_midx_cp045_i15_2010_2025_2026_02_06,2026-02-06,2026-07-18T13:36:09.327867+00:00|2026-07-18T13:36:12.596560+00:00,99.89666666666666,104.10666666666667,3,3,True,True
ESP,2013Q2,eurostat_hicp_midx_cp00_i15_2010_2019_2026_02_06|eurostat_hicp_midx_cp045_i15_2010_2025_2026_02_06,2026-02-06,2026-07-18T13:36:09.327867+00:00|2026-07-18T13:36:12.596560+00:00,101.33333333333333,100.15333333333332,3,3,True,True
ESP,2013Q3,eurostat_hicp_midx_cp00_i15_2010_2019_2026_02_06|eurostat_hicp_midx_cp045_i15_2010_2025_2026_02_06,2026-02-06,2026-07-18T13:36:09.327867+00:00|2026-07-18T13:36:12.596560+00:00,100.71666666666665,102.55,3,3,True,True
ESP,2013Q4,eurostat_hicp_midx_cp00_i15_2010_2019_2026_02_06|eurostat_hicp_midx_cp045_i15_2010_2025_2026_02_06,2026-02-06,2026-07-18T13:36:09.327867+00:00|2026-07-18T13:36:12.596560+00:00,101.35333333333334,104.75666666666666,3,3,True,True
ESP,2014Q1,eurostat_hicp_midx_cp00_i15_2010_2019_2026_02_06|eurostat_hicp_midx_cp045_i15_2010_2025_2026_02_06,2026-02-06,2026-07-18T13:36:09.327867+00:00|2026-07-18T13:36:12.596560+00:00,99.92999999999999,105.84666666666665,3,3,True,True
ESP,2014Q2,eurostat_hicp_midx_cp00_i15_2010_2019_2026_02_06|eurostat_hicp_midx_cp045_i15_2010_2025_2026_02_06,2026-02-06,2026-07-18T13:36:09.327867+00:00|2026-07-18T13:36:12.596560+00:00,101.53333333333335,105.3,3,3,True,True
ESP,2014Q3,eurostat_hicp_midx_cp00_i15_2010_2019_2026_02_06|eurostat_hicp_midx_cp045_i15_2010_2025_2026_02_06,2026-02-06,2026-07-18T13:36:09.327867+00:00|2026-07-18T13:36:12.596560+00:00,100.33,105.27666666666666,3,3,True,True
ESP,2014Q4,eurostat_hicp_midx_cp00_i15_2010_2019_2026_02_06|eurostat_hicp_midx_cp045_i15_2010_2025_2026_02_06,2026-02-06,2026-07-18T13:36:09.327867+00:00|2026-07-18T13:36:12.596560+00:00,100.74000000000001,104.87666666666667,3,3,True,True
ESP,2015Q1,eurostat_hicp_midx_cp00_i15_2010_2019_2026_02_06|eurostat_hicp_midx_cp045_i15_2010_2025_2026_02_06,2026-02-06,2026-07-18T13:36:09.327867+00:00|2026-07-18T13:36:12.596560+00:00,98.79,101.97000000000001,3,3,True,True
ESP,2015Q2,eurostat_hicp_midx_cp00_i15_2010_2019_2026_02_06|eurostat_hicp_midx_cp045_i15_2010_2025_2026_02_06,2026-02-06,2026-07-18T13:36:09.327867+00:00|2026-07-18T13:36:12.596560+00:00,101.18666666666667,100.97333333333331,3,3,True,True
ESP,2015Q3,eurostat_hicp_midx_cp00_i15_2010_2019_2026_02_06|eurostat_hicp_midx_cp045_i15_2010_2025_2026_02_06,2026-02-06,2026-07-18T13:36:09.327867+00:00|2026-07-18T13:36:12.596560+00:00,99.76666666666667,99.94,3,3,True,True
ESP,2015Q4,eurostat_hicp_midx_cp00_i15_2010_2019_2026_02_06|eurostat_hicp_midx_cp045_i15_2010_2025_2026_02_06,2026-02-06,2026-07-18T13:36:09.327867+00:00|2026-07-18T13:36:12.596560+00:00,100.25666666666666,97.12,3,3,True,True
ESP,2016Q1,eurostat_hicp_midx_cp00_i15_2010_2019_2026_02_06|eurostat_hicp_midx_cp045_i15_2010_2025_2026_02_06,2026-02-06,2026-07-18T13:36:09.327867+00:00|2026-07-18T13:36:12.596560+00:00,98.0,86.91666666666667,3,3,True,True
ESP,2016Q2,eurostat_hicp_midx_cp00_i15_2010_2019_2026_02_06|eurostat_hicp_midx_cp045_i15_2010_2025_2026_02_06,2026-02-06,2026-07-18T13:36:09.327867+00:00|2026-07-18T13:36:12.596560+00:00,100.13666666666667,85.35000000000001,3,3,True,True
ESP,2016Q3,eurostat_hicp_midx_cp00_i15_2010_2019_2026_02_06|eurostat_hicp_midx_cp045_i15_2010_2025_2026_02_06,2026-02-06,2026-07-18T13:36:09.327867+00:00|2026-07-18T13:36:12.596560+00:00,99.46333333333332,89.15333333333332,3,3,True,True
ESP,2016Q4,eurostat_hicp_midx_cp00_i15_2010_2019_2026_02_06|eurostat_hicp_midx_cp045_i15_2010_2025_2026_02_06,2026-02-06,2026-07-18T13:36:09.327867+00:00|2026-07-18T13:36:12.596560+00:00,101.05333333333333,96.64666666666666,3,3,True,True
ESP,2017Q1,eurostat_hicp_midx_cp00_i15_2010_2019_2026_02_06|eurostat_hicp_midx_cp045_i15_2010_2025_2026_02_06,2026-02-06,2026-07-18T13:36:09.327867+00:00|2026-07-18T13:36:12.596560+00:00,100.64999999999999,99.77333333333333,3,3,True,True
ESP,2017Q2,eurostat_hicp_midx_cp00_i15_2010_2019_2026_02_06|eurostat_hicp_midx_cp045_i15_2010_2025_2026_02_06,2026-02-06,2026-07-18T13:36:09.327867+00:00|2026-07-18T13:36:12.596560+00:00,102.19666666666666,95.42,3,3,True,True
ESP,2017Q3,eurostat_hicp_midx_cp00_i15_2010_2019_2026_02_06|eurostat_hicp_midx_cp045_i15_2010_2025_2026_02_06,2026-02-06,2026-07-18T13:36:09.327867+00:00|2026-07-18T13:36:12.596560+00:00,101.3,95.54666666666667,3,3,True,True
ESP,2017Q4,eurostat_hicp_midx_cp00_i15_2010_2019_2026_02_06|eurostat_hicp_midx_cp045_i15_2010_2025_2026_02_06,2026-02-06,2026-07-18T13:36:09.327867+00:00|2026-07-18T13:36:12.596560+00:00,102.62333333333333,100.40666666666665,3,3,True,True
ESP,2018Q1,eurostat_hicp_midx_cp00_i15_2010_2019_2026_02_06|eurostat_hicp_midx_cp045_i15_2010_2025_2026_02_06,2026-02-06,2026-07-18T13:36:09.327867+00:00|2026-07-18T13:36:12.596560+00:00,101.72666666666667,98.71,3,3,True,True
ESP,2018Q2,eurostat_hicp_midx_cp00_i15_2010_2019_2026_02_06|eurostat_hicp_midx_cp045_i15_2010_2025_2026_02_06,2026-02-06,2026-07-18T13:36:09.327867+00:00|2026-07-18T13:36:12.596560+00:00,104.08,98.53333333333335,3,3,True,True
ESP,2018Q3,eurostat_hicp_midx_cp00_i15_2010_2019_2026_02_06|eurostat_hicp_midx_cp045_i15_2010_2025_2026_02_06,2026-02-06,2026-07-18T13:36:09.327867+00:00|2026-07-18T13:36:12.596560+00:00,103.59333333333332,104.58333333333333,3,3,True,True
ESP,2018Q4,eurostat_hicp_midx_cp00_i15_2010_2019_2026_02_06|eurostat_hicp_midx_cp045_i15_2010_2025_2026_02_06,2026-02-06,2026-07-18T13:36:09.327867+00:00|2026-07-18T13:36:12.596560+00:00,104.42999999999999,106.21333333333332,3,3,True,True
ESP,2019Q1,eurostat_hicp_midx_cp00_i15_2010_2019_2026_02_06|eurostat_hicp_midx_cp045_i15_2010_2025_2026_02_06,2026-02-06,2026-07-18T13:36:09.327867+00:00|2026-07-18T13:36:12.596560+00:00,102.87666666666667,101.55333333333333,3,3,True,True
ESP,2019Q2,eurostat_hicp_midx_cp00_i15_2010_2019_2026_02_06|eurostat_hicp_midx_cp045_i15_2010_2025_2026_02_06,2026-02-06,2026-07-18T13:36:09.327867+00:00|2026-07-18T13:36:12.596560+00:00,105.18333333333334,97.16333333333334,3,3,True,True
ESP,2019Q3,eurostat_hicp_midx_cp00_i15_2010_2019_2026_02_06|eurostat_hicp_midx_cp045_i15_2010_2025_2026_02_06,2026-02-06,2026-07-18T13:36:09.327867+00:00|2026-07-18T13:36:12.596560+00:00,104.04333333333334,94.98,3,3,True,True
ESP,2019Q4,eurostat_hicp_midx_cp00_i15_2010_2019_2026_02_06|eurostat_hicp_midx_cp045_i15_2010_2025_2026_02_06,2026-02-06,2026-07-18T13:36:09.327867+00:00|2026-07-18T13:36:12.596560+00:00,104.95333333333333,94.07,3,3,True,True
ESP,2020Q1,eurostat_hicp_midx_cp00_i15_2026_02_06|eurostat_hicp_midx_cp045_i15_2010_2025_2026_02_06,2026-02-06,2026-07-18T13:22:23.066990+00:00|2026-07-18T13:36:12.596560+00:00,103.58666666666666,90.49333333333334,3,3,True,True
ESP,2020Q2,eurostat_hicp_midx_cp00_i15_2026_02_06|eurostat_hicp_midx_cp045_i15_2010_2025_2026_02_06,2026-02-06,2026-07-18T13:22:23.066990+00:00|2026-07-18T13:36:12.596560+00:00,104.54333333333334,83.31,3,3,True,True
ESP,2020Q3,eurostat_hicp_midx_cp00_i15_2026_02_06|eurostat_hicp_midx_cp045_i15_2010_2025_2026_02_06,2026-02-06,2026-07-18T13:22:23.066990+00:00|2026-07-18T13:36:12.596560+00:00,103.38333333333333,87.66333333333334,3,3,True,True
ESP,2020Q4,eurostat_hicp_midx_cp00_i15_2026_02_06|eurostat_hicp_midx_cp045_i15_2010_2025_2026_02_06,2026-02-06,2026-07-18T13:22:23.066990+00:00|2026-07-18T13:36:12.596560+00:00,104.13666666666667,88.56,3,3,True,True
ESP,2021Q1,eurostat_hicp_midx_cp00_i15_2026_02_06|eurostat_hicp_midx_cp045_i15_2010_2025_2026_02_06,2026-02-06,2026-07-18T13:22:23.066990+00:00|2026-07-18T13:36:12.596560+00:00,104.12,94.18333333333334,3,3,True,True
ESP,2021Q2,eurostat_hicp_midx_cp00_i15_2026_02_06|eurostat_hicp_midx_cp045_i15_2010_2025_2026_02_06,2026-02-06,2026-07-18T13:22:23.066990+00:00|2026-07-18T13:36:12.596560+00:00,106.93333333333334,104.46333333333332,3,3,True,True
ESP,2021Q3,eurostat_hicp_midx_cp00_i15_2026_02_06|eurostat_hicp_midx_cp045_i15_2010_2025_2026_02_06,2026-02-06,2026-07-18T13:22:23.066990+00:00|2026-07-18T13:36:12.596560+00:00,106.90000000000002,112.17333333333333,3,3,True,True
ESP,2021Q4,eurostat_hicp_midx_cp00_i15_2026_02_06|eurostat_hicp_midx_cp045_i15_2010_2025_2026_02_06,2026-02-06,2026-07-18T13:22:23.066990+00:00|2026-07-18T13:36:12.596560+00:00,110.2,131.18666666666667,3,3,True,True
ESP,2022Q1,eurostat_hicp_midx_cp00_i15_2026_02_06|eurostat_hicp_midx_cp045_i15_2010_2025_2026_02_06,2026-02-06,2026-07-18T13:22:23.066990+00:00|2026-07-18T13:36:12.596560+00:00,112.30666666666667,150.31333333333333,3,3,True,True
ESP,2022Q2,eurostat_hicp_midx_cp00_i15_2026_02_06|eurostat_hicp_midx_cp045_i15_2010_2025_2026_02_06,2026-02-06,2026-07-18T13:22:23.066990+00:00|2026-07-18T13:36:12.596560+00:00,116.48666666666666,145.07666666666668,3,3,True,True
ESP,2022Q3,eurostat_hicp_midx_cp00_i15_2026_02_06|eurostat_hicp_midx_cp045_i15_2010_2025_2026_02_06,2026-02-06,2026-07-18T13:22:23.066990+00:00|2026-07-18T13:36:12.596560+00:00,117.64333333333333,161.25333333333333,3,3,True,True
ESP,2022Q4,eurostat_hicp_midx_cp00_i15_2026_02_06|eurostat_hicp_midx_cp045_i15_2010_2025_2026_02_06,2026-02-06,2026-07-18T13:22:23.066990+00:00|2026-07-18T13:36:12.596560+00:00,117.35000000000001,123.96999999999998,3,3,True,True
ESP,2023Q1,eurostat_hicp_midx_cp00_i15_2026_02_06|eurostat_hicp_midx_cp045_i15_2010_2025_2026_02_06,2026-02-06,2026-07-18T13:22:23.066990+00:00|2026-07-18T13:36:12.596560+00:00,117.86666666666667,111.52999999999999,3,3,True,True
ESP,2023Q2,eurostat_hicp_midx_cp00_i15_2026_02_06|eurostat_hicp_midx_cp045_i15_2010_2025_2026_02_06,2026-02-06,2026-07-18T13:22:23.066990+00:00|2026-07-18T13:36:12.596560+00:00,119.72666666666667,104.19666666666666,3,3,True,True
ESP,2023Q3,eurostat_hicp_midx_cp00_i15_2026_02_06|eurostat_hicp_midx_cp045_i15_2010_2025_2026_02_06,2026-02-06,2026-07-18T13:22:23.066990+00:00|2026-07-18T13:36:12.596560+00:00,120.69666666666667,104.93333333333334,3,3,True,True
ESP,2023Q4,eurostat_hicp_midx_cp00_i15_2026_02_06|eurostat_hicp_midx_cp045_i15_2010_2025_2026_02_06,2026-02-06,2026-07-18T13:22:23.066990+00:00|2026-07-18T13:36:12.596560+00:00,121.26666666666667,100.56666666666666,3,3,True,True
ESP,2024Q1,eurostat_hicp_midx_cp00_i15_2026_02_06|eurostat_hicp_midx_cp045_i15_2010_2025_2026_02_06,2026-02-06,2026-07-18T13:22:23.066990+00:00|2026-07-18T13:36:12.596560+00:00,121.68,107.16000000000001,3,3,True,True
ESP,2024Q2,eurostat_hicp_midx_cp00_i15_2026_02_06|eurostat_hicp_midx_cp045_i15_2010_2025_2026_02_06,2026-02-06,2026-07-18T13:22:23.066990+00:00|2026-07-18T13:36:12.596560+00:00,124.02,112.10666666666667,3,3,True,True
ESP,2024Q3,eurostat_hicp_midx_cp00_i15_2026_02_06|eurostat_hicp_midx_cp045_i15_2010_2025_2026_02_06,2026-02-06,2026-07-18T13:22:23.066990+00:00|2026-07-18T13:36:12.596560+00:00,123.49000000000001,108.97000000000001,3,3,True,True
ESP,2024Q4,eurostat_hicp_midx_cp00_i15_2026_02_06|eurostat_hicp_midx_cp045_i15_2010_2025_2026_02_06,2026-02-06,2026-07-18T13:22:23.066990+00:00|2026-07-18T13:36:12.596560+00:00,124.11666666666667,112.39666666666666,3,3,True,True
ESP,2025Q1,eurostat_hicp_midx_cp00_i15_2026_02_06|eurostat_hicp_midx_cp045_i15_2010_2025_2026_02_06,2026-02-06,2026-07-18T13:22:23.066990+00:00|2026-07-18T13:36:12.596560+00:00,124.92333333333333,123.64333333333333,3,3,True,True
ESP,2025Q2,eurostat_hicp_midx_cp00_i15_2026_02_06|eurostat_hicp_midx_cp045_i15_2010_2025_2026_02_06,2026-02-06,2026-07-18T13:22:23.066990+00:00|2026-07-18T13:36:12.596560+00:00,126.70333333333333,118.58333333333333,3,3,True,True
ESP,2025Q3,eurostat_hicp_midx_cp00_i15_2026_02_06|eurostat_hicp_midx_cp045_i15_2010_2025_2026_02_06,2026-02-06,2026-07-18T13:22:23.066990+00:00|2026-07-18T13:36:12.596560+00:00,126.96333333333332,121.73,3,3,True,True
ESP,2025Q4,eurostat_hicp_midx_cp00_i15_2026_02_06|eurostat_hicp_midx_cp045_i15_2010_2025_2026_02_06,2026-02-06,2026-07-18T13:22:23.066990+00:00|2026-07-18T13:36:12.596560+00:00,128.0,123.89666666666666,3,3,True,True
EST,2010Q1,eurostat_hicp_midx_cp00_i15_2010_2019_2026_02_06|eurostat_hicp_midx_cp045_i15_2010_2025_2026_02_06,2026-02-06,2026-07-18T13:36:09.327867+00:00|2026-07-18T13:36:12.596560+00:00,86.15000000000002,79.81,3,3,True,True
EST,2010Q2,eurostat_hicp_midx_cp00_i15_2010_2019_2026_02_06|eurostat_hicp_midx_cp045_i15_2010_2025_2026_02_06,2026-02-06,2026-07-18T13:36:09.327867+00:00|2026-07-18T13:36:12.596560+00:00,87.65333333333335,82.52,3,3,True,True
EST,2010Q3,eurostat_hicp_midx_cp00_i15_2010_2019_2026_02_06|eurostat_hicp_midx_cp045_i15_2010_2025_2026_02_06,2026-02-06,2026-07-18T13:36:09.327867+00:00|2026-07-18T13:36:12.596560+00:00,88.39,83.92333333333333,3,3,True,True
EST,2010Q4,eurostat_hicp_midx_cp00_i15_2010_2019_2026_02_06|eurostat_hicp_midx_cp045_i15_2010_2025_2026_02_06,2026-02-06,2026-07-18T13:36:09.327867+00:00|2026-07-18T13:36:12.596560+00:00,89.66000000000001,84.95,3,3,True,True
EST,2011Q1,eurostat_hicp_midx_cp00_i15_2010_2019_2026_02_06|eurostat_hicp_midx_cp045_i15_2010_2025_2026_02_06,2026-02-06,2026-07-18T13:36:09.327867+00:00|2026-07-18T13:36:12.596560+00:00,90.66666666666667,84.12333333333333,3,3,True,True
EST,2011Q2,eurostat_hicp_midx_cp00_i15_2010_2019_2026_02_06|eurostat_hicp_midx_cp045_i15_2010_2025_2026_02_06,2026-02-06,2026-07-18T13:36:09.327867+00:00|2026-07-18T13:36:12.596560+00:00,92.28333333333335,85.59333333333332,3,3,True,True
EST,2011Q3,eurostat_hicp_midx_cp00_i15_2010_2019_2026_02_06|eurostat_hicp_midx_cp045_i15_2010_2025_2026_02_06,2026-02-06,2026-07-18T13:36:09.327867+00:00|2026-07-18T13:36:12.596560+00:00,93.16666666666667,90.13333333333333,3,3,True,True
EST,2011Q4,eurostat_hicp_midx_cp00_i15_2010_2019_2026_02_06|eurostat_hicp_midx_cp045_i15_2010_2025_2026_02_06,2026-02-06,2026-07-18T13:36:09.327867+00:00|2026-07-18T13:36:12.596560+00:00,93.61,92.67666666666666,3,3,True,True
EST,2012Q1,eurostat_hicp_midx_cp00_i15_2010_2019_2026_02_06|eurostat_hicp_midx_cp045_i15_2010_2025_2026_02_06,2026-02-06,2026-07-18T13:36:09.327867+00:00|2026-07-18T13:36:12.596560+00:00,94.83666666666666,96.11666666666667,3,3,True,True
EST,2012Q2,eurostat_hicp_midx_cp00_i15_2010_2019_2026_02_06|eurostat_hicp_midx_cp045_i15_2010_2025_2026_02_06,2026-02-06,2026-07-18T13:36:09.327867+00:00|2026-07-18T13:36:12.596560+00:00,96.21999999999998,96.55,3,3,True,True
EST,2012Q3,eurostat_hicp_midx_cp00_i15_2010_2019_2026_02_06|eurostat_hicp_midx_cp045_i15_2010_2025_2026_02_06,2026-02-06,2026-07-18T13:36:09.327867+00:00|2026-07-18T13:36:12.596560+00:00,97.01666666666667,99.61333333333334,3,3,True,True
EST,2012Q4,eurostat_hicp_midx_cp00_i15_2010_2019_2026_02_06|eurostat_hicp_midx_cp045_i15_2010_2025_2026_02_06,2026-02-06,2026-07-18T13:36:09.327867+00:00|2026-07-18T13:36:12.596560+00:00,97.25333333333333,100.42,3,3,True,True
EST,2013Q1,eurostat_hicp_midx_cp00_i15_2010_2019_2026_02_06|eurostat_hicp_midx_cp045_i15_2010_2025_2026_02_06,2026-02-06,2026-07-18T13:36:09.327867+00:00|2026-07-18T13:36:12.596560+00:00,98.47666666666667,108.55,3,3,True,True
EST,2013Q2,eurostat_hicp_midx_cp00_i15_2010_2019_2026_02_06|eurostat_hicp_midx_cp045_i15_2010_2025_2026_02_06,2026-02-06,2026-07-18T13:36:09.327867+00:00|2026-07-18T13:36:12.596560+00:00,99.78000000000002,108.94333333333333,3,3,True,True
EST,2013Q3,eurostat_hicp_midx_cp00_i15_2010_2019_2026_02_06|eurostat_hicp_midx_cp045_i15_2010_2025_2026_02_06,2026-02-06,2026-07-18T13:36:09.327867+00:00|2026-07-18T13:36:12.596560+00:00,100.28333333333335,109.42999999999999,3,3,True,True
EST,2013Q4,eurostat_hicp_midx_cp00_i15_2010_2019_2026_02_06|eurostat_hicp_midx_cp045_i15_2010_2025_2026_02_06,2026-02-06,2026-07-18T13:36:09.327867+00:00|2026-07-18T13:36:12.596560+00:00,99.29666666666667,107.52999999999999,3,3,True,True
EST,2014Q1,eurostat_hicp_midx_cp00_i15_2010_2019_2026_02_06|eurostat_hicp_midx_cp045_i15_2010_2025_2026_02_06,2026-02-06,2026-07-18T13:36:09.327867+00:00|2026-07-18T13:36:12.596560+00:00,99.58999999999999,104.54,3,3,True,True
EST,2014Q2,eurostat_hicp_midx_cp00_i15_2010_2019_2026_02_06|eurostat_hicp_midx_cp045_i15_2010_2025_2026_02_06,2026-02-06,2026-07-18T13:36:09.327867+00:00|2026-07-18T13:36:12.596560+00:00,100.37666666666667,103.17333333333333,3,3,True,True
EST,2014Q3,eurostat_hicp_midx_cp00_i15_2010_2019_2026_02_06|eurostat_hicp_midx_cp045_i15_2010_2025_2026_02_06,2026-02-06,2026-07-18T13:36:09.327867+00:00|2026-07-18T13:36:12.596560+00:00,100.28666666666668,104.56666666666666,3,3,True,True
EST,2014Q4,eurostat_hicp_midx_cp00_i15_2010_2019_2026_02_06|eurostat_hicp_midx_cp045_i15_2010_2025_2026_02_06,2026-02-06,2026-07-18T13:36:09.327867+00:00|2026-07-18T13:36:12.596560+00:00,99.47666666666667,104.33333333333333,3,3,True,True
EST,2015Q1,eurostat_hicp_midx_cp00_i15_2010_2019_2026_02_06|eurostat_hicp_midx_cp045_i15_2010_2025_2026_02_06,2026-02-06,2026-07-18T13:36:09.327867+00:00|2026-07-18T13:36:12.596560+00:00,99.34333333333332,102.41000000000001,3,3,True,True
EST,2015Q2,eurostat_hicp_midx_cp00_i15_2010_2019_2026_02_06|eurostat_hicp_midx_cp045_i15_2010_2025_2026_02_06,2026-02-06,2026-07-18T13:36:09.327867+00:00|2026-07-18T13:36:12.596560+00:00,100.78666666666668,100.63333333333333,3,3,True,True
EST,2015Q3,eurostat_hicp_midx_cp00_i15_2010_2019_2026_02_06|eurostat_hicp_midx_cp045_i15_2010_2025_2026_02_06,2026-02-06,2026-07-18T13:36:09.327867+00:00|2026-07-18T13:36:12.596560+00:00,100.27999999999999,99.41000000000001,3,3,True,True
EST,2015Q4,eurostat_hicp_midx_cp00_i15_2010_2019_2026_02_06|eurostat_hicp_midx_cp045_i15_2010_2025_2026_02_06,2026-02-06,2026-07-18T13:36:09.327867+00:00|2026-07-18T13:36:12.596560+00:00,99.58999999999999,97.54666666666667,3,3,True,True
EST,2016Q1,eurostat_hicp_midx_cp00_i15_2010_2019_2026_02_06|eurostat_hicp_midx_cp045_i15_2010_2025_2026_02_06,2026-02-06,2026-07-18T13:36:09.327867+00:00|2026-07-18T13:36:12.596560+00:00,99.63666666666666,96.39333333333333,3,3,True,True
EST,2016Q2,eurostat_hicp_midx_cp00_i15_2010_2019_2026_02_06|eurostat_hicp_midx_cp045_i15_2010_2025_2026_02_06,2026-02-06,2026-07-18T13:36:09.327867+00:00|2026-07-18T13:36:12.596560+00:00,100.91333333333334,95.12666666666667,3,3,True,True
EST,2016Q3,eurostat_hicp_midx_cp00_i15_2010_2019_2026_02_06|eurostat_hicp_midx_cp045_i15_2010_2025_2026_02_06,2026-02-06,2026-07-18T13:36:09.327867+00:00|2026-07-18T13:36:12.596560+00:00,101.48666666666666,94.73666666666668,3,3,True,True
EST,2016Q4,eurostat_hicp_midx_cp00_i15_2010_2019_2026_02_06|eurostat_hicp_midx_cp045_i15_2010_2025_2026_02_06,2026-02-06,2026-07-18T13:36:09.327867+00:00|2026-07-18T13:36:12.596560+00:00,101.16333333333334,96.63666666666667,3,3,True,True
EST,2017Q1,eurostat_hicp_midx_cp00_i15_2010_2019_2026_02_06|eurostat_hicp_midx_cp045_i15_2010_2025_2026_02_06,2026-02-06,2026-07-18T13:36:09.327867+00:00|2026-07-18T13:36:12.596560+00:00,102.71666666666665,96.28000000000002,3,3,True,True
EST,2017Q2,eurostat_hicp_midx_cp00_i15_2010_2019_2026_02_06|eurostat_hicp_midx_cp045_i15_2010_2025_2026_02_06,2026-02-06,2026-07-18T13:36:09.327867+00:00|2026-07-18T13:36:12.596560+00:00,104.33999999999999,95.50333333333333,3,3,True,True
EST,2017Q3,eurostat_hicp_midx_cp00_i15_2010_2019_2026_02_06|eurostat_hicp_midx_cp045_i15_2010_2025_2026_02_06,2026-02-06,2026-07-18T13:36:09.327867+00:00|2026-07-18T13:36:12.596560+00:00,105.57333333333334,97.58333333333333,3,3,True,True
EST,2017Q4,eurostat_hicp_midx_cp00_i15_2010_2019_2026_02_06|eurostat_hicp_midx_cp045_i15_2010_2025_2026_02_06,2026-02-06,2026-07-18T13:36:09.327867+00:00|2026-07-18T13:36:12.596560+00:00,105.29,96.43666666666667,3,3,True,True
EST,2018Q1,eurostat_hicp_midx_cp00_i15_2010_2019_2026_02_06|eurostat_hicp_midx_cp045_i15_2010_2025_2026_02_06,2026-02-06,2026-07-18T13:36:09.327867+00:00|2026-07-18T13:36:12.596560+00:00,106.03000000000002,99.89999999999999,3,3,True,True
EST,2018Q2,eurostat_hicp_midx_cp00_i15_2010_2019_2026_02_06|eurostat_hicp_midx_cp045_i15_2010_2025_2026_02_06,2026-02-06,2026-07-18T13:36:09.327867+00:00|2026-07-18T13:36:12.596560+00:00,107.76666666666667,100.45333333333333,3,3,True,True
EST,2018Q3,eurostat_hicp_midx_cp00_i15_2010_2019_2026_02_06|eurostat_hicp_midx_cp045_i15_2010_2025_2026_02_06,2026-02-06,2026-07-18T13:36:09.327867+00:00|2026-07-18T13:36:12.596560+00:00,109.22666666666667,106.62666666666667,3,3,True,True
EST,2018Q4,eurostat_hicp_midx_cp00_i15_2010_2019_2026_02_06|eurostat_hicp_midx_cp045_i15_2010_2025_2026_02_06,2026-02-06,2026-07-18T13:36:09.327867+00:00|2026-07-18T13:36:12.596560+00:00,109.15666666666668,108.11,3,3,True,True
EST,2019Q1,eurostat_hicp_midx_cp00_i15_2010_2019_2026_02_06|eurostat_hicp_midx_cp045_i15_2010_2025_2026_02_06,2026-02-06,2026-07-18T13:36:09.327867+00:00|2026-07-18T13:36:12.596560+00:00,108.46333333333332,107.71666666666665,3,3,True,True
EST,2019Q2,eurostat_hicp_midx_cp00_i15_2010_2019_2026_02_06|eurostat_hicp_midx_cp045_i15_2010_2025_2026_02_06,2026-02-06,2026-07-18T13:36:09.327867+00:00|2026-07-18T13:36:12.596560+00:00,110.96666666666665,105.56333333333333,3,3,True,True
EST,2019Q3,eurostat_hicp_midx_cp00_i15_2010_2019_2026_02_06|eurostat_hicp_midx_cp045_i15_2010_2025_2026_02_06,2026-02-06,2026-07-18T13:36:09.327867+00:00|2026-07-18T13:36:12.596560+00:00,111.55666666666667,106.49666666666667,3,3,True,True
EST,2019Q4,eurostat_hicp_midx_cp00_i15_2010_2019_2026_02_06|eurostat_hicp_midx_cp045_i15_2010_2025_2026_02_06,2026-02-06,2026-07-18T13:36:09.327867+00:00|2026-07-18T13:36:12.596560+00:00,110.99666666666667,105.18666666666667,3,3,True,True
EST,2020Q1,eurostat_hicp_midx_cp00_i15_2026_02_06|eurostat_hicp_midx_cp045_i15_2010_2025_2026_02_06,2026-02-06,2026-07-18T13:22:23.066990+00:00|2026-07-18T13:36:12.596560+00:00,110.13,100.63333333333333,3,3,True,True
EST,2020Q2,eurostat_hicp_midx_cp00_i15_2026_02_06|eurostat_hicp_midx_cp045_i15_2010_2025_2026_02_06,2026-02-06,2026-07-18T13:22:23.066990+00:00|2026-07-18T13:36:12.596560+00:00,109.36666666666667,98.45666666666666,3,3,True,True
EST,2020Q3,eurostat_hicp_midx_cp00_i15_2026_02_06|eurostat_hicp_midx_cp045_i15_2010_2025_2026_02_06,2026-02-06,2026-07-18T13:22:23.066990+00:00|2026-07-18T13:36:12.596560+00:00,110.09666666666665,101.09333333333332,3,3,True,True
EST,2020Q4,eurostat_hicp_midx_cp00_i15_2026_02_06|eurostat_hicp_midx_cp045_i15_2010_2025_2026_02_06,2026-02-06,2026-07-18T13:22:23.066990+00:00|2026-07-18T13:36:12.596560+00:00,109.58666666666666,103.25999999999999,3,3,True,True
EST,2021Q1,eurostat_hicp_midx_cp00_i15_2026_02_06|eurostat_hicp_midx_cp045_i15_2010_2025_2026_02_06,2026-02-06,2026-07-18T13:22:23.066990+00:00|2026-07-18T13:36:12.596560+00:00,110.75,107.31,3,3,True,True
EST,2021Q2,eurostat_hicp_midx_cp00_i15_2026_02_06|eurostat_hicp_midx_cp045_i15_2010_2025_2026_02_06,2026-02-06,2026-07-18T13:22:23.066990+00:00|2026-07-18T13:36:12.596560+00:00,112.48,108.24333333333334,3,3,True,True
EST,2021Q3,eurostat_hicp_midx_cp00_i15_2026_02_06|eurostat_hicp_midx_cp045_i15_2010_2025_2026_02_06,2026-02-06,2026-07-18T13:22:23.066990+00:00|2026-07-18T13:36:12.596560+00:00,116.06,126.62666666666667,3,3,True,True
EST,2021Q4,eurostat_hicp_midx_cp00_i15_2026_02_06|eurostat_hicp_midx_cp045_i15_2010_2025_2026_02_06,2026-02-06,2026-07-18T13:22:23.066990+00:00|2026-07-18T13:36:12.596560+00:00,119.59666666666665,150.39333333333335,3,3,True,True
EST,2022Q1,eurostat_hicp_midx_cp00_i15_2026_02_06|eurostat_hicp_midx_cp045_i15_2010_2025_2026_02_06,2026-02-06,2026-07-18T13:22:23.066990+00:00|2026-07-18T13:36:12.596560+00:00,124.57333333333334,159.23666666666668,3,3,True,True
EST,2022Q2,eurostat_hicp_midx_cp00_i15_2026_02_06|eurostat_hicp_midx_cp045_i15_2010_2025_2026_02_06,2026-02-06,2026-07-18T13:22:23.066990+00:00|2026-07-18T13:36:12.596560+00:00,135.46666666666667,225.84666666666666,3,3,True,True
EST,2022Q3,eurostat_hicp_midx_cp00_i15_2026_02_06|eurostat_hicp_midx_cp045_i15_2010_2025_2026_02_06,2026-02-06,2026-07-18T13:22:23.066990+00:00|2026-07-18T13:36:12.596560+00:00,144.08,281.13,3,3,True,True
EST,2022Q4,eurostat_hicp_midx_cp00_i15_2026_02_06|eurostat_hicp_midx_cp045_i15_2010_2025_2026_02_06,2026-02-06,2026-07-18T13:22:23.066990+00:00|2026-07-18T13:36:12.596560+00:00,144.00666666666666,232.44333333333336,3,3,True,True
EST,2023Q1,eurostat_hicp_midx_cp00_i15_2026_02_06|eurostat_hicp_midx_cp045_i15_2010_2025_2026_02_06,2026-02-06,2026-07-18T13:22:23.066990+00:00|2026-07-18T13:36:12.596560+00:00,146.16666666666666,229.64666666666668,3,3,True,True
EST,2023Q2,eurostat_hicp_midx_cp00_i15_2026_02_06|eurostat_hicp_midx_cp045_i15_2010_2025_2026_02_06,2026-02-06,2026-07-18T13:22:23.066990+00:00|2026-07-18T13:36:12.596560+00:00,150.47333333333333,255.00666666666666,3,3,True,True
EST,2023Q3,eurostat_hicp_midx_cp00_i15_2026_02_06|eurostat_hicp_midx_cp045_i15_2010_2025_2026_02_06,2026-02-06,2026-07-18T13:22:23.066990+00:00|2026-07-18T13:36:12.596560+00:00,150.99333333333334,246.11666666666667,3,3,True,True
EST,2023Q4,eurostat_hicp_midx_cp00_i15_2026_02_06|eurostat_hicp_midx_cp045_i15_2010_2025_2026_02_06,2026-02-06,2026-07-18T13:22:23.066990+00:00|2026-07-18T13:36:12.596560+00:00,150.46,247.06000000000003,3,3,True,True
EST,2024Q1,eurostat_hicp_midx_cp00_i15_2026_02_06|eurostat_hicp_midx_cp045_i15_2010_2025_2026_02_06,2026-02-06,2026-07-18T13:22:23.066990+00:00|2026-07-18T13:36:12.596560+00:00,152.69666666666666,242.58333333333334,3,3,True,True
EST,2024Q2,eurostat_hicp_midx_cp00_i15_2026_02_06|eurostat_hicp_midx_cp045_i15_2010_2025_2026_02_06,2026-02-06,2026-07-18T13:22:23.066990+00:00|2026-07-18T13:36:12.596560+00:00,155.0,232.42999999999998,3,3,True,True
EST,2024Q3,eurostat_hicp_midx_cp00_i15_2026_02_06|eurostat_hicp_midx_cp045_i15_2010_2025_2026_02_06,2026-02-06,2026-07-18T13:22:23.066990+00:00|2026-07-18T13:36:12.596560+00:00,156.05999999999997,238.4766666666667,3,3,True,True
EST,2024Q4,eurostat_hicp_midx_cp00_i15_2026_02_06|eurostat_hicp_midx_cp045_i15_2010_2025_2026_02_06,2026-02-06,2026-07-18T13:22:23.066990+00:00|2026-07-18T13:36:12.596560+00:00,156.64,237.49666666666667,3,3,True,True
EST,2025Q1,eurostat_hicp_midx_cp00_i15_2026_02_06|eurostat_hicp_midx_cp045_i15_2010_2025_2026_02_06,2026-02-06,2026-07-18T13:22:23.066990+00:00|2026-07-18T13:36:12.596560+00:00,159.39333333333332,245.79666666666665,3,3,True,True
EST,2025Q2,eurostat_hicp_midx_cp00_i15_2026_02_06|eurostat_hicp_midx_cp045_i15_2010_2025_2026_02_06,2026-02-06,2026-07-18T13:22:23.066990+00:00|2026-07-18T13:36:12.596560+00:00,162.36666666666667,227.22,3,3,True,True
EST,2025Q3,eurostat_hicp_midx_cp00_i15_2026_02_06|eurostat_hicp_midx_cp045_i15_2010_2025_2026_02_06,2026-02-06,2026-07-18T13:22:23.066990+00:00|2026-07-18T13:36:12.596560+00:00,164.93,230.80999999999997,3,3,True,True
EST,2025Q4,eurostat_hicp_midx_cp00_i15_2026_02_06|eurostat_hicp_midx_cp045_i15_2010_2025_2026_02_06,2026-02-06,2026-07-18T13:22:23.066990+00:00|2026-07-18T13:36:12.596560+00:00,163.6,236.64666666666668,3,3,True,True
FIN,2010Q1,eurostat_hicp_midx_cp00_i15_2010_2019_2026_02_06|eurostat_hicp_midx_cp045_i15_2010_2025_2026_02_06,2026-02-06,2026-07-18T13:36:09.327867+00:00|2026-07-18T13:36:12.596560+00:00,90.11,81.45666666666666,3,3,True,True
FIN,2010Q2,eurostat_hicp_midx_cp00_i15_2010_2019_2026_02_06|eurostat_hicp_midx_cp045_i15_2010_2025_2026_02_06,2026-02-06,2026-07-18T13:36:09.327867+00:00|2026-07-18T13:36:12.596560+00:00,90.79,85.02666666666666,3,3,True,True
FIN,2010Q3,eurostat_hicp_midx_cp00_i15_2010_2019_2026_02_06|eurostat_hicp_midx_cp045_i15_2010_2025_2026_02_06,2026-02-06,2026-07-18T13:36:09.327867+00:00|2026-07-18T13:36:12.596560+00:00,90.67,86.81,3,3,True,True
FIN,2010Q4,eurostat_hicp_midx_cp00_i15_2010_2019_2026_02_06|eurostat_hicp_midx_cp045_i15_2010_2025_2026_02_06,2026-02-06,2026-07-18T13:36:09.327867+00:00|2026-07-18T13:36:12.596560+00:00,91.74000000000001,89.69333333333334,3,3,True,True
FIN,2011Q1,eurostat_hicp_midx_cp00_i15_2010_2019_2026_02_06|eurostat_hicp_midx_cp045_i15_2010_2025_2026_02_06,2026-02-06,2026-07-18T13:36:09.327867+00:00|2026-07-18T13:36:12.596560+00:00,93.13666666666666,101.90333333333332,3,3,True,True
FIN,2011Q2,eurostat_hicp_midx_cp00_i15_2010_2019_2026_02_06|eurostat_hicp_midx_cp045_i15_2010_2025_2026_02_06,2026-02-06,2026-07-18T13:36:09.327867+00:00|2026-07-18T13:36:12.596560+00:00,93.89,103.39333333333333,3,3,True,True
FIN,2011Q3,eurostat_hicp_midx_cp00_i15_2010_2019_2026_02_06|eurostat_hicp_midx_cp045_i15_2010_2025_2026_02_06,2026-02-06,2026-07-18T13:36:09.327867+00:00|2026-07-18T13:36:12.596560+00:00,93.87,103.84333333333332,3,3,True,True
FIN,2011Q4,eurostat_hicp_midx_cp00_i15_2010_2019_2026_02_06|eurostat_hicp_midx_cp045_i15_2010_2025_2026_02_06,2026-02-06,2026-07-18T13:36:09.327867+00:00|2026-07-18T13:36:12.596560+00:00,94.49000000000001,104.16000000000001,3,3,True,True
FIN,2012Q1,eurostat_hicp_midx_cp00_i15_2010_2019_2026_02_06|eurostat_hicp_midx_cp045_i15_2010_2025_2026_02_06,2026-02-06,2026-07-18T13:36:09.327867+00:00|2026-07-18T13:36:12.596560+00:00,95.93666666666667,105.16666666666667,3,3,True,True
FIN,2012Q2,eurostat_hicp_midx_cp00_i15_2010_2019_2026_02_06|eurostat_hicp_midx_cp045_i15_2010_2025_2026_02_06,2026-02-06,2026-07-18T13:36:09.327867+00:00|2026-07-18T13:36:12.596560+00:00,96.71,102.35333333333334,3,3,True,True
FIN,2012Q3,eurostat_hicp_midx_cp00_i15_2010_2019_2026_02_06|eurostat_hicp_midx_cp045_i15_2010_2025_2026_02_06,2026-02-06,2026-07-18T13:36:09.327867+00:00|2026-07-18T13:36:12.596560+00:00,96.93,102.82666666666667,3,3,True,True
FIN,2012Q4,eurostat_hicp_midx_cp00_i15_2010_2019_2026_02_06|eurostat_hicp_midx_cp045_i15_2010_2025_2026_02_06,2026-02-06,2026-07-18T13:36:09.327867+00:00|2026-07-18T13:36:12.596560+00:00,97.68,103.15666666666668,3,3,True,True
FIN,2013Q1,eurostat_hicp_midx_cp00_i15_2010_2019_2026_02_06|eurostat_hicp_midx_cp045_i15_2010_2025_2026_02_06,2026-02-06,2026-07-18T13:36:09.327867+00:00|2026-07-18T13:36:12.596560+00:00,98.34666666666668,105.24333333333334,3,3,True,True
FIN,2013Q2,eurostat_hicp_midx_cp00_i15_2010_2019_2026_02_06|eurostat_hicp_midx_cp045_i15_2010_2025_2026_02_06,2026-02-06,2026-07-18T13:36:09.327867+00:00|2026-07-18T13:36:12.596560+00:00,99.03333333333335,102.93666666666667,3,3,True,True
FIN,2013Q3,eurostat_hicp_midx_cp00_i15_2010_2019_2026_02_06|eurostat_hicp_midx_cp045_i15_2010_2025_2026_02_06,2026-02-06,2026-07-18T13:36:09.327867+00:00|2026-07-18T13:36:12.596560+00:00,99.00666666666666,104.15666666666668,3,3,True,True
FIN,2013Q4,eurostat_hicp_midx_cp00_i15_2010_2019_2026_02_06|eurostat_hicp_midx_cp045_i15_2010_2025_2026_02_06,2026-02-06,2026-07-18T13:36:09.327867+00:00|2026-07-18T13:36:12.596560+00:00,99.45,103.62333333333333,3,3,True,True
FIN,2014Q1,eurostat_hicp_midx_cp00_i15_2010_2019_2026_02_06|eurostat_hicp_midx_cp045_i15_2010_2025_2026_02_06,2026-02-06,2026-07-18T13:36:09.327867+00:00|2026-07-18T13:36:12.596560+00:00,99.89999999999999,104.91666666666667,3,3,True,True
FIN,2014Q2,eurostat_hicp_midx_cp00_i15_2010_2019_2026_02_06|eurostat_hicp_midx_cp045_i15_2010_2025_2026_02_06,2026-02-06,2026-07-18T13:36:09.327867+00:00|2026-07-18T13:36:12.596560+00:00,100.11666666666667,102.40333333333335,3,3,True,True
FIN,2014Q3,eurostat_hicp_midx_cp00_i15_2010_2019_2026_02_06|eurostat_hicp_midx_cp045_i15_2010_2025_2026_02_06,2026-02-06,2026-07-18T13:36:09.327867+00:00|2026-07-18T13:36:12.596560+00:00,100.22666666666667,101.87333333333333,3,3,True,True
FIN,2014Q4,eurostat_hicp_midx_cp00_i15_2010_2019_2026_02_06|eurostat_hicp_midx_cp045_i15_2010_2025_2026_02_06,2026-02-06,2026-07-18T13:36:09.327867+00:00|2026-07-18T13:36:12.596560+00:00,100.38,101.04666666666667,3,3,True,True
FIN,2015Q1,eurostat_hicp_midx_cp00_i15_2010_2019_2026_02_06|eurostat_hicp_midx_cp045_i15_2010_2025_2026_02_06,2026-02-06,2026-07-18T13:36:09.327867+00:00|2026-07-18T13:36:12.596560+00:00,99.83999999999999,101.78000000000002,3,3,True,True
FIN,2015Q2,eurostat_hicp_midx_cp00_i15_2010_2019_2026_02_06|eurostat_hicp_midx_cp045_i15_2010_2025_2026_02_06,2026-02-06,2026-07-18T13:36:09.327867+00:00|2026-07-18T13:36:12.596560+00:00,100.14999999999999,101.19,3,3,True,True
FIN,2015Q3,eurostat_hicp_midx_cp00_i15_2010_2019_2026_02_06|eurostat_hicp_midx_cp045_i15_2010_2025_2026_02_06,2026-02-06,2026-07-18T13:36:09.327867+00:00|2026-07-18T13:36:12.596560+00:00,99.90333333333332,98.89333333333333,3,3,True,True
FIN,2015Q4,eurostat_hicp_midx_cp00_i15_2010_2019_2026_02_06|eurostat_hicp_midx_cp045_i15_2010_2025_2026_02_06,2026-02-06,2026-07-18T13:36:09.327867+00:00|2026-07-18T13:36:12.596560+00:00,100.10666666666667,98.14,3,3,True,True
FIN,2016Q1,eurostat_hicp_midx_cp00_i15_2010_2019_2026_02_06|eurostat_hicp_midx_cp045_i15_2010_2025_2026_02_06,2026-02-06,2026-07-18T13:36:09.327867+00:00|2026-07-18T13:36:12.596560+00:00,99.79666666666667,97.84333333333332,3,3,True,True
FIN,2016Q2,eurostat_hicp_midx_cp00_i15_2010_2019_2026_02_06|eurostat_hicp_midx_cp045_i15_2010_2025_2026_02_06,2026-02-06,2026-07-18T13:36:09.327867+00:00|2026-07-18T13:36:12.596560+00:00,100.45,98.99666666666667,3,3,True,True
FIN,2016Q3,eurostat_hicp_midx_cp00_i15_2010_2019_2026_02_06|eurostat_hicp_midx_cp045_i15_2010_2025_2026_02_06,2026-02-06,2026-07-18T13:36:09.327867+00:00|2026-07-18T13:36:12.596560+00:00,100.41000000000001,98.75666666666666,3,3,True,True
FIN,2016Q4,eurostat_hicp_midx_cp00_i15_2010_2019_2026_02_06|eurostat_hicp_midx_cp045_i15_2010_2025_2026_02_06,2026-02-06,2026-07-18T13:36:09.327867+00:00|2026-07-18T13:36:12.596560+00:00,100.89999999999999,100.88666666666666,3,3,True,True
FIN,2017Q1,eurostat_hicp_midx_cp00_i15_2010_2019_2026_02_06|eurostat_hicp_midx_cp045_i15_2010_2025_2026_02_06,2026-02-06,2026-07-18T13:36:09.327867+00:00|2026-07-18T13:36:12.596560+00:00,100.87666666666667,104.28666666666668,3,3,True,True
FIN,2017Q2,eurostat_hicp_midx_cp00_i15_2010_2019_2026_02_06|eurostat_hicp_midx_cp045_i15_2010_2025_2026_02_06,2026-02-06,2026-07-18T13:36:09.327867+00:00|2026-07-18T13:36:12.596560+00:00,101.38666666666666,104.04,3,3,True,True
FIN,2017Q3,eurostat_hicp_midx_cp00_i15_2010_2019_2026_02_06|eurostat_hicp_midx_cp045_i15_2010_2025_2026_02_06,2026-02-06,2026-07-18T13:36:09.327867+00:00|2026-07-18T13:36:12.596560+00:00,101.13666666666666,103.97333333333334,3,3,True,True
FIN,2017Q4,eurostat_hicp_midx_cp00_i15_2010_2019_2026_02_06|eurostat_hicp_midx_cp045_i15_2010_2025_2026_02_06,2026-02-06,2026-07-18T13:36:09.327867+00:00|2026-07-18T13:36:12.596560+00:00,101.52666666666666,105.33333333333333,3,3,True,True
FIN,2018Q1,eurostat_hicp_midx_cp00_i15_2010_2019_2026_02_06|eurostat_hicp_midx_cp045_i15_2010_2025_2026_02_06,2026-02-06,2026-07-18T13:36:09.327867+00:00|2026-07-18T13:36:12.596560+00:00,101.66000000000001,106.69666666666667,3,3,True,True
FIN,2018Q2,eurostat_hicp_midx_cp00_i15_2010_2019_2026_02_06|eurostat_hicp_midx_cp045_i15_2010_2025_2026_02_06,2026-02-06,2026-07-18T13:36:09.327867+00:00|2026-07-18T13:36:12.596560+00:00,102.41333333333334,107.04333333333334,3,3,True,True
FIN,2018Q3,eurostat_hicp_midx_cp00_i15_2010_2019_2026_02_06|eurostat_hicp_midx_cp045_i15_2010_2025_2026_02_06,2026-02-06,2026-07-18T13:36:09.327867+00:00|2026-07-18T13:36:12.596560+00:00,102.55,109.69333333333333,3,3,True,True
FIN,2018Q4,eurostat_hicp_midx_cp00_i15_2010_2019_2026_02_06|eurostat_hicp_midx_cp045_i15_2010_2025_2026_02_06,2026-02-06,2026-07-18T13:36:09.327867+00:00|2026-07-18T13:36:12.596560+00:00,103.03666666666668,113.38333333333333,3,3,True,True
FIN,2019Q1,eurostat_hicp_midx_cp00_i15_2010_2019_2026_02_06|eurostat_hicp_midx_cp045_i15_2010_2025_2026_02_06,2026-02-06,2026-07-18T13:36:09.327867+00:00|2026-07-18T13:36:12.596560+00:00,102.89,115.20666666666666,3,3,True,True
FIN,2019Q2,eurostat_hicp_midx_cp00_i15_2010_2019_2026_02_06|eurostat_hicp_midx_cp045_i15_2010_2025_2026_02_06,2026-02-06,2026-07-18T13:36:09.327867+00:00|2026-07-18T13:36:12.596560+00:00,103.75999999999999,116.00999999999999,3,3,True,True
FIN,2019Q3,eurostat_hicp_midx_cp00_i15_2010_2019_2026_02_06|eurostat_hicp_midx_cp045_i15_2010_2025_2026_02_06,2026-02-06,2026-07-18T13:36:09.327867+00:00|2026-07-18T13:36:12.596560+00:00,103.66666666666667,115.29666666666667,3,3,True,True
FIN,2019Q4,eurostat_hicp_midx_cp00_i15_2010_2019_2026_02_06|eurostat_hicp_midx_cp045_i15_2010_2025_2026_02_06,2026-02-06,2026-07-18T13:36:09.327867+00:00|2026-07-18T13:36:12.596560+00:00,104.0,117.07333333333334,3,3,True,True
FIN,2020Q1,eurostat_hicp_midx_cp00_i15_2026_02_06|eurostat_hicp_midx_cp045_i15_2010_2025_2026_02_06,2026-02-06,2026-07-18T13:22:23.066990+00:00|2026-07-18T13:36:12.596560+00:00,103.98333333333333,116.03333333333335,3,3,True,True
FIN,2020Q2,eurostat_hicp_midx_cp00_i15_2026_02_06|eurostat_hicp_midx_cp045_i15_2010_2025_2026_02_06,2026-02-06,2026-07-18T13:22:23.066990+00:00|2026-07-18T13:36:12.596560+00:00,103.62333333333333,112.93666666666667,3,3,True,True
FIN,2020Q3,eurostat_hicp_midx_cp00_i15_2026_02_06|eurostat_hicp_midx_cp045_i15_2010_2025_2026_02_06,2026-02-06,2026-07-18T13:22:23.066990+00:00|2026-07-18T13:36:12.596560+00:00,104.08999999999999,112.10000000000001,3,3,True,True
FIN,2020Q4,eurostat_hicp_midx_cp00_i15_2026_02_06|eurostat_hicp_midx_cp045_i15_2010_2025_2026_02_06,2026-02-06,2026-07-18T13:22:23.066990+00:00|2026-07-18T13:36:12.596560+00:00,104.20666666666666,112.13666666666667,3,3,True,True
FIN,2021Q1,eurostat_hicp_midx_cp00_i15_2026_02_06|eurostat_hicp_midx_cp045_i15_2010_2025_2026_02_06,2026-02-06,2026-07-18T13:22:23.066990+00:00|2026-07-18T13:36:12.596560+00:00,105.10666666666667,114.67666666666666,3,3,True,True
FIN,2021Q2,eurostat_hicp_midx_cp00_i15_2026_02_06|eurostat_hicp_midx_cp045_i15_2010_2025_2026_02_06,2026-02-06,2026-07-18T13:22:23.066990+00:00|2026-07-18T13:36:12.596560+00:00,105.82666666666667,115.25999999999999,3,3,True,True
FIN,2021Q3,eurostat_hicp_midx_cp00_i15_2026_02_06|eurostat_hicp_midx_cp045_i15_2010_2025_2026_02_06,2026-02-06,2026-07-18T13:22:23.066990+00:00|2026-07-18T13:36:12.596560+00:00,106.07666666666667,116.51333333333332,3,3,True,True
FIN,2021Q4,eurostat_hicp_midx_cp00_i15_2026_02_06|eurostat_hicp_midx_cp045_i15_2010_2025_2026_02_06,2026-02-06,2026-07-18T13:22:23.066990+00:00|2026-07-18T13:36:12.596560+00:00,107.48666666666666,122.94333333333334,3,3,True,True
FIN,2022Q1,eurostat_hicp_midx_cp00_i15_2026_02_06|eurostat_hicp_midx_cp045_i15_2010_2025_2026_02_06,2026-02-06,2026-07-18T13:22:23.066990+00:00|2026-07-18T13:36:12.596560+00:00,110.12333333333333,142.3033333333333,3,3,True,True
FIN,2022Q2,eurostat_hicp_midx_cp00_i15_2026_02_06|eurostat_hicp_midx_cp045_i15_2010_2025_2026_02_06,2026-02-06,2026-07-18T13:22:23.066990+00:00|2026-07-18T13:36:12.596560+00:00,113.24000000000001,145.02333333333334,3,3,True,True
FIN,2022Q3,eurostat_hicp_midx_cp00_i15_2026_02_06|eurostat_hicp_midx_cp045_i15_2010_2025_2026_02_06,2026-02-06,2026-07-18T13:22:23.066990+00:00|2026-07-18T13:36:12.596560+00:00,114.68666666666667,155.00333333333333,3,3,True,True
FIN,2022Q4,eurostat_hicp_midx_cp00_i15_2026_02_06|eurostat_hicp_midx_cp045_i15_2010_2025_2026_02_06,2026-02-06,2026-07-18T13:22:23.066990+00:00|2026-07-18T13:36:12.596560+00:00,116.89,173.62333333333333,3,3,True,True
FIN,2023Q1,eurostat_hicp_midx_cp00_i15_2026_02_06|eurostat_hicp_midx_cp045_i15_2010_2025_2026_02_06,2026-02-06,2026-07-18T13:22:23.066990+00:00|2026-07-18T13:36:12.596560+00:00,118.37666666666667,178.99333333333334,3,3,True,True
FIN,2023Q2,eurostat_hicp_midx_cp00_i15_2026_02_06|eurostat_hicp_midx_cp045_i15_2010_2025_2026_02_06,2026-02-06,2026-07-18T13:22:23.066990+00:00|2026-07-18T13:36:12.596560+00:00,119.05,165.10999999999999,3,3,True,True
FIN,2023Q3,eurostat_hicp_midx_cp00_i15_2026_02_06|eurostat_hicp_midx_cp045_i15_2010_2025_2026_02_06,2026-02-06,2026-07-18T13:22:23.066990+00:00|2026-07-18T13:36:12.596560+00:00,118.63333333333333,151.5533333333333,3,3,True,True
FIN,2023Q4,eurostat_hicp_midx_cp00_i15_2026_02_06|eurostat_hicp_midx_cp045_i15_2010_2025_2026_02_06,2026-02-06,2026-07-18T13:22:23.066990+00:00|2026-07-18T13:36:12.596560+00:00,118.62666666666667,144.65,3,3,True,True
FIN,2024Q1,eurostat_hicp_midx_cp00_i15_2026_02_06|eurostat_hicp_midx_cp045_i15_2010_2025_2026_02_06,2026-02-06,2026-07-18T13:22:23.066990+00:00|2026-07-18T13:36:12.596560+00:00,119.48333333333333,155.55666666666667,3,3,True,True
FIN,2024Q2,eurostat_hicp_midx_cp00_i15_2026_02_06|eurostat_hicp_midx_cp045_i15_2010_2025_2026_02_06,2026-02-06,2026-07-18T13:22:23.066990+00:00|2026-07-18T13:36:12.596560+00:00,119.67333333333333,147.78333333333333,3,3,True,True
FIN,2024Q3,eurostat_hicp_midx_cp00_i15_2026_02_06|eurostat_hicp_midx_cp045_i15_2010_2025_2026_02_06,2026-02-06,2026-07-18T13:22:23.066990+00:00|2026-07-18T13:36:12.596560+00:00,119.64333333333333,140.49333333333334,3,3,True,True
FIN,2024Q4,eurostat_hicp_midx_cp00_i15_2026_02_06|eurostat_hicp_midx_cp045_i15_2010_2025_2026_02_06,2026-02-06,2026-07-18T13:22:23.066990+00:00|2026-07-18T13:36:12.596560+00:00,120.51333333333332,143.72666666666666,3,3,True,True
FIN,2025Q1,eurostat_hicp_midx_cp00_i15_2026_02_06|eurostat_hicp_midx_cp045_i15_2010_2025_2026_02_06,2026-02-06,2026-07-18T13:22:23.066990+00:00|2026-07-18T13:36:12.596560+00:00,121.50333333333333,144.61666666666667,3,3,True,True
FIN,2025Q2,eurostat_hicp_midx_cp00_i15_2026_02_06|eurostat_hicp_midx_cp045_i15_2010_2025_2026_02_06,2026-02-06,2026-07-18T13:22:23.066990+00:00|2026-07-18T13:36:12.596560+00:00,121.98,140.08333333333334,3,3,True,True
FIN,2025Q3,eurostat_hicp_midx_cp00_i15_2026_02_06|eurostat_hicp_midx_cp045_i15_2010_2025_2026_02_06,2026-02-06,2026-07-18T13:22:23.066990+00:00|2026-07-18T13:36:12.596560+00:00,122.21,140.63,3,3,True,True
FIN,2025Q4,eurostat_hicp_midx_cp00_i15_2026_02_06|eurostat_hicp_midx_cp045_i15_2010_2025_2026_02_06,2026-02-06,2026-07-18T13:22:23.066990+00:00|2026-07-18T13:36:12.596560+00:00,122.35333333333334,143.75666666666666,3,3,True,True
FRA,2010Q1,eurostat_hicp_midx_cp00_i15_2010_2019_2026_02_06|eurostat_hicp_midx_cp045_i15_2010_2025_2026_02_06,2026-02-06,2026-07-18T13:36:09.327867+00:00|2026-07-18T13:36:12.596560+00:00,93.33333333333333,78.93666666666667,3,3,True,True
FRA,2010Q2,eurostat_hicp_midx_cp00_i15_2010_2019_2026_02_06|eurostat_hicp_midx_cp045_i15_2010_2025_2026_02_06,2026-02-06,2026-07-18T13:36:09.327867+00:00|2026-07-18T13:36:12.596560+00:00,94.22333333333334,81.12,3,3,True,True
FRA,2010Q3,eurostat_hicp_midx_cp00_i15_2010_2019_2026_02_06|eurostat_hicp_midx_cp045_i15_2010_2025_2026_02_06,2026-02-06,2026-07-18T13:36:09.327867+00:00|2026-07-18T13:36:12.596560+00:00,94.09666666666668,81.93666666666667,3,3,True,True
FRA,2010Q4,eurostat_hicp_midx_cp00_i15_2010_2019_2026_02_06|eurostat_hicp_midx_cp045_i15_2010_2025_2026_02_06,2026-02-06,2026-07-18T13:36:09.327867+00:00|2026-07-18T13:36:12.596560+00:00,94.52666666666666,84.80333333333333,3,3,True,True
FRA,2011Q1,eurostat_hicp_midx_cp00_i15_2010_2019_2026_02_06|eurostat_hicp_midx_cp045_i15_2010_2025_2026_02_06,2026-02-06,2026-07-18T13:36:09.327867+00:00|2026-07-18T13:36:12.596560+00:00,95.19,88.52999999999999,3,3,True,True
FRA,2011Q2,eurostat_hicp_midx_cp00_i15_2010_2019_2026_02_06|eurostat_hicp_midx_cp045_i15_2010_2025_2026_02_06,2026-02-06,2026-07-18T13:36:09.327867+00:00|2026-07-18T13:36:12.596560+00:00,96.31333333333333,89.58999999999999,3,3,True,True
FRA,2011Q3,eurostat_hicp_midx_cp00_i15_2010_2019_2026_02_06|eurostat_hicp_midx_cp045_i15_2010_2025_2026_02_06,2026-02-06,2026-07-18T13:36:09.327867+00:00|2026-07-18T13:36:12.596560+00:00,96.26666666666667,90.08333333333333,3,3,True,True
FRA,2011Q4,eurostat_hicp_midx_cp00_i15_2010_2019_2026_02_06|eurostat_hicp_midx_cp045_i15_2010_2025_2026_02_06,2026-02-06,2026-07-18T13:36:09.327867+00:00|2026-07-18T13:36:12.596560+00:00,97.02999999999999,92.15333333333332,3,3,True,True
FRA,2012Q1,eurostat_hicp_midx_cp00_i15_2010_2019_2026_02_06|eurostat_hicp_midx_cp045_i15_2010_2025_2026_02_06,2026-02-06,2026-07-18T13:36:09.327867+00:00|2026-07-18T13:36:12.596560+00:00,97.63666666666666,94.64999999999999,3,3,True,True
FRA,2012Q2,eurostat_hicp_midx_cp00_i15_2010_2019_2026_02_06|eurostat_hicp_midx_cp045_i15_2010_2025_2026_02_06,2026-02-06,2026-07-18T13:36:09.327867+00:00|2026-07-18T13:36:12.596560+00:00,98.54333333333334,93.64999999999999,3,3,True,True
FRA,2012Q3,eurostat_hicp_midx_cp00_i15_2010_2019_2026_02_06|eurostat_hicp_midx_cp045_i15_2010_2025_2026_02_06,2026-02-06,2026-07-18T13:36:09.327867+00:00|2026-07-18T13:36:12.596560+00:00,98.44,94.98333333333333,3,3,True,True
FRA,2012Q4,eurostat_hicp_midx_cp00_i15_2010_2019_2026_02_06|eurostat_hicp_midx_cp045_i15_2010_2025_2026_02_06,2026-02-06,2026-07-18T13:36:09.327867+00:00|2026-07-18T13:36:12.596560+00:00,98.71666666666665,96.90666666666668,3,3,True,True
FRA,2013Q1,eurostat_hicp_midx_cp00_i15_2010_2019_2026_02_06|eurostat_hicp_midx_cp045_i15_2010_2025_2026_02_06,2026-02-06,2026-07-18T13:36:09.327867+00:00|2026-07-18T13:36:12.596560+00:00,98.81666666666666,99.0,3,3,True,True
FRA,2013Q2,eurostat_hicp_midx_cp00_i15_2010_2019_2026_02_06|eurostat_hicp_midx_cp045_i15_2010_2025_2026_02_06,2026-02-06,2026-07-18T13:36:09.327867+00:00|2026-07-18T13:36:12.596560+00:00,99.43666666666667,97.37666666666667,3,3,True,True
FRA,2013Q3,eurostat_hicp_midx_cp00_i15_2010_2019_2026_02_06|eurostat_hicp_midx_cp045_i15_2010_2025_2026_02_06,2026-02-06,2026-07-18T13:36:09.327867+00:00|2026-07-18T13:36:12.596560+00:00,99.48666666666666,98.46999999999998,3,3,True,True
FRA,2013Q4,eurostat_hicp_midx_cp00_i15_2010_2019_2026_02_06|eurostat_hicp_midx_cp045_i15_2010_2025_2026_02_06,2026-02-06,2026-07-18T13:36:09.327867+00:00|2026-07-18T13:36:12.596560+00:00,99.49000000000001,100.07333333333334,3,3,True,True
FRA,2014Q1,eurostat_hicp_midx_cp00_i15_2010_2019_2026_02_06|eurostat_hicp_midx_cp045_i15_2010_2025_2026_02_06,2026-02-06,2026-07-18T13:36:09.327867+00:00|2026-07-18T13:36:12.596560+00:00,99.66666666666667,101.67,3,3,True,True
FRA,2014Q2,eurostat_hicp_midx_cp00_i15_2010_2019_2026_02_06|eurostat_hicp_midx_cp045_i15_2010_2025_2026_02_06,2026-02-06,2026-07-18T13:36:09.327867+00:00|2026-07-18T13:36:12.596560+00:00,100.18333333333334,100.3,3,3,True,True
FRA,2014Q3,eurostat_hicp_midx_cp00_i15_2010_2019_2026_02_06|eurostat_hicp_midx_cp045_i15_2010_2025_2026_02_06,2026-02-06,2026-07-18T13:36:09.327867+00:00|2026-07-18T13:36:12.596560+00:00,99.97666666666667,99.36,3,3,True,True
FRA,2014Q4,eurostat_hicp_midx_cp00_i15_2010_2019_2026_02_06|eurostat_hicp_midx_cp045_i15_2010_2025_2026_02_06,2026-02-06,2026-07-18T13:36:09.327867+00:00|2026-07-18T13:36:12.596560+00:00,99.83,100.95,3,3,True,True
FRA,2015Q1,eurostat_hicp_midx_cp00_i15_2010_2019_2026_02_06|eurostat_hicp_midx_cp045_i15_2010_2025_2026_02_06,2026-02-06,2026-07-18T13:36:09.327867+00:00|2026-07-18T13:36:12.596560+00:00,99.43,101.23333333333333,3,3,True,True
FRA,2015Q2,eurostat_hicp_midx_cp00_i15_2010_2019_2026_02_06|eurostat_hicp_midx_cp045_i15_2010_2025_2026_02_06,2026-02-06,2026-07-18T13:36:09.327867+00:00|2026-07-18T13:36:12.596560+00:00,100.45,100.44,3,3,True,True
FRA,2015Q3,eurostat_hicp_midx_cp00_i15_2010_2019_2026_02_06|eurostat_hicp_midx_cp045_i15_2010_2025_2026_02_06,2026-02-06,2026-07-18T13:36:09.327867+00:00|2026-07-18T13:36:12.596560+00:00,100.11666666666667,99.14666666666666,3,3,True,True
FRA,2015Q4,eurostat_hicp_midx_cp00_i15_2010_2019_2026_02_06|eurostat_hicp_midx_cp045_i15_2010_2025_2026_02_06,2026-02-06,2026-07-18T13:36:09.327867+00:00|2026-07-18T13:36:12.596560+00:00,100.00666666666666,99.18,3,3,True,True
FRA,2016Q1,eurostat_hicp_midx_cp00_i15_2010_2019_2026_02_06|eurostat_hicp_midx_cp045_i15_2010_2025_2026_02_06,2026-02-06,2026-07-18T13:36:09.327867+00:00|2026-07-18T13:36:12.596560+00:00,99.47333333333334,98.29,3,3,True,True
FRA,2016Q2,eurostat_hicp_midx_cp00_i15_2010_2019_2026_02_06|eurostat_hicp_midx_cp045_i15_2010_2025_2026_02_06,2026-02-06,2026-07-18T13:36:09.327867+00:00|2026-07-18T13:36:12.596560+00:00,100.54333333333334,97.91666666666667,3,3,True,True
FRA,2016Q3,eurostat_hicp_midx_cp00_i15_2010_2019_2026_02_06|eurostat_hicp_midx_cp045_i15_2010_2025_2026_02_06,2026-02-06,2026-07-18T13:36:09.327867+00:00|2026-07-18T13:36:12.596560+00:00,100.54333333333334,98.19333333333333,3,3,True,True
FRA,2016Q4,eurostat_hicp_midx_cp00_i15_2010_2019_2026_02_06|eurostat_hicp_midx_cp045_i15_2010_2025_2026_02_06,2026-02-06,2026-07-18T13:36:09.327867+00:00|2026-07-18T13:36:12.596560+00:00,100.66333333333334,99.73,3,3,True,True
FRA,2017Q1,eurostat_hicp_midx_cp00_i15_2010_2019_2026_02_06|eurostat_hicp_midx_cp045_i15_2010_2025_2026_02_06,2026-02-06,2026-07-18T13:36:09.327867+00:00|2026-07-18T13:36:12.596560+00:00,100.92333333333333,103.08333333333333,3,3,True,True
FRA,2017Q2,eurostat_hicp_midx_cp00_i15_2010_2019_2026_02_06|eurostat_hicp_midx_cp045_i15_2010_2025_2026_02_06,2026-02-06,2026-07-18T13:36:09.327867+00:00|2026-07-18T13:36:12.596560+00:00,101.58,101.98,3,3,True,True
FRA,2017Q3,eurostat_hicp_midx_cp00_i15_2010_2019_2026_02_06|eurostat_hicp_midx_cp045_i15_2010_2025_2026_02_06,2026-02-06,2026-07-18T13:36:09.327867+00:00|2026-07-18T13:36:12.596560+00:00,101.49666666666667,100.7,3,3,True,True
FRA,2017Q4,eurostat_hicp_midx_cp00_i15_2010_2019_2026_02_06|eurostat_hicp_midx_cp045_i15_2010_2025_2026_02_06,2026-02-06,2026-07-18T13:36:09.327867+00:00|2026-07-18T13:36:12.596560+00:00,101.88666666666666,102.91000000000001,3,3,True,True
FRA,2018Q1,eurostat_hicp_midx_cp00_i15_2010_2019_2026_02_06|eurostat_hicp_midx_cp045_i15_2010_2025_2026_02_06,2026-02-06,2026-07-18T13:36:09.327867+00:00|2026-07-18T13:36:12.596560+00:00,102.44333333333333,106.60000000000001,3,3,True,True
FRA,2018Q2,eurostat_hicp_midx_cp00_i15_2010_2019_2026_02_06|eurostat_hicp_midx_cp045_i15_2010_2025_2026_02_06,2026-02-06,2026-07-18T13:36:09.327867+00:00|2026-07-18T13:36:12.596560+00:00,103.76,106.98,3,3,True,True
FRA,2018Q3,eurostat_hicp_midx_cp00_i15_2010_2019_2026_02_06|eurostat_hicp_midx_cp045_i15_2010_2025_2026_02_06,2026-02-06,2026-07-18T13:36:09.327867+00:00|2026-07-18T13:36:12.596560+00:00,104.08999999999999,109.58999999999999,3,3,True,True
FRA,2018Q4,eurostat_hicp_midx_cp00_i15_2010_2019_2026_02_06|eurostat_hicp_midx_cp045_i15_2010_2025_2026_02_06,2026-02-06,2026-07-18T13:36:09.327867+00:00|2026-07-18T13:36:12.596560+00:00,104.11333333333333,112.21333333333332,3,3,True,True
FRA,2019Q1,eurostat_hicp_midx_cp00_i15_2010_2019_2026_02_06|eurostat_hicp_midx_cp045_i15_2010_2025_2026_02_06,2026-02-06,2026-07-18T13:36:09.327867+00:00|2026-07-18T13:36:12.596560+00:00,103.90333333333332,111.33333333333333,3,3,True,True
FRA,2019Q2,eurostat_hicp_midx_cp00_i15_2010_2019_2026_02_06|eurostat_hicp_midx_cp045_i15_2010_2025_2026_02_06,2026-02-06,2026-07-18T13:36:09.327867+00:00|2026-07-18T13:36:12.596560+00:00,105.11333333333334,112.11333333333334,3,3,True,True
FRA,2019Q3,eurostat_hicp_midx_cp00_i15_2010_2019_2026_02_06|eurostat_hicp_midx_cp045_i15_2010_2025_2026_02_06,2026-02-06,2026-07-18T13:36:09.327867+00:00|2026-07-18T13:36:12.596560+00:00,105.35333333333334,112.58333333333333,3,3,True,True
FRA,2019Q4,eurostat_hicp_midx_cp00_i15_2010_2019_2026_02_06|eurostat_hicp_midx_cp045_i15_2010_2025_2026_02_06,2026-02-06,2026-07-18T13:36:09.327867+00:00|2026-07-18T13:36:12.596560+00:00,105.41666666666667,112.94333333333334,3,3,True,True
FRA,2020Q1,eurostat_hicp_midx_cp00_i15_2026_02_06|eurostat_hicp_midx_cp045_i15_2010_2025_2026_02_06,2026-02-06,2026-07-18T13:22:23.066990+00:00|2026-07-18T13:36:12.596560+00:00,105.28333333333335,112.85000000000001,3,3,True,True
FRA,2020Q2,eurostat_hicp_midx_cp00_i15_2026_02_06|eurostat_hicp_midx_cp045_i15_2010_2025_2026_02_06,2026-02-06,2026-07-18T13:22:23.066990+00:00|2026-07-18T13:36:12.596560+00:00,105.46333333333332,108.50999999999999,3,3,True,True
FRA,2020Q3,eurostat_hicp_midx_cp00_i15_2026_02_06|eurostat_hicp_midx_cp045_i15_2010_2025_2026_02_06,2026-02-06,2026-07-18T13:22:23.066990+00:00|2026-07-18T13:36:12.596560+00:00,105.73333333333333,108.61666666666667,3,3,True,True
FRA,2020Q4,eurostat_hicp_midx_cp00_i15_2026_02_06|eurostat_hicp_midx_cp045_i15_2010_2025_2026_02_06,2026-02-06,2026-07-18T13:22:23.066990+00:00|2026-07-18T13:36:12.596560+00:00,105.50666666666666,110.05333333333333,3,3,True,True
FRA,2021Q1,eurostat_hicp_midx_cp00_i15_2026_02_06|eurostat_hicp_midx_cp045_i15_2010_2025_2026_02_06,2026-02-06,2026-07-18T13:22:23.066990+00:00|2026-07-18T13:36:12.596560+00:00,106.3,113.92333333333333,3,3,True,True
FRA,2021Q2,eurostat_hicp_midx_cp00_i15_2026_02_06|eurostat_hicp_midx_cp045_i15_2010_2025_2026_02_06,2026-02-06,2026-07-18T13:22:23.066990+00:00|2026-07-18T13:36:12.596560+00:00,107.32333333333332,115.68666666666667,3,3,True,True
FRA,2021Q3,eurostat_hicp_midx_cp00_i15_2026_02_06|eurostat_hicp_midx_cp045_i15_2010_2025_2026_02_06,2026-02-06,2026-07-18T13:22:23.066990+00:00|2026-07-18T13:36:12.596560+00:00,108.06,120.81333333333333,3,3,True,True
FRA,2021Q4,eurostat_hicp_midx_cp00_i15_2026_02_06|eurostat_hicp_midx_cp045_i15_2010_2025_2026_02_06,2026-02-06,2026-07-18T13:22:23.066990+00:00|2026-07-18T13:36:12.596560+00:00,109.02333333333333,130.35,3,3,True,True
FRA,2022Q1,eurostat_hicp_midx_cp00_i15_2026_02_06|eurostat_hicp_midx_cp045_i15_2010_2025_2026_02_06,2026-02-06,2026-07-18T13:22:23.066990+00:00|2026-07-18T13:36:12.596560+00:00,110.75333333333333,138.23,3,3,True,True
FRA,2022Q2,eurostat_hicp_midx_cp00_i15_2026_02_06|eurostat_hicp_midx_cp045_i15_2010_2025_2026_02_06,2026-02-06,2026-07-18T13:22:23.066990+00:00|2026-07-18T13:36:12.596560+00:00,113.67,147.75333333333333,3,3,True,True
FRA,2022Q3,eurostat_hicp_midx_cp00_i15_2026_02_06|eurostat_hicp_midx_cp045_i15_2010_2025_2026_02_06,2026-02-06,2026-07-18T13:22:23.066990+00:00|2026-07-18T13:36:12.596560+00:00,115.11,150.92999999999998,3,3,True,True
FRA,2022Q4,eurostat_hicp_midx_cp00_i15_2026_02_06|eurostat_hicp_midx_cp045_i15_2010_2025_2026_02_06,2026-02-06,2026-07-18T13:22:23.066990+00:00|2026-07-18T13:36:12.596560+00:00,116.61,159.52666666666667,3,3,True,True
FRA,2023Q1,eurostat_hicp_midx_cp00_i15_2026_02_06|eurostat_hicp_midx_cp045_i15_2010_2025_2026_02_06,2026-02-06,2026-07-18T13:22:23.066990+00:00|2026-07-18T13:36:12.596560+00:00,118.50999999999999,160.72,3,3,True,True
FRA,2023Q2,eurostat_hicp_midx_cp00_i15_2026_02_06|eurostat_hicp_midx_cp045_i15_2010_2025_2026_02_06,2026-02-06,2026-07-18T13:22:23.066990+00:00|2026-07-18T13:36:12.596560+00:00,120.57333333333332,160.12666666666667,3,3,True,True
FRA,2023Q3,eurostat_hicp_midx_cp00_i15_2026_02_06|eurostat_hicp_midx_cp045_i15_2010_2025_2026_02_06,2026-02-06,2026-07-18T13:22:23.066990+00:00|2026-07-18T13:36:12.596560+00:00,121.42333333333333,161.42333333333332,3,3,True,True
FRA,2023Q4,eurostat_hicp_midx_cp00_i15_2026_02_06|eurostat_hicp_midx_cp045_i15_2010_2025_2026_02_06,2026-02-06,2026-07-18T13:22:23.066990+00:00|2026-07-18T13:36:12.596560+00:00,121.47333333333331,167.62,3,3,True,True
FRA,2024Q1,eurostat_hicp_midx_cp00_i15_2026_02_06|eurostat_hicp_midx_cp045_i15_2010_2025_2026_02_06,2026-02-06,2026-07-18T13:22:23.066990+00:00|2026-07-18T13:36:12.596560+00:00,122.06666666666666,173.80666666666664,3,3,True,True
FRA,2024Q2,eurostat_hicp_midx_cp00_i15_2026_02_06|eurostat_hicp_midx_cp045_i15_2010_2025_2026_02_06,2026-02-06,2026-07-18T13:22:23.066990+00:00|2026-07-18T13:36:12.596560+00:00,123.59333333333332,172.62333333333333,3,3,True,True
FRA,2024Q3,eurostat_hicp_midx_cp00_i15_2026_02_06|eurostat_hicp_midx_cp045_i15_2010_2025_2026_02_06,2026-02-06,2026-07-18T13:22:23.066990+00:00|2026-07-18T13:36:12.596560+00:00,123.98333333333333,176.14,3,3,True,True
FRA,2024Q4,eurostat_hicp_midx_cp00_i15_2026_02_06|eurostat_hicp_midx_cp045_i15_2010_2025_2026_02_06,2026-02-06,2026-07-18T13:22:23.066990+00:00|2026-07-18T13:36:12.596560+00:00,123.50666666666666,177.67666666666665,3,3,True,True
FRA,2025Q1,eurostat_hicp_midx_cp00_i15_2026_02_06|eurostat_hicp_midx_cp045_i15_2010_2025_2026_02_06,2026-02-06,2026-07-18T13:22:23.066990+00:00|2026-07-18T13:36:12.596560+00:00,123.54666666666667,170.4466666666667,3,3,True,True
FRA,2025Q2,eurostat_hicp_midx_cp00_i15_2026_02_06|eurostat_hicp_midx_cp045_i15_2010_2025_2026_02_06,2026-02-06,2026-07-18T13:22:23.066990+00:00|2026-07-18T13:36:12.596560+00:00,124.57333333333332,163.04,3,3,True,True
FRA,2025Q3,eurostat_hicp_midx_cp00_i15_2026_02_06|eurostat_hicp_midx_cp045_i15_2010_2025_2026_02_06,2026-02-06,2026-07-18T13:22:23.066990+00:00|2026-07-18T13:36:12.596560+00:00,125.15666666666668,162.58333333333334,3,3,True,True
FRA,2025Q4,eurostat_hicp_midx_cp00_i15_2026_02_06|eurostat_hicp_midx_cp045_i15_2010_2025_2026_02_06,2026-02-06,2026-07-18T13:22:23.066990+00:00|2026-07-18T13:36:12.596560+00:00,124.44666666666667,162.07666666666668,3,3,True,True
GRC,2010Q1,eurostat_hicp_midx_cp00_i15_el_2010_2019_2026_02_06|eurostat_hicp_midx_cp045_i15_el_2010_2025_2026_02_06,2026-02-06,2026-07-18T13:36:10.886482+00:00|2026-07-18T13:36:13.606843+00:00,96.40666666666665,63.79,3,3,True,True
GRC,2010Q2,eurostat_hicp_midx_cp00_i15_el_2010_2019_2026_02_06|eurostat_hicp_midx_cp045_i15_el_2010_2025_2026_02_06,2026-02-06,2026-07-18T13:36:10.886482+00:00|2026-07-18T13:36:13.606843+00:00,99.83666666666666,69.41333333333334,3,3,True,True
GRC,2010Q3,eurostat_hicp_midx_cp00_i15_el_2010_2019_2026_02_06|eurostat_hicp_midx_cp045_i15_el_2010_2025_2026_02_06,2026-02-06,2026-07-18T13:36:10.886482+00:00|2026-07-18T13:36:13.606843+00:00,99.68666666666667,70.01333333333334,3,3,True,True
GRC,2010Q4,eurostat_hicp_midx_cp00_i15_el_2010_2019_2026_02_06|eurostat_hicp_midx_cp045_i15_el_2010_2025_2026_02_06,2026-02-06,2026-07-18T13:36:10.886482+00:00|2026-07-18T13:36:13.606843+00:00,101.13333333333333,71.46,3,3,True,True
GRC,2011Q1,eurostat_hicp_midx_cp00_i15_el_2010_2019_2026_02_06|eurostat_hicp_midx_cp045_i15_el_2010_2025_2026_02_06,2026-02-06,2026-07-18T13:36:10.886482+00:00|2026-07-18T13:36:13.606843+00:00,100.7,78.78333333333335,3,3,True,True
GRC,2011Q2,eurostat_hicp_midx_cp00_i15_el_2010_2019_2026_02_06|eurostat_hicp_midx_cp045_i15_el_2010_2025_2026_02_06,2026-02-06,2026-07-18T13:36:10.886482+00:00|2026-07-18T13:36:13.606843+00:00,103.13333333333333,83.42666666666666,3,3,True,True
GRC,2011Q3,eurostat_hicp_midx_cp00_i15_el_2010_2019_2026_02_06|eurostat_hicp_midx_cp045_i15_el_2010_2025_2026_02_06,2026-02-06,2026-07-18T13:36:10.886482+00:00|2026-07-18T13:36:13.606843+00:00,101.82333333333334,83.57000000000001,3,3,True,True
GRC,2011Q4,eurostat_hicp_midx_cp00_i15_el_2010_2019_2026_02_06|eurostat_hicp_midx_cp045_i15_el_2010_2025_2026_02_06,2026-02-06,2026-07-18T13:36:10.886482+00:00|2026-07-18T13:36:13.606843+00:00,103.78666666666668,86.51666666666667,3,3,True,True
GRC,2012Q1,eurostat_hicp_midx_cp00_i15_el_2010_2019_2026_02_06|eurostat_hicp_midx_cp045_i15_el_2010_2025_2026_02_06,2026-02-06,2026-07-18T13:36:10.886482+00:00|2026-07-18T13:36:13.606843+00:00,102.40333333333332,94.56,3,3,True,True
GRC,2012Q2,eurostat_hicp_midx_cp00_i15_el_2010_2019_2026_02_06|eurostat_hicp_midx_cp045_i15_el_2010_2025_2026_02_06,2026-02-06,2026-07-18T13:36:10.886482+00:00|2026-07-18T13:36:13.606843+00:00,104.30666666666667,95.64666666666666,3,3,True,True
GRC,2012Q3,eurostat_hicp_midx_cp00_i15_el_2010_2019_2026_02_06|eurostat_hicp_midx_cp045_i15_el_2010_2025_2026_02_06,2026-02-06,2026-07-18T13:36:10.886482+00:00|2026-07-18T13:36:13.606843+00:00,102.61,96.31666666666668,3,3,True,True
GRC,2012Q4,eurostat_hicp_midx_cp00_i15_el_2010_2019_2026_02_06|eurostat_hicp_midx_cp045_i15_el_2010_2025_2026_02_06,2026-02-06,2026-07-18T13:36:10.886482+00:00|2026-07-18T13:36:13.606843+00:00,104.36,111.43666666666667,3,3,True,True
GRC,2013Q1,eurostat_hicp_midx_cp00_i15_el_2010_2019_2026_02_06|eurostat_hicp_midx_cp045_i15_el_2010_2025_2026_02_06,2026-02-06,2026-07-18T13:36:10.886482+00:00|2026-07-18T13:36:13.606843+00:00,102.38333333333333,114.57,3,3,True,True
GRC,2013Q2,eurostat_hicp_midx_cp00_i15_el_2010_2019_2026_02_06|eurostat_hicp_midx_cp045_i15_el_2010_2025_2026_02_06,2026-02-06,2026-07-18T13:36:10.886482+00:00|2026-07-18T13:36:13.606843+00:00,103.91333333333334,113.17333333333333,3,3,True,True
GRC,2013Q3,eurostat_hicp_midx_cp00_i15_el_2010_2019_2026_02_06|eurostat_hicp_midx_cp045_i15_el_2010_2025_2026_02_06,2026-02-06,2026-07-18T13:36:10.886482+00:00|2026-07-18T13:36:13.606843+00:00,101.77333333333333,115.22666666666667,3,3,True,True
GRC,2013Q4,eurostat_hicp_midx_cp00_i15_el_2010_2019_2026_02_06|eurostat_hicp_midx_cp045_i15_el_2010_2025_2026_02_06,2026-02-06,2026-07-18T13:36:10.886482+00:00|2026-07-18T13:36:13.606843+00:00,102.07666666666667,115.71,3,3,True,True
GRC,2014Q1,eurostat_hicp_midx_cp00_i15_el_2010_2019_2026_02_06|eurostat_hicp_midx_cp045_i15_el_2010_2025_2026_02_06,2026-02-06,2026-07-18T13:36:10.886482+00:00|2026-07-18T13:36:13.606843+00:00,101.10000000000001,115.49666666666667,3,3,True,True
GRC,2014Q2,eurostat_hicp_midx_cp00_i15_el_2010_2019_2026_02_06|eurostat_hicp_midx_cp045_i15_el_2010_2025_2026_02_06,2026-02-06,2026-07-18T13:36:10.886482+00:00|2026-07-18T13:36:13.606843+00:00,102.11666666666667,116.25666666666666,3,3,True,True
GRC,2014Q3,eurostat_hicp_midx_cp00_i15_el_2010_2019_2026_02_06|eurostat_hicp_midx_cp045_i15_el_2010_2025_2026_02_06,2026-02-06,2026-07-18T13:36:10.886482+00:00|2026-07-18T13:36:13.606843+00:00,101.03000000000002,116.72666666666667,3,3,True,True
GRC,2014Q4,eurostat_hicp_midx_cp00_i15_el_2010_2019_2026_02_06|eurostat_hicp_midx_cp045_i15_el_2010_2025_2026_02_06,2026-02-06,2026-07-18T13:36:10.886482+00:00|2026-07-18T13:36:13.606843+00:00,100.18333333333334,104.21333333333332,3,3,True,True
GRC,2015Q1,eurostat_hicp_midx_cp00_i15_el_2010_2019_2026_02_06|eurostat_hicp_midx_cp045_i15_el_2010_2025_2026_02_06,2026-02-06,2026-07-18T13:36:10.886482+00:00|2026-07-18T13:36:13.606843+00:00,98.89999999999999,100.43333333333334,3,3,True,True
GRC,2015Q2,eurostat_hicp_midx_cp00_i15_el_2010_2019_2026_02_06|eurostat_hicp_midx_cp045_i15_el_2010_2025_2026_02_06,2026-02-06,2026-07-18T13:36:10.886482+00:00|2026-07-18T13:36:13.606843+00:00,100.64333333333333,101.50666666666666,3,3,True,True
GRC,2015Q3,eurostat_hicp_midx_cp00_i15_el_2010_2019_2026_02_06|eurostat_hicp_midx_cp045_i15_el_2010_2025_2026_02_06,2026-02-06,2026-07-18T13:36:10.886482+00:00|2026-07-18T13:36:13.606843+00:00,100.21666666666665,101.12,3,3,True,True
GRC,2015Q4,eurostat_hicp_midx_cp00_i15_el_2010_2019_2026_02_06|eurostat_hicp_midx_cp045_i15_el_2010_2025_2026_02_06,2026-02-06,2026-07-18T13:36:10.886482+00:00|2026-07-18T13:36:13.606843+00:00,100.24666666666667,96.94666666666666,3,3,True,True
GRC,2016Q1,eurostat_hicp_midx_cp00_i15_el_2010_2019_2026_02_06|eurostat_hicp_midx_cp045_i15_el_2010_2025_2026_02_06,2026-02-06,2026-07-18T13:36:10.886482+00:00|2026-07-18T13:36:13.606843+00:00,98.66000000000001,92.48666666666668,3,3,True,True
GRC,2016Q2,eurostat_hicp_midx_cp00_i15_el_2010_2019_2026_02_06|eurostat_hicp_midx_cp045_i15_el_2010_2025_2026_02_06,2026-02-06,2026-07-18T13:36:10.886482+00:00|2026-07-18T13:36:13.606843+00:00,100.50999999999999,93.17333333333333,3,3,True,True
GRC,2016Q3,eurostat_hicp_midx_cp00_i15_el_2010_2019_2026_02_06|eurostat_hicp_midx_cp045_i15_el_2010_2025_2026_02_06,2026-02-06,2026-07-18T13:36:10.886482+00:00|2026-07-18T13:36:13.606843+00:00,100.40666666666668,93.18,3,3,True,True
GRC,2016Q4,eurostat_hicp_midx_cp00_i15_el_2010_2019_2026_02_06|eurostat_hicp_midx_cp045_i15_el_2010_2025_2026_02_06,2026-02-06,2026-07-18T13:36:10.886482+00:00|2026-07-18T13:36:13.606843+00:00,100.48333333333333,100.07333333333332,3,3,True,True
GRC,2017Q1,eurostat_hicp_midx_cp00_i15_el_2010_2019_2026_02_06|eurostat_hicp_midx_cp045_i15_el_2010_2025_2026_02_06,2026-02-06,2026-07-18T13:36:10.886482+00:00|2026-07-18T13:36:13.606843+00:00,100.18,103.07000000000001,3,3,True,True
GRC,2017Q2,eurostat_hicp_midx_cp00_i15_el_2010_2019_2026_02_06|eurostat_hicp_midx_cp045_i15_el_2010_2025_2026_02_06,2026-02-06,2026-07-18T13:36:10.886482+00:00|2026-07-18T13:36:13.606843+00:00,101.86,102.43,3,3,True,True
GRC,2017Q3,eurostat_hicp_midx_cp00_i15_el_2010_2019_2026_02_06|eurostat_hicp_midx_cp045_i15_el_2010_2025_2026_02_06,2026-02-06,2026-07-18T13:36:10.886482+00:00|2026-07-18T13:36:13.606843+00:00,101.25999999999999,101.87666666666667,3,3,True,True
GRC,2017Q4,eurostat_hicp_midx_cp00_i15_el_2010_2019_2026_02_06|eurostat_hicp_midx_cp045_i15_el_2010_2025_2026_02_06,2026-02-06,2026-07-18T13:36:10.886482+00:00|2026-07-18T13:36:13.606843+00:00,101.31333333333333,101.71999999999998,3,3,True,True
GRC,2018Q1,eurostat_hicp_midx_cp00_i15_el_2010_2019_2026_02_06|eurostat_hicp_midx_cp045_i15_el_2010_2025_2026_02_06,2026-02-06,2026-07-18T13:36:10.886482+00:00|2026-07-18T13:36:13.606843+00:00,100.45,102.66333333333334,3,3,True,True
GRC,2018Q2,eurostat_hicp_midx_cp00_i15_el_2010_2019_2026_02_06|eurostat_hicp_midx_cp045_i15_el_2010_2025_2026_02_06,2026-02-06,2026-07-18T13:36:10.886482+00:00|2026-07-18T13:36:13.606843+00:00,102.61666666666667,103.37333333333333,3,3,True,True
GRC,2018Q3,eurostat_hicp_midx_cp00_i15_el_2010_2019_2026_02_06|eurostat_hicp_midx_cp045_i15_el_2010_2025_2026_02_06,2026-02-06,2026-07-18T13:36:10.886482+00:00|2026-07-18T13:36:13.606843+00:00,102.20333333333333,103.78333333333335,3,3,True,True
GRC,2018Q4,eurostat_hicp_midx_cp00_i15_el_2010_2019_2026_02_06|eurostat_hicp_midx_cp045_i15_el_2010_2025_2026_02_06,2026-02-06,2026-07-18T13:36:10.886482+00:00|2026-07-18T13:36:13.606843+00:00,102.47666666666667,108.43333333333334,3,3,True,True
GRC,2019Q1,eurostat_hicp_midx_cp00_i15_el_2010_2019_2026_02_06|eurostat_hicp_midx_cp045_i15_el_2010_2025_2026_02_06,2026-02-06,2026-07-18T13:36:10.886482+00:00|2026-07-18T13:36:13.606843+00:00,101.24000000000001,105.27666666666666,3,3,True,True
GRC,2019Q2,eurostat_hicp_midx_cp00_i15_el_2010_2019_2026_02_06|eurostat_hicp_midx_cp045_i15_el_2010_2025_2026_02_06,2026-02-06,2026-07-18T13:36:10.886482+00:00|2026-07-18T13:36:13.606843+00:00,103.26666666666667,104.17999999999999,3,3,True,True
GRC,2019Q3,eurostat_hicp_midx_cp00_i15_el_2010_2019_2026_02_06|eurostat_hicp_midx_cp045_i15_el_2010_2025_2026_02_06,2026-02-06,2026-07-18T13:36:10.886482+00:00|2026-07-18T13:36:13.606843+00:00,102.45333333333333,104.07000000000001,3,3,True,True
GRC,2019Q4,eurostat_hicp_midx_cp00_i15_el_2010_2019_2026_02_06|eurostat_hicp_midx_cp045_i15_el_2010_2025_2026_02_06,2026-02-06,2026-07-18T13:36:10.886482+00:00|2026-07-18T13:36:13.606843+00:00,102.89666666666666,104.91333333333334,3,3,True,True
GRC,2020Q1,eurostat_hicp_midx_cp00_i15_el_2026_02_06|eurostat_hicp_midx_cp045_i15_el_2010_2025_2026_02_06,2026-02-06,2026-07-18T13:27:52.796702+00:00|2026-07-18T13:36:13.606843+00:00,101.80333333333333,102.03333333333335,3,3,True,True
GRC,2020Q2,eurostat_hicp_midx_cp00_i15_el_2026_02_06|eurostat_hicp_midx_cp045_i15_el_2010_2025_2026_02_06,2026-02-06,2026-07-18T13:27:52.796702+00:00|2026-07-18T13:36:13.606843+00:00,102.06,90.83,3,3,True,True
GRC,2020Q3,eurostat_hicp_midx_cp00_i15_el_2026_02_06|eurostat_hicp_midx_cp045_i15_el_2010_2025_2026_02_06,2026-02-06,2026-07-18T13:27:52.796702+00:00|2026-07-18T13:36:13.606843+00:00,100.17666666666666,89.26333333333332,3,3,True,True
GRC,2020Q4,eurostat_hicp_midx_cp00_i15_el_2026_02_06|eurostat_hicp_midx_cp045_i15_el_2010_2025_2026_02_06,2026-02-06,2026-07-18T13:27:52.796702+00:00|2026-07-18T13:36:13.606843+00:00,100.64333333333333,92.73333333333333,3,3,True,True
GRC,2021Q1,eurostat_hicp_midx_cp00_i15_el_2026_02_06|eurostat_hicp_midx_cp045_i15_el_2010_2025_2026_02_06,2026-02-06,2026-07-18T13:27:52.796702+00:00|2026-07-18T13:36:13.606843+00:00,99.67333333333333,96.60000000000001,3,3,True,True
GRC,2021Q2,eurostat_hicp_midx_cp00_i15_el_2026_02_06|eurostat_hicp_midx_cp045_i15_el_2010_2025_2026_02_06,2026-02-06,2026-07-18T13:27:52.796702+00:00|2026-07-18T13:36:13.606843+00:00,101.48,97.96,3,3,True,True
GRC,2021Q3,eurostat_hicp_midx_cp00_i15_el_2026_02_06|eurostat_hicp_midx_cp045_i15_el_2010_2025_2026_02_06,2026-02-06,2026-07-18T13:27:52.796702+00:00|2026-07-18T13:36:13.606843+00:00,101.44666666666667,98.72666666666667,3,3,True,True
GRC,2021Q4,eurostat_hicp_midx_cp00_i15_el_2026_02_06|eurostat_hicp_midx_cp045_i15_el_2010_2025_2026_02_06,2026-02-06,2026-07-18T13:27:52.796702+00:00|2026-07-18T13:36:13.606843+00:00,104.40666666666668,127.35666666666667,3,3,True,True
GRC,2022Q1,eurostat_hicp_midx_cp00_i15_el_2026_02_06|eurostat_hicp_midx_cp045_i15_el_2010_2025_2026_02_06,2026-02-06,2026-07-18T13:27:52.796702+00:00|2026-07-18T13:36:13.606843+00:00,106.23666666666668,152.90666666666667,3,3,True,True
GRC,2022Q2,eurostat_hicp_midx_cp00_i15_el_2026_02_06|eurostat_hicp_midx_cp045_i15_el_2010_2025_2026_02_06,2026-02-06,2026-07-18T13:27:52.796702+00:00|2026-07-18T13:36:13.606843+00:00,112.06333333333333,170.5533333333333,3,3,True,True
GRC,2022Q3,eurostat_hicp_midx_cp00_i15_el_2026_02_06|eurostat_hicp_midx_cp045_i15_el_2010_2025_2026_02_06,2026-02-06,2026-07-18T13:27:52.796702+00:00|2026-07-18T13:36:13.606843+00:00,113.15333333333335,170.67999999999998,3,3,True,True
GRC,2022Q4,eurostat_hicp_midx_cp00_i15_el_2026_02_06|eurostat_hicp_midx_cp045_i15_el_2010_2025_2026_02_06,2026-02-06,2026-07-18T13:27:52.796702+00:00|2026-07-18T13:36:13.606843+00:00,113.40333333333332,140.1,3,3,True,True
GRC,2023Q1,eurostat_hicp_midx_cp00_i15_el_2026_02_06|eurostat_hicp_midx_cp045_i15_el_2010_2025_2026_02_06,2026-02-06,2026-07-18T13:27:52.796702+00:00|2026-07-18T13:36:13.606843+00:00,113.02666666666669,136.33333333333334,3,3,True,True
GRC,2023Q2,eurostat_hicp_midx_cp00_i15_el_2026_02_06|eurostat_hicp_midx_cp045_i15_el_2010_2025_2026_02_06,2026-02-06,2026-07-18T13:27:52.796702+00:00|2026-07-18T13:36:13.606843+00:00,116.31666666666666,131.21333333333334,3,3,True,True
GRC,2023Q3,eurostat_hicp_midx_cp00_i15_el_2026_02_06|eurostat_hicp_midx_cp045_i15_el_2010_2025_2026_02_06,2026-02-06,2026-07-18T13:27:52.796702+00:00|2026-07-18T13:36:13.606843+00:00,116.66333333333334,127.02,3,3,True,True
GRC,2023Q4,eurostat_hicp_midx_cp00_i15_el_2026_02_06|eurostat_hicp_midx_cp045_i15_el_2010_2025_2026_02_06,2026-02-06,2026-07-18T13:27:52.796702+00:00|2026-07-18T13:36:13.606843+00:00,117.33333333333333,132.09333333333333,3,3,True,True
GRC,2024Q1,eurostat_hicp_midx_cp00_i15_el_2026_02_06|eurostat_hicp_midx_cp045_i15_el_2010_2025_2026_02_06,2026-02-06,2026-07-18T13:27:52.796702+00:00|2026-07-18T13:36:13.606843+00:00,116.68666666666667,129.71,3,3,True,True
GRC,2024Q2,eurostat_hicp_midx_cp00_i15_el_2026_02_06|eurostat_hicp_midx_cp045_i15_el_2010_2025_2026_02_06,2026-02-06,2026-07-18T13:27:52.796702+00:00|2026-07-18T13:36:13.606843+00:00,119.41666666666667,123.54333333333334,3,3,True,True
GRC,2024Q3,eurostat_hicp_midx_cp00_i15_el_2026_02_06|eurostat_hicp_midx_cp045_i15_el_2010_2025_2026_02_06,2026-02-06,2026-07-18T13:27:52.796702+00:00|2026-07-18T13:36:13.606843+00:00,120.27666666666666,135.85999999999999,3,3,True,True
GRC,2024Q4,eurostat_hicp_midx_cp00_i15_el_2026_02_06|eurostat_hicp_midx_cp045_i15_el_2010_2025_2026_02_06,2026-02-06,2026-07-18T13:27:52.796702+00:00|2026-07-18T13:36:13.606843+00:00,120.84666666666665,135.13666666666666,3,3,True,True
GRC,2025Q1,eurostat_hicp_midx_cp00_i15_el_2026_02_06|eurostat_hicp_midx_cp045_i15_el_2010_2025_2026_02_06,2026-02-06,2026-07-18T13:27:52.796702+00:00|2026-07-18T13:36:13.606843+00:00,120.30333333333333,136.47,3,3,True,True
GRC,2025Q2,eurostat_hicp_midx_cp00_i15_el_2026_02_06|eurostat_hicp_midx_cp045_i15_el_2010_2025_2026_02_06,2026-02-06,2026-07-18T13:27:52.796702+00:00|2026-07-18T13:36:13.606843+00:00,123.2,130.47,3,3,True,True
GRC,2025Q3,eurostat_hicp_midx_cp00_i15_el_2026_02_06|eurostat_hicp_midx_cp045_i15_el_2010_2025_2026_02_06,2026-02-06,2026-07-18T13:27:52.796702+00:00|2026-07-18T13:36:13.606843+00:00,123.71666666666665,135.96,3,3,True,True
GRC,2025Q4,eurostat_hicp_midx_cp00_i15_el_2026_02_06|eurostat_hicp_midx_cp045_i15_el_2010_2025_2026_02_06,2026-02-06,2026-07-18T13:27:52.796702+00:00|2026-07-18T13:36:13.606843+00:00,123.79,133.42,3,3,True,True
HRV,2010Q1,eurostat_hicp_midx_cp00_i15_2010_2019_2026_02_06|eurostat_hicp_midx_cp045_i15_2010_2025_2026_02_06,2026-02-06,2026-07-18T13:36:09.327867+00:00|2026-07-18T13:36:12.596560+00:00,91.85000000000001,82.87,3,3,True,True
HRV,2010Q2,eurostat_hicp_midx_cp00_i15_2010_2019_2026_02_06|eurostat_hicp_midx_cp045_i15_2010_2025_2026_02_06,2026-02-06,2026-07-18T13:36:09.327867+00:00|2026-07-18T13:36:12.596560+00:00,92.85333333333334,83.53,3,3,True,True
HRV,2010Q3,eurostat_hicp_midx_cp00_i15_2010_2019_2026_02_06|eurostat_hicp_midx_cp045_i15_2010_2025_2026_02_06,2026-02-06,2026-07-18T13:36:09.327867+00:00|2026-07-18T13:36:12.596560+00:00,92.7,83.62666666666667,3,3,True,True
HRV,2010Q4,eurostat_hicp_midx_cp00_i15_2010_2019_2026_02_06|eurostat_hicp_midx_cp045_i15_2010_2025_2026_02_06,2026-02-06,2026-07-18T13:36:09.327867+00:00|2026-07-18T13:36:12.596560+00:00,92.78333333333335,83.88,3,3,True,True
HRV,2011Q1,eurostat_hicp_midx_cp00_i15_2010_2019_2026_02_06|eurostat_hicp_midx_cp045_i15_2010_2025_2026_02_06,2026-02-06,2026-07-18T13:36:09.327867+00:00|2026-07-18T13:36:12.596560+00:00,93.83666666666666,84.29666666666667,3,3,True,True
HRV,2011Q2,eurostat_hicp_midx_cp00_i15_2010_2019_2026_02_06|eurostat_hicp_midx_cp045_i15_2010_2025_2026_02_06,2026-02-06,2026-07-18T13:36:09.327867+00:00|2026-07-18T13:36:12.596560+00:00,94.95666666666666,85.02999999999999,3,3,True,True
HRV,2011Q3,eurostat_hicp_midx_cp00_i15_2010_2019_2026_02_06|eurostat_hicp_midx_cp045_i15_2010_2025_2026_02_06,2026-02-06,2026-07-18T13:36:09.327867+00:00|2026-07-18T13:36:12.596560+00:00,94.58999999999999,86.18,3,3,True,True
HRV,2011Q4,eurostat_hicp_midx_cp00_i15_2010_2019_2026_02_06|eurostat_hicp_midx_cp045_i15_2010_2025_2026_02_06,2026-02-06,2026-07-18T13:36:09.327867+00:00|2026-07-18T13:36:12.596560+00:00,94.98333333333333,86.65333333333335,3,3,True,True
HRV,2012Q1,eurostat_hicp_midx_cp00_i15_2010_2019_2026_02_06|eurostat_hicp_midx_cp045_i15_2010_2025_2026_02_06,2026-02-06,2026-07-18T13:36:09.327867+00:00|2026-07-18T13:36:12.596560+00:00,95.42,88.14333333333333,3,3,True,True
HRV,2012Q2,eurostat_hicp_midx_cp00_i15_2010_2019_2026_02_06|eurostat_hicp_midx_cp045_i15_2010_2025_2026_02_06,2026-02-06,2026-07-18T13:36:09.327867+00:00|2026-07-18T13:36:12.596560+00:00,98.03000000000002,98.63,3,3,True,True
HRV,2012Q3,eurostat_hicp_midx_cp00_i15_2010_2019_2026_02_06|eurostat_hicp_midx_cp045_i15_2010_2025_2026_02_06,2026-02-06,2026-07-18T13:36:09.327867+00:00|2026-07-18T13:36:12.596560+00:00,98.48,102.52333333333333,3,3,True,True
HRV,2012Q4,eurostat_hicp_midx_cp00_i15_2010_2019_2026_02_06|eurostat_hicp_midx_cp045_i15_2010_2025_2026_02_06,2026-02-06,2026-07-18T13:36:09.327867+00:00|2026-07-18T13:36:12.596560+00:00,99.12333333333333,103.58,3,3,True,True
HRV,2013Q1,eurostat_hicp_midx_cp00_i15_2010_2019_2026_02_06|eurostat_hicp_midx_cp045_i15_2010_2025_2026_02_06,2026-02-06,2026-07-18T13:36:09.327867+00:00|2026-07-18T13:36:12.596560+00:00,99.39,103.58,3,3,True,True
HRV,2013Q2,eurostat_hicp_midx_cp00_i15_2010_2019_2026_02_06|eurostat_hicp_midx_cp045_i15_2010_2025_2026_02_06,2026-02-06,2026-07-18T13:36:09.327867+00:00|2026-07-18T13:36:12.596560+00:00,100.34333333333335,102.94666666666666,3,3,True,True
HRV,2013Q3,eurostat_hicp_midx_cp00_i15_2010_2019_2026_02_06|eurostat_hicp_midx_cp045_i15_2010_2025_2026_02_06,2026-02-06,2026-07-18T13:36:09.327867+00:00|2026-07-18T13:36:12.596560+00:00,100.67,103.32333333333334,3,3,True,True
HRV,2013Q4,eurostat_hicp_midx_cp00_i15_2010_2019_2026_02_06|eurostat_hicp_midx_cp045_i15_2010_2025_2026_02_06,2026-02-06,2026-07-18T13:36:09.327867+00:00|2026-07-18T13:36:12.596560+00:00,99.74666666666667,102.16000000000001,3,3,True,True
HRV,2014Q1,eurostat_hicp_midx_cp00_i15_2010_2019_2026_02_06|eurostat_hicp_midx_cp045_i15_2010_2025_2026_02_06,2026-02-06,2026-07-18T13:36:09.327867+00:00|2026-07-18T13:36:12.596560+00:00,99.45,103.44333333333333,3,3,True,True
HRV,2014Q2,eurostat_hicp_midx_cp00_i15_2010_2019_2026_02_06|eurostat_hicp_midx_cp045_i15_2010_2025_2026_02_06,2026-02-06,2026-07-18T13:36:09.327867+00:00|2026-07-18T13:36:12.596560+00:00,100.59333333333332,102.99333333333334,3,3,True,True
HRV,2014Q3,eurostat_hicp_midx_cp00_i15_2010_2019_2026_02_06|eurostat_hicp_midx_cp045_i15_2010_2025_2026_02_06,2026-02-06,2026-07-18T13:36:09.327867+00:00|2026-07-18T13:36:12.596560+00:00,101.01333333333334,103.09666666666668,3,3,True,True
HRV,2014Q4,eurostat_hicp_midx_cp00_i15_2010_2019_2026_02_06|eurostat_hicp_midx_cp045_i15_2010_2025_2026_02_06,2026-02-06,2026-07-18T13:36:09.327867+00:00|2026-07-18T13:36:12.596560+00:00,99.97333333333334,102.67,3,3,True,True
HRV,2015Q1,eurostat_hicp_midx_cp00_i15_2010_2019_2026_02_06|eurostat_hicp_midx_cp045_i15_2010_2025_2026_02_06,2026-02-06,2026-07-18T13:36:09.327867+00:00|2026-07-18T13:36:12.596560+00:00,99.12333333333333,101.33666666666666,3,3,True,True
HRV,2015Q2,eurostat_hicp_midx_cp00_i15_2010_2019_2026_02_06|eurostat_hicp_midx_cp045_i15_2010_2025_2026_02_06,2026-02-06,2026-07-18T13:36:09.327867+00:00|2026-07-18T13:36:12.596560+00:00,100.58666666666666,100.54666666666667,3,3,True,True
HRV,2015Q3,eurostat_hicp_midx_cp00_i15_2010_2019_2026_02_06|eurostat_hicp_midx_cp045_i15_2010_2025_2026_02_06,2026-02-06,2026-07-18T13:36:09.327867+00:00|2026-07-18T13:36:12.596560+00:00,100.73666666666666,99.42333333333333,3,3,True,True
HRV,2015Q4,eurostat_hicp_midx_cp00_i15_2010_2019_2026_02_06|eurostat_hicp_midx_cp045_i15_2010_2025_2026_02_06,2026-02-06,2026-07-18T13:36:09.327867+00:00|2026-07-18T13:36:12.596560+00:00,99.55666666666666,98.69333333333333,3,3,True,True
HRV,2016Q1,eurostat_hicp_midx_cp00_i15_2010_2019_2026_02_06|eurostat_hicp_midx_cp045_i15_2010_2025_2026_02_06,2026-02-06,2026-07-18T13:36:09.327867+00:00|2026-07-18T13:36:12.596560+00:00,98.58,96.32666666666667,3,3,True,True
HRV,2016Q2,eurostat_hicp_midx_cp00_i15_2010_2019_2026_02_06|eurostat_hicp_midx_cp045_i15_2010_2025_2026_02_06,2026-02-06,2026-07-18T13:36:09.327867+00:00|2026-07-18T13:36:12.596560+00:00,99.49666666666667,94.11666666666667,3,3,True,True
HRV,2016Q3,eurostat_hicp_midx_cp00_i15_2010_2019_2026_02_06|eurostat_hicp_midx_cp045_i15_2010_2025_2026_02_06,2026-02-06,2026-07-18T13:36:09.327867+00:00|2026-07-18T13:36:12.596560+00:00,99.65666666666668,94.46333333333332,3,3,True,True
HRV,2016Q4,eurostat_hicp_midx_cp00_i15_2010_2019_2026_02_06|eurostat_hicp_midx_cp045_i15_2010_2025_2026_02_06,2026-02-06,2026-07-18T13:36:09.327867+00:00|2026-07-18T13:36:12.596560+00:00,99.75,95.12,3,3,True,True
HRV,2017Q1,eurostat_hicp_midx_cp00_i15_2010_2019_2026_02_06|eurostat_hicp_midx_cp045_i15_2010_2025_2026_02_06,2026-02-06,2026-07-18T13:36:09.327867+00:00|2026-07-18T13:36:12.596560+00:00,99.71,90.63666666666666,3,3,True,True
HRV,2017Q2,eurostat_hicp_midx_cp00_i15_2010_2019_2026_02_06|eurostat_hicp_midx_cp045_i15_2010_2025_2026_02_06,2026-02-06,2026-07-18T13:36:09.327867+00:00|2026-07-18T13:36:12.596560+00:00,100.63666666666666,89.5,3,3,True,True
HRV,2017Q3,eurostat_hicp_midx_cp00_i15_2010_2019_2026_02_06|eurostat_hicp_midx_cp045_i15_2010_2025_2026_02_06,2026-02-06,2026-07-18T13:36:09.327867+00:00|2026-07-18T13:36:12.596560+00:00,101.08999999999999,90.54666666666667,3,3,True,True
HRV,2017Q4,eurostat_hicp_midx_cp00_i15_2010_2019_2026_02_06|eurostat_hicp_midx_cp045_i15_2010_2025_2026_02_06,2026-02-06,2026-07-18T13:36:09.327867+00:00|2026-07-18T13:36:12.596560+00:00,101.22333333333334,94.12,3,3,True,True
HRV,2018Q1,eurostat_hicp_midx_cp00_i15_2010_2019_2026_02_06|eurostat_hicp_midx_cp045_i15_2010_2025_2026_02_06,2026-02-06,2026-07-18T13:36:09.327867+00:00|2026-07-18T13:36:12.596560+00:00,100.82000000000001,94.23666666666666,3,3,True,True
HRV,2018Q2,eurostat_hicp_midx_cp00_i15_2010_2019_2026_02_06|eurostat_hicp_midx_cp045_i15_2010_2025_2026_02_06,2026-02-06,2026-07-18T13:36:09.327867+00:00|2026-07-18T13:36:12.596560+00:00,102.44333333333333,95.14999999999999,3,3,True,True
HRV,2018Q3,eurostat_hicp_midx_cp00_i15_2010_2019_2026_02_06|eurostat_hicp_midx_cp045_i15_2010_2025_2026_02_06,2026-02-06,2026-07-18T13:36:09.327867+00:00|2026-07-18T13:36:12.596560+00:00,103.10666666666667,95.86666666666667,3,3,True,True
HRV,2018Q4,eurostat_hicp_midx_cp00_i15_2010_2019_2026_02_06|eurostat_hicp_midx_cp045_i15_2010_2025_2026_02_06,2026-02-06,2026-07-18T13:36:09.327867+00:00|2026-07-18T13:36:12.596560+00:00,102.56,96.35333333333334,3,3,True,True
HRV,2019Q1,eurostat_hicp_midx_cp00_i15_2010_2019_2026_02_06|eurostat_hicp_midx_cp045_i15_2010_2025_2026_02_06,2026-02-06,2026-07-18T13:36:09.327867+00:00|2026-07-18T13:36:12.596560+00:00,101.64333333333333,95.91000000000001,3,3,True,True
HRV,2019Q2,eurostat_hicp_midx_cp00_i15_2010_2019_2026_02_06|eurostat_hicp_midx_cp045_i15_2010_2025_2026_02_06,2026-02-06,2026-07-18T13:36:09.327867+00:00|2026-07-18T13:36:12.596560+00:00,103.25,97.93,3,3,True,True
HRV,2019Q3,eurostat_hicp_midx_cp00_i15_2010_2019_2026_02_06|eurostat_hicp_midx_cp045_i15_2010_2025_2026_02_06,2026-02-06,2026-07-18T13:36:09.327867+00:00|2026-07-18T13:36:12.596560+00:00,103.79666666666667,97.37666666666667,3,3,True,True
HRV,2019Q4,eurostat_hicp_midx_cp00_i15_2010_2019_2026_02_06|eurostat_hicp_midx_cp045_i15_2010_2025_2026_02_06,2026-02-06,2026-07-18T13:36:09.327867+00:00|2026-07-18T13:36:12.596560+00:00,103.47666666666667,97.35000000000001,3,3,True,True
HRV,2020Q1,eurostat_hicp_midx_cp00_i15_2026_02_06|eurostat_hicp_midx_cp045_i15_2010_2025_2026_02_06,2026-02-06,2026-07-18T13:22:23.066990+00:00|2026-07-18T13:36:12.596560+00:00,102.81666666666668,95.97333333333334,3,3,True,True
HRV,2020Q2,eurostat_hicp_midx_cp00_i15_2026_02_06|eurostat_hicp_midx_cp045_i15_2010_2025_2026_02_06,2026-02-06,2026-07-18T13:22:23.066990+00:00|2026-07-18T13:36:12.596560+00:00,102.81,90.21999999999998,3,3,True,True
HRV,2020Q3,eurostat_hicp_midx_cp00_i15_2026_02_06|eurostat_hicp_midx_cp045_i15_2010_2025_2026_02_06,2026-02-06,2026-07-18T13:22:23.066990+00:00|2026-07-18T13:36:12.596560+00:00,103.31,91.67666666666666,3,3,True,True
HRV,2020Q4,eurostat_hicp_midx_cp00_i15_2026_02_06|eurostat_hicp_midx_cp045_i15_2010_2025_2026_02_06,2026-02-06,2026-07-18T13:22:23.066990+00:00|2026-07-18T13:36:12.596560+00:00,103.30666666666666,91.62,3,3,True,True
HRV,2021Q1,eurostat_hicp_midx_cp00_i15_2026_02_06|eurostat_hicp_midx_cp045_i15_2010_2025_2026_02_06,2026-02-06,2026-07-18T13:22:23.066990+00:00|2026-07-18T13:36:12.596560+00:00,103.58,94.21999999999998,3,3,True,True
HRV,2021Q2,eurostat_hicp_midx_cp00_i15_2026_02_06|eurostat_hicp_midx_cp045_i15_2010_2025_2026_02_06,2026-02-06,2026-07-18T13:22:23.066990+00:00|2026-07-18T13:36:12.596560+00:00,105.10333333333334,96.26333333333332,3,3,True,True
HRV,2021Q3,eurostat_hicp_midx_cp00_i15_2026_02_06|eurostat_hicp_midx_cp045_i15_2010_2025_2026_02_06,2026-02-06,2026-07-18T13:22:23.066990+00:00|2026-07-18T13:36:12.596560+00:00,106.53666666666668,97.87666666666667,3,3,True,True
HRV,2021Q4,eurostat_hicp_midx_cp00_i15_2026_02_06|eurostat_hicp_midx_cp045_i15_2010_2025_2026_02_06,2026-02-06,2026-07-18T13:22:23.066990+00:00|2026-07-18T13:36:12.596560+00:00,108.04666666666667,100.33333333333333,3,3,True,True
HRV,2022Q1,eurostat_hicp_midx_cp00_i15_2026_02_06|eurostat_hicp_midx_cp045_i15_2010_2025_2026_02_06,2026-02-06,2026-07-18T13:22:23.066990+00:00|2026-07-18T13:36:12.596560+00:00,110.16333333333334,102.48666666666668,3,3,True,True
HRV,2022Q2,eurostat_hicp_midx_cp00_i15_2026_02_06|eurostat_hicp_midx_cp045_i15_2010_2025_2026_02_06,2026-02-06,2026-07-18T13:22:23.066990+00:00|2026-07-18T13:36:12.596560+00:00,116.45,115.67666666666666,3,3,True,True
HRV,2022Q3,eurostat_hicp_midx_cp00_i15_2026_02_06|eurostat_hicp_midx_cp045_i15_2010_2025_2026_02_06,2026-02-06,2026-07-18T13:22:23.066990+00:00|2026-07-18T13:36:12.596560+00:00,119.95333333333333,117.09333333333332,3,3,True,True
HRV,2022Q4,eurostat_hicp_midx_cp00_i15_2026_02_06|eurostat_hicp_midx_cp045_i15_2010_2025_2026_02_06,2026-02-06,2026-07-18T13:22:23.066990+00:00|2026-07-18T13:36:12.596560+00:00,121.86333333333334,121.02,3,3,True,True
HRV,2023Q1,eurostat_hicp_midx_cp00_i15_2026_02_06|eurostat_hicp_midx_cp045_i15_2010_2025_2026_02_06,2026-02-06,2026-07-18T13:22:23.066990+00:00|2026-07-18T13:36:12.596560+00:00,122.91666666666667,118.67999999999999,3,3,True,True
HRV,2023Q2,eurostat_hicp_midx_cp00_i15_2026_02_06|eurostat_hicp_midx_cp045_i15_2010_2025_2026_02_06,2026-02-06,2026-07-18T13:22:23.066990+00:00|2026-07-18T13:36:12.596560+00:00,126.31666666666666,116.89,3,3,True,True
HRV,2023Q3,eurostat_hicp_midx_cp00_i15_2026_02_06|eurostat_hicp_midx_cp045_i15_2010_2025_2026_02_06,2026-02-06,2026-07-18T13:22:23.066990+00:00|2026-07-18T13:36:12.596560+00:00,129.50333333333333,118.07333333333334,3,3,True,True
HRV,2023Q4,eurostat_hicp_midx_cp00_i15_2026_02_06|eurostat_hicp_midx_cp045_i15_2010_2025_2026_02_06,2026-02-06,2026-07-18T13:22:23.066990+00:00|2026-07-18T13:36:12.596560+00:00,129.01,117.73,3,3,True,True
HRV,2024Q1,eurostat_hicp_midx_cp00_i15_2026_02_06|eurostat_hicp_midx_cp045_i15_2010_2025_2026_02_06,2026-02-06,2026-07-18T13:22:23.066990+00:00|2026-07-18T13:36:12.596560+00:00,128.83333333333334,117.14999999999999,3,3,True,True
HRV,2024Q2,eurostat_hicp_midx_cp00_i15_2026_02_06|eurostat_hicp_midx_cp045_i15_2010_2025_2026_02_06,2026-02-06,2026-07-18T13:22:23.066990+00:00|2026-07-18T13:36:12.596560+00:00,131.57000000000002,115.07,3,3,True,True
HRV,2024Q3,eurostat_hicp_midx_cp00_i15_2026_02_06|eurostat_hicp_midx_cp045_i15_2010_2025_2026_02_06,2026-02-06,2026-07-18T13:22:23.066990+00:00|2026-07-18T13:36:12.596560+00:00,133.54666666666665,114.14333333333333,3,3,True,True
HRV,2024Q4,eurostat_hicp_midx_cp00_i15_2026_02_06|eurostat_hicp_midx_cp045_i15_2010_2025_2026_02_06,2026-02-06,2026-07-18T13:22:23.066990+00:00|2026-07-18T13:36:12.596560+00:00,134.19333333333333,119.37,3,3,True,True
HRV,2025Q1,eurostat_hicp_midx_cp00_i15_2026_02_06|eurostat_hicp_midx_cp045_i15_2010_2025_2026_02_06,2026-02-06,2026-07-18T13:22:23.066990+00:00|2026-07-18T13:36:12.596560+00:00,134.87333333333333,124.21,3,3,True,True
HRV,2025Q2,eurostat_hicp_midx_cp00_i15_2026_02_06|eurostat_hicp_midx_cp045_i15_2010_2025_2026_02_06,2026-02-06,2026-07-18T13:22:23.066990+00:00|2026-07-18T13:36:12.596560+00:00,137.11666666666667,122.96333333333332,3,3,True,True
HRV,2025Q3,eurostat_hicp_midx_cp00_i15_2026_02_06|eurostat_hicp_midx_cp045_i15_2010_2025_2026_02_06,2026-02-06,2026-07-18T13:22:23.066990+00:00|2026-07-18T13:36:12.596560+00:00,139.69333333333336,123.67,3,3,True,True
HRV,2025Q4,eurostat_hicp_midx_cp00_i15_2026_02_06|eurostat_hicp_midx_cp045_i15_2010_2025_2026_02_06,2026-02-06,2026-07-18T13:22:23.066990+00:00|2026-07-18T13:36:12.596560+00:00,139.59666666666666,130.02666666666667,3,3,True,True
HUN,2010Q1,eurostat_hicp_midx_cp00_i15_2010_2019_2026_02_06|eurostat_hicp_midx_cp045_i15_2010_2025_2026_02_06,2026-02-06,2026-07-18T13:36:09.327867+00:00|2026-07-18T13:36:12.596560+00:00,88.10333333333334,110.25,3,3,True,True
HUN,2010Q2,eurostat_hicp_midx_cp00_i15_2010_2019_2026_02_06|eurostat_hicp_midx_cp045_i15_2010_2025_2026_02_06,2026-02-06,2026-07-18T13:36:09.327867+00:00|2026-07-18T13:36:12.596560+00:00,89.78333333333335,115.40333333333332,3,3,True,True
HUN,2010Q3,eurostat_hicp_midx_cp00_i15_2010_2019_2026_02_06|eurostat_hicp_midx_cp045_i15_2010_2025_2026_02_06,2026-02-06,2026-07-18T13:36:09.327867+00:00|2026-07-18T13:36:12.596560+00:00,89.80666666666666,115.08333333333333,3,3,True,True
HUN,2010Q4,eurostat_hicp_midx_cp00_i15_2010_2019_2026_02_06|eurostat_hicp_midx_cp045_i15_2010_2025_2026_02_06,2026-02-06,2026-07-18T13:36:09.327867+00:00|2026-07-18T13:36:12.596560+00:00,90.17666666666666,115.69666666666667,3,3,True,True
HUN,2011Q1,eurostat_hicp_midx_cp00_i15_2010_2019_2026_02_06|eurostat_hicp_midx_cp045_i15_2010_2025_2026_02_06,2026-02-06,2026-07-18T13:36:09.327867+00:00|2026-07-18T13:36:12.596560+00:00,91.85333333333334,118.94333333333333,3,3,True,True
HUN,2011Q2,eurostat_hicp_midx_cp00_i15_2010_2019_2026_02_06|eurostat_hicp_midx_cp045_i15_2010_2025_2026_02_06,2026-02-06,2026-07-18T13:36:09.327867+00:00|2026-07-18T13:36:12.596560+00:00,93.30666666666667,120.02333333333333,3,3,True,True
HUN,2011Q3,eurostat_hicp_midx_cp00_i15_2010_2019_2026_02_06|eurostat_hicp_midx_cp045_i15_2010_2025_2026_02_06,2026-02-06,2026-07-18T13:36:09.327867+00:00|2026-07-18T13:36:12.596560+00:00,92.89999999999999,121.00666666666666,3,3,True,True
HUN,2011Q4,eurostat_hicp_midx_cp00_i15_2010_2019_2026_02_06|eurostat_hicp_midx_cp045_i15_2010_2025_2026_02_06,2026-02-06,2026-07-18T13:36:09.327867+00:00|2026-07-18T13:36:12.596560+00:00,93.84333333333332,122.85666666666667,3,3,True,True
HUN,2012Q1,eurostat_hicp_midx_cp00_i15_2010_2019_2026_02_06|eurostat_hicp_midx_cp045_i15_2010_2025_2026_02_06,2026-02-06,2026-07-18T13:36:09.327867+00:00|2026-07-18T13:36:12.596560+00:00,97.03333333333335,127.57333333333334,3,3,True,True
HUN,2012Q2,eurostat_hicp_midx_cp00_i15_2010_2019_2026_02_06|eurostat_hicp_midx_cp045_i15_2010_2025_2026_02_06,2026-02-06,2026-07-18T13:36:09.327867+00:00|2026-07-18T13:36:12.596560+00:00,98.46666666666665,128.24666666666667,3,3,True,True
HUN,2012Q3,eurostat_hicp_midx_cp00_i15_2010_2019_2026_02_06|eurostat_hicp_midx_cp045_i15_2010_2025_2026_02_06,2026-02-06,2026-07-18T13:36:09.327867+00:00|2026-07-18T13:36:12.596560+00:00,98.5,127.62,3,3,True,True
HUN,2012Q4,eurostat_hicp_midx_cp00_i15_2010_2019_2026_02_06|eurostat_hicp_midx_cp045_i15_2010_2025_2026_02_06,2026-02-06,2026-07-18T13:36:09.327867+00:00|2026-07-18T13:36:12.596560+00:00,98.96666666666665,128.53333333333333,3,3,True,True
HUN,2013Q1,eurostat_hicp_midx_cp00_i15_2010_2019_2026_02_06|eurostat_hicp_midx_cp045_i15_2010_2025_2026_02_06,2026-02-06,2026-07-18T13:36:09.327867+00:00|2026-07-18T13:36:12.596560+00:00,99.62333333333333,117.46333333333332,3,3,True,True
HUN,2013Q2,eurostat_hicp_midx_cp00_i15_2010_2019_2026_02_06|eurostat_hicp_midx_cp045_i15_2010_2025_2026_02_06,2026-02-06,2026-07-18T13:36:09.327867+00:00|2026-07-18T13:36:12.596560+00:00,100.29,117.32666666666667,3,3,True,True
HUN,2013Q3,eurostat_hicp_midx_cp00_i15_2010_2019_2026_02_06|eurostat_hicp_midx_cp045_i15_2010_2025_2026_02_06,2026-02-06,2026-07-18T13:36:09.327867+00:00|2026-07-18T13:36:12.596560+00:00,100.10666666666667,116.71666666666665,3,3,True,True
HUN,2013Q4,eurostat_hicp_midx_cp00_i15_2010_2019_2026_02_06|eurostat_hicp_midx_cp045_i15_2010_2025_2026_02_06,2026-02-06,2026-07-18T13:36:09.327867+00:00|2026-07-18T13:36:12.596560+00:00,99.65333333333332,109.38666666666667,3,3,True,True
HUN,2014Q1,eurostat_hicp_midx_cp00_i15_2010_2019_2026_02_06|eurostat_hicp_midx_cp045_i15_2010_2025_2026_02_06,2026-02-06,2026-07-18T13:36:09.327867+00:00|2026-07-18T13:36:12.596560+00:00,100.05666666666667,105.66000000000001,3,3,True,True
HUN,2014Q2,eurostat_hicp_midx_cp00_i15_2010_2019_2026_02_06|eurostat_hicp_midx_cp045_i15_2010_2025_2026_02_06,2026-02-06,2026-07-18T13:36:09.327867+00:00|2026-07-18T13:36:12.596560+00:00,100.2,102.76666666666667,3,3,True,True
HUN,2014Q3,eurostat_hicp_midx_cp00_i15_2010_2019_2026_02_06|eurostat_hicp_midx_cp045_i15_2010_2025_2026_02_06,2026-02-06,2026-07-18T13:36:09.327867+00:00|2026-07-18T13:36:12.596560+00:00,100.18,101.99666666666667,3,3,True,True
HUN,2014Q4,eurostat_hicp_midx_cp00_i15_2010_2019_2026_02_06|eurostat_hicp_midx_cp045_i15_2010_2025_2026_02_06,2026-02-06,2026-07-18T13:36:09.327867+00:00|2026-07-18T13:36:12.596560+00:00,99.30333333333334,100.22333333333334,3,3,True,True
HUN,2015Q1,eurostat_hicp_midx_cp00_i15_2010_2019_2026_02_06|eurostat_hicp_midx_cp045_i15_2010_2025_2026_02_06,2026-02-06,2026-07-18T13:36:09.327867+00:00|2026-07-18T13:36:12.596560+00:00,99.10666666666667,100.08333333333333,3,3,True,True
HUN,2015Q2,eurostat_hicp_midx_cp00_i15_2010_2019_2026_02_06|eurostat_hicp_midx_cp045_i15_2010_2025_2026_02_06,2026-02-06,2026-07-18T13:36:09.327867+00:00|2026-07-18T13:36:12.596560+00:00,100.63333333333333,99.96999999999998,3,3,True,True
HUN,2015Q3,eurostat_hicp_midx_cp00_i15_2010_2019_2026_02_06|eurostat_hicp_midx_cp045_i15_2010_2025_2026_02_06,2026-02-06,2026-07-18T13:36:09.327867+00:00|2026-07-18T13:36:12.596560+00:00,100.36,99.92333333333333,3,3,True,True
HUN,2015Q4,eurostat_hicp_midx_cp00_i15_2010_2019_2026_02_06|eurostat_hicp_midx_cp045_i15_2010_2025_2026_02_06,2026-02-06,2026-07-18T13:36:09.327867+00:00|2026-07-18T13:36:12.596560+00:00,99.89333333333333,100.02,3,3,True,True
HUN,2016Q1,eurostat_hicp_midx_cp00_i15_2010_2019_2026_02_06|eurostat_hicp_midx_cp045_i15_2010_2025_2026_02_06,2026-02-06,2026-07-18T13:36:09.327867+00:00|2026-07-18T13:36:12.596560+00:00,99.47666666666667,99.98333333333333,3,3,True,True
HUN,2016Q2,eurostat_hicp_midx_cp00_i15_2010_2019_2026_02_06|eurostat_hicp_midx_cp045_i15_2010_2025_2026_02_06,2026-02-06,2026-07-18T13:36:09.327867+00:00|2026-07-18T13:36:12.596560+00:00,100.63333333333333,99.87666666666667,3,3,True,True
HUN,2016Q3,eurostat_hicp_midx_cp00_i15_2010_2019_2026_02_06|eurostat_hicp_midx_cp045_i15_2010_2025_2026_02_06,2026-02-06,2026-07-18T13:36:09.327867+00:00|2026-07-18T13:36:12.596560+00:00,100.47333333333334,99.85666666666667,3,3,True,True
HUN,2016Q4,eurostat_hicp_midx_cp00_i15_2010_2019_2026_02_06|eurostat_hicp_midx_cp045_i15_2010_2025_2026_02_06,2026-02-06,2026-07-18T13:36:09.327867+00:00|2026-07-18T13:36:12.596560+00:00,101.20666666666666,100.02333333333333,3,3,True,True
HUN,2017Q1,eurostat_hicp_midx_cp00_i15_2010_2019_2026_02_06|eurostat_hicp_midx_cp045_i15_2010_2025_2026_02_06,2026-02-06,2026-07-18T13:36:09.327867+00:00|2026-07-18T13:36:12.596560+00:00,102.10000000000001,100.27999999999999,3,3,True,True
HUN,2017Q2,eurostat_hicp_midx_cp00_i15_2010_2019_2026_02_06|eurostat_hicp_midx_cp045_i15_2010_2025_2026_02_06,2026-02-06,2026-07-18T13:36:09.327867+00:00|2026-07-18T13:36:12.596560+00:00,102.75666666666666,100.5,3,3,True,True
HUN,2017Q3,eurostat_hicp_midx_cp00_i15_2010_2019_2026_02_06|eurostat_hicp_midx_cp045_i15_2010_2025_2026_02_06,2026-02-06,2026-07-18T13:36:09.327867+00:00|2026-07-18T13:36:12.596560+00:00,102.96,100.60333333333334,3,3,True,True
HUN,2017Q4,eurostat_hicp_midx_cp00_i15_2010_2019_2026_02_06|eurostat_hicp_midx_cp045_i15_2010_2025_2026_02_06,2026-02-06,2026-07-18T13:36:09.327867+00:00|2026-07-18T13:36:12.596560+00:00,103.56,101.46333333333332,3,3,True,True
HUN,2018Q1,eurostat_hicp_midx_cp00_i15_2010_2019_2026_02_06|eurostat_hicp_midx_cp045_i15_2010_2025_2026_02_06,2026-02-06,2026-07-18T13:36:09.327867+00:00|2026-07-18T13:36:12.596560+00:00,104.16000000000001,101.79666666666667,3,3,True,True
HUN,2018Q2,eurostat_hicp_midx_cp00_i15_2010_2019_2026_02_06|eurostat_hicp_midx_cp045_i15_2010_2025_2026_02_06,2026-02-06,2026-07-18T13:36:09.327867+00:00|2026-07-18T13:36:12.596560+00:00,105.64,101.83666666666666,3,3,True,True
HUN,2018Q3,eurostat_hicp_midx_cp00_i15_2010_2019_2026_02_06|eurostat_hicp_midx_cp045_i15_2010_2025_2026_02_06,2026-02-06,2026-07-18T13:36:09.327867+00:00|2026-07-18T13:36:12.596560+00:00,106.58333333333333,102.10000000000001,3,3,True,True
HUN,2018Q4,eurostat_hicp_midx_cp00_i15_2010_2019_2026_02_06|eurostat_hicp_midx_cp045_i15_2010_2025_2026_02_06,2026-02-06,2026-07-18T13:36:09.327867+00:00|2026-07-18T13:36:12.596560+00:00,106.96999999999998,102.7,3,3,True,True
HUN,2019Q1,eurostat_hicp_midx_cp00_i15_2010_2019_2026_02_06|eurostat_hicp_midx_cp045_i15_2010_2025_2026_02_06,2026-02-06,2026-07-18T13:36:09.327867+00:00|2026-07-18T13:36:12.596560+00:00,107.52666666666666,102.99333333333334,3,3,True,True
HUN,2019Q2,eurostat_hicp_midx_cp00_i15_2010_2019_2026_02_06|eurostat_hicp_midx_cp045_i15_2010_2025_2026_02_06,2026-02-06,2026-07-18T13:36:09.327867+00:00|2026-07-18T13:36:12.596560+00:00,109.64999999999999,103.05666666666666,3,3,True,True
HUN,2019Q3,eurostat_hicp_midx_cp00_i15_2010_2019_2026_02_06|eurostat_hicp_midx_cp045_i15_2010_2025_2026_02_06,2026-02-06,2026-07-18T13:36:09.327867+00:00|2026-07-18T13:36:12.596560+00:00,109.92666666666666,103.07333333333334,3,3,True,True
HUN,2019Q4,eurostat_hicp_midx_cp00_i15_2010_2019_2026_02_06|eurostat_hicp_midx_cp045_i15_2010_2025_2026_02_06,2026-02-06,2026-07-18T13:36:09.327867+00:00|2026-07-18T13:36:12.596560+00:00,110.73333333333333,103.36333333333334,3,3,True,True
HUN,2020Q1,eurostat_hicp_midx_cp00_i15_2026_02_06|eurostat_hicp_midx_cp045_i15_2010_2025_2026_02_06,2026-02-06,2026-07-18T13:22:23.066990+00:00|2026-07-18T13:36:12.596560+00:00,112.20666666666666,103.39333333333333,3,3,True,True
HUN,2020Q2,eurostat_hicp_midx_cp00_i15_2026_02_06|eurostat_hicp_midx_cp045_i15_2010_2025_2026_02_06,2026-02-06,2026-07-18T13:22:23.066990+00:00|2026-07-18T13:36:12.596560+00:00,112.44,103.33999999999999,3,3,True,True
HUN,2020Q3,eurostat_hicp_midx_cp00_i15_2026_02_06|eurostat_hicp_midx_cp045_i15_2010_2025_2026_02_06,2026-02-06,2026-07-18T13:22:23.066990+00:00|2026-07-18T13:36:12.596560+00:00,114.06333333333333,103.34333333333332,3,3,True,True
HUN,2020Q4,eurostat_hicp_midx_cp00_i15_2026_02_06|eurostat_hicp_midx_cp045_i15_2010_2025_2026_02_06,2026-02-06,2026-07-18T13:22:23.066990+00:00|2026-07-18T13:36:12.596560+00:00,113.90333333333332,103.56,3,3,True,True
HUN,2021Q1,eurostat_hicp_midx_cp00_i15_2026_02_06|eurostat_hicp_midx_cp045_i15_2010_2025_2026_02_06,2026-02-06,2026-07-18T13:22:23.066990+00:00|2026-07-18T13:36:12.596560+00:00,115.96333333333332,103.70666666666666,3,3,True,True
HUN,2021Q2,eurostat_hicp_midx_cp00_i15_2026_02_06|eurostat_hicp_midx_cp045_i15_2010_2025_2026_02_06,2026-02-06,2026-07-18T13:22:23.066990+00:00|2026-07-18T13:36:12.596560+00:00,118.36000000000001,103.74,3,3,True,True
HUN,2021Q3,eurostat_hicp_midx_cp00_i15_2026_02_06|eurostat_hicp_midx_cp045_i15_2010_2025_2026_02_06,2026-02-06,2026-07-18T13:22:23.066990+00:00|2026-07-18T13:36:12.596560+00:00,119.82000000000001,103.84666666666668,3,3,True,True
HUN,2021Q4,eurostat_hicp_midx_cp00_i15_2026_02_06|eurostat_hicp_midx_cp045_i15_2010_2025_2026_02_06,2026-02-06,2026-07-18T13:22:23.066990+00:00|2026-07-18T13:36:12.596560+00:00,122.03000000000002,104.59333333333332,3,3,True,True
HUN,2022Q1,eurostat_hicp_midx_cp00_i15_2026_02_06|eurostat_hicp_midx_cp045_i15_2010_2025_2026_02_06,2026-02-06,2026-07-18T13:22:23.066990+00:00|2026-07-18T13:36:12.596560+00:00,125.60000000000001,105.16333333333334,3,3,True,True
HUN,2022Q2,eurostat_hicp_midx_cp00_i15_2026_02_06|eurostat_hicp_midx_cp045_i15_2010_2025_2026_02_06,2026-02-06,2026-07-18T13:22:23.066990+00:00|2026-07-18T13:36:12.596560+00:00,131.39000000000001,105.49333333333334,3,3,True,True
HUN,2022Q3,eurostat_hicp_midx_cp00_i15_2026_02_06|eurostat_hicp_midx_cp045_i15_2010_2025_2026_02_06,2026-02-06,2026-07-18T13:22:23.066990+00:00|2026-07-18T13:36:12.596560+00:00,141.38333333333333,143.16,3,3,True,True
HUN,2022Q4,eurostat_hicp_midx_cp00_i15_2026_02_06|eurostat_hicp_midx_cp045_i15_2010_2025_2026_02_06,2026-02-06,2026-07-18T13:22:23.066990+00:00|2026-07-18T13:36:12.596560+00:00,150.51,170.03333333333333,3,3,True,True
HUN,2023Q1,eurostat_hicp_midx_cp00_i15_2026_02_06|eurostat_hicp_midx_cp045_i15_2010_2025_2026_02_06,2026-02-06,2026-07-18T13:22:23.066990+00:00|2026-07-18T13:36:12.596560+00:00,158.10333333333332,155.97666666666666,3,3,True,True
HUN,2023Q2,eurostat_hicp_midx_cp00_i15_2026_02_06|eurostat_hicp_midx_cp045_i15_2010_2025_2026_02_06,2026-02-06,2026-07-18T13:22:23.066990+00:00|2026-07-18T13:36:12.596560+00:00,160.37,145.38,3,3,True,True
HUN,2023Q3,eurostat_hicp_midx_cp00_i15_2026_02_06|eurostat_hicp_midx_cp045_i15_2010_2025_2026_02_06,2026-02-06,2026-07-18T13:22:23.066990+00:00|2026-07-18T13:36:12.596560+00:00,161.99333333333334,143.55666666666667,3,3,True,True
HUN,2023Q4,eurostat_hicp_midx_cp00_i15_2026_02_06|eurostat_hicp_midx_cp045_i15_2010_2025_2026_02_06,2026-02-06,2026-07-18T13:22:23.066990+00:00|2026-07-18T13:36:12.596560+00:00,161.90666666666667,142.07666666666668,3,3,True,True
HUN,2024Q1,eurostat_hicp_midx_cp00_i15_2026_02_06|eurostat_hicp_midx_cp045_i15_2010_2025_2026_02_06,2026-02-06,2026-07-18T13:22:23.066990+00:00|2026-07-18T13:36:12.596560+00:00,163.84,143.63666666666666,3,3,True,True
HUN,2024Q2,eurostat_hicp_midx_cp00_i15_2026_02_06|eurostat_hicp_midx_cp045_i15_2010_2025_2026_02_06,2026-02-06,2026-07-18T13:22:23.066990+00:00|2026-07-18T13:36:12.596560+00:00,166.32333333333335,140.70666666666668,3,3,True,True
HUN,2024Q3,eurostat_hicp_midx_cp00_i15_2026_02_06|eurostat_hicp_midx_cp045_i15_2010_2025_2026_02_06,2026-02-06,2026-07-18T13:22:23.066990+00:00|2026-07-18T13:36:12.596560+00:00,167.66,136.93666666666667,3,3,True,True
HUN,2024Q4,eurostat_hicp_midx_cp00_i15_2026_02_06|eurostat_hicp_midx_cp045_i15_2010_2025_2026_02_06,2026-02-06,2026-07-18T13:22:23.066990+00:00|2026-07-18T13:36:12.596560+00:00,168.42,138.22333333333333,3,3,True,True
HUN,2025Q1,eurostat_hicp_midx_cp00_i15_2026_02_06|eurostat_hicp_midx_cp045_i15_2010_2025_2026_02_06,2026-02-06,2026-07-18T13:22:23.066990+00:00|2026-07-18T13:36:12.596560+00:00,172.69333333333336,142.29333333333332,3,3,True,True
HUN,2025Q2,eurostat_hicp_midx_cp00_i15_2026_02_06|eurostat_hicp_midx_cp045_i15_2010_2025_2026_02_06,2026-02-06,2026-07-18T13:22:23.066990+00:00|2026-07-18T13:36:12.596560+00:00,173.68999999999997,142.89,3,3,True,True
HUN,2025Q3,eurostat_hicp_midx_cp00_i15_2026_02_06|eurostat_hicp_midx_cp045_i15_2010_2025_2026_02_06,2026-02-06,2026-07-18T13:22:23.066990+00:00|2026-07-18T13:36:12.596560+00:00,174.74,142.99,3,3,True,True
HUN,2025Q4,eurostat_hicp_midx_cp00_i15_2026_02_06|eurostat_hicp_midx_cp045_i15_2010_2025_2026_02_06,2026-02-06,2026-07-18T13:22:23.066990+00:00|2026-07-18T13:36:12.596560+00:00,174.71,142.62666666666667,3,3,True,True
IRL,2010Q1,eurostat_hicp_midx_cp00_i15_2010_2019_2026_02_06|eurostat_hicp_midx_cp045_i15_2010_2025_2026_02_06,2026-02-06,2026-07-18T13:36:09.327867+00:00|2026-07-18T13:36:12.596560+00:00,95.96666666666665,80.96666666666667,3,3,True,True
IRL,2010Q2,eurostat_hicp_midx_cp00_i15_2010_2019_2026_02_06|eurostat_hicp_midx_cp045_i15_2010_2025_2026_02_06,2026-02-06,2026-07-18T13:36:09.327867+00:00|2026-07-18T13:36:12.596560+00:00,96.3,83.5,3,3,True,True
IRL,2010Q3,eurostat_hicp_midx_cp00_i15_2010_2019_2026_02_06|eurostat_hicp_midx_cp045_i15_2010_2025_2026_02_06,2026-02-06,2026-07-18T13:36:09.327867+00:00|2026-07-18T13:36:12.596560+00:00,96.26666666666667,83.66666666666667,3,3,True,True
IRL,2010Q4,eurostat_hicp_midx_cp00_i15_2010_2019_2026_02_06|eurostat_hicp_midx_cp045_i15_2010_2025_2026_02_06,2026-02-06,2026-07-18T13:36:09.327867+00:00|2026-07-18T13:36:12.596560+00:00,96.23333333333333,85.76666666666667,3,3,True,True
IRL,2011Q1,eurostat_hicp_midx_cp00_i15_2010_2019_2026_02_06|eurostat_hicp_midx_cp045_i15_2010_2025_2026_02_06,2026-02-06,2026-07-18T13:36:09.327867+00:00|2026-07-18T13:36:12.596560+00:00,96.76666666666667,88.86666666666667,3,3,True,True
IRL,2011Q2,eurostat_hicp_midx_cp00_i15_2010_2019_2026_02_06|eurostat_hicp_midx_cp045_i15_2010_2025_2026_02_06,2026-02-06,2026-07-18T13:36:09.327867+00:00|2026-07-18T13:36:12.596560+00:00,97.53333333333335,90.10000000000001,3,3,True,True
IRL,2011Q3,eurostat_hicp_midx_cp00_i15_2010_2019_2026_02_06|eurostat_hicp_midx_cp045_i15_2010_2025_2026_02_06,2026-02-06,2026-07-18T13:36:09.327867+00:00|2026-07-18T13:36:12.596560+00:00,97.36666666666667,90.5,3,3,True,True
IRL,2011Q4,eurostat_hicp_midx_cp00_i15_2010_2019_2026_02_06|eurostat_hicp_midx_cp045_i15_2010_2025_2026_02_06,2026-02-06,2026-07-18T13:36:09.327867+00:00|2026-07-18T13:36:12.596560+00:00,97.76666666666667,96.3,3,3,True,True
IRL,2012Q1,eurostat_hicp_midx_cp00_i15_2010_2019_2026_02_06|eurostat_hicp_midx_cp045_i15_2010_2025_2026_02_06,2026-02-06,2026-07-18T13:36:09.327867+00:00|2026-07-18T13:36:12.596560+00:00,98.36666666666667,98.0,3,3,True,True
IRL,2012Q2,eurostat_hicp_midx_cp00_i15_2010_2019_2026_02_06|eurostat_hicp_midx_cp045_i15_2010_2025_2026_02_06,2026-02-06,2026-07-18T13:36:09.327867+00:00|2026-07-18T13:36:12.596560+00:00,99.33333333333333,99.26666666666667,3,3,True,True
IRL,2012Q3,eurostat_hicp_midx_cp00_i15_2010_2019_2026_02_06|eurostat_hicp_midx_cp045_i15_2010_2025_2026_02_06,2026-02-06,2026-07-18T13:36:09.327867+00:00|2026-07-18T13:36:12.596560+00:00,99.63333333333333,100.2,3,3,True,True
IRL,2012Q4,eurostat_hicp_midx_cp00_i15_2010_2019_2026_02_06|eurostat_hicp_midx_cp045_i15_2010_2025_2026_02_06,2026-02-06,2026-07-18T13:36:09.327867+00:00|2026-07-18T13:36:12.596560+00:00,99.5,104.06666666666666,3,3,True,True
IRL,2013Q1,eurostat_hicp_midx_cp00_i15_2010_2019_2026_02_06|eurostat_hicp_midx_cp045_i15_2010_2025_2026_02_06,2026-02-06,2026-07-18T13:36:09.327867+00:00|2026-07-18T13:36:12.596560+00:00,99.46666666666665,104.06666666666666,3,3,True,True
IRL,2013Q2,eurostat_hicp_midx_cp00_i15_2010_2019_2026_02_06|eurostat_hicp_midx_cp045_i15_2010_2025_2026_02_06,2026-02-06,2026-07-18T13:36:09.327867+00:00|2026-07-18T13:36:12.596560+00:00,99.86666666666667,102.96666666666665,3,3,True,True
IRL,2013Q3,eurostat_hicp_midx_cp00_i15_2010_2019_2026_02_06|eurostat_hicp_midx_cp045_i15_2010_2025_2026_02_06,2026-02-06,2026-07-18T13:36:09.327867+00:00|2026-07-18T13:36:12.596560+00:00,99.93333333333334,103.8,3,3,True,True
IRL,2013Q4,eurostat_hicp_midx_cp00_i15_2010_2019_2026_02_06|eurostat_hicp_midx_cp045_i15_2010_2025_2026_02_06,2026-02-06,2026-07-18T13:36:09.327867+00:00|2026-07-18T13:36:12.596560+00:00,99.66666666666667,104.73333333333333,3,3,True,True
IRL,2014Q1,eurostat_hicp_midx_cp00_i15_2010_2019_2026_02_06|eurostat_hicp_midx_cp045_i15_2010_2025_2026_02_06,2026-02-06,2026-07-18T13:36:09.327867+00:00|2026-07-18T13:36:12.596560+00:00,99.66666666666667,105.2,3,3,True,True
IRL,2014Q2,eurostat_hicp_midx_cp00_i15_2010_2019_2026_02_06|eurostat_hicp_midx_cp045_i15_2010_2025_2026_02_06,2026-02-06,2026-07-18T13:36:09.327867+00:00|2026-07-18T13:36:12.596560+00:00,100.26666666666667,105.23333333333335,3,3,True,True
IRL,2014Q3,eurostat_hicp_midx_cp00_i15_2010_2019_2026_02_06|eurostat_hicp_midx_cp045_i15_2010_2025_2026_02_06,2026-02-06,2026-07-18T13:36:09.327867+00:00|2026-07-18T13:36:12.596560+00:00,100.43333333333334,105.73333333333333,3,3,True,True
IRL,2014Q4,eurostat_hicp_midx_cp00_i15_2010_2019_2026_02_06|eurostat_hicp_midx_cp045_i15_2010_2025_2026_02_06,2026-02-06,2026-07-18T13:36:09.327867+00:00|2026-07-18T13:36:12.596560+00:00,99.76666666666667,104.60000000000001,3,3,True,True
IRL,2015Q1,eurostat_hicp_midx_cp00_i15_2010_2019_2026_02_06|eurostat_hicp_midx_cp045_i15_2010_2025_2026_02_06,2026-02-06,2026-07-18T13:36:09.327867+00:00|2026-07-18T13:36:12.596560+00:00,99.33333333333333,101.2,3,3,True,True
IRL,2015Q2,eurostat_hicp_midx_cp00_i15_2010_2019_2026_02_06|eurostat_hicp_midx_cp045_i15_2010_2025_2026_02_06,2026-02-06,2026-07-18T13:36:09.327867+00:00|2026-07-18T13:36:12.596560+00:00,100.36666666666667,101.5,3,3,True,True
IRL,2015Q3,eurostat_hicp_midx_cp00_i15_2010_2019_2026_02_06|eurostat_hicp_midx_cp045_i15_2010_2025_2026_02_06,2026-02-06,2026-07-18T13:36:09.327867+00:00|2026-07-18T13:36:12.596560+00:00,100.53333333333335,99.76666666666667,3,3,True,True
IRL,2015Q4,eurostat_hicp_midx_cp00_i15_2010_2019_2026_02_06|eurostat_hicp_midx_cp045_i15_2010_2025_2026_02_06,2026-02-06,2026-07-18T13:36:09.327867+00:00|2026-07-18T13:36:12.596560+00:00,99.76666666666667,97.53333333333335,3,3,True,True
IRL,2016Q1,eurostat_hicp_midx_cp00_i15_2010_2019_2026_02_06|eurostat_hicp_midx_cp045_i15_2010_2025_2026_02_06,2026-02-06,2026-07-18T13:36:09.327867+00:00|2026-07-18T13:36:12.596560+00:00,99.06666666666666,94.23333333333335,3,3,True,True
IRL,2016Q2,eurostat_hicp_midx_cp00_i15_2010_2019_2026_02_06|eurostat_hicp_midx_cp045_i15_2010_2025_2026_02_06,2026-02-06,2026-07-18T13:36:09.327867+00:00|2026-07-18T13:36:12.596560+00:00,100.26666666666667,95.56666666666666,3,3,True,True
IRL,2016Q3,eurostat_hicp_midx_cp00_i15_2010_2019_2026_02_06|eurostat_hicp_midx_cp045_i15_2010_2025_2026_02_06,2026-02-06,2026-07-18T13:36:09.327867+00:00|2026-07-18T13:36:12.596560+00:00,100.33333333333333,94.63333333333333,3,3,True,True
IRL,2016Q4,eurostat_hicp_midx_cp00_i15_2010_2019_2026_02_06|eurostat_hicp_midx_cp045_i15_2010_2025_2026_02_06,2026-02-06,2026-07-18T13:36:09.327867+00:00|2026-07-18T13:36:12.596560+00:00,99.5,95.03333333333335,3,3,True,True
IRL,2017Q1,eurostat_hicp_midx_cp00_i15_2010_2019_2026_02_06|eurostat_hicp_midx_cp045_i15_2010_2025_2026_02_06,2026-02-06,2026-07-18T13:36:09.327867+00:00|2026-07-18T13:36:12.596560+00:00,99.43333333333334,95.93333333333334,3,3,True,True
IRL,2017Q2,eurostat_hicp_midx_cp00_i15_2010_2019_2026_02_06|eurostat_hicp_midx_cp045_i15_2010_2025_2026_02_06,2026-02-06,2026-07-18T13:36:09.327867+00:00|2026-07-18T13:36:12.596560+00:00,100.3,94.86666666666667,3,3,True,True
IRL,2017Q3,eurostat_hicp_midx_cp00_i15_2010_2019_2026_02_06|eurostat_hicp_midx_cp045_i15_2010_2025_2026_02_06,2026-02-06,2026-07-18T13:36:09.327867+00:00|2026-07-18T13:36:12.596560+00:00,100.46666666666665,94.56666666666666,3,3,True,True
IRL,2017Q4,eurostat_hicp_midx_cp00_i15_2010_2019_2026_02_06|eurostat_hicp_midx_cp045_i15_2010_2025_2026_02_06,2026-02-06,2026-07-18T13:36:09.327867+00:00|2026-07-18T13:36:12.596560+00:00,100.0,98.26666666666667,3,3,True,True
IRL,2018Q1,eurostat_hicp_midx_cp00_i15_2010_2019_2026_02_06|eurostat_hicp_midx_cp045_i15_2010_2025_2026_02_06,2026-02-06,2026-07-18T13:36:09.327867+00:00|2026-07-18T13:36:12.596560+00:00,99.93333333333334,100.23333333333333,3,3,True,True
IRL,2018Q2,eurostat_hicp_midx_cp00_i15_2010_2019_2026_02_06|eurostat_hicp_midx_cp045_i15_2010_2025_2026_02_06,2026-02-06,2026-07-18T13:36:09.327867+00:00|2026-07-18T13:36:12.596560+00:00,100.73333333333333,101.76666666666667,3,3,True,True
IRL,2018Q3,eurostat_hicp_midx_cp00_i15_2010_2019_2026_02_06|eurostat_hicp_midx_cp045_i15_2010_2025_2026_02_06,2026-02-06,2026-07-18T13:36:09.327867+00:00|2026-07-18T13:36:12.596560+00:00,101.5,105.73333333333333,3,3,True,True
IRL,2018Q4,eurostat_hicp_midx_cp00_i15_2010_2019_2026_02_06|eurostat_hicp_midx_cp045_i15_2010_2025_2026_02_06,2026-02-06,2026-07-18T13:36:09.327867+00:00|2026-07-18T13:36:12.596560+00:00,100.89999999999999,105.23333333333333,3,3,True,True
IRL,2019Q1,eurostat_hicp_midx_cp00_i15_2010_2019_2026_02_06|eurostat_hicp_midx_cp045_i15_2010_2025_2026_02_06,2026-02-06,2026-07-18T13:36:09.327867+00:00|2026-07-18T13:36:12.596560+00:00,100.8,104.16666666666667,3,3,True,True
IRL,2019Q2,eurostat_hicp_midx_cp00_i15_2010_2019_2026_02_06|eurostat_hicp_midx_cp045_i15_2010_2025_2026_02_06,2026-02-06,2026-07-18T13:36:09.327867+00:00|2026-07-18T13:36:12.596560+00:00,102.0,106.66666666666667,3,3,True,True
IRL,2019Q3,eurostat_hicp_midx_cp00_i15_2010_2019_2026_02_06|eurostat_hicp_midx_cp045_i15_2010_2025_2026_02_06,2026-02-06,2026-07-18T13:36:09.327867+00:00|2026-07-18T13:36:12.596560+00:00,102.06666666666666,106.13333333333333,3,3,True,True
IRL,2019Q4,eurostat_hicp_midx_cp00_i15_2010_2019_2026_02_06|eurostat_hicp_midx_cp045_i15_2010_2025_2026_02_06,2026-02-06,2026-07-18T13:36:09.327867+00:00|2026-07-18T13:36:12.596560+00:00,101.73333333333333,106.33333333333333,3,3,True,True
IRL,2020Q1,eurostat_hicp_midx_cp00_i15_2026_02_06|eurostat_hicp_midx_cp045_i15_2010_2025_2026_02_06,2026-02-06,2026-07-18T13:22:23.066990+00:00|2026-07-18T13:36:12.596560+00:00,101.63333333333333,104.56666666666666,3,3,True,True
IRL,2020Q2,eurostat_hicp_midx_cp00_i15_2026_02_06|eurostat_hicp_midx_cp045_i15_2010_2025_2026_02_06,2026-02-06,2026-07-18T13:22:23.066990+00:00|2026-07-18T13:36:12.596560+00:00,101.43333333333334,95.83333333333333,3,3,True,True
IRL,2020Q3,eurostat_hicp_midx_cp00_i15_2026_02_06|eurostat_hicp_midx_cp045_i15_2010_2025_2026_02_06,2026-02-06,2026-07-18T13:22:23.066990+00:00|2026-07-18T13:36:12.596560+00:00,101.10000000000001,96.66666666666667,3,3,True,True
IRL,2020Q4,eurostat_hicp_midx_cp00_i15_2026_02_06|eurostat_hicp_midx_cp045_i15_2010_2025_2026_02_06,2026-02-06,2026-07-18T13:22:23.066990+00:00|2026-07-18T13:36:12.596560+00:00,100.56666666666666,99.8,3,3,True,True
IRL,2021Q1,eurostat_hicp_midx_cp00_i15_2026_02_06|eurostat_hicp_midx_cp045_i15_2010_2025_2026_02_06,2026-02-06,2026-07-18T13:22:23.066990+00:00|2026-07-18T13:36:12.596560+00:00,101.5,103.13333333333333,3,3,True,True
IRL,2021Q2,eurostat_hicp_midx_cp00_i15_2026_02_06|eurostat_hicp_midx_cp045_i15_2010_2025_2026_02_06,2026-02-06,2026-07-18T13:22:23.066990+00:00|2026-07-18T13:36:12.596560+00:00,102.96666666666665,107.36666666666667,3,3,True,True
IRL,2021Q3,eurostat_hicp_midx_cp00_i15_2026_02_06|eurostat_hicp_midx_cp045_i15_2010_2025_2026_02_06,2026-02-06,2026-07-18T13:22:23.066990+00:00|2026-07-18T13:36:12.596560+00:00,104.10000000000001,114.53333333333335,3,3,True,True
IRL,2021Q4,eurostat_hicp_midx_cp00_i15_2026_02_06|eurostat_hicp_midx_cp045_i15_2010_2025_2026_02_06,2026-02-06,2026-07-18T13:22:23.066990+00:00|2026-07-18T13:36:12.596560+00:00,105.96666666666665,126.86666666666667,3,3,True,True
IRL,2022Q1,eurostat_hicp_midx_cp00_i15_2026_02_06|eurostat_hicp_midx_cp045_i15_2010_2025_2026_02_06,2026-02-06,2026-07-18T13:22:23.066990+00:00|2026-07-18T13:36:12.596560+00:00,107.5,138.56666666666666,3,3,True,True
IRL,2022Q2,eurostat_hicp_midx_cp00_i15_2026_02_06|eurostat_hicp_midx_cp045_i15_2010_2025_2026_02_06,2026-02-06,2026-07-18T13:22:23.066990+00:00|2026-07-18T13:36:12.596560+00:00,111.60000000000001,165.36666666666667,3,3,True,True
IRL,2022Q3,eurostat_hicp_midx_cp00_i15_2026_02_06|eurostat_hicp_midx_cp045_i15_2010_2025_2026_02_06,2026-02-06,2026-07-18T13:22:23.066990+00:00|2026-07-18T13:36:12.596560+00:00,113.53333333333335,172.9333333333333,3,3,True,True
IRL,2022Q4,eurostat_hicp_midx_cp00_i15_2026_02_06|eurostat_hicp_midx_cp045_i15_2010_2025_2026_02_06,2026-02-06,2026-07-18T13:22:23.066990+00:00|2026-07-18T13:36:12.596560+00:00,115.33333333333333,211.0666666666667,3,3,True,True
IRL,2023Q1,eurostat_hicp_midx_cp00_i15_2026_02_06|eurostat_hicp_midx_cp045_i15_2010_2025_2026_02_06,2026-02-06,2026-07-18T13:22:23.066990+00:00|2026-07-18T13:36:12.596560+00:00,115.60000000000001,205.03333333333333,3,3,True,True
IRL,2023Q2,eurostat_hicp_midx_cp00_i15_2026_02_06|eurostat_hicp_midx_cp045_i15_2010_2025_2026_02_06,2026-02-06,2026-07-18T13:22:23.066990+00:00|2026-07-18T13:36:12.596560+00:00,117.7,198.20000000000002,3,3,True,True
IRL,2023Q3,eurostat_hicp_midx_cp00_i15_2026_02_06|eurostat_hicp_midx_cp045_i15_2010_2025_2026_02_06,2026-02-06,2026-07-18T13:22:23.066990+00:00|2026-07-18T13:36:12.596560+00:00,119.03333333333335,200.53333333333333,3,3,True,True
IRL,2023Q4,eurostat_hicp_midx_cp00_i15_2026_02_06|eurostat_hicp_midx_cp045_i15_2010_2025_2026_02_06,2026-02-06,2026-07-18T13:22:23.066990+00:00|2026-07-18T13:36:12.596560+00:00,118.93333333333334,188.16666666666666,3,3,True,True
IRL,2024Q1,eurostat_hicp_midx_cp00_i15_2026_02_06|eurostat_hicp_midx_cp045_i15_2010_2025_2026_02_06,2026-02-06,2026-07-18T13:22:23.066990+00:00|2026-07-18T13:36:12.596560+00:00,118.2,177.20000000000002,3,3,True,True
IRL,2024Q2,eurostat_hicp_midx_cp00_i15_2026_02_06|eurostat_hicp_midx_cp045_i15_2010_2025_2026_02_06,2026-02-06,2026-07-18T13:22:23.066990+00:00|2026-07-18T13:36:12.596560+00:00,119.7,169.6,3,3,True,True
IRL,2024Q3,eurostat_hicp_midx_cp00_i15_2026_02_06|eurostat_hicp_midx_cp045_i15_2010_2025_2026_02_06,2026-02-06,2026-07-18T13:22:23.066990+00:00|2026-07-18T13:36:12.596560+00:00,120.06666666666666,167.63333333333333,3,3,True,True
IRL,2024Q4,eurostat_hicp_midx_cp00_i15_2026_02_06|eurostat_hicp_midx_cp045_i15_2010_2025_2026_02_06,2026-02-06,2026-07-18T13:22:23.066990+00:00|2026-07-18T13:36:12.596560+00:00,119.56666666666666,167.93333333333334,3,3,True,True
IRL,2025Q1,eurostat_hicp_midx_cp00_i15_2026_02_06|eurostat_hicp_midx_cp045_i15_2010_2025_2026_02_06,2026-02-06,2026-07-18T13:22:23.066990+00:00|2026-07-18T13:36:12.596560+00:00,120.13333333333333,168.6,3,3,True,True
IRL,2025Q2,eurostat_hicp_midx_cp00_i15_2026_02_06|eurostat_hicp_midx_cp045_i15_2010_2025_2026_02_06,2026-02-06,2026-07-18T13:22:23.066990+00:00|2026-07-18T13:36:12.596560+00:00,121.7,168.36666666666667,3,3,True,True
IRL,2025Q3,eurostat_hicp_midx_cp00_i15_2026_02_06|eurostat_hicp_midx_cp045_i15_2010_2025_2026_02_06,2026-02-06,2026-07-18T13:22:23.066990+00:00|2026-07-18T13:36:12.596560+00:00,122.53333333333335,169.33333333333334,3,3,True,True
IRL,2025Q4,eurostat_hicp_midx_cp00_i15_2026_02_06|eurostat_hicp_midx_cp045_i15_2010_2025_2026_02_06,2026-02-06,2026-07-18T13:22:23.066990+00:00|2026-07-18T13:36:12.596560+00:00,123.03333333333335,172.79999999999998,3,3,True,True
ITA,2010Q1,eurostat_hicp_midx_cp00_i15_2010_2019_2026_02_06|eurostat_hicp_midx_cp045_i15_2010_2025_2026_02_06,2026-02-06,2026-07-18T13:36:09.327867+00:00|2026-07-18T13:36:12.596560+00:00,91.10000000000001,84.8,3,3,True,True
ITA,2010Q2,eurostat_hicp_midx_cp00_i15_2010_2019_2026_02_06|eurostat_hicp_midx_cp045_i15_2010_2025_2026_02_06,2026-02-06,2026-07-18T13:36:09.327867+00:00|2026-07-18T13:36:12.596560+00:00,92.93333333333334,86.3,3,3,True,True
ITA,2010Q3,eurostat_hicp_midx_cp00_i15_2010_2019_2026_02_06|eurostat_hicp_midx_cp045_i15_2010_2025_2026_02_06,2026-02-06,2026-07-18T13:36:09.327867+00:00|2026-07-18T13:36:12.596560+00:00,92.46666666666665,87.59999999999998,3,3,True,True
ITA,2010Q4,eurostat_hicp_midx_cp00_i15_2010_2019_2026_02_06|eurostat_hicp_midx_cp045_i15_2010_2025_2026_02_06,2026-02-06,2026-07-18T13:36:09.327867+00:00|2026-07-18T13:36:12.596560+00:00,93.7,87.86666666666667,3,3,True,True
ITA,2011Q1,eurostat_hicp_midx_cp00_i15_2010_2019_2026_02_06|eurostat_hicp_midx_cp045_i15_2010_2025_2026_02_06,2026-02-06,2026-07-18T13:36:09.327867+00:00|2026-07-18T13:36:12.596560+00:00,93.23333333333333,89.63333333333333,3,3,True,True
ITA,2011Q2,eurostat_hicp_midx_cp00_i15_2010_2019_2026_02_06|eurostat_hicp_midx_cp045_i15_2010_2025_2026_02_06,2026-02-06,2026-07-18T13:36:09.327867+00:00|2026-07-18T13:36:12.596560+00:00,95.7,92.33333333333333,3,3,True,True
ITA,2011Q3,eurostat_hicp_midx_cp00_i15_2010_2019_2026_02_06|eurostat_hicp_midx_cp045_i15_2010_2025_2026_02_06,2026-02-06,2026-07-18T13:36:09.327867+00:00|2026-07-18T13:36:12.596560+00:00,94.93333333333334,94.46666666666665,3,3,True,True
ITA,2011Q4,eurostat_hicp_midx_cp00_i15_2010_2019_2026_02_06|eurostat_hicp_midx_cp045_i15_2010_2025_2026_02_06,2026-02-06,2026-07-18T13:36:09.327867+00:00|2026-07-18T13:36:12.596560+00:00,97.2,97.43333333333334,3,3,True,True
ITA,2012Q1,eurostat_hicp_midx_cp00_i15_2010_2019_2026_02_06|eurostat_hicp_midx_cp045_i15_2010_2025_2026_02_06,2026-02-06,2026-07-18T13:36:09.327867+00:00|2026-07-18T13:36:12.596560+00:00,96.53333333333335,101.63333333333333,3,3,True,True
ITA,2012Q2,eurostat_hicp_midx_cp00_i15_2010_2019_2026_02_06|eurostat_hicp_midx_cp045_i15_2010_2025_2026_02_06,2026-02-06,2026-07-18T13:36:09.327867+00:00|2026-07-18T13:36:12.596560+00:00,99.16666666666667,104.73333333333333,3,3,True,True
ITA,2012Q3,eurostat_hicp_midx_cp00_i15_2010_2019_2026_02_06|eurostat_hicp_midx_cp045_i15_2010_2025_2026_02_06,2026-02-06,2026-07-18T13:36:09.327867+00:00|2026-07-18T13:36:12.596560+00:00,98.23333333333333,106.46666666666665,3,3,True,True
ITA,2012Q4,eurostat_hicp_midx_cp00_i15_2010_2019_2026_02_06|eurostat_hicp_midx_cp045_i15_2010_2025_2026_02_06,2026-02-06,2026-07-18T13:36:09.327867+00:00|2026-07-18T13:36:12.596560+00:00,99.76666666666667,107.89999999999999,3,3,True,True
ITA,2013Q1,eurostat_hicp_midx_cp00_i15_2010_2019_2026_02_06|eurostat_hicp_midx_cp045_i15_2010_2025_2026_02_06,2026-02-06,2026-07-18T13:36:09.327867+00:00|2026-07-18T13:36:12.596560+00:00,98.53333333333335,108.59999999999998,3,3,True,True
ITA,2013Q2,eurostat_hicp_midx_cp00_i15_2010_2019_2026_02_06|eurostat_hicp_midx_cp045_i15_2010_2025_2026_02_06,2026-02-06,2026-07-18T13:36:09.327867+00:00|2026-07-18T13:36:12.596560+00:00,100.36666666666667,106.10000000000001,3,3,True,True
ITA,2013Q3,eurostat_hicp_midx_cp00_i15_2010_2019_2026_02_06|eurostat_hicp_midx_cp045_i15_2010_2025_2026_02_06,2026-02-06,2026-07-18T13:36:09.327867+00:00|2026-07-18T13:36:12.596560+00:00,99.3,106.26666666666667,3,3,True,True
ITA,2013Q4,eurostat_hicp_midx_cp00_i15_2010_2019_2026_02_06|eurostat_hicp_midx_cp045_i15_2010_2025_2026_02_06,2026-02-06,2026-07-18T13:36:09.327867+00:00|2026-07-18T13:36:12.596560+00:00,100.39999999999999,105.23333333333333,3,3,True,True
ITA,2014Q1,eurostat_hicp_midx_cp00_i15_2010_2019_2026_02_06|eurostat_hicp_midx_cp045_i15_2010_2025_2026_02_06,2026-02-06,2026-07-18T13:36:09.327867+00:00|2026-07-18T13:36:12.596560+00:00,98.96666666666665,105.26666666666667,3,3,True,True
ITA,2014Q2,eurostat_hicp_midx_cp00_i15_2010_2019_2026_02_06|eurostat_hicp_midx_cp045_i15_2010_2025_2026_02_06,2026-02-06,2026-07-18T13:36:09.327867+00:00|2026-07-18T13:36:12.596560+00:00,100.76666666666667,103.0,3,3,True,True
ITA,2014Q3,eurostat_hicp_midx_cp00_i15_2010_2019_2026_02_06|eurostat_hicp_midx_cp045_i15_2010_2025_2026_02_06,2026-02-06,2026-07-18T13:36:09.327867+00:00|2026-07-18T13:36:12.596560+00:00,99.23333333333333,100.10000000000001,3,3,True,True
ITA,2014Q4,eurostat_hicp_midx_cp00_i15_2010_2019_2026_02_06|eurostat_hicp_midx_cp045_i15_2010_2025_2026_02_06,2026-02-06,2026-07-18T13:36:09.327867+00:00|2026-07-18T13:36:12.596560+00:00,100.56666666666666,102.76666666666667,3,3,True,True
ITA,2015Q1,eurostat_hicp_midx_cp00_i15_2010_2019_2026_02_06|eurostat_hicp_midx_cp045_i15_2010_2025_2026_02_06,2026-02-06,2026-07-18T13:36:09.327867+00:00|2026-07-18T13:36:12.596560+00:00,98.83333333333333,101.5,3,3,True,True
ITA,2015Q2,eurostat_hicp_midx_cp00_i15_2010_2019_2026_02_06|eurostat_hicp_midx_cp045_i15_2010_2025_2026_02_06,2026-02-06,2026-07-18T13:36:09.327867+00:00|2026-07-18T13:36:12.596560+00:00,100.86666666666667,99.3,3,3,True,True
ITA,2015Q3,eurostat_hicp_midx_cp00_i15_2010_2019_2026_02_06|eurostat_hicp_midx_cp045_i15_2010_2025_2026_02_06,2026-02-06,2026-07-18T13:36:09.327867+00:00|2026-07-18T13:36:12.596560+00:00,99.53333333333335,98.66666666666667,3,3,True,True
ITA,2015Q4,eurostat_hicp_midx_cp00_i15_2010_2019_2026_02_06|eurostat_hicp_midx_cp045_i15_2010_2025_2026_02_06,2026-02-06,2026-07-18T13:36:09.327867+00:00|2026-07-18T13:36:12.596560+00:00,100.73333333333333,100.56666666666666,3,3,True,True
ITA,2016Q1,eurostat_hicp_midx_cp00_i15_2010_2019_2026_02_06|eurostat_hicp_midx_cp045_i15_2010_2025_2026_02_06,2026-02-06,2026-07-18T13:36:09.327867+00:00|2026-07-18T13:36:12.596560+00:00,98.83333333333333,98.83333333333333,3,3,True,True
ITA,2016Q2,eurostat_hicp_midx_cp00_i15_2010_2019_2026_02_06|eurostat_hicp_midx_cp045_i15_2010_2025_2026_02_06,2026-02-06,2026-07-18T13:36:09.327867+00:00|2026-07-18T13:36:12.596560+00:00,100.56666666666666,93.06666666666666,3,3,True,True
ITA,2016Q3,eurostat_hicp_midx_cp00_i15_2010_2019_2026_02_06|eurostat_hicp_midx_cp045_i15_2010_2025_2026_02_06,2026-02-06,2026-07-18T13:36:09.327867+00:00|2026-07-18T13:36:12.596560+00:00,99.46666666666665,93.8,3,3,True,True
ITA,2016Q4,eurostat_hicp_midx_cp00_i15_2010_2019_2026_02_06|eurostat_hicp_midx_cp045_i15_2010_2025_2026_02_06,2026-02-06,2026-07-18T13:36:09.327867+00:00|2026-07-18T13:36:12.596560+00:00,100.89999999999999,95.06666666666666,3,3,True,True
ITA,2017Q1,eurostat_hicp_midx_cp00_i15_2010_2019_2026_02_06|eurostat_hicp_midx_cp045_i15_2010_2025_2026_02_06,2026-02-06,2026-07-18T13:36:09.327867+00:00|2026-07-18T13:36:12.596560+00:00,100.16666666666667,97.26666666666667,3,3,True,True
ITA,2017Q2,eurostat_hicp_midx_cp00_i15_2010_2019_2026_02_06|eurostat_hicp_midx_cp045_i15_2010_2025_2026_02_06,2026-02-06,2026-07-18T13:36:09.327867+00:00|2026-07-18T13:36:12.596560+00:00,102.16666666666667,98.13333333333333,3,3,True,True
ITA,2017Q3,eurostat_hicp_midx_cp00_i15_2010_2019_2026_02_06|eurostat_hicp_midx_cp045_i15_2010_2025_2026_02_06,2026-02-06,2026-07-18T13:36:09.327867+00:00|2026-07-18T13:36:12.596560+00:00,100.76666666666667,97.40000000000002,3,3,True,True
ITA,2017Q4,eurostat_hicp_midx_cp00_i15_2010_2019_2026_02_06|eurostat_hicp_midx_cp045_i15_2010_2025_2026_02_06,2026-02-06,2026-07-18T13:36:09.327867+00:00|2026-07-18T13:36:12.596560+00:00,101.96666666666665,98.39999999999999,3,3,True,True
ITA,2018Q1,eurostat_hicp_midx_cp00_i15_2010_2019_2026_02_06|eurostat_hicp_midx_cp045_i15_2010_2025_2026_02_06,2026-02-06,2026-07-18T13:36:09.327867+00:00|2026-07-18T13:36:12.596560+00:00,101.03333333333335,102.26666666666667,3,3,True,True
ITA,2018Q2,eurostat_hicp_midx_cp00_i15_2010_2019_2026_02_06|eurostat_hicp_midx_cp045_i15_2010_2025_2026_02_06,2026-02-06,2026-07-18T13:36:09.327867+00:00|2026-07-18T13:36:12.596560+00:00,103.16666666666667,97.23333333333333,3,3,True,True
ITA,2018Q3,eurostat_hicp_midx_cp00_i15_2010_2019_2026_02_06|eurostat_hicp_midx_cp045_i15_2010_2025_2026_02_06,2026-02-06,2026-07-18T13:36:09.327867+00:00|2026-07-18T13:36:12.596560+00:00,102.43333333333334,102.63333333333333,3,3,True,True
ITA,2018Q4,eurostat_hicp_midx_cp00_i15_2010_2019_2026_02_06|eurostat_hicp_midx_cp045_i15_2010_2025_2026_02_06,2026-02-06,2026-07-18T13:36:09.327867+00:00|2026-07-18T13:36:12.596560+00:00,103.46666666666665,108.16666666666667,3,3,True,True
ITA,2019Q1,eurostat_hicp_midx_cp00_i15_2010_2019_2026_02_06|eurostat_hicp_midx_cp045_i15_2010_2025_2026_02_06,2026-02-06,2026-07-18T13:36:09.327867+00:00|2026-07-18T13:36:12.596560+00:00,102.06666666666666,110.26666666666667,3,3,True,True
ITA,2019Q2,eurostat_hicp_midx_cp00_i15_2010_2019_2026_02_06|eurostat_hicp_midx_cp045_i15_2010_2025_2026_02_06,2026-02-06,2026-07-18T13:36:09.327867+00:00|2026-07-18T13:36:12.596560+00:00,104.10000000000001,103.63333333333333,3,3,True,True
ITA,2019Q3,eurostat_hicp_midx_cp00_i15_2010_2019_2026_02_06|eurostat_hicp_midx_cp045_i15_2010_2025_2026_02_06,2026-02-06,2026-07-18T13:36:09.327867+00:00|2026-07-18T13:36:12.596560+00:00,102.76666666666667,100.83333333333333,3,3,True,True
ITA,2019Q4,eurostat_hicp_midx_cp00_i15_2010_2019_2026_02_06|eurostat_hicp_midx_cp045_i15_2010_2025_2026_02_06,2026-02-06,2026-07-18T13:36:09.327867+00:00|2026-07-18T13:36:12.596560+00:00,103.76666666666667,103.06666666666666,3,3,True,True
ITA,2020Q1,eurostat_hicp_midx_cp00_i15_2026_02_06|eurostat_hicp_midx_cp045_i15_2010_2025_2026_02_06,2026-02-06,2026-07-18T13:22:23.066990+00:00|2026-07-18T13:36:12.596560+00:00,102.3,102.63333333333333,3,3,True,True
ITA,2020Q2,eurostat_hicp_midx_cp00_i15_2026_02_06|eurostat_hicp_midx_cp045_i15_2010_2025_2026_02_06,2026-02-06,2026-07-18T13:22:23.066990+00:00|2026-07-18T13:36:12.596560+00:00,103.89999999999999,92.3,3,3,True,True
ITA,2020Q3,eurostat_hicp_midx_cp00_i15_2026_02_06|eurostat_hicp_midx_cp045_i15_2010_2025_2026_02_06,2026-02-06,2026-07-18T13:22:23.066990+00:00|2026-07-18T13:36:12.596560+00:00,102.53333333333335,90.63333333333333,3,3,True,True
ITA,2020Q4,eurostat_hicp_midx_cp00_i15_2026_02_06|eurostat_hicp_midx_cp045_i15_2010_2025_2026_02_06,2026-02-06,2026-07-18T13:22:23.066990+00:00|2026-07-18T13:36:12.596560+00:00,103.36666666666667,97.33333333333333,3,3,True,True
ITA,2021Q1,eurostat_hicp_midx_cp00_i15_2026_02_06|eurostat_hicp_midx_cp045_i15_2010_2025_2026_02_06,2026-02-06,2026-07-18T13:22:23.066990+00:00|2026-07-18T13:36:12.596560+00:00,103.06666666666666,100.93333333333334,3,3,True,True
ITA,2021Q2,eurostat_hicp_midx_cp00_i15_2026_02_06|eurostat_hicp_midx_cp045_i15_2010_2025_2026_02_06,2026-02-06,2026-07-18T13:22:23.066990+00:00|2026-07-18T13:36:12.596560+00:00,105.10000000000001,104.2,3,3,True,True
ITA,2021Q3,eurostat_hicp_midx_cp00_i15_2026_02_06|eurostat_hicp_midx_cp045_i15_2010_2025_2026_02_06,2026-02-06,2026-07-18T13:22:23.066990+00:00|2026-07-18T13:36:12.596560+00:00,104.7,111.33333333333333,3,3,True,True
ITA,2021Q4,eurostat_hicp_midx_cp00_i15_2026_02_06|eurostat_hicp_midx_cp045_i15_2010_2025_2026_02_06,2026-02-06,2026-07-18T13:22:23.066990+00:00|2026-07-18T13:36:12.596560+00:00,107.23333333333333,128.26666666666668,3,3,True,True
ITA,2022Q1,eurostat_hicp_midx_cp00_i15_2026_02_06|eurostat_hicp_midx_cp045_i15_2010_2025_2026_02_06,2026-02-06,2026-07-18T13:22:23.066990+00:00|2026-07-18T13:36:12.596560+00:00,109.26666666666667,167.43333333333334,3,3,True,True
ITA,2022Q2,eurostat_hicp_midx_cp00_i15_2026_02_06|eurostat_hicp_midx_cp045_i15_2010_2025_2026_02_06,2026-02-06,2026-07-18T13:22:23.066990+00:00|2026-07-18T13:36:12.596560+00:00,112.83333333333333,171.73333333333335,3,3,True,True
ITA,2022Q3,eurostat_hicp_midx_cp00_i15_2026_02_06|eurostat_hicp_midx_cp045_i15_2010_2025_2026_02_06,2026-02-06,2026-07-18T13:22:23.066990+00:00|2026-07-18T13:36:12.596560+00:00,114.06666666666666,190.4,3,3,True,True
ITA,2022Q4,eurostat_hicp_midx_cp00_i15_2026_02_06|eurostat_hicp_midx_cp045_i15_2010_2025_2026_02_06,2026-02-06,2026-07-18T13:22:23.066990+00:00|2026-07-18T13:36:12.596560+00:00,120.63333333333333,294.8,3,3,True,True
ITA,2023Q1,eurostat_hicp_midx_cp00_i15_2026_02_06|eurostat_hicp_midx_cp045_i15_2010_2025_2026_02_06,2026-02-06,2026-07-18T13:22:23.066990+00:00|2026-07-18T13:36:12.596560+00:00,119.66666666666667,236.0666666666667,3,3,True,True
ITA,2023Q2,eurostat_hicp_midx_cp00_i15_2026_02_06|eurostat_hicp_midx_cp045_i15_2010_2025_2026_02_06,2026-02-06,2026-07-18T13:22:23.066990+00:00|2026-07-18T13:36:12.596560+00:00,121.60000000000001,196.5,3,3,True,True
ITA,2023Q3,eurostat_hicp_midx_cp00_i15_2026_02_06|eurostat_hicp_midx_cp045_i15_2010_2025_2026_02_06,2026-02-06,2026-07-18T13:22:23.066990+00:00|2026-07-18T13:36:12.596560+00:00,120.7,176.73333333333335,3,3,True,True
ITA,2023Q4,eurostat_hicp_midx_cp00_i15_2026_02_06|eurostat_hicp_midx_cp045_i15_2010_2025_2026_02_06,2026-02-06,2026-07-18T13:22:23.066990+00:00|2026-07-18T13:36:12.596560+00:00,121.8,173.63333333333333,3,3,True,True
ITA,2024Q1,eurostat_hicp_midx_cp00_i15_2026_02_06|eurostat_hicp_midx_cp045_i15_2010_2025_2026_02_06,2026-02-06,2026-07-18T13:22:23.066990+00:00|2026-07-18T13:36:12.596560+00:00,120.86666666666667,169.29999999999998,3,3,True,True
ITA,2024Q2,eurostat_hicp_midx_cp00_i15_2026_02_06|eurostat_hicp_midx_cp045_i15_2010_2025_2026_02_06,2026-02-06,2026-07-18T13:22:23.066990+00:00|2026-07-18T13:36:12.596560+00:00,122.66666666666667,153.9,3,3,True,True
ITA,2024Q3,eurostat_hicp_midx_cp00_i15_2026_02_06|eurostat_hicp_midx_cp045_i15_2010_2025_2026_02_06,2026-02-06,2026-07-18T13:22:23.066990+00:00|2026-07-18T13:36:12.596560+00:00,122.13333333333333,164.13333333333333,3,3,True,True
ITA,2024Q4,eurostat_hicp_midx_cp00_i15_2026_02_06|eurostat_hicp_midx_cp045_i15_2010_2025_2026_02_06,2026-02-06,2026-07-18T13:22:23.066990+00:00|2026-07-18T13:36:12.596560+00:00,123.36666666666667,165.79999999999998,3,3,True,True
ITA,2025Q1,eurostat_hicp_midx_cp00_i15_2026_02_06|eurostat_hicp_midx_cp045_i15_2010_2025_2026_02_06,2026-02-06,2026-07-18T13:22:23.066990+00:00|2026-07-18T13:36:12.596560+00:00,123.10000000000001,175.16666666666666,3,3,True,True
ITA,2025Q2,eurostat_hicp_midx_cp00_i15_2026_02_06|eurostat_hicp_midx_cp045_i15_2010_2025_2026_02_06,2026-02-06,2026-07-18T13:22:23.066990+00:00|2026-07-18T13:36:12.596560+00:00,124.93333333333334,160.06666666666666,3,3,True,True
ITA,2025Q3,eurostat_hicp_midx_cp00_i15_2026_02_06|eurostat_hicp_midx_cp045_i15_2010_2025_2026_02_06,2026-02-06,2026-07-18T13:22:23.066990+00:00|2026-07-18T13:36:12.596560+00:00,124.23333333333333,157.6,3,3,True,True
ITA,2025Q4,eurostat_hicp_midx_cp00_i15_2026_02_06|eurostat_hicp_midx_cp045_i15_2010_2025_2026_02_06,2026-02-06,2026-07-18T13:22:23.066990+00:00|2026-07-18T13:36:12.596560+00:00,124.86666666666667,154.16666666666666,3,3,True,True
LTU,2010Q1,eurostat_hicp_midx_cp00_i15_2010_2019_2026_02_06|eurostat_hicp_midx_cp045_i15_2010_2025_2026_02_06,2026-02-06,2026-07-18T13:36:09.327867+00:00|2026-07-18T13:36:12.596560+00:00,91.61333333333334,94.77333333333333,3,3,True,True
LTU,2010Q2,eurostat_hicp_midx_cp00_i15_2010_2019_2026_02_06|eurostat_hicp_midx_cp045_i15_2010_2025_2026_02_06,2026-02-06,2026-07-18T13:36:09.327867+00:00|2026-07-18T13:36:12.596560+00:00,92.29333333333334,97.0,3,3,True,True
LTU,2010Q3,eurostat_hicp_midx_cp00_i15_2010_2019_2026_02_06|eurostat_hicp_midx_cp045_i15_2010_2025_2026_02_06,2026-02-06,2026-07-18T13:36:09.327867+00:00|2026-07-18T13:36:12.596560+00:00,92.46,100.25999999999999,3,3,True,True
LTU,2010Q4,eurostat_hicp_midx_cp00_i15_2010_2019_2026_02_06|eurostat_hicp_midx_cp045_i15_2010_2025_2026_02_06,2026-02-06,2026-07-18T13:36:09.327867+00:00|2026-07-18T13:36:12.596560+00:00,93.33666666666666,102.05,3,3,True,True
LTU,2011Q1,eurostat_hicp_midx_cp00_i15_2010_2019_2026_02_06|eurostat_hicp_midx_cp045_i15_2010_2025_2026_02_06,2026-02-06,2026-07-18T13:36:09.327867+00:00|2026-07-18T13:36:12.596560+00:00,94.54666666666667,104.08999999999999,3,3,True,True
LTU,2011Q2,eurostat_hicp_midx_cp00_i15_2010_2019_2026_02_06|eurostat_hicp_midx_cp045_i15_2010_2025_2026_02_06,2026-02-06,2026-07-18T13:36:09.327867+00:00|2026-07-18T13:36:12.596560+00:00,96.64333333333333,106.25,3,3,True,True
LTU,2011Q3,eurostat_hicp_midx_cp00_i15_2010_2019_2026_02_06|eurostat_hicp_midx_cp045_i15_2010_2025_2026_02_06,2026-02-06,2026-07-18T13:36:09.327867+00:00|2026-07-18T13:36:12.596560+00:00,96.66333333333334,112.34666666666665,3,3,True,True
LTU,2011Q4,eurostat_hicp_midx_cp00_i15_2010_2019_2026_02_06|eurostat_hicp_midx_cp045_i15_2010_2025_2026_02_06,2026-02-06,2026-07-18T13:36:09.327867+00:00|2026-07-18T13:36:12.596560+00:00,97.09666666666668,114.73666666666668,3,3,True,True
LTU,2012Q1,eurostat_hicp_midx_cp00_i15_2010_2019_2026_02_06|eurostat_hicp_midx_cp045_i15_2010_2025_2026_02_06,2026-02-06,2026-07-18T13:36:09.327867+00:00|2026-07-18T13:36:12.596560+00:00,97.96999999999998,116.12666666666667,3,3,True,True
LTU,2012Q2,eurostat_hicp_midx_cp00_i15_2010_2019_2026_02_06|eurostat_hicp_midx_cp045_i15_2010_2025_2026_02_06,2026-02-06,2026-07-18T13:36:09.327867+00:00|2026-07-18T13:36:12.596560+00:00,99.37666666666667,116.36666666666667,3,3,True,True
LTU,2012Q3,eurostat_hicp_midx_cp00_i15_2010_2019_2026_02_06|eurostat_hicp_midx_cp045_i15_2010_2025_2026_02_06,2026-02-06,2026-07-18T13:36:09.327867+00:00|2026-07-18T13:36:12.596560+00:00,99.78333333333335,119.23333333333333,3,3,True,True
LTU,2012Q4,eurostat_hicp_midx_cp00_i15_2010_2019_2026_02_06|eurostat_hicp_midx_cp045_i15_2010_2025_2026_02_06,2026-02-06,2026-07-18T13:36:09.327867+00:00|2026-07-18T13:36:12.596560+00:00,100.0,116.48666666666668,3,3,True,True
LTU,2013Q1,eurostat_hicp_midx_cp00_i15_2010_2019_2026_02_06|eurostat_hicp_midx_cp045_i15_2010_2025_2026_02_06,2026-02-06,2026-07-18T13:36:09.327867+00:00|2026-07-18T13:36:12.596560+00:00,100.14666666666666,118.32333333333334,3,3,True,True
LTU,2013Q2,eurostat_hicp_midx_cp00_i15_2010_2019_2026_02_06|eurostat_hicp_midx_cp045_i15_2010_2025_2026_02_06,2026-02-06,2026-07-18T13:36:09.327867+00:00|2026-07-18T13:36:12.596560+00:00,100.76666666666667,116.86666666666667,3,3,True,True
LTU,2013Q3,eurostat_hicp_midx_cp00_i15_2010_2019_2026_02_06|eurostat_hicp_midx_cp045_i15_2010_2025_2026_02_06,2026-02-06,2026-07-18T13:36:09.327867+00:00|2026-07-18T13:36:12.596560+00:00,100.33333333333333,115.30666666666667,3,3,True,True
LTU,2013Q4,eurostat_hicp_midx_cp00_i15_2010_2019_2026_02_06|eurostat_hicp_midx_cp045_i15_2010_2025_2026_02_06,2026-02-06,2026-07-18T13:36:09.327867+00:00|2026-07-18T13:36:12.596560+00:00,100.50666666666666,114.81666666666666,3,3,True,True
LTU,2014Q1,eurostat_hicp_midx_cp00_i15_2010_2019_2026_02_06|eurostat_hicp_midx_cp045_i15_2010_2025_2026_02_06,2026-02-06,2026-07-18T13:36:09.327867+00:00|2026-07-18T13:36:12.596560+00:00,100.46,115.66666666666667,3,3,True,True
LTU,2014Q2,eurostat_hicp_midx_cp00_i15_2010_2019_2026_02_06|eurostat_hicp_midx_cp045_i15_2010_2025_2026_02_06,2026-02-06,2026-07-18T13:36:09.327867+00:00|2026-07-18T13:36:12.596560+00:00,100.99666666666667,111.61666666666667,3,3,True,True
LTU,2014Q3,eurostat_hicp_midx_cp00_i15_2010_2019_2026_02_06|eurostat_hicp_midx_cp045_i15_2010_2025_2026_02_06,2026-02-06,2026-07-18T13:36:09.327867+00:00|2026-07-18T13:36:12.596560+00:00,100.58333333333333,106.95666666666666,3,3,True,True
LTU,2014Q4,eurostat_hicp_midx_cp00_i15_2010_2019_2026_02_06|eurostat_hicp_midx_cp045_i15_2010_2025_2026_02_06,2026-02-06,2026-07-18T13:36:09.327867+00:00|2026-07-18T13:36:12.596560+00:00,100.68666666666667,109.52666666666666,3,3,True,True
LTU,2015Q1,eurostat_hicp_midx_cp00_i15_2010_2019_2026_02_06|eurostat_hicp_midx_cp045_i15_2010_2025_2026_02_06,2026-02-06,2026-07-18T13:36:09.327867+00:00|2026-07-18T13:36:12.596560+00:00,99.13666666666666,104.42,3,3,True,True
LTU,2015Q2,eurostat_hicp_midx_cp00_i15_2010_2019_2026_02_06|eurostat_hicp_midx_cp045_i15_2010_2025_2026_02_06,2026-02-06,2026-07-18T13:36:09.327867+00:00|2026-07-18T13:36:12.596560+00:00,100.69333333333333,100.34666666666668,3,3,True,True
LTU,2015Q3,eurostat_hicp_midx_cp00_i15_2010_2019_2026_02_06|eurostat_hicp_midx_cp045_i15_2010_2025_2026_02_06,2026-02-06,2026-07-18T13:36:09.327867+00:00|2026-07-18T13:36:12.596560+00:00,99.89333333333333,97.48333333333333,3,3,True,True
LTU,2015Q4,eurostat_hicp_midx_cp00_i15_2010_2019_2026_02_06|eurostat_hicp_midx_cp045_i15_2010_2025_2026_02_06,2026-02-06,2026-07-18T13:36:09.327867+00:00|2026-07-18T13:36:12.596560+00:00,100.27666666666666,97.75333333333333,3,3,True,True
LTU,2016Q1,eurostat_hicp_midx_cp00_i15_2010_2019_2026_02_06|eurostat_hicp_midx_cp045_i15_2010_2025_2026_02_06,2026-02-06,2026-07-18T13:36:09.327867+00:00|2026-07-18T13:36:12.596560+00:00,99.79333333333334,99.46999999999998,3,3,True,True
LTU,2016Q2,eurostat_hicp_midx_cp00_i15_2010_2019_2026_02_06|eurostat_hicp_midx_cp045_i15_2010_2025_2026_02_06,2026-02-06,2026-07-18T13:36:09.327867+00:00|2026-07-18T13:36:12.596560+00:00,101.13333333333333,96.11000000000001,3,3,True,True
LTU,2016Q3,eurostat_hicp_midx_cp00_i15_2010_2019_2026_02_06|eurostat_hicp_midx_cp045_i15_2010_2025_2026_02_06,2026-02-06,2026-07-18T13:36:09.327867+00:00|2026-07-18T13:36:12.596560+00:00,100.26666666666667,91.64666666666666,3,3,True,True
LTU,2016Q4,eurostat_hicp_midx_cp00_i15_2010_2019_2026_02_06|eurostat_hicp_midx_cp045_i15_2010_2025_2026_02_06,2026-02-06,2026-07-18T13:36:09.327867+00:00|2026-07-18T13:36:12.596560+00:00,101.52,93.38666666666666,3,3,True,True
LTU,2017Q1,eurostat_hicp_midx_cp00_i15_2010_2019_2026_02_06|eurostat_hicp_midx_cp045_i15_2010_2025_2026_02_06,2026-02-06,2026-07-18T13:36:09.327867+00:00|2026-07-18T13:36:12.596560+00:00,102.74000000000001,94.62,3,3,True,True
LTU,2017Q2,eurostat_hicp_midx_cp00_i15_2010_2019_2026_02_06|eurostat_hicp_midx_cp045_i15_2010_2025_2026_02_06,2026-02-06,2026-07-18T13:36:09.327867+00:00|2026-07-18T13:36:12.596560+00:00,104.57333333333334,94.32666666666667,3,3,True,True
LTU,2017Q3,eurostat_hicp_midx_cp00_i15_2010_2019_2026_02_06|eurostat_hicp_midx_cp045_i15_2010_2025_2026_02_06,2026-02-06,2026-07-18T13:36:09.327867+00:00|2026-07-18T13:36:12.596560+00:00,104.73,95.80333333333333,3,3,True,True
LTU,2017Q4,eurostat_hicp_midx_cp00_i15_2010_2019_2026_02_06|eurostat_hicp_midx_cp045_i15_2010_2025_2026_02_06,2026-02-06,2026-07-18T13:36:09.327867+00:00|2026-07-18T13:36:12.596560+00:00,105.64333333333333,96.05666666666666,3,3,True,True
LTU,2018Q1,eurostat_hicp_midx_cp00_i15_2010_2019_2026_02_06|eurostat_hicp_midx_cp045_i15_2010_2025_2026_02_06,2026-02-06,2026-07-18T13:36:09.327867+00:00|2026-07-18T13:36:12.596560+00:00,105.91666666666667,101.08,3,3,True,True
LTU,2018Q2,eurostat_hicp_midx_cp00_i15_2010_2019_2026_02_06|eurostat_hicp_midx_cp045_i15_2010_2025_2026_02_06,2026-02-06,2026-07-18T13:36:09.327867+00:00|2026-07-18T13:36:12.596560+00:00,107.22333333333334,97.42333333333333,3,3,True,True
LTU,2018Q3,eurostat_hicp_midx_cp00_i15_2010_2019_2026_02_06|eurostat_hicp_midx_cp045_i15_2010_2025_2026_02_06,2026-02-06,2026-07-18T13:36:09.327867+00:00|2026-07-18T13:36:12.596560+00:00,107.01333333333332,95.52,3,3,True,True
LTU,2018Q4,eurostat_hicp_midx_cp00_i15_2010_2019_2026_02_06|eurostat_hicp_midx_cp045_i15_2010_2025_2026_02_06,2026-02-06,2026-07-18T13:36:09.327867+00:00|2026-07-18T13:36:12.596560+00:00,108.10666666666667,103.36666666666667,3,3,True,True
LTU,2019Q1,eurostat_hicp_midx_cp00_i15_2010_2019_2026_02_06|eurostat_hicp_midx_cp045_i15_2010_2025_2026_02_06,2026-02-06,2026-07-18T13:36:09.327867+00:00|2026-07-18T13:36:12.596560+00:00,108.11333333333333,109.75333333333333,3,3,True,True
LTU,2019Q2,eurostat_hicp_midx_cp00_i15_2010_2019_2026_02_06|eurostat_hicp_midx_cp045_i15_2010_2025_2026_02_06,2026-02-06,2026-07-18T13:36:09.327867+00:00|2026-07-18T13:36:12.596560+00:00,109.95666666666666,101.75666666666666,3,3,True,True
LTU,2019Q3,eurostat_hicp_midx_cp00_i15_2010_2019_2026_02_06|eurostat_hicp_midx_cp045_i15_2010_2025_2026_02_06,2026-02-06,2026-07-18T13:36:09.327867+00:00|2026-07-18T13:36:12.596560+00:00,109.52,94.94,3,3,True,True
LTU,2019Q4,eurostat_hicp_midx_cp00_i15_2010_2019_2026_02_06|eurostat_hicp_midx_cp045_i15_2010_2025_2026_02_06,2026-02-06,2026-07-18T13:36:09.327867+00:00|2026-07-18T13:36:12.596560+00:00,110.27333333333333,96.36333333333334,3,3,True,True
LTU,2020Q1,eurostat_hicp_midx_cp00_i15_2026_02_06|eurostat_hicp_midx_cp045_i15_2010_2025_2026_02_06,2026-02-06,2026-07-18T13:22:23.066990+00:00|2026-07-18T13:36:12.596560+00:00,110.78000000000002,98.72666666666667,3,3,True,True
LTU,2020Q2,eurostat_hicp_midx_cp00_i15_2026_02_06|eurostat_hicp_midx_cp045_i15_2010_2025_2026_02_06,2026-02-06,2026-07-18T13:22:23.066990+00:00|2026-07-18T13:36:12.596560+00:00,110.67,89.03000000000002,3,3,True,True
LTU,2020Q3,eurostat_hicp_midx_cp00_i15_2026_02_06|eurostat_hicp_midx_cp045_i15_2010_2025_2026_02_06,2026-02-06,2026-07-18T13:22:23.066990+00:00|2026-07-18T13:36:12.596560+00:00,110.50333333333333,81.59666666666666,3,3,True,True
LTU,2020Q4,eurostat_hicp_midx_cp00_i15_2026_02_06|eurostat_hicp_midx_cp045_i15_2010_2025_2026_02_06,2026-02-06,2026-07-18T13:22:23.066990+00:00|2026-07-18T13:36:12.596560+00:00,110.56,86.71999999999998,3,3,True,True
LTU,2021Q1,eurostat_hicp_midx_cp00_i15_2026_02_06|eurostat_hicp_midx_cp045_i15_2010_2025_2026_02_06,2026-02-06,2026-07-18T13:22:23.066990+00:00|2026-07-18T13:36:12.596560+00:00,111.60333333333334,91.51666666666667,3,3,True,True
LTU,2021Q2,eurostat_hicp_midx_cp00_i15_2026_02_06|eurostat_hicp_midx_cp045_i15_2010_2025_2026_02_06,2026-02-06,2026-07-18T13:22:23.066990+00:00|2026-07-18T13:36:12.596560+00:00,114.16666666666667,91.21,3,3,True,True
LTU,2021Q3,eurostat_hicp_midx_cp00_i15_2026_02_06|eurostat_hicp_midx_cp045_i15_2010_2025_2026_02_06,2026-02-06,2026-07-18T13:22:23.066990+00:00|2026-07-18T13:36:12.596560+00:00,116.27,100.71666666666665,3,3,True,True
LTU,2021Q4,eurostat_hicp_midx_cp00_i15_2026_02_06|eurostat_hicp_midx_cp045_i15_2010_2025_2026_02_06,2026-02-06,2026-07-18T13:22:23.066990+00:00|2026-07-18T13:36:12.596560+00:00,120.94,117.25999999999999,3,3,True,True
LTU,2022Q1,eurostat_hicp_midx_cp00_i15_2026_02_06|eurostat_hicp_midx_cp045_i15_2010_2025_2026_02_06,2026-02-06,2026-07-18T13:22:23.066990+00:00|2026-07-18T13:36:12.596560+00:00,127.16000000000001,146.61666666666665,3,3,True,True
LTU,2022Q2,eurostat_hicp_midx_cp00_i15_2026_02_06|eurostat_hicp_midx_cp045_i15_2010_2025_2026_02_06,2026-02-06,2026-07-18T13:22:23.066990+00:00|2026-07-18T13:36:12.596560+00:00,135.33666666666667,155.27666666666667,3,3,True,True
LTU,2022Q3,eurostat_hicp_midx_cp00_i15_2026_02_06|eurostat_hicp_midx_cp045_i15_2010_2025_2026_02_06,2026-02-06,2026-07-18T13:22:23.066990+00:00|2026-07-18T13:36:12.596560+00:00,141.25666666666666,200.57333333333335,3,3,True,True
LTU,2022Q4,eurostat_hicp_midx_cp00_i15_2026_02_06|eurostat_hicp_midx_cp045_i15_2010_2025_2026_02_06,2026-02-06,2026-07-18T13:22:23.066990+00:00|2026-07-18T13:36:12.596560+00:00,146.53333333333333,211.5533333333333,3,3,True,True
LTU,2023Q1,eurostat_hicp_midx_cp00_i15_2026_02_06|eurostat_hicp_midx_cp045_i15_2010_2025_2026_02_06,2026-02-06,2026-07-18T13:22:23.066990+00:00|2026-07-18T13:36:12.596560+00:00,148.72666666666666,211.01666666666665,3,3,True,True
LTU,2023Q2,eurostat_hicp_midx_cp00_i15_2026_02_06|eurostat_hicp_midx_cp045_i15_2010_2025_2026_02_06,2026-02-06,2026-07-18T13:22:23.066990+00:00|2026-07-18T13:36:12.596560+00:00,149.83,186.03666666666666,3,3,True,True
LTU,2023Q3,eurostat_hicp_midx_cp00_i15_2026_02_06|eurostat_hicp_midx_cp045_i15_2010_2025_2026_02_06,2026-02-06,2026-07-18T13:22:23.066990+00:00|2026-07-18T13:36:12.596560+00:00,149.54999999999998,168.35333333333332,3,3,True,True
LTU,2023Q4,eurostat_hicp_midx_cp00_i15_2026_02_06|eurostat_hicp_midx_cp045_i15_2010_2025_2026_02_06,2026-02-06,2026-07-18T13:22:23.066990+00:00|2026-07-18T13:36:12.596560+00:00,149.97333333333333,166.74666666666667,3,3,True,True
LTU,2024Q1,eurostat_hicp_midx_cp00_i15_2026_02_06|eurostat_hicp_midx_cp045_i15_2010_2025_2026_02_06,2026-02-06,2026-07-18T13:22:23.066990+00:00|2026-07-18T13:36:12.596560+00:00,149.99666666666667,163.60333333333332,3,3,True,True
LTU,2024Q2,eurostat_hicp_midx_cp00_i15_2026_02_06|eurostat_hicp_midx_cp045_i15_2010_2025_2026_02_06,2026-02-06,2026-07-18T13:22:23.066990+00:00|2026-07-18T13:36:12.596560+00:00,150.98333333333335,146.87,3,3,True,True
LTU,2024Q3,eurostat_hicp_midx_cp00_i15_2026_02_06|eurostat_hicp_midx_cp045_i15_2010_2025_2026_02_06,2026-02-06,2026-07-18T13:22:23.066990+00:00|2026-07-18T13:36:12.596560+00:00,150.67999999999998,147.83,3,3,True,True
LTU,2024Q4,eurostat_hicp_midx_cp00_i15_2026_02_06|eurostat_hicp_midx_cp045_i15_2010_2025_2026_02_06,2026-02-06,2026-07-18T13:22:23.066990+00:00|2026-07-18T13:36:12.596560+00:00,151.51666666666665,154.1866666666667,3,3,True,True
LTU,2025Q1,eurostat_hicp_midx_cp00_i15_2026_02_06|eurostat_hicp_midx_cp045_i15_2010_2025_2026_02_06,2026-02-06,2026-07-18T13:22:23.066990+00:00|2026-07-18T13:36:12.596560+00:00,155.10999999999999,165.74666666666667,3,3,True,True
LTU,2025Q2,eurostat_hicp_midx_cp00_i15_2026_02_06|eurostat_hicp_midx_cp045_i15_2010_2025_2026_02_06,2026-02-06,2026-07-18T13:22:23.066990+00:00|2026-07-18T13:36:12.596560+00:00,155.92333333333332,150.5,3,3,True,True
LTU,2025Q3,eurostat_hicp_midx_cp00_i15_2026_02_06|eurostat_hicp_midx_cp045_i15_2010_2025_2026_02_06,2026-02-06,2026-07-18T13:22:23.066990+00:00|2026-07-18T13:36:12.596560+00:00,156.09,146.37666666666667,3,3,True,True
LTU,2025Q4,eurostat_hicp_midx_cp00_i15_2026_02_06|eurostat_hicp_midx_cp045_i15_2010_2025_2026_02_06,2026-02-06,2026-07-18T13:22:23.066990+00:00|2026-07-18T13:36:12.596560+00:00,156.82333333333335,151.67666666666665,3,3,True,True
LUX,2010Q1,eurostat_hicp_midx_cp00_i15_2010_2019_2026_02_06|eurostat_hicp_midx_cp045_i15_2010_2025_2026_02_06,2026-02-06,2026-07-18T13:36:09.327867+00:00|2026-07-18T13:36:12.596560+00:00,90.17333333333333,95.0,3,3,True,True
LUX,2010Q2,eurostat_hicp_midx_cp00_i15_2010_2019_2026_02_06|eurostat_hicp_midx_cp045_i15_2010_2025_2026_02_06,2026-02-06,2026-07-18T13:36:09.327867+00:00|2026-07-18T13:36:12.596560+00:00,91.46,99.03666666666668,3,3,True,True
LUX,2010Q3,eurostat_hicp_midx_cp00_i15_2010_2019_2026_02_06|eurostat_hicp_midx_cp045_i15_2010_2025_2026_02_06,2026-02-06,2026-07-18T13:36:09.327867+00:00|2026-07-18T13:36:12.596560+00:00,91.74666666666667,100.33,3,3,True,True
LUX,2010Q4,eurostat_hicp_midx_cp00_i15_2010_2019_2026_02_06|eurostat_hicp_midx_cp045_i15_2010_2025_2026_02_06,2026-02-06,2026-07-18T13:36:09.327867+00:00|2026-07-18T13:36:12.596560+00:00,92.37333333333333,102.68,3,3,True,True
LUX,2011Q1,eurostat_hicp_midx_cp00_i15_2010_2019_2026_02_06|eurostat_hicp_midx_cp045_i15_2010_2025_2026_02_06,2026-02-06,2026-07-18T13:36:09.327867+00:00|2026-07-18T13:36:12.596560+00:00,93.58999999999999,106.41333333333334,3,3,True,True
LUX,2011Q2,eurostat_hicp_midx_cp00_i15_2010_2019_2026_02_06|eurostat_hicp_midx_cp045_i15_2010_2025_2026_02_06,2026-02-06,2026-07-18T13:36:09.327867+00:00|2026-07-18T13:36:12.596560+00:00,94.98333333333335,109.84333333333332,3,3,True,True
LUX,2011Q3,eurostat_hicp_midx_cp00_i15_2010_2019_2026_02_06|eurostat_hicp_midx_cp045_i15_2010_2025_2026_02_06,2026-02-06,2026-07-18T13:36:09.327867+00:00|2026-07-18T13:36:12.596560+00:00,95.02333333333333,110.55333333333333,3,3,True,True
LUX,2011Q4,eurostat_hicp_midx_cp00_i15_2010_2019_2026_02_06|eurostat_hicp_midx_cp045_i15_2010_2025_2026_02_06,2026-02-06,2026-07-18T13:36:09.327867+00:00|2026-07-18T13:36:12.596560+00:00,95.80666666666667,111.78000000000002,3,3,True,True
LUX,2012Q1,eurostat_hicp_midx_cp00_i15_2010_2019_2026_02_06|eurostat_hicp_midx_cp045_i15_2010_2025_2026_02_06,2026-02-06,2026-07-18T13:36:09.327867+00:00|2026-07-18T13:36:12.596560+00:00,96.52,115.44666666666666,3,3,True,True
LUX,2012Q2,eurostat_hicp_midx_cp00_i15_2010_2019_2026_02_06|eurostat_hicp_midx_cp045_i15_2010_2025_2026_02_06,2026-02-06,2026-07-18T13:36:09.327867+00:00|2026-07-18T13:36:12.596560+00:00,97.58999999999999,117.36333333333334,3,3,True,True
LUX,2012Q3,eurostat_hicp_midx_cp00_i15_2010_2019_2026_02_06|eurostat_hicp_midx_cp045_i15_2010_2025_2026_02_06,2026-02-06,2026-07-18T13:36:09.327867+00:00|2026-07-18T13:36:12.596560+00:00,97.78666666666668,117.46666666666665,3,3,True,True
LUX,2012Q4,eurostat_hicp_midx_cp00_i15_2010_2019_2026_02_06|eurostat_hicp_midx_cp045_i15_2010_2025_2026_02_06,2026-02-06,2026-07-18T13:36:09.327867+00:00|2026-07-18T13:36:12.596560+00:00,98.48,118.21333333333332,3,3,True,True
LUX,2013Q1,eurostat_hicp_midx_cp00_i15_2010_2019_2026_02_06|eurostat_hicp_midx_cp045_i15_2010_2025_2026_02_06,2026-02-06,2026-07-18T13:36:09.327867+00:00|2026-07-18T13:36:12.596560+00:00,98.64666666666666,117.57333333333334,3,3,True,True
LUX,2013Q2,eurostat_hicp_midx_cp00_i15_2010_2019_2026_02_06|eurostat_hicp_midx_cp045_i15_2010_2025_2026_02_06,2026-02-06,2026-07-18T13:36:09.327867+00:00|2026-07-18T13:36:12.596560+00:00,99.25,115.13666666666667,3,3,True,True
LUX,2013Q3,eurostat_hicp_midx_cp00_i15_2010_2019_2026_02_06|eurostat_hicp_midx_cp045_i15_2010_2025_2026_02_06,2026-02-06,2026-07-18T13:36:09.327867+00:00|2026-07-18T13:36:12.596560+00:00,99.42333333333333,115.06333333333333,3,3,True,True
LUX,2013Q4,eurostat_hicp_midx_cp00_i15_2010_2019_2026_02_06|eurostat_hicp_midx_cp045_i15_2010_2025_2026_02_06,2026-02-06,2026-07-18T13:36:09.327867+00:00|2026-07-18T13:36:12.596560+00:00,99.69,112.25333333333333,3,3,True,True
LUX,2014Q1,eurostat_hicp_midx_cp00_i15_2010_2019_2026_02_06|eurostat_hicp_midx_cp045_i15_2010_2025_2026_02_06,2026-02-06,2026-07-18T13:36:09.327867+00:00|2026-07-18T13:36:12.596560+00:00,99.63,111.16333333333334,3,3,True,True
LUX,2014Q2,eurostat_hicp_midx_cp00_i15_2010_2019_2026_02_06|eurostat_hicp_midx_cp045_i15_2010_2025_2026_02_06,2026-02-06,2026-07-18T13:36:09.327867+00:00|2026-07-18T13:36:12.596560+00:00,100.40333333333335,109.36666666666667,3,3,True,True
LUX,2014Q3,eurostat_hicp_midx_cp00_i15_2010_2019_2026_02_06|eurostat_hicp_midx_cp045_i15_2010_2025_2026_02_06,2026-02-06,2026-07-18T13:36:09.327867+00:00|2026-07-18T13:36:12.596560+00:00,100.16333333333334,108.79,3,3,True,True
LUX,2014Q4,eurostat_hicp_midx_cp00_i15_2010_2019_2026_02_06|eurostat_hicp_midx_cp045_i15_2010_2025_2026_02_06,2026-02-06,2026-07-18T13:36:09.327867+00:00|2026-07-18T13:36:12.596560+00:00,99.57333333333334,105.14666666666666,3,3,True,True
LUX,2015Q1,eurostat_hicp_midx_cp00_i15_2010_2019_2026_02_06|eurostat_hicp_midx_cp045_i15_2010_2025_2026_02_06,2026-02-06,2026-07-18T13:36:09.327867+00:00|2026-07-18T13:36:12.596560+00:00,99.16000000000001,101.72333333333331,3,3,True,True
LUX,2015Q2,eurostat_hicp_midx_cp00_i15_2010_2019_2026_02_06|eurostat_hicp_midx_cp045_i15_2010_2025_2026_02_06,2026-02-06,2026-07-18T13:36:09.327867+00:00|2026-07-18T13:36:12.596560+00:00,100.69,102.98333333333333,3,3,True,True
LUX,2015Q3,eurostat_hicp_midx_cp00_i15_2010_2019_2026_02_06|eurostat_hicp_midx_cp045_i15_2010_2025_2026_02_06,2026-02-06,2026-07-18T13:36:09.327867+00:00|2026-07-18T13:36:12.596560+00:00,100.18666666666667,99.32333333333334,3,3,True,True
LUX,2015Q4,eurostat_hicp_midx_cp00_i15_2010_2019_2026_02_06|eurostat_hicp_midx_cp045_i15_2010_2025_2026_02_06,2026-02-06,2026-07-18T13:36:09.327867+00:00|2026-07-18T13:36:12.596560+00:00,99.96666666666665,95.97333333333331,3,3,True,True
LUX,2016Q1,eurostat_hicp_midx_cp00_i15_2010_2019_2026_02_06|eurostat_hicp_midx_cp045_i15_2010_2025_2026_02_06,2026-02-06,2026-07-18T13:36:09.327867+00:00|2026-07-18T13:36:12.596560+00:00,98.99666666666667,92.24000000000001,3,3,True,True
LUX,2016Q2,eurostat_hicp_midx_cp00_i15_2010_2019_2026_02_06|eurostat_hicp_midx_cp045_i15_2010_2025_2026_02_06,2026-02-06,2026-07-18T13:36:09.327867+00:00|2026-07-18T13:36:12.596560+00:00,100.13666666666666,90.74333333333334,3,3,True,True
LUX,2016Q3,eurostat_hicp_midx_cp00_i15_2010_2019_2026_02_06|eurostat_hicp_midx_cp045_i15_2010_2025_2026_02_06,2026-02-06,2026-07-18T13:36:09.327867+00:00|2026-07-18T13:36:12.596560+00:00,100.08,91.30333333333334,3,3,True,True
LUX,2016Q4,eurostat_hicp_midx_cp00_i15_2010_2019_2026_02_06|eurostat_hicp_midx_cp045_i15_2010_2025_2026_02_06,2026-02-06,2026-07-18T13:36:09.327867+00:00|2026-07-18T13:36:12.596560+00:00,100.94333333333333,92.87666666666667,3,3,True,True
LUX,2017Q1,eurostat_hicp_midx_cp00_i15_2010_2019_2026_02_06|eurostat_hicp_midx_cp045_i15_2010_2025_2026_02_06,2026-02-06,2026-07-18T13:36:09.327867+00:00|2026-07-18T13:36:12.596560+00:00,101.54,95.11333333333334,3,3,True,True
LUX,2017Q2,eurostat_hicp_midx_cp00_i15_2010_2019_2026_02_06|eurostat_hicp_midx_cp045_i15_2010_2025_2026_02_06,2026-02-06,2026-07-18T13:36:09.327867+00:00|2026-07-18T13:36:12.596560+00:00,102.14333333333333,93.37333333333333,3,3,True,True
LUX,2017Q3,eurostat_hicp_midx_cp00_i15_2010_2019_2026_02_06|eurostat_hicp_midx_cp045_i15_2010_2025_2026_02_06,2026-02-06,2026-07-18T13:36:09.327867+00:00|2026-07-18T13:36:12.596560+00:00,102.10666666666667,92.8,3,3,True,True
LUX,2017Q4,eurostat_hicp_midx_cp00_i15_2010_2019_2026_02_06|eurostat_hicp_midx_cp045_i15_2010_2025_2026_02_06,2026-02-06,2026-07-18T13:36:09.327867+00:00|2026-07-18T13:36:12.596560+00:00,102.80666666666667,95.74333333333334,3,3,True,True
LUX,2018Q1,eurostat_hicp_midx_cp00_i15_2010_2019_2026_02_06|eurostat_hicp_midx_cp045_i15_2010_2025_2026_02_06,2026-02-06,2026-07-18T13:36:09.327867+00:00|2026-07-18T13:36:12.596560+00:00,102.73,98.52,3,3,True,True
LUX,2018Q2,eurostat_hicp_midx_cp00_i15_2010_2019_2026_02_06|eurostat_hicp_midx_cp045_i15_2010_2025_2026_02_06,2026-02-06,2026-07-18T13:36:09.327867+00:00|2026-07-18T13:36:12.596560+00:00,104.11666666666667,101.12,3,3,True,True
LUX,2018Q3,eurostat_hicp_midx_cp00_i15_2010_2019_2026_02_06|eurostat_hicp_midx_cp045_i15_2010_2025_2026_02_06,2026-02-06,2026-07-18T13:36:09.327867+00:00|2026-07-18T13:36:12.596560+00:00,104.69,103.68333333333334,3,3,True,True
LUX,2018Q4,eurostat_hicp_midx_cp00_i15_2010_2019_2026_02_06|eurostat_hicp_midx_cp045_i15_2010_2025_2026_02_06,2026-02-06,2026-07-18T13:36:09.327867+00:00|2026-07-18T13:36:12.596560+00:00,105.29666666666667,107.03000000000002,3,3,True,True
LUX,2019Q1,eurostat_hicp_midx_cp00_i15_2010_2019_2026_02_06|eurostat_hicp_midx_cp045_i15_2010_2025_2026_02_06,2026-02-06,2026-07-18T13:36:09.327867+00:00|2026-07-18T13:36:12.596560+00:00,104.83999999999999,106.73,3,3,True,True
LUX,2019Q2,eurostat_hicp_midx_cp00_i15_2010_2019_2026_02_06|eurostat_hicp_midx_cp045_i15_2010_2025_2026_02_06,2026-02-06,2026-07-18T13:36:09.327867+00:00|2026-07-18T13:36:12.596560+00:00,106.16666666666667,105.66333333333334,3,3,True,True
LUX,2019Q3,eurostat_hicp_midx_cp00_i15_2010_2019_2026_02_06|eurostat_hicp_midx_cp045_i15_2010_2025_2026_02_06,2026-02-06,2026-07-18T13:36:09.327867+00:00|2026-07-18T13:36:12.596560+00:00,106.11333333333334,104.17333333333333,3,3,True,True
LUX,2019Q4,eurostat_hicp_midx_cp00_i15_2010_2019_2026_02_06|eurostat_hicp_midx_cp045_i15_2010_2025_2026_02_06,2026-02-06,2026-07-18T13:36:09.327867+00:00|2026-07-18T13:36:12.596560+00:00,106.58999999999999,104.61,3,3,True,True
LUX,2020Q1,eurostat_hicp_midx_cp00_i15_2026_02_06|eurostat_hicp_midx_cp045_i15_2010_2025_2026_02_06,2026-02-06,2026-07-18T13:22:23.066990+00:00|2026-07-18T13:36:12.596560+00:00,106.48333333333333,106.83999999999999,3,3,True,True
LUX,2020Q2,eurostat_hicp_midx_cp00_i15_2026_02_06|eurostat_hicp_midx_cp045_i15_2010_2025_2026_02_06,2026-02-06,2026-07-18T13:22:23.066990+00:00|2026-07-18T13:36:12.596560+00:00,105.2,95.71999999999998,3,3,True,True
LUX,2020Q3,eurostat_hicp_midx_cp00_i15_2026_02_06|eurostat_hicp_midx_cp045_i15_2010_2025_2026_02_06,2026-02-06,2026-07-18T13:22:23.066990+00:00|2026-07-18T13:36:12.596560+00:00,105.95666666666666,96.86666666666667,3,3,True,True
LUX,2020Q4,eurostat_hicp_midx_cp00_i15_2026_02_06|eurostat_hicp_midx_cp045_i15_2010_2025_2026_02_06,2026-02-06,2026-07-18T13:22:23.066990+00:00|2026-07-18T13:36:12.596560+00:00,106.08666666666666,96.11333333333334,3,3,True,True
LUX,2021Q1,eurostat_hicp_midx_cp00_i15_2026_02_06|eurostat_hicp_midx_cp045_i15_2010_2025_2026_02_06,2026-02-06,2026-07-18T13:22:23.066990+00:00|2026-07-18T13:36:12.596560+00:00,107.53000000000002,106.97333333333334,3,3,True,True
LUX,2021Q2,eurostat_hicp_midx_cp00_i15_2026_02_06|eurostat_hicp_midx_cp045_i15_2010_2025_2026_02_06,2026-02-06,2026-07-18T13:22:23.066990+00:00|2026-07-18T13:36:12.596560+00:00,108.97666666666667,110.47333333333334,3,3,True,True
LUX,2021Q3,eurostat_hicp_midx_cp00_i15_2026_02_06|eurostat_hicp_midx_cp045_i15_2010_2025_2026_02_06,2026-02-06,2026-07-18T13:22:23.066990+00:00|2026-07-18T13:36:12.596560+00:00,109.8,113.99000000000001,3,3,True,True
LUX,2021Q4,eurostat_hicp_midx_cp00_i15_2026_02_06|eurostat_hicp_midx_cp045_i15_2010_2025_2026_02_06,2026-02-06,2026-07-18T13:22:23.066990+00:00|2026-07-18T13:36:12.596560+00:00,112.14,127.62666666666667,3,3,True,True
LUX,2022Q1,eurostat_hicp_midx_cp00_i15_2026_02_06|eurostat_hicp_midx_cp045_i15_2010_2025_2026_02_06,2026-02-06,2026-07-18T13:22:23.066990+00:00|2026-07-18T13:36:12.596560+00:00,114.83333333333333,149.21333333333334,3,3,True,True
LUX,2022Q2,eurostat_hicp_midx_cp00_i15_2026_02_06|eurostat_hicp_midx_cp045_i15_2010_2025_2026_02_06,2026-02-06,2026-07-18T13:22:23.066990+00:00|2026-07-18T13:36:12.596560+00:00,119.29666666666667,149.87333333333333,3,3,True,True
LUX,2022Q3,eurostat_hicp_midx_cp00_i15_2026_02_06|eurostat_hicp_midx_cp045_i15_2010_2025_2026_02_06,2026-02-06,2026-07-18T13:22:23.066990+00:00|2026-07-18T13:36:12.596560+00:00,119.57666666666667,143.57333333333335,3,3,True,True
LUX,2022Q4,eurostat_hicp_midx_cp00_i15_2026_02_06|eurostat_hicp_midx_cp045_i15_2010_2025_2026_02_06,2026-02-06,2026-07-18T13:22:23.066990+00:00|2026-07-18T13:36:12.596560+00:00,120.5,149.70666666666668,3,3,True,True
LUX,2023Q1,eurostat_hicp_midx_cp00_i15_2026_02_06|eurostat_hicp_midx_cp045_i15_2010_2025_2026_02_06,2026-02-06,2026-07-18T13:22:23.066990+00:00|2026-07-18T13:36:12.596560+00:00,119.96666666666665,144.23000000000002,3,3,True,True
LUX,2023Q2,eurostat_hicp_midx_cp00_i15_2026_02_06|eurostat_hicp_midx_cp045_i15_2010_2025_2026_02_06,2026-02-06,2026-07-18T13:22:23.066990+00:00|2026-07-18T13:36:12.596560+00:00,121.52666666666666,139.70333333333335,3,3,True,True
LUX,2023Q3,eurostat_hicp_midx_cp00_i15_2026_02_06|eurostat_hicp_midx_cp045_i15_2010_2025_2026_02_06,2026-02-06,2026-07-18T13:22:23.066990+00:00|2026-07-18T13:36:12.596560+00:00,123.13999999999999,143.5533333333333,3,3,True,True
LUX,2023Q4,eurostat_hicp_midx_cp00_i15_2026_02_06|eurostat_hicp_midx_cp045_i15_2010_2025_2026_02_06,2026-02-06,2026-07-18T13:22:23.066990+00:00|2026-07-18T13:36:12.596560+00:00,123.44333333333333,142.90333333333334,3,3,True,True
LUX,2024Q1,eurostat_hicp_midx_cp00_i15_2026_02_06|eurostat_hicp_midx_cp045_i15_2010_2025_2026_02_06,2026-02-06,2026-07-18T13:22:23.066990+00:00|2026-07-18T13:36:12.596560+00:00,123.73333333333333,143.00333333333333,3,3,True,True
LUX,2024Q2,eurostat_hicp_midx_cp00_i15_2026_02_06|eurostat_hicp_midx_cp045_i15_2010_2025_2026_02_06,2026-02-06,2026-07-18T13:22:23.066990+00:00|2026-07-18T13:36:12.596560+00:00,125.17333333333333,139.50666666666666,3,3,True,True
LUX,2024Q3,eurostat_hicp_midx_cp00_i15_2026_02_06|eurostat_hicp_midx_cp045_i15_2010_2025_2026_02_06,2026-02-06,2026-07-18T13:22:23.066990+00:00|2026-07-18T13:36:12.596560+00:00,125.26666666666667,135.39333333333332,3,3,True,True
LUX,2024Q4,eurostat_hicp_midx_cp00_i15_2026_02_06|eurostat_hicp_midx_cp045_i15_2010_2025_2026_02_06,2026-02-06,2026-07-18T13:22:23.066990+00:00|2026-07-18T13:36:12.596560+00:00,124.90333333333335,124.58333333333333,3,3,True,True
LUX,2025Q1,eurostat_hicp_midx_cp00_i15_2026_02_06|eurostat_hicp_midx_cp045_i15_2010_2025_2026_02_06,2026-02-06,2026-07-18T13:22:23.066990+00:00|2026-07-18T13:36:12.596560+00:00,126.12666666666667,161.58333333333334,3,3,True,True
LUX,2025Q2,eurostat_hicp_midx_cp00_i15_2026_02_06|eurostat_hicp_midx_cp045_i15_2010_2025_2026_02_06,2026-02-06,2026-07-18T13:22:23.066990+00:00|2026-07-18T13:36:12.596560+00:00,127.79333333333334,156.98999999999998,3,3,True,True
LUX,2025Q3,eurostat_hicp_midx_cp00_i15_2026_02_06|eurostat_hicp_midx_cp045_i15_2010_2025_2026_02_06,2026-02-06,2026-07-18T13:22:23.066990+00:00|2026-07-18T13:36:12.596560+00:00,128.79,158.73333333333335,3,3,True,True
LUX,2025Q4,eurostat_hicp_midx_cp00_i15_2026_02_06|eurostat_hicp_midx_cp045_i15_2010_2025_2026_02_06,2026-02-06,2026-07-18T13:22:23.066990+00:00|2026-07-18T13:36:12.596560+00:00,129.01333333333332,155.88333333333333,3,3,True,True
LVA,2010Q1,eurostat_hicp_midx_cp00_i15_2010_2019_2026_02_06|eurostat_hicp_midx_cp045_i15_2010_2025_2026_02_06,2026-02-06,2026-07-18T13:36:09.327867+00:00|2026-07-18T13:36:12.596560+00:00,91.90333333333335,74.11666666666666,3,3,True,True
LVA,2010Q2,eurostat_hicp_midx_cp00_i15_2010_2019_2026_02_06|eurostat_hicp_midx_cp045_i15_2010_2025_2026_02_06,2026-02-06,2026-07-18T13:36:09.327867+00:00|2026-07-18T13:36:12.596560+00:00,93.06333333333333,80.99666666666667,3,3,True,True
LVA,2010Q3,eurostat_hicp_midx_cp00_i15_2010_2019_2026_02_06|eurostat_hicp_midx_cp045_i15_2010_2025_2026_02_06,2026-02-06,2026-07-18T13:36:09.327867+00:00|2026-07-18T13:36:12.596560+00:00,93.17666666666666,84.88333333333334,3,3,True,True
LVA,2010Q4,eurostat_hicp_midx_cp00_i15_2010_2019_2026_02_06|eurostat_hicp_midx_cp045_i15_2010_2025_2026_02_06,2026-02-06,2026-07-18T13:36:09.327867+00:00|2026-07-18T13:36:12.596560+00:00,93.67666666666666,82.80333333333334,3,3,True,True
LVA,2011Q1,eurostat_hicp_midx_cp00_i15_2010_2019_2026_02_06|eurostat_hicp_midx_cp045_i15_2010_2025_2026_02_06,2026-02-06,2026-07-18T13:36:09.327867+00:00|2026-07-18T13:36:12.596560+00:00,95.40333333333335,84.62,3,3,True,True
LVA,2011Q2,eurostat_hicp_midx_cp00_i15_2010_2019_2026_02_06|eurostat_hicp_midx_cp045_i15_2010_2025_2026_02_06,2026-02-06,2026-07-18T13:36:09.327867+00:00|2026-07-18T13:36:12.596560+00:00,97.33,89.21999999999998,3,3,True,True
LVA,2011Q3,eurostat_hicp_midx_cp00_i15_2010_2019_2026_02_06|eurostat_hicp_midx_cp045_i15_2010_2025_2026_02_06,2026-02-06,2026-07-18T13:36:09.327867+00:00|2026-07-18T13:36:12.596560+00:00,97.30333333333333,92.63,3,3,True,True
LVA,2011Q4,eurostat_hicp_midx_cp00_i15_2010_2019_2026_02_06|eurostat_hicp_midx_cp045_i15_2010_2025_2026_02_06,2026-02-06,2026-07-18T13:36:09.327867+00:00|2026-07-18T13:36:12.596560+00:00,97.48333333333333,92.28333333333335,3,3,True,True
LVA,2012Q1,eurostat_hicp_midx_cp00_i15_2010_2019_2026_02_06|eurostat_hicp_midx_cp045_i15_2010_2025_2026_02_06,2026-02-06,2026-07-18T13:36:09.327867+00:00|2026-07-18T13:36:12.596560+00:00,98.54333333333334,97.04,3,3,True,True
LVA,2012Q2,eurostat_hicp_midx_cp00_i15_2010_2019_2026_02_06|eurostat_hicp_midx_cp045_i15_2010_2025_2026_02_06,2026-02-06,2026-07-18T13:36:09.327867+00:00|2026-07-18T13:36:12.596560+00:00,99.67,97.12666666666667,3,3,True,True
LVA,2012Q3,eurostat_hicp_midx_cp00_i15_2010_2019_2026_02_06|eurostat_hicp_midx_cp045_i15_2010_2025_2026_02_06,2026-02-06,2026-07-18T13:36:09.327867+00:00|2026-07-18T13:36:12.596560+00:00,99.14999999999999,99.53000000000002,3,3,True,True
LVA,2012Q4,eurostat_hicp_midx_cp00_i15_2010_2019_2026_02_06|eurostat_hicp_midx_cp045_i15_2010_2025_2026_02_06,2026-02-06,2026-07-18T13:36:09.327867+00:00|2026-07-18T13:36:12.596560+00:00,99.01333333333332,99.34666666666665,3,3,True,True
LVA,2013Q1,eurostat_hicp_midx_cp00_i15_2010_2019_2026_02_06|eurostat_hicp_midx_cp045_i15_2010_2025_2026_02_06,2026-02-06,2026-07-18T13:36:09.327867+00:00|2026-07-18T13:36:12.596560+00:00,98.93333333333334,97.50333333333333,3,3,True,True
LVA,2013Q2,eurostat_hicp_midx_cp00_i15_2010_2019_2026_02_06|eurostat_hicp_midx_cp045_i15_2010_2025_2026_02_06,2026-02-06,2026-07-18T13:36:09.327867+00:00|2026-07-18T13:36:12.596560+00:00,99.56,96.62666666666667,3,3,True,True
LVA,2013Q3,eurostat_hicp_midx_cp00_i15_2010_2019_2026_02_06|eurostat_hicp_midx_cp045_i15_2010_2025_2026_02_06,2026-02-06,2026-07-18T13:36:09.327867+00:00|2026-07-18T13:36:12.596560+00:00,99.16333333333334,95.85333333333334,3,3,True,True
LVA,2013Q4,eurostat_hicp_midx_cp00_i15_2010_2019_2026_02_06|eurostat_hicp_midx_cp045_i15_2010_2025_2026_02_06,2026-02-06,2026-07-18T13:36:09.327867+00:00|2026-07-18T13:36:12.596560+00:00,98.76333333333334,96.22000000000001,3,3,True,True
LVA,2014Q1,eurostat_hicp_midx_cp00_i15_2010_2019_2026_02_06|eurostat_hicp_midx_cp045_i15_2010_2025_2026_02_06,2026-02-06,2026-07-18T13:36:09.327867+00:00|2026-07-18T13:36:12.596560+00:00,99.37333333333333,95.51333333333334,3,3,True,True
LVA,2014Q2,eurostat_hicp_midx_cp00_i15_2010_2019_2026_02_06|eurostat_hicp_midx_cp045_i15_2010_2025_2026_02_06,2026-02-06,2026-07-18T13:36:09.327867+00:00|2026-07-18T13:36:12.596560+00:00,100.34333333333332,95.22666666666667,3,3,True,True
LVA,2014Q3,eurostat_hicp_midx_cp00_i15_2010_2019_2026_02_06|eurostat_hicp_midx_cp045_i15_2010_2025_2026_02_06,2026-02-06,2026-07-18T13:36:09.327867+00:00|2026-07-18T13:36:12.596560+00:00,100.03333333333335,95.59999999999998,3,3,True,True
LVA,2014Q4,eurostat_hicp_midx_cp00_i15_2010_2019_2026_02_06|eurostat_hicp_midx_cp045_i15_2010_2025_2026_02_06,2026-02-06,2026-07-18T13:36:09.327867+00:00|2026-07-18T13:36:12.596560+00:00,99.40666666666668,95.88666666666667,3,3,True,True
LVA,2015Q1,eurostat_hicp_midx_cp00_i15_2010_2019_2026_02_06|eurostat_hicp_midx_cp045_i15_2010_2025_2026_02_06,2026-02-06,2026-07-18T13:36:09.327867+00:00|2026-07-18T13:36:12.596560+00:00,99.44333333333333,102.70333333333333,3,3,True,True
LVA,2015Q2,eurostat_hicp_midx_cp00_i15_2010_2019_2026_02_06|eurostat_hicp_midx_cp045_i15_2010_2025_2026_02_06,2026-02-06,2026-07-18T13:36:09.327867+00:00|2026-07-18T13:36:12.596560+00:00,101.15333333333332,101.67,3,3,True,True
LVA,2015Q3,eurostat_hicp_midx_cp00_i15_2010_2019_2026_02_06|eurostat_hicp_midx_cp045_i15_2010_2025_2026_02_06,2026-02-06,2026-07-18T13:36:09.327867+00:00|2026-07-18T13:36:12.596560+00:00,99.91000000000001,97.95333333333333,3,3,True,True
LVA,2015Q4,eurostat_hicp_midx_cp00_i15_2010_2019_2026_02_06|eurostat_hicp_midx_cp045_i15_2010_2025_2026_02_06,2026-02-06,2026-07-18T13:36:09.327867+00:00|2026-07-18T13:36:12.596560+00:00,99.5,97.67333333333333,3,3,True,True
LVA,2016Q1,eurostat_hicp_midx_cp00_i15_2010_2019_2026_02_06|eurostat_hicp_midx_cp045_i15_2010_2025_2026_02_06,2026-02-06,2026-07-18T13:36:09.327867+00:00|2026-07-18T13:36:12.596560+00:00,98.94,95.80333333333334,3,3,True,True
LVA,2016Q2,eurostat_hicp_midx_cp00_i15_2010_2019_2026_02_06|eurostat_hicp_midx_cp045_i15_2010_2025_2026_02_06,2026-02-06,2026-07-18T13:36:09.327867+00:00|2026-07-18T13:36:12.596560+00:00,100.42333333333333,93.14,3,3,True,True
LVA,2016Q3,eurostat_hicp_midx_cp00_i15_2010_2019_2026_02_06|eurostat_hicp_midx_cp045_i15_2010_2025_2026_02_06,2026-02-06,2026-07-18T13:36:09.327867+00:00|2026-07-18T13:36:12.596560+00:00,100.08,91.96333333333332,3,3,True,True
LVA,2016Q4,eurostat_hicp_midx_cp00_i15_2010_2019_2026_02_06|eurostat_hicp_midx_cp045_i15_2010_2025_2026_02_06,2026-02-06,2026-07-18T13:36:09.327867+00:00|2026-07-18T13:36:12.596560+00:00,100.96,92.49333333333334,3,3,True,True
LVA,2017Q1,eurostat_hicp_midx_cp00_i15_2010_2019_2026_02_06|eurostat_hicp_midx_cp045_i15_2010_2025_2026_02_06,2026-02-06,2026-07-18T13:36:09.327867+00:00|2026-07-18T13:36:12.596560+00:00,102.01666666666667,94.48333333333335,3,3,True,True
LVA,2017Q2,eurostat_hicp_midx_cp00_i15_2010_2019_2026_02_06|eurostat_hicp_midx_cp045_i15_2010_2025_2026_02_06,2026-02-06,2026-07-18T13:36:09.327867+00:00|2026-07-18T13:36:12.596560+00:00,103.46666666666665,94.39333333333333,3,3,True,True
LVA,2017Q3,eurostat_hicp_midx_cp00_i15_2010_2019_2026_02_06|eurostat_hicp_midx_cp045_i15_2010_2025_2026_02_06,2026-02-06,2026-07-18T13:36:09.327867+00:00|2026-07-18T13:36:12.596560+00:00,102.99000000000001,94.75,3,3,True,True
LVA,2017Q4,eurostat_hicp_midx_cp00_i15_2010_2019_2026_02_06|eurostat_hicp_midx_cp045_i15_2010_2025_2026_02_06,2026-02-06,2026-07-18T13:36:09.327867+00:00|2026-07-18T13:36:12.596560+00:00,103.51666666666667,95.41666666666667,3,3,True,True
LVA,2018Q1,eurostat_hicp_midx_cp00_i15_2010_2019_2026_02_06|eurostat_hicp_midx_cp045_i15_2010_2025_2026_02_06,2026-02-06,2026-07-18T13:36:09.327867+00:00|2026-07-18T13:36:12.596560+00:00,104.08999999999999,97.07333333333334,3,3,True,True
LVA,2018Q2,eurostat_hicp_midx_cp00_i15_2010_2019_2026_02_06|eurostat_hicp_midx_cp045_i15_2010_2025_2026_02_06,2026-02-06,2026-07-18T13:36:09.327867+00:00|2026-07-18T13:36:12.596560+00:00,105.92333333333333,97.75999999999999,3,3,True,True
LVA,2018Q3,eurostat_hicp_midx_cp00_i15_2010_2019_2026_02_06|eurostat_hicp_midx_cp045_i15_2010_2025_2026_02_06,2026-02-06,2026-07-18T13:36:09.327867+00:00|2026-07-18T13:36:12.596560+00:00,105.99000000000001,98.75333333333333,3,3,True,True
LVA,2018Q4,eurostat_hicp_midx_cp00_i15_2010_2019_2026_02_06|eurostat_hicp_midx_cp045_i15_2010_2025_2026_02_06,2026-02-06,2026-07-18T13:36:09.327867+00:00|2026-07-18T13:36:12.596560+00:00,106.50999999999999,99.83999999999999,3,3,True,True
LVA,2019Q1,eurostat_hicp_midx_cp00_i15_2010_2019_2026_02_06|eurostat_hicp_midx_cp045_i15_2010_2025_2026_02_06,2026-02-06,2026-07-18T13:36:09.327867+00:00|2026-07-18T13:36:12.596560+00:00,107.00666666666666,103.96333333333332,3,3,True,True
LVA,2019Q2,eurostat_hicp_midx_cp00_i15_2010_2019_2026_02_06|eurostat_hicp_midx_cp045_i15_2010_2025_2026_02_06,2026-02-06,2026-07-18T13:36:09.327867+00:00|2026-07-18T13:36:12.596560+00:00,109.41333333333334,103.05333333333333,3,3,True,True
LVA,2019Q3,eurostat_hicp_midx_cp00_i15_2010_2019_2026_02_06|eurostat_hicp_midx_cp045_i15_2010_2025_2026_02_06,2026-02-06,2026-07-18T13:36:09.327867+00:00|2026-07-18T13:36:12.596560+00:00,108.96,102.33333333333333,3,3,True,True
LVA,2019Q4,eurostat_hicp_midx_cp00_i15_2010_2019_2026_02_06|eurostat_hicp_midx_cp045_i15_2010_2025_2026_02_06,2026-02-06,2026-07-18T13:36:09.327867+00:00|2026-07-18T13:36:12.596560+00:00,108.74000000000001,103.23333333333333,3,3,True,True
LVA,2020Q1,eurostat_hicp_midx_cp00_i15_2026_02_06|eurostat_hicp_midx_cp045_i15_2010_2025_2026_02_06,2026-02-06,2026-07-18T13:22:23.066990+00:00|2026-07-18T13:36:12.596560+00:00,109.08,101.32000000000001,3,3,True,True
LVA,2020Q2,eurostat_hicp_midx_cp00_i15_2026_02_06|eurostat_hicp_midx_cp045_i15_2010_2025_2026_02_06,2026-02-06,2026-07-18T13:22:23.066990+00:00|2026-07-18T13:36:12.596560+00:00,108.65333333333335,98.99333333333334,3,3,True,True
LVA,2020Q3,eurostat_hicp_midx_cp00_i15_2026_02_06|eurostat_hicp_midx_cp045_i15_2010_2025_2026_02_06,2026-02-06,2026-07-18T13:22:23.066990+00:00|2026-07-18T13:36:12.596560+00:00,108.65666666666668,95.74000000000001,3,3,True,True
LVA,2020Q4,eurostat_hicp_midx_cp00_i15_2026_02_06|eurostat_hicp_midx_cp045_i15_2010_2025_2026_02_06,2026-02-06,2026-07-18T13:22:23.066990+00:00|2026-07-18T13:36:12.596560+00:00,108.08,95.44666666666667,3,3,True,True
LVA,2021Q1,eurostat_hicp_midx_cp00_i15_2026_02_06|eurostat_hicp_midx_cp045_i15_2010_2025_2026_02_06,2026-02-06,2026-07-18T13:22:23.066990+00:00|2026-07-18T13:36:12.596560+00:00,108.95,96.76333333333334,3,3,True,True
LVA,2021Q2,eurostat_hicp_midx_cp00_i15_2026_02_06|eurostat_hicp_midx_cp045_i15_2010_2025_2026_02_06,2026-02-06,2026-07-18T13:22:23.066990+00:00|2026-07-18T13:36:12.596560+00:00,111.17333333333333,97.10333333333334,3,3,True,True
LVA,2021Q3,eurostat_hicp_midx_cp00_i15_2026_02_06|eurostat_hicp_midx_cp045_i15_2010_2025_2026_02_06,2026-02-06,2026-07-18T13:22:23.066990+00:00|2026-07-18T13:36:12.596560+00:00,112.67666666666666,105.59666666666668,3,3,True,True
LVA,2021Q4,eurostat_hicp_midx_cp00_i15_2026_02_06|eurostat_hicp_midx_cp045_i15_2010_2025_2026_02_06,2026-02-06,2026-07-18T13:22:23.066990+00:00|2026-07-18T13:36:12.596560+00:00,115.74333333333334,117.02333333333333,3,3,True,True
LVA,2022Q1,eurostat_hicp_midx_cp00_i15_2026_02_06|eurostat_hicp_midx_cp045_i15_2010_2025_2026_02_06,2026-02-06,2026-07-18T13:22:23.066990+00:00|2026-07-18T13:36:12.596560+00:00,119.02333333333333,113.37333333333333,3,3,True,True
LVA,2022Q2,eurostat_hicp_midx_cp00_i15_2026_02_06|eurostat_hicp_midx_cp045_i15_2010_2025_2026_02_06,2026-02-06,2026-07-18T13:22:23.066990+00:00|2026-07-18T13:36:12.596560+00:00,129.36666666666667,144.94000000000003,3,3,True,True
LVA,2022Q3,eurostat_hicp_midx_cp00_i15_2026_02_06|eurostat_hicp_midx_cp045_i15_2010_2025_2026_02_06,2026-02-06,2026-07-18T13:22:23.066990+00:00|2026-07-18T13:36:12.596560+00:00,137.00666666666666,195.09666666666666,3,3,True,True
LVA,2022Q4,eurostat_hicp_midx_cp00_i15_2026_02_06|eurostat_hicp_midx_cp045_i15_2010_2025_2026_02_06,2026-02-06,2026-07-18T13:22:23.066990+00:00|2026-07-18T13:36:12.596560+00:00,140.49666666666667,197.67666666666665,3,3,True,True
LVA,2023Q1,eurostat_hicp_midx_cp00_i15_2026_02_06|eurostat_hicp_midx_cp045_i15_2010_2025_2026_02_06,2026-02-06,2026-07-18T13:22:23.066990+00:00|2026-07-18T13:36:12.596560+00:00,142.25,192.48666666666668,3,3,True,True
LVA,2023Q2,eurostat_hicp_midx_cp00_i15_2026_02_06|eurostat_hicp_midx_cp045_i15_2010_2025_2026_02_06,2026-02-06,2026-07-18T13:22:23.066990+00:00|2026-07-18T13:36:12.596560+00:00,144.54999999999998,191.65333333333334,3,3,True,True
LVA,2023Q3,eurostat_hicp_midx_cp00_i15_2026_02_06|eurostat_hicp_midx_cp045_i15_2010_2025_2026_02_06,2026-02-06,2026-07-18T13:22:23.066990+00:00|2026-07-18T13:36:12.596560+00:00,144.22333333333333,188.36333333333334,3,3,True,True
LVA,2023Q4,eurostat_hicp_midx_cp00_i15_2026_02_06|eurostat_hicp_midx_cp045_i15_2010_2025_2026_02_06,2026-02-06,2026-07-18T13:22:23.066990+00:00|2026-07-18T13:36:12.596560+00:00,142.50333333333333,166.34666666666666,3,3,True,True
LVA,2024Q1,eurostat_hicp_midx_cp00_i15_2026_02_06|eurostat_hicp_midx_cp045_i15_2010_2025_2026_02_06,2026-02-06,2026-07-18T13:22:23.066990+00:00|2026-07-18T13:36:12.596560+00:00,143.51,165.66666666666666,3,3,True,True
LVA,2024Q2,eurostat_hicp_midx_cp00_i15_2026_02_06|eurostat_hicp_midx_cp045_i15_2010_2025_2026_02_06,2026-02-06,2026-07-18T13:22:23.066990+00:00|2026-07-18T13:36:12.596560+00:00,145.80333333333334,158.87,3,3,True,True
LVA,2024Q3,eurostat_hicp_midx_cp00_i15_2026_02_06|eurostat_hicp_midx_cp045_i15_2010_2025_2026_02_06,2026-02-06,2026-07-18T13:22:23.066990+00:00|2026-07-18T13:36:12.596560+00:00,145.77,156.74,3,3,True,True
LVA,2024Q4,eurostat_hicp_midx_cp00_i15_2026_02_06|eurostat_hicp_midx_cp045_i15_2010_2025_2026_02_06,2026-02-06,2026-07-18T13:22:23.066990+00:00|2026-07-18T13:36:12.596560+00:00,146.17999999999998,155.27,3,3,True,True
LVA,2025Q1,eurostat_hicp_midx_cp00_i15_2026_02_06|eurostat_hicp_midx_cp045_i15_2010_2025_2026_02_06,2026-02-06,2026-07-18T13:22:23.066990+00:00|2026-07-18T13:36:12.596560+00:00,148.41333333333333,161.55999999999997,3,3,True,True
LVA,2025Q2,eurostat_hicp_midx_cp00_i15_2026_02_06|eurostat_hicp_midx_cp045_i15_2010_2025_2026_02_06,2026-02-06,2026-07-18T13:22:23.066990+00:00|2026-07-18T13:36:12.596560+00:00,151.45666666666668,159.61666666666667,3,3,True,True
LVA,2025Q3,eurostat_hicp_midx_cp00_i15_2026_02_06|eurostat_hicp_midx_cp045_i15_2010_2025_2026_02_06,2026-02-06,2026-07-18T13:22:23.066990+00:00|2026-07-18T13:36:12.596560+00:00,151.74,160.13333333333333,3,3,True,True
LVA,2025Q4,eurostat_hicp_midx_cp00_i15_2026_02_06|eurostat_hicp_midx_cp045_i15_2010_2025_2026_02_06,2026-02-06,2026-07-18T13:22:23.066990+00:00|2026-07-18T13:36:12.596560+00:00,151.79333333333332,164.76333333333335,3,3,True,True
MLT,2010Q1,eurostat_hicp_midx_cp00_i15_2010_2019_2026_02_06|eurostat_hicp_midx_cp045_i15_2010_2025_2026_02_06,2026-02-06,2026-07-18T13:36:09.327867+00:00|2026-07-18T13:36:12.596560+00:00,88.63666666666666,123.27,3,3,True,True
MLT,2010Q2,eurostat_hicp_midx_cp00_i15_2010_2019_2026_02_06|eurostat_hicp_midx_cp045_i15_2010_2025_2026_02_06,2026-02-06,2026-07-18T13:36:09.327867+00:00|2026-07-18T13:36:12.596560+00:00,92.50999999999999,123.27,3,3,True,True
MLT,2010Q3,eurostat_hicp_midx_cp00_i15_2010_2019_2026_02_06|eurostat_hicp_midx_cp045_i15_2010_2025_2026_02_06,2026-02-06,2026-07-18T13:36:09.327867+00:00|2026-07-18T13:36:12.596560+00:00,93.74333333333334,125.82666666666667,3,3,True,True
MLT,2010Q4,eurostat_hicp_midx_cp00_i15_2010_2019_2026_02_06|eurostat_hicp_midx_cp045_i15_2010_2025_2026_02_06,2026-02-06,2026-07-18T13:36:09.327867+00:00|2026-07-18T13:36:12.596560+00:00,92.26666666666667,126.85333333333334,3,3,True,True
MLT,2011Q1,eurostat_hicp_midx_cp00_i15_2010_2019_2026_02_06|eurostat_hicp_midx_cp045_i15_2010_2025_2026_02_06,2026-02-06,2026-07-18T13:36:09.327867+00:00|2026-07-18T13:36:12.596560+00:00,91.22333333333334,128.22,3,3,True,True
MLT,2011Q2,eurostat_hicp_midx_cp00_i15_2010_2019_2026_02_06|eurostat_hicp_midx_cp045_i15_2010_2025_2026_02_06,2026-02-06,2026-07-18T13:36:09.327867+00:00|2026-07-18T13:36:12.596560+00:00,94.98,128.47333333333333,3,3,True,True
MLT,2011Q3,eurostat_hicp_midx_cp00_i15_2010_2019_2026_02_06|eurostat_hicp_midx_cp045_i15_2010_2025_2026_02_06,2026-02-06,2026-07-18T13:36:09.327867+00:00|2026-07-18T13:36:12.596560+00:00,96.16000000000001,128.64666666666668,3,3,True,True
MLT,2011Q4,eurostat_hicp_midx_cp00_i15_2010_2019_2026_02_06|eurostat_hicp_midx_cp045_i15_2010_2025_2026_02_06,2026-02-06,2026-07-18T13:36:09.327867+00:00|2026-07-18T13:36:12.596560+00:00,94.02,128.46,3,3,True,True
MLT,2012Q1,eurostat_hicp_midx_cp00_i15_2010_2019_2026_02_06|eurostat_hicp_midx_cp045_i15_2010_2025_2026_02_06,2026-02-06,2026-07-18T13:36:09.327867+00:00|2026-07-18T13:36:12.596560+00:00,93.29666666666667,129.13,3,3,True,True
MLT,2012Q2,eurostat_hicp_midx_cp00_i15_2010_2019_2026_02_06|eurostat_hicp_midx_cp045_i15_2010_2025_2026_02_06,2026-02-06,2026-07-18T13:36:09.327867+00:00|2026-07-18T13:36:12.596560+00:00,98.74,130.35999999999999,3,3,True,True
MLT,2012Q3,eurostat_hicp_midx_cp00_i15_2010_2019_2026_02_06|eurostat_hicp_midx_cp045_i15_2010_2025_2026_02_06,2026-02-06,2026-07-18T13:36:09.327867+00:00|2026-07-18T13:36:12.596560+00:00,99.47666666666667,129.73,3,3,True,True
MLT,2012Q4,eurostat_hicp_midx_cp00_i15_2010_2019_2026_02_06|eurostat_hicp_midx_cp045_i15_2010_2025_2026_02_06,2026-02-06,2026-07-18T13:36:09.327867+00:00|2026-07-18T13:36:12.596560+00:00,97.01666666666667,130.60333333333332,3,3,True,True
MLT,2013Q1,eurostat_hicp_midx_cp00_i15_2010_2019_2026_02_06|eurostat_hicp_midx_cp045_i15_2010_2025_2026_02_06,2026-02-06,2026-07-18T13:36:09.327867+00:00|2026-07-18T13:36:12.596560+00:00,95.04,129.65333333333334,3,3,True,True
MLT,2013Q2,eurostat_hicp_midx_cp00_i15_2010_2019_2026_02_06|eurostat_hicp_midx_cp045_i15_2010_2025_2026_02_06,2026-02-06,2026-07-18T13:36:09.327867+00:00|2026-07-18T13:36:12.596560+00:00,99.50999999999999,128.84333333333333,3,3,True,True
MLT,2013Q3,eurostat_hicp_midx_cp00_i15_2010_2019_2026_02_06|eurostat_hicp_midx_cp045_i15_2010_2025_2026_02_06,2026-02-06,2026-07-18T13:36:09.327867+00:00|2026-07-18T13:36:12.596560+00:00,100.18666666666667,128.57,3,3,True,True
MLT,2013Q4,eurostat_hicp_midx_cp00_i15_2010_2019_2026_02_06|eurostat_hicp_midx_cp045_i15_2010_2025_2026_02_06,2026-02-06,2026-07-18T13:36:09.327867+00:00|2026-07-18T13:36:12.596560+00:00,97.59666666666665,129.41,3,3,True,True
MLT,2014Q1,eurostat_hicp_midx_cp00_i15_2010_2019_2026_02_06|eurostat_hicp_midx_cp045_i15_2010_2025_2026_02_06,2026-02-06,2026-07-18T13:36:09.327867+00:00|2026-07-18T13:36:12.596560+00:00,96.29,129.98,3,3,True,True
MLT,2014Q2,eurostat_hicp_midx_cp00_i15_2010_2019_2026_02_06|eurostat_hicp_midx_cp045_i15_2010_2025_2026_02_06,2026-02-06,2026-07-18T13:36:09.327867+00:00|2026-07-18T13:36:12.596560+00:00,100.03666666666668,100.86333333333334,3,3,True,True
MLT,2014Q3,eurostat_hicp_midx_cp00_i15_2010_2019_2026_02_06|eurostat_hicp_midx_cp045_i15_2010_2025_2026_02_06,2026-02-06,2026-07-18T13:36:09.327867+00:00|2026-07-18T13:36:12.596560+00:00,100.87,100.58999999999999,3,3,True,True
MLT,2014Q4,eurostat_hicp_midx_cp00_i15_2010_2019_2026_02_06|eurostat_hicp_midx_cp045_i15_2010_2025_2026_02_06,2026-02-06,2026-07-18T13:36:09.327867+00:00|2026-07-18T13:36:12.596560+00:00,98.16333333333334,101.16000000000001,3,3,True,True
MLT,2015Q1,eurostat_hicp_midx_cp00_i15_2010_2019_2026_02_06|eurostat_hicp_midx_cp045_i15_2010_2025_2026_02_06,2026-02-06,2026-07-18T13:36:09.327867+00:00|2026-07-18T13:36:12.596560+00:00,96.89333333333333,100.94333333333333,3,3,True,True
MLT,2015Q2,eurostat_hicp_midx_cp00_i15_2010_2019_2026_02_06|eurostat_hicp_midx_cp045_i15_2010_2025_2026_02_06,2026-02-06,2026-07-18T13:36:09.327867+00:00|2026-07-18T13:36:12.596560+00:00,101.30666666666667,100.29666666666667,3,3,True,True
MLT,2015Q3,eurostat_hicp_midx_cp00_i15_2010_2019_2026_02_06|eurostat_hicp_midx_cp045_i15_2010_2025_2026_02_06,2026-02-06,2026-07-18T13:36:09.327867+00:00|2026-07-18T13:36:12.596560+00:00,102.28666666666668,99.54333333333334,3,3,True,True
MLT,2015Q4,eurostat_hicp_midx_cp00_i15_2010_2019_2026_02_06|eurostat_hicp_midx_cp045_i15_2010_2025_2026_02_06,2026-02-06,2026-07-18T13:36:09.327867+00:00|2026-07-18T13:36:12.596560+00:00,99.52333333333333,99.21999999999998,3,3,True,True
MLT,2016Q1,eurostat_hicp_midx_cp00_i15_2010_2019_2026_02_06|eurostat_hicp_midx_cp045_i15_2010_2025_2026_02_06,2026-02-06,2026-07-18T13:36:09.327867+00:00|2026-07-18T13:36:12.596560+00:00,97.8,99.21999999999998,3,3,True,True
MLT,2016Q2,eurostat_hicp_midx_cp00_i15_2010_2019_2026_02_06|eurostat_hicp_midx_cp045_i15_2010_2025_2026_02_06,2026-02-06,2026-07-18T13:36:09.327867+00:00|2026-07-18T13:36:12.596560+00:00,102.26333333333332,99.01333333333332,3,3,True,True
MLT,2016Q3,eurostat_hicp_midx_cp00_i15_2010_2019_2026_02_06|eurostat_hicp_midx_cp045_i15_2010_2025_2026_02_06,2026-02-06,2026-07-18T13:36:09.327867+00:00|2026-07-18T13:36:12.596560+00:00,103.27,98.91000000000001,3,3,True,True
MLT,2016Q4,eurostat_hicp_midx_cp00_i15_2010_2019_2026_02_06|eurostat_hicp_midx_cp045_i15_2010_2025_2026_02_06,2026-02-06,2026-07-18T13:36:09.327867+00:00|2026-07-18T13:36:12.596560+00:00,100.27666666666666,98.91000000000001,3,3,True,True
MLT,2017Q1,eurostat_hicp_midx_cp00_i15_2010_2019_2026_02_06|eurostat_hicp_midx_cp045_i15_2010_2025_2026_02_06,2026-02-06,2026-07-18T13:36:09.327867+00:00|2026-07-18T13:36:12.596560+00:00,99.04,98.91000000000001,3,3,True,True
MLT,2017Q2,eurostat_hicp_midx_cp00_i15_2010_2019_2026_02_06|eurostat_hicp_midx_cp045_i15_2010_2025_2026_02_06,2026-02-06,2026-07-18T13:36:09.327867+00:00|2026-07-18T13:36:12.596560+00:00,103.39333333333333,98.91000000000001,3,3,True,True
MLT,2017Q3,eurostat_hicp_midx_cp00_i15_2010_2019_2026_02_06|eurostat_hicp_midx_cp045_i15_2010_2025_2026_02_06,2026-02-06,2026-07-18T13:36:09.327867+00:00|2026-07-18T13:36:12.596560+00:00,104.54,99.42999999999999,3,3,True,True
MLT,2017Q4,eurostat_hicp_midx_cp00_i15_2010_2019_2026_02_06|eurostat_hicp_midx_cp045_i15_2010_2025_2026_02_06,2026-02-06,2026-07-18T13:36:09.327867+00:00|2026-07-18T13:36:12.596560+00:00,101.72666666666667,99.69,3,3,True,True
MLT,2018Q1,eurostat_hicp_midx_cp00_i15_2010_2019_2026_02_06|eurostat_hicp_midx_cp045_i15_2010_2025_2026_02_06,2026-02-06,2026-07-18T13:36:09.327867+00:00|2026-07-18T13:36:12.596560+00:00,100.31,99.95,3,3,True,True
MLT,2018Q2,eurostat_hicp_midx_cp00_i15_2010_2019_2026_02_06|eurostat_hicp_midx_cp045_i15_2010_2025_2026_02_06,2026-02-06,2026-07-18T13:36:09.327867+00:00|2026-07-18T13:36:12.596560+00:00,105.17666666666666,100.01666666666667,3,3,True,True
MLT,2018Q3,eurostat_hicp_midx_cp00_i15_2010_2019_2026_02_06|eurostat_hicp_midx_cp045_i15_2010_2025_2026_02_06,2026-02-06,2026-07-18T13:36:09.327867+00:00|2026-07-18T13:36:12.596560+00:00,107.02,100.05,3,3,True,True
MLT,2018Q4,eurostat_hicp_midx_cp00_i15_2010_2019_2026_02_06|eurostat_hicp_midx_cp045_i15_2010_2025_2026_02_06,2026-02-06,2026-07-18T13:36:09.327867+00:00|2026-07-18T13:36:12.596560+00:00,103.31,100.05,3,3,True,True
MLT,2019Q1,eurostat_hicp_midx_cp00_i15_2010_2019_2026_02_06|eurostat_hicp_midx_cp045_i15_2010_2025_2026_02_06,2026-02-06,2026-07-18T13:36:09.327867+00:00|2026-07-18T13:36:12.596560+00:00,101.51666666666667,100.05,3,3,True,True
MLT,2019Q2,eurostat_hicp_midx_cp00_i15_2010_2019_2026_02_06|eurostat_hicp_midx_cp045_i15_2010_2025_2026_02_06,2026-02-06,2026-07-18T13:36:09.327867+00:00|2026-07-18T13:36:12.596560+00:00,107.01333333333332,100.05,3,3,True,True
MLT,2019Q3,eurostat_hicp_midx_cp00_i15_2010_2019_2026_02_06|eurostat_hicp_midx_cp045_i15_2010_2025_2026_02_06,2026-02-06,2026-07-18T13:36:09.327867+00:00|2026-07-18T13:36:12.596560+00:00,108.94333333333333,100.05,3,3,True,True
MLT,2019Q4,eurostat_hicp_midx_cp00_i15_2010_2019_2026_02_06|eurostat_hicp_midx_cp045_i15_2010_2025_2026_02_06,2026-02-06,2026-07-18T13:36:09.327867+00:00|2026-07-18T13:36:12.596560+00:00,104.67666666666666,100.05,3,3,True,True
MLT,2020Q1,eurostat_hicp_midx_cp00_i15_2026_02_06|eurostat_hicp_midx_cp045_i15_2010_2025_2026_02_06,2026-02-06,2026-07-18T13:22:23.066990+00:00|2026-07-18T13:36:12.596560+00:00,102.75999999999999,100.05,3,3,True,True
MLT,2020Q2,eurostat_hicp_midx_cp00_i15_2026_02_06|eurostat_hicp_midx_cp045_i15_2010_2025_2026_02_06,2026-02-06,2026-07-18T13:22:23.066990+00:00|2026-07-18T13:36:12.596560+00:00,108.07,99.42,3,3,True,True
MLT,2020Q3,eurostat_hicp_midx_cp00_i15_2026_02_06|eurostat_hicp_midx_cp045_i15_2010_2025_2026_02_06,2026-02-06,2026-07-18T13:22:23.066990+00:00|2026-07-18T13:36:12.596560+00:00,109.61666666666667,99.42,3,3,True,True
MLT,2020Q4,eurostat_hicp_midx_cp00_i15_2026_02_06|eurostat_hicp_midx_cp045_i15_2010_2025_2026_02_06,2026-02-06,2026-07-18T13:22:23.066990+00:00|2026-07-18T13:36:12.596560+00:00,105.02666666666669,99.42,3,3,True,True
MLT,2021Q1,eurostat_hicp_midx_cp00_i15_2026_02_06|eurostat_hicp_midx_cp045_i15_2010_2025_2026_02_06,2026-02-06,2026-07-18T13:22:23.066990+00:00|2026-07-18T13:36:12.596560+00:00,102.90666666666668,99.42,3,3,True,True
MLT,2021Q2,eurostat_hicp_midx_cp00_i15_2026_02_06|eurostat_hicp_midx_cp045_i15_2010_2025_2026_02_06,2026-02-06,2026-07-18T13:22:23.066990+00:00|2026-07-18T13:36:12.596560+00:00,108.20666666666666,99.42,3,3,True,True
MLT,2021Q3,eurostat_hicp_midx_cp00_i15_2026_02_06|eurostat_hicp_midx_cp045_i15_2010_2025_2026_02_06,2026-02-06,2026-07-18T13:22:23.066990+00:00|2026-07-18T13:36:12.596560+00:00,110.12333333333333,99.42,3,3,True,True
MLT,2021Q4,eurostat_hicp_midx_cp00_i15_2026_02_06|eurostat_hicp_midx_cp045_i15_2010_2025_2026_02_06,2026-02-06,2026-07-18T13:22:23.066990+00:00|2026-07-18T13:36:12.596560+00:00,107.24000000000001,99.42,3,3,True,True
MLT,2022Q1,eurostat_hicp_midx_cp00_i15_2026_02_06|eurostat_hicp_midx_cp045_i15_2010_2025_2026_02_06,2026-02-06,2026-07-18T13:22:23.066990+00:00|2026-07-18T13:36:12.596560+00:00,107.3,99.42,3,3,True,True
MLT,2022Q2,eurostat_hicp_midx_cp00_i15_2026_02_06|eurostat_hicp_midx_cp045_i15_2010_2025_2026_02_06,2026-02-06,2026-07-18T13:22:23.066990+00:00|2026-07-18T13:36:12.596560+00:00,114.44666666666667,99.42,3,3,True,True
MLT,2022Q3,eurostat_hicp_midx_cp00_i15_2026_02_06|eurostat_hicp_midx_cp045_i15_2010_2025_2026_02_06,2026-02-06,2026-07-18T13:22:23.066990+00:00|2026-07-18T13:36:12.596560+00:00,117.91666666666667,99.42,3,3,True,True
MLT,2022Q4,eurostat_hicp_midx_cp00_i15_2026_02_06|eurostat_hicp_midx_cp045_i15_2010_2025_2026_02_06,2026-02-06,2026-07-18T13:22:23.066990+00:00|2026-07-18T13:36:12.596560+00:00,115.08,99.42,3,3,True,True
MLT,2023Q1,eurostat_hicp_midx_cp00_i15_2026_02_06|eurostat_hicp_midx_cp045_i15_2010_2025_2026_02_06,2026-02-06,2026-07-18T13:22:23.066990+00:00|2026-07-18T13:36:12.596560+00:00,114.77666666666666,99.42,3,3,True,True
MLT,2023Q2,eurostat_hicp_midx_cp00_i15_2026_02_06|eurostat_hicp_midx_cp045_i15_2010_2025_2026_02_06,2026-02-06,2026-07-18T13:22:23.066990+00:00|2026-07-18T13:36:12.596560+00:00,121.65333333333335,99.42,3,3,True,True
MLT,2023Q3,eurostat_hicp_midx_cp00_i15_2026_02_06|eurostat_hicp_midx_cp045_i15_2010_2025_2026_02_06,2026-02-06,2026-07-18T13:22:23.066990+00:00|2026-07-18T13:36:12.596560+00:00,124.03333333333335,99.42,3,3,True,True
MLT,2023Q4,eurostat_hicp_midx_cp00_i15_2026_02_06|eurostat_hicp_midx_cp045_i15_2010_2025_2026_02_06,2026-02-06,2026-07-18T13:22:23.066990+00:00|2026-07-18T13:36:12.596560+00:00,119.58,99.42,3,3,True,True
MLT,2024Q1,eurostat_hicp_midx_cp00_i15_2026_02_06|eurostat_hicp_midx_cp045_i15_2010_2025_2026_02_06,2026-02-06,2026-07-18T13:22:23.066990+00:00|2026-07-18T13:36:12.596560+00:00,118.35333333333334,99.42,3,3,True,True
MLT,2024Q2,eurostat_hicp_midx_cp00_i15_2026_02_06|eurostat_hicp_midx_cp045_i15_2010_2025_2026_02_06,2026-02-06,2026-07-18T13:22:23.066990+00:00|2026-07-18T13:36:12.596560+00:00,124.44333333333333,99.42,3,3,True,True
MLT,2024Q3,eurostat_hicp_midx_cp00_i15_2026_02_06|eurostat_hicp_midx_cp045_i15_2010_2025_2026_02_06,2026-02-06,2026-07-18T13:22:23.066990+00:00|2026-07-18T13:36:12.596560+00:00,126.85333333333334,99.42,3,3,True,True
MLT,2024Q4,eurostat_hicp_midx_cp00_i15_2026_02_06|eurostat_hicp_midx_cp045_i15_2010_2025_2026_02_06,2026-02-06,2026-07-18T13:22:23.066990+00:00|2026-07-18T13:36:12.596560+00:00,122.11333333333334,99.42,3,3,True,True
MLT,2025Q1,eurostat_hicp_midx_cp00_i15_2026_02_06|eurostat_hicp_midx_cp045_i15_2010_2025_2026_02_06,2026-02-06,2026-07-18T13:22:23.066990+00:00|2026-07-18T13:36:12.596560+00:00,120.72000000000001,99.42,3,3,True,True
MLT,2025Q2,eurostat_hicp_midx_cp00_i15_2026_02_06|eurostat_hicp_midx_cp045_i15_2010_2025_2026_02_06,2026-02-06,2026-07-18T13:22:23.066990+00:00|2026-07-18T13:36:12.596560+00:00,127.69333333333334,99.42,3,3,True,True
MLT,2025Q3,eurostat_hicp_midx_cp00_i15_2026_02_06|eurostat_hicp_midx_cp045_i15_2010_2025_2026_02_06,2026-02-06,2026-07-18T13:22:23.066990+00:00|2026-07-18T13:36:12.596560+00:00,130.0533333333333,99.42,3,3,True,True
MLT,2025Q4,eurostat_hicp_midx_cp00_i15_2026_02_06|eurostat_hicp_midx_cp045_i15_2010_2025_2026_02_06,2026-02-06,2026-07-18T13:22:23.066990+00:00|2026-07-18T13:36:12.596560+00:00,125.13,99.42,3,3,True,True
NLD,2010Q1,eurostat_hicp_midx_cp00_i15_2010_2019_2026_02_06|eurostat_hicp_midx_cp045_i15_2010_2025_2026_02_06,2026-02-06,2026-07-18T13:36:09.327867+00:00|2026-07-18T13:36:12.596560+00:00,91.31333333333333,88.55666666666666,3,3,True,True
NLD,2010Q2,eurostat_hicp_midx_cp00_i15_2010_2019_2026_02_06|eurostat_hicp_midx_cp045_i15_2010_2025_2026_02_06,2026-02-06,2026-07-18T13:36:09.327867+00:00|2026-07-18T13:36:12.596560+00:00,92.54666666666667,88.31,3,3,True,True
NLD,2010Q3,eurostat_hicp_midx_cp00_i15_2010_2019_2026_02_06|eurostat_hicp_midx_cp045_i15_2010_2025_2026_02_06,2026-02-06,2026-07-18T13:36:09.327867+00:00|2026-07-18T13:36:12.596560+00:00,91.88666666666666,91.34333333333335,3,3,True,True
NLD,2010Q4,eurostat_hicp_midx_cp00_i15_2010_2019_2026_02_06|eurostat_hicp_midx_cp045_i15_2010_2025_2026_02_06,2026-02-06,2026-07-18T13:36:09.327867+00:00|2026-07-18T13:36:12.596560+00:00,92.43666666666667,91.40333333333332,3,3,True,True
NLD,2011Q1,eurostat_hicp_midx_cp00_i15_2010_2019_2026_02_06|eurostat_hicp_midx_cp045_i15_2010_2025_2026_02_06,2026-02-06,2026-07-18T13:36:09.327867+00:00|2026-07-18T13:36:12.596560+00:00,93.04666666666667,91.97000000000001,3,3,True,True
NLD,2011Q2,eurostat_hicp_midx_cp00_i15_2010_2019_2026_02_06|eurostat_hicp_midx_cp045_i15_2010_2025_2026_02_06,2026-02-06,2026-07-18T13:36:09.327867+00:00|2026-07-18T13:36:12.596560+00:00,94.61333333333334,93.33999999999999,3,3,True,True
NLD,2011Q3,eurostat_hicp_midx_cp00_i15_2010_2019_2026_02_06|eurostat_hicp_midx_cp045_i15_2010_2025_2026_02_06,2026-02-06,2026-07-18T13:36:09.327867+00:00|2026-07-18T13:36:12.596560+00:00,94.77,97.64666666666666,3,3,True,True
NLD,2011Q4,eurostat_hicp_midx_cp00_i15_2010_2019_2026_02_06|eurostat_hicp_midx_cp045_i15_2010_2025_2026_02_06,2026-02-06,2026-07-18T13:36:09.327867+00:00|2026-07-18T13:36:12.596560+00:00,94.86666666666667,97.84333333333332,3,3,True,True
NLD,2012Q1,eurostat_hicp_midx_cp00_i15_2010_2019_2026_02_06|eurostat_hicp_midx_cp045_i15_2010_2025_2026_02_06,2026-02-06,2026-07-18T13:36:09.327867+00:00|2026-07-18T13:36:12.596560+00:00,95.73,99.92999999999999,3,3,True,True
NLD,2012Q2,eurostat_hicp_midx_cp00_i15_2010_2019_2026_02_06|eurostat_hicp_midx_cp045_i15_2010_2025_2026_02_06,2026-02-06,2026-07-18T13:36:09.327867+00:00|2026-07-18T13:36:12.596560+00:00,97.05,100.39,3,3,True,True
NLD,2012Q3,eurostat_hicp_midx_cp00_i15_2010_2019_2026_02_06|eurostat_hicp_midx_cp045_i15_2010_2025_2026_02_06,2026-02-06,2026-07-18T13:36:09.327867+00:00|2026-07-18T13:36:12.596560+00:00,97.20333333333333,101.67333333333333,3,3,True,True
NLD,2012Q4,eurostat_hicp_midx_cp00_i15_2010_2019_2026_02_06|eurostat_hicp_midx_cp045_i15_2010_2025_2026_02_06,2026-02-06,2026-07-18T13:36:09.327867+00:00|2026-07-18T13:36:12.596560+00:00,97.96999999999998,103.24,3,3,True,True
NLD,2013Q1,eurostat_hicp_midx_cp00_i15_2010_2019_2026_02_06|eurostat_hicp_midx_cp045_i15_2010_2025_2026_02_06,2026-02-06,2026-07-18T13:36:09.327867+00:00|2026-07-18T13:36:12.596560+00:00,98.80666666666667,104.88666666666667,3,3,True,True
NLD,2013Q2,eurostat_hicp_midx_cp00_i15_2010_2019_2026_02_06|eurostat_hicp_midx_cp045_i15_2010_2025_2026_02_06,2026-02-06,2026-07-18T13:36:09.327867+00:00|2026-07-18T13:36:12.596560+00:00,99.96333333333332,104.41000000000001,3,3,True,True
NLD,2013Q3,eurostat_hicp_midx_cp00_i15_2010_2019_2026_02_06|eurostat_hicp_midx_cp045_i15_2010_2025_2026_02_06,2026-02-06,2026-07-18T13:36:09.327867+00:00|2026-07-18T13:36:12.596560+00:00,99.88,103.39333333333333,3,3,True,True
NLD,2013Q4,eurostat_hicp_midx_cp00_i15_2010_2019_2026_02_06|eurostat_hicp_midx_cp045_i15_2010_2025_2026_02_06,2026-02-06,2026-07-18T13:36:09.327867+00:00|2026-07-18T13:36:12.596560+00:00,99.24333333333334,103.15666666666668,3,3,True,True
NLD,2014Q1,eurostat_hicp_midx_cp00_i15_2010_2019_2026_02_06|eurostat_hicp_midx_cp045_i15_2010_2025_2026_02_06,2026-02-06,2026-07-18T13:36:09.327867+00:00|2026-07-18T13:36:12.596560+00:00,99.23666666666666,103.59333333333332,3,3,True,True
NLD,2014Q2,eurostat_hicp_midx_cp00_i15_2010_2019_2026_02_06|eurostat_hicp_midx_cp045_i15_2010_2025_2026_02_06,2026-02-06,2026-07-18T13:36:09.327867+00:00|2026-07-18T13:36:12.596560+00:00,100.31333333333333,103.10333333333334,3,3,True,True
NLD,2014Q3,eurostat_hicp_midx_cp00_i15_2010_2019_2026_02_06|eurostat_hicp_midx_cp045_i15_2010_2025_2026_02_06,2026-02-06,2026-07-18T13:36:09.327867+00:00|2026-07-18T13:36:12.596560+00:00,100.17333333333333,102.04333333333334,3,3,True,True
NLD,2014Q4,eurostat_hicp_midx_cp00_i15_2010_2019_2026_02_06|eurostat_hicp_midx_cp045_i15_2010_2025_2026_02_06,2026-02-06,2026-07-18T13:36:09.327867+00:00|2026-07-18T13:36:12.596560+00:00,99.43666666666667,102.21333333333332,3,3,True,True
NLD,2015Q1,eurostat_hicp_midx_cp00_i15_2010_2019_2026_02_06|eurostat_hicp_midx_cp045_i15_2010_2025_2026_02_06,2026-02-06,2026-07-18T13:36:09.327867+00:00|2026-07-18T13:36:12.596560+00:00,98.77333333333333,101.21999999999998,3,3,True,True
NLD,2015Q2,eurostat_hicp_midx_cp00_i15_2010_2019_2026_02_06|eurostat_hicp_midx_cp045_i15_2010_2025_2026_02_06,2026-02-06,2026-07-18T13:36:09.327867+00:00|2026-07-18T13:36:12.596560+00:00,100.69333333333333,101.01666666666667,3,3,True,True
NLD,2015Q3,eurostat_hicp_midx_cp00_i15_2010_2019_2026_02_06|eurostat_hicp_midx_cp045_i15_2010_2025_2026_02_06,2026-02-06,2026-07-18T13:36:09.327867+00:00|2026-07-18T13:36:12.596560+00:00,100.68333333333334,99.24333333333334,3,3,True,True
NLD,2015Q4,eurostat_hicp_midx_cp00_i15_2010_2019_2026_02_06|eurostat_hicp_midx_cp045_i15_2010_2025_2026_02_06,2026-02-06,2026-07-18T13:36:09.327867+00:00|2026-07-18T13:36:12.596560+00:00,99.85666666666667,98.52666666666666,3,3,True,True
NLD,2016Q1,eurostat_hicp_midx_cp00_i15_2010_2019_2026_02_06|eurostat_hicp_midx_cp045_i15_2010_2025_2026_02_06,2026-02-06,2026-07-18T13:36:09.327867+00:00|2026-07-18T13:36:12.596560+00:00,99.12333333333333,96.21999999999998,3,3,True,True
NLD,2016Q2,eurostat_hicp_midx_cp00_i15_2010_2019_2026_02_06|eurostat_hicp_midx_cp045_i15_2010_2025_2026_02_06,2026-02-06,2026-07-18T13:36:09.327867+00:00|2026-07-18T13:36:12.596560+00:00,100.48666666666668,94.77333333333333,3,3,True,True
NLD,2016Q3,eurostat_hicp_midx_cp00_i15_2010_2019_2026_02_06|eurostat_hicp_midx_cp045_i15_2010_2025_2026_02_06,2026-02-06,2026-07-18T13:36:09.327867+00:00|2026-07-18T13:36:12.596560+00:00,100.49333333333334,93.40333333333335,3,3,True,True
NLD,2016Q4,eurostat_hicp_midx_cp00_i15_2010_2019_2026_02_06|eurostat_hicp_midx_cp045_i15_2010_2025_2026_02_06,2026-02-06,2026-07-18T13:36:09.327867+00:00|2026-07-18T13:36:12.596560+00:00,100.32,93.45666666666666,3,3,True,True
NLD,2017Q1,eurostat_hicp_midx_cp00_i15_2010_2019_2026_02_06|eurostat_hicp_midx_cp045_i15_2010_2025_2026_02_06,2026-02-06,2026-07-18T13:36:09.327867+00:00|2026-07-18T13:36:12.596560+00:00,100.41666666666667,95.98666666666668,3,3,True,True
NLD,2017Q2,eurostat_hicp_midx_cp00_i15_2010_2019_2026_02_06|eurostat_hicp_midx_cp045_i15_2010_2025_2026_02_06,2026-02-06,2026-07-18T13:36:09.327867+00:00|2026-07-18T13:36:12.596560+00:00,101.53333333333335,95.82333333333334,3,3,True,True
NLD,2017Q3,eurostat_hicp_midx_cp00_i15_2010_2019_2026_02_06|eurostat_hicp_midx_cp045_i15_2010_2025_2026_02_06,2026-02-06,2026-07-18T13:36:09.327867+00:00|2026-07-18T13:36:12.596560+00:00,101.97666666666667,95.90666666666668,3,3,True,True
NLD,2017Q4,eurostat_hicp_midx_cp00_i15_2010_2019_2026_02_06|eurostat_hicp_midx_cp045_i15_2010_2025_2026_02_06,2026-02-06,2026-07-18T13:36:09.327867+00:00|2026-07-18T13:36:12.596560+00:00,101.67666666666666,96.52333333333333,3,3,True,True
NLD,2018Q1,eurostat_hicp_midx_cp00_i15_2010_2019_2026_02_06|eurostat_hicp_midx_cp045_i15_2010_2025_2026_02_06,2026-02-06,2026-07-18T13:36:09.327867+00:00|2026-07-18T13:36:12.596560+00:00,101.67333333333333,103.90333333333335,3,3,True,True
NLD,2018Q2,eurostat_hicp_midx_cp00_i15_2010_2019_2026_02_06|eurostat_hicp_midx_cp045_i15_2010_2025_2026_02_06,2026-02-06,2026-07-18T13:36:09.327867+00:00|2026-07-18T13:36:12.596560+00:00,103.08333333333333,103.90666666666668,3,3,True,True
NLD,2018Q3,eurostat_hicp_midx_cp00_i15_2010_2019_2026_02_06|eurostat_hicp_midx_cp045_i15_2010_2025_2026_02_06,2026-02-06,2026-07-18T13:36:09.327867+00:00|2026-07-18T13:36:12.596560+00:00,103.80333333333333,107.18333333333334,3,3,True,True
NLD,2018Q4,eurostat_hicp_midx_cp00_i15_2010_2019_2026_02_06|eurostat_hicp_midx_cp045_i15_2010_2025_2026_02_06,2026-02-06,2026-07-18T13:36:09.327867+00:00|2026-07-18T13:36:12.596560+00:00,103.53666666666668,109.33666666666666,3,3,True,True
NLD,2019Q1,eurostat_hicp_midx_cp00_i15_2010_2019_2026_02_06|eurostat_hicp_midx_cp045_i15_2010_2025_2026_02_06,2026-02-06,2026-07-18T13:36:09.327867+00:00|2026-07-18T13:36:12.596560+00:00,104.18333333333334,121.80333333333333,3,3,True,True
NLD,2019Q2,eurostat_hicp_midx_cp00_i15_2010_2019_2026_02_06|eurostat_hicp_midx_cp045_i15_2010_2025_2026_02_06,2026-02-06,2026-07-18T13:36:09.327867+00:00|2026-07-18T13:36:12.596560+00:00,105.86666666666667,120.52,3,3,True,True
NLD,2019Q3,eurostat_hicp_midx_cp00_i15_2010_2019_2026_02_06|eurostat_hicp_midx_cp045_i15_2010_2025_2026_02_06,2026-02-06,2026-07-18T13:36:09.327867+00:00|2026-07-18T13:36:12.596560+00:00,106.71666666666665,117.65333333333335,3,3,True,True
NLD,2019Q4,eurostat_hicp_midx_cp00_i15_2010_2019_2026_02_06|eurostat_hicp_midx_cp045_i15_2010_2025_2026_02_06,2026-02-06,2026-07-18T13:36:09.327867+00:00|2026-07-18T13:36:12.596560+00:00,106.35666666666667,117.27333333333333,3,3,True,True
NLD,2020Q1,eurostat_hicp_midx_cp00_i15_2026_02_06|eurostat_hicp_midx_cp045_i15_2010_2025_2026_02_06,2026-02-06,2026-07-18T13:22:23.066990+00:00|2026-07-18T13:36:12.596560+00:00,105.57,108.17666666666666,3,3,True,True
NLD,2020Q2,eurostat_hicp_midx_cp00_i15_2026_02_06|eurostat_hicp_midx_cp045_i15_2010_2025_2026_02_06,2026-02-06,2026-07-18T13:22:23.066990+00:00|2026-07-18T13:36:12.596560+00:00,107.17666666666666,105.18333333333334,3,3,True,True
NLD,2020Q3,eurostat_hicp_midx_cp00_i15_2026_02_06|eurostat_hicp_midx_cp045_i15_2010_2025_2026_02_06,2026-02-06,2026-07-18T13:22:23.066990+00:00|2026-07-18T13:36:12.596560+00:00,107.75333333333333,103.00999999999999,3,3,True,True
NLD,2020Q4,eurostat_hicp_midx_cp00_i15_2026_02_06|eurostat_hicp_midx_cp045_i15_2010_2025_2026_02_06,2026-02-06,2026-07-18T13:22:23.066990+00:00|2026-07-18T13:36:12.596560+00:00,107.33,103.77,3,3,True,True
NLD,2021Q1,eurostat_hicp_midx_cp00_i15_2026_02_06|eurostat_hicp_midx_cp045_i15_2010_2025_2026_02_06,2026-02-06,2026-07-18T13:22:23.066990+00:00|2026-07-18T13:36:12.596560+00:00,107.45333333333333,105.88333333333333,3,3,True,True
NLD,2021Q2,eurostat_hicp_midx_cp00_i15_2026_02_06|eurostat_hicp_midx_cp045_i15_2010_2025_2026_02_06,2026-02-06,2026-07-18T13:22:23.066990+00:00|2026-07-18T13:36:12.596560+00:00,109.11,108.69333333333333,3,3,True,True
NLD,2021Q3,eurostat_hicp_midx_cp00_i15_2026_02_06|eurostat_hicp_midx_cp045_i15_2010_2025_2026_02_06,2026-02-06,2026-07-18T13:22:23.066990+00:00|2026-07-18T13:36:12.596560+00:00,110.29,118.72000000000001,3,3,True,True
NLD,2021Q4,eurostat_hicp_midx_cp00_i15_2026_02_06|eurostat_hicp_midx_cp045_i15_2010_2025_2026_02_06,2026-02-06,2026-07-18T13:22:23.066990+00:00|2026-07-18T13:36:12.596560+00:00,113.07,160.71333333333334,3,3,True,True
NLD,2022Q1,eurostat_hicp_midx_cp00_i15_2026_02_06|eurostat_hicp_midx_cp045_i15_2010_2025_2026_02_06,2026-02-06,2026-07-18T13:22:23.066990+00:00|2026-07-18T13:36:12.596560+00:00,116.96333333333332,220.0533333333333,3,3,True,True
NLD,2022Q2,eurostat_hicp_midx_cp00_i15_2026_02_06|eurostat_hicp_midx_cp045_i15_2010_2025_2026_02_06,2026-02-06,2026-07-18T13:22:23.066990+00:00|2026-07-18T13:36:12.596560+00:00,120.5,226.24,3,3,True,True
NLD,2022Q3,eurostat_hicp_midx_cp00_i15_2026_02_06|eurostat_hicp_midx_cp045_i15_2010_2025_2026_02_06,2026-02-06,2026-07-18T13:22:23.066990+00:00|2026-07-18T13:36:12.596560+00:00,125.85666666666667,301.52333333333337,3,3,True,True
NLD,2022Q4,eurostat_hicp_midx_cp00_i15_2026_02_06|eurostat_hicp_midx_cp045_i15_2010_2025_2026_02_06,2026-02-06,2026-07-18T13:22:23.066990+00:00|2026-07-18T13:36:12.596560+00:00,127.79,309.2833333333333,3,3,True,True
NLD,2023Q1,eurostat_hicp_midx_cp00_i15_2026_02_06|eurostat_hicp_midx_cp045_i15_2010_2025_2026_02_06,2026-02-06,2026-07-18T13:22:23.066990+00:00|2026-07-18T13:36:12.596560+00:00,125.43,182.36333333333334,3,3,True,True
NLD,2023Q2,eurostat_hicp_midx_cp00_i15_2026_02_06|eurostat_hicp_midx_cp045_i15_2010_2025_2026_02_06,2026-02-06,2026-07-18T13:22:23.066990+00:00|2026-07-18T13:36:12.596560+00:00,128.12,167.53666666666666,3,3,True,True
NLD,2023Q3,eurostat_hicp_midx_cp00_i15_2026_02_06|eurostat_hicp_midx_cp045_i15_2010_2025_2026_02_06,2026-02-06,2026-07-18T13:22:23.066990+00:00|2026-07-18T13:36:12.596560+00:00,129.32000000000002,157.17999999999998,3,3,True,True
NLD,2023Q4,eurostat_hicp_midx_cp00_i15_2026_02_06|eurostat_hicp_midx_cp045_i15_2010_2025_2026_02_06,2026-02-06,2026-07-18T13:22:23.066990+00:00|2026-07-18T13:36:12.596560+00:00,128.35666666666665,158.42333333333332,3,3,True,True
NLD,2024Q1,eurostat_hicp_midx_cp00_i15_2026_02_06|eurostat_hicp_midx_cp045_i15_2010_2025_2026_02_06,2026-02-06,2026-07-18T13:22:23.066990+00:00|2026-07-18T13:36:12.596560+00:00,129.15333333333334,171.22666666666666,3,3,True,True
NLD,2024Q2,eurostat_hicp_midx_cp00_i15_2026_02_06|eurostat_hicp_midx_cp045_i15_2010_2025_2026_02_06,2026-02-06,2026-07-18T13:22:23.066990+00:00|2026-07-18T13:36:12.596560+00:00,131.79666666666665,161.73999999999998,3,3,True,True
NLD,2024Q3,eurostat_hicp_midx_cp00_i15_2026_02_06|eurostat_hicp_midx_cp045_i15_2010_2025_2026_02_06,2026-02-06,2026-07-18T13:22:23.066990+00:00|2026-07-18T13:36:12.596560+00:00,133.65333333333334,157.11666666666667,3,3,True,True
NLD,2024Q4,eurostat_hicp_midx_cp00_i15_2026_02_06|eurostat_hicp_midx_cp045_i15_2010_2025_2026_02_06,2026-02-06,2026-07-18T13:22:23.066990+00:00|2026-07-18T13:36:12.596560+00:00,133.08333333333334,160.58333333333334,3,3,True,True
NLD,2025Q1,eurostat_hicp_midx_cp00_i15_2026_02_06|eurostat_hicp_midx_cp045_i15_2010_2025_2026_02_06,2026-02-06,2026-07-18T13:22:23.066990+00:00|2026-07-18T13:36:12.596560+00:00,133.4,166.08333333333334,3,3,True,True
NLD,2025Q2,eurostat_hicp_midx_cp00_i15_2026_02_06|eurostat_hicp_midx_cp045_i15_2010_2025_2026_02_06,2026-02-06,2026-07-18T13:22:23.066990+00:00|2026-07-18T13:36:12.596560+00:00,136.03666666666666,166.29666666666665,3,3,True,True
NLD,2025Q3,eurostat_hicp_midx_cp00_i15_2026_02_06|eurostat_hicp_midx_cp045_i15_2010_2025_2026_02_06,2026-02-06,2026-07-18T13:22:23.066990+00:00|2026-07-18T13:36:12.596560+00:00,137.18333333333334,164.23333333333335,3,3,True,True
NLD,2025Q4,eurostat_hicp_midx_cp00_i15_2026_02_06|eurostat_hicp_midx_cp045_i15_2010_2025_2026_02_06,2026-02-06,2026-07-18T13:22:23.066990+00:00|2026-07-18T13:36:12.596560+00:00,136.81666666666666,162.63666666666668,3,3,True,True
POL,2010Q1,eurostat_hicp_midx_cp00_i15_2010_2019_2026_02_06|eurostat_hicp_midx_cp045_i15_2010_2025_2026_02_06,2026-02-06,2026-07-18T13:36:09.327867+00:00|2026-07-18T13:36:12.596560+00:00,91.76666666666667,86.83333333333333,3,3,True,True
POL,2010Q2,eurostat_hicp_midx_cp00_i15_2010_2019_2026_02_06|eurostat_hicp_midx_cp045_i15_2010_2025_2026_02_06,2026-02-06,2026-07-18T13:36:09.327867+00:00|2026-07-18T13:36:12.596560+00:00,92.66666666666667,87.33333333333333,3,3,True,True
POL,2010Q3,eurostat_hicp_midx_cp00_i15_2010_2019_2026_02_06|eurostat_hicp_midx_cp045_i15_2010_2025_2026_02_06,2026-02-06,2026-07-18T13:36:09.327867+00:00|2026-07-18T13:36:12.596560+00:00,92.7,88.0,3,3,True,True
POL,2010Q4,eurostat_hicp_midx_cp00_i15_2010_2019_2026_02_06|eurostat_hicp_midx_cp045_i15_2010_2025_2026_02_06,2026-02-06,2026-07-18T13:36:09.327867+00:00|2026-07-18T13:36:12.596560+00:00,93.46666666666665,89.46666666666665,3,3,True,True
POL,2011Q1,eurostat_hicp_midx_cp00_i15_2010_2019_2026_02_06|eurostat_hicp_midx_cp045_i15_2010_2025_2026_02_06,2026-02-06,2026-07-18T13:36:09.327867+00:00|2026-07-18T13:36:12.596560+00:00,95.10000000000001,93.03333333333335,3,3,True,True
POL,2011Q2,eurostat_hicp_midx_cp00_i15_2010_2019_2026_02_06|eurostat_hicp_midx_cp045_i15_2010_2025_2026_02_06,2026-02-06,2026-07-18T13:36:09.327867+00:00|2026-07-18T13:36:12.596560+00:00,96.39999999999999,93.3,3,3,True,True
POL,2011Q3,eurostat_hicp_midx_cp00_i15_2010_2019_2026_02_06|eurostat_hicp_midx_cp045_i15_2010_2025_2026_02_06,2026-02-06,2026-07-18T13:36:09.327867+00:00|2026-07-18T13:36:12.596560+00:00,96.09999999999998,94.7,3,3,True,True
POL,2011Q4,eurostat_hicp_midx_cp00_i15_2010_2019_2026_02_06|eurostat_hicp_midx_cp045_i15_2010_2025_2026_02_06,2026-02-06,2026-07-18T13:36:09.327867+00:00|2026-07-18T13:36:12.596560+00:00,97.43333333333334,96.39999999999999,3,3,True,True
POL,2012Q1,eurostat_hicp_midx_cp00_i15_2010_2019_2026_02_06|eurostat_hicp_midx_cp045_i15_2010_2025_2026_02_06,2026-02-06,2026-07-18T13:36:09.327867+00:00|2026-07-18T13:36:12.596560+00:00,99.03333333333335,99.26666666666667,3,3,True,True
POL,2012Q2,eurostat_hicp_midx_cp00_i15_2010_2019_2026_02_06|eurostat_hicp_midx_cp045_i15_2010_2025_2026_02_06,2026-02-06,2026-07-18T13:36:09.327867+00:00|2026-07-18T13:36:12.596560+00:00,100.2,100.59999999999998,3,3,True,True
POL,2012Q3,eurostat_hicp_midx_cp00_i15_2010_2019_2026_02_06|eurostat_hicp_midx_cp045_i15_2010_2025_2026_02_06,2026-02-06,2026-07-18T13:36:09.327867+00:00|2026-07-18T13:36:12.596560+00:00,99.86666666666667,100.86666666666667,3,3,True,True
POL,2012Q4,eurostat_hicp_midx_cp00_i15_2010_2019_2026_02_06|eurostat_hicp_midx_cp045_i15_2010_2025_2026_02_06,2026-02-06,2026-07-18T13:36:09.327867+00:00|2026-07-18T13:36:12.596560+00:00,100.09999999999998,101.46666666666665,3,3,True,True
POL,2013Q1,eurostat_hicp_midx_cp00_i15_2010_2019_2026_02_06|eurostat_hicp_midx_cp045_i15_2010_2025_2026_02_06,2026-02-06,2026-07-18T13:36:09.327867+00:00|2026-07-18T13:36:12.596560+00:00,100.3,100.46666666666665,3,3,True,True
POL,2013Q2,eurostat_hicp_midx_cp00_i15_2010_2019_2026_02_06|eurostat_hicp_midx_cp045_i15_2010_2025_2026_02_06,2026-02-06,2026-07-18T13:36:09.327867+00:00|2026-07-18T13:36:12.596560+00:00,100.73333333333333,100.13333333333333,3,3,True,True
POL,2013Q3,eurostat_hicp_midx_cp00_i15_2010_2019_2026_02_06|eurostat_hicp_midx_cp045_i15_2010_2025_2026_02_06,2026-02-06,2026-07-18T13:36:09.327867+00:00|2026-07-18T13:36:12.596560+00:00,100.73333333333333,99.53333333333335,3,3,True,True
POL,2013Q4,eurostat_hicp_midx_cp00_i15_2010_2019_2026_02_06|eurostat_hicp_midx_cp045_i15_2010_2025_2026_02_06,2026-02-06,2026-07-18T13:36:09.327867+00:00|2026-07-18T13:36:12.596560+00:00,100.7,100.03333333333335,3,3,True,True
POL,2014Q1,eurostat_hicp_midx_cp00_i15_2010_2019_2026_02_06|eurostat_hicp_midx_cp045_i15_2010_2025_2026_02_06,2026-02-06,2026-07-18T13:36:09.327867+00:00|2026-07-18T13:36:12.596560+00:00,100.93333333333334,100.23333333333333,3,3,True,True
POL,2014Q2,eurostat_hicp_midx_cp00_i15_2010_2019_2026_02_06|eurostat_hicp_midx_cp045_i15_2010_2025_2026_02_06,2026-02-06,2026-07-18T13:36:09.327867+00:00|2026-07-18T13:36:12.596560+00:00,101.03333333333335,99.86666666666667,3,3,True,True
POL,2014Q3,eurostat_hicp_midx_cp00_i15_2010_2019_2026_02_06|eurostat_hicp_midx_cp045_i15_2010_2025_2026_02_06,2026-02-06,2026-07-18T13:36:09.327867+00:00|2026-07-18T13:36:12.596560+00:00,100.56666666666666,99.89999999999999,3,3,True,True
POL,2014Q4,eurostat_hicp_midx_cp00_i15_2010_2019_2026_02_06|eurostat_hicp_midx_cp045_i15_2010_2025_2026_02_06,2026-02-06,2026-07-18T13:36:09.327867+00:00|2026-07-18T13:36:12.596560+00:00,100.26666666666667,100.23333333333333,3,3,True,True
POL,2015Q1,eurostat_hicp_midx_cp00_i15_2010_2019_2026_02_06|eurostat_hicp_midx_cp045_i15_2010_2025_2026_02_06,2026-02-06,2026-07-18T13:36:09.327867+00:00|2026-07-18T13:36:12.596560+00:00,99.73333333333333,100.5,3,3,True,True
POL,2015Q2,eurostat_hicp_midx_cp00_i15_2010_2019_2026_02_06|eurostat_hicp_midx_cp045_i15_2010_2025_2026_02_06,2026-02-06,2026-07-18T13:36:09.327867+00:00|2026-07-18T13:36:12.596560+00:00,100.39999999999999,100.2,3,3,True,True
POL,2015Q3,eurostat_hicp_midx_cp00_i15_2010_2019_2026_02_06|eurostat_hicp_midx_cp045_i15_2010_2025_2026_02_06,2026-02-06,2026-07-18T13:36:09.327867+00:00|2026-07-18T13:36:12.596560+00:00,100.10000000000001,99.83333333333333,3,3,True,True
POL,2015Q4,eurostat_hicp_midx_cp00_i15_2010_2019_2026_02_06|eurostat_hicp_midx_cp045_i15_2010_2025_2026_02_06,2026-02-06,2026-07-18T13:36:09.327867+00:00|2026-07-18T13:36:12.596560+00:00,99.76666666666667,99.43333333333334,3,3,True,True
POL,2016Q1,eurostat_hicp_midx_cp00_i15_2010_2019_2026_02_06|eurostat_hicp_midx_cp045_i15_2010_2025_2026_02_06,2026-02-06,2026-07-18T13:36:09.327867+00:00|2026-07-18T13:36:12.596560+00:00,99.43333333333334,98.33333333333333,3,3,True,True
POL,2016Q2,eurostat_hicp_midx_cp00_i15_2010_2019_2026_02_06|eurostat_hicp_midx_cp045_i15_2010_2025_2026_02_06,2026-02-06,2026-07-18T13:36:09.327867+00:00|2026-07-18T13:36:12.596560+00:00,99.96666666666665,97.66666666666667,3,3,True,True
POL,2016Q3,eurostat_hicp_midx_cp00_i15_2010_2019_2026_02_06|eurostat_hicp_midx_cp045_i15_2010_2025_2026_02_06,2026-02-06,2026-07-18T13:36:09.327867+00:00|2026-07-18T13:36:12.596560+00:00,99.66666666666667,97.63333333333333,3,3,True,True
POL,2016Q4,eurostat_hicp_midx_cp00_i15_2010_2019_2026_02_06|eurostat_hicp_midx_cp045_i15_2010_2025_2026_02_06,2026-02-06,2026-07-18T13:36:09.327867+00:00|2026-07-18T13:36:12.596560+00:00,100.16666666666667,97.96666666666665,3,3,True,True
POL,2017Q1,eurostat_hicp_midx_cp00_i15_2010_2019_2026_02_06|eurostat_hicp_midx_cp045_i15_2010_2025_2026_02_06,2026-02-06,2026-07-18T13:36:09.327867+00:00|2026-07-18T13:36:12.596560+00:00,101.13333333333333,98.89999999999999,3,3,True,True
POL,2017Q2,eurostat_hicp_midx_cp00_i15_2010_2019_2026_02_06|eurostat_hicp_midx_cp045_i15_2010_2025_2026_02_06,2026-02-06,2026-07-18T13:36:09.327867+00:00|2026-07-18T13:36:12.596560+00:00,101.5,98.73333333333333,3,3,True,True
POL,2017Q3,eurostat_hicp_midx_cp00_i15_2010_2019_2026_02_06|eurostat_hicp_midx_cp045_i15_2010_2025_2026_02_06,2026-02-06,2026-07-18T13:36:09.327867+00:00|2026-07-18T13:36:12.596560+00:00,101.13333333333333,99.10000000000001,3,3,True,True
POL,2017Q4,eurostat_hicp_midx_cp00_i15_2010_2019_2026_02_06|eurostat_hicp_midx_cp045_i15_2010_2025_2026_02_06,2026-02-06,2026-07-18T13:36:09.327867+00:00|2026-07-18T13:36:12.596560+00:00,101.93333333333334,100.60000000000001,3,3,True,True
POL,2018Q1,eurostat_hicp_midx_cp00_i15_2010_2019_2026_02_06|eurostat_hicp_midx_cp045_i15_2010_2025_2026_02_06,2026-02-06,2026-07-18T13:36:09.327867+00:00|2026-07-18T13:36:12.596560+00:00,102.13333333333333,100.83333333333333,3,3,True,True
POL,2018Q2,eurostat_hicp_midx_cp00_i15_2010_2019_2026_02_06|eurostat_hicp_midx_cp045_i15_2010_2025_2026_02_06,2026-02-06,2026-07-18T13:36:09.327867+00:00|2026-07-18T13:36:12.596560+00:00,102.66666666666667,100.66666666666667,3,3,True,True
POL,2018Q3,eurostat_hicp_midx_cp00_i15_2010_2019_2026_02_06|eurostat_hicp_midx_cp045_i15_2010_2025_2026_02_06,2026-02-06,2026-07-18T13:36:09.327867+00:00|2026-07-18T13:36:12.596560+00:00,102.56666666666666,101.10000000000001,3,3,True,True
POL,2018Q4,eurostat_hicp_midx_cp00_i15_2010_2019_2026_02_06|eurostat_hicp_midx_cp045_i15_2010_2025_2026_02_06,2026-02-06,2026-07-18T13:36:09.327867+00:00|2026-07-18T13:36:12.596560+00:00,103.09999999999998,101.83333333333333,3,3,True,True
POL,2019Q1,eurostat_hicp_midx_cp00_i15_2010_2019_2026_02_06|eurostat_hicp_midx_cp045_i15_2010_2025_2026_02_06,2026-02-06,2026-07-18T13:36:09.327867+00:00|2026-07-18T13:36:12.596560+00:00,103.33333333333333,99.93333333333334,3,3,True,True
POL,2019Q2,eurostat_hicp_midx_cp00_i15_2010_2019_2026_02_06|eurostat_hicp_midx_cp045_i15_2010_2025_2026_02_06,2026-02-06,2026-07-18T13:36:09.327867+00:00|2026-07-18T13:36:12.596560+00:00,104.96666666666665,100.3,3,3,True,True
POL,2019Q3,eurostat_hicp_midx_cp00_i15_2010_2019_2026_02_06|eurostat_hicp_midx_cp045_i15_2010_2025_2026_02_06,2026-02-06,2026-07-18T13:36:09.327867+00:00|2026-07-18T13:36:12.596560+00:00,105.16666666666667,100.33333333333333,3,3,True,True
POL,2019Q4,eurostat_hicp_midx_cp00_i15_2010_2019_2026_02_06|eurostat_hicp_midx_cp045_i15_2010_2025_2026_02_06,2026-02-06,2026-07-18T13:36:09.327867+00:00|2026-07-18T13:36:12.596560+00:00,105.76666666666667,100.76666666666667,3,3,True,True
POL,2020Q1,eurostat_hicp_midx_cp00_i15_2026_02_06|eurostat_hicp_midx_cp045_i15_2010_2025_2026_02_06,2026-02-06,2026-07-18T13:22:23.066990+00:00|2026-07-18T13:36:12.596560+00:00,107.36666666666667,104.06666666666666,3,3,True,True
POL,2020Q2,eurostat_hicp_midx_cp00_i15_2026_02_06|eurostat_hicp_midx_cp045_i15_2010_2025_2026_02_06,2026-02-06,2026-07-18T13:22:23.066990+00:00|2026-07-18T13:36:12.596560+00:00,108.5,104.33333333333333,3,3,True,True
POL,2020Q3,eurostat_hicp_midx_cp00_i15_2026_02_06|eurostat_hicp_midx_cp045_i15_2010_2025_2026_02_06,2026-02-06,2026-07-18T13:22:23.066990+00:00|2026-07-18T13:36:12.596560+00:00,109.10000000000001,104.13333333333333,3,3,True,True
POL,2020Q4,eurostat_hicp_midx_cp00_i15_2026_02_06|eurostat_hicp_midx_cp045_i15_2010_2025_2026_02_06,2026-02-06,2026-07-18T13:22:23.066990+00:00|2026-07-18T13:36:12.596560+00:00,109.60000000000001,104.83333333333333,3,3,True,True
POL,2021Q1,eurostat_hicp_midx_cp00_i15_2026_02_06|eurostat_hicp_midx_cp045_i15_2010_2025_2026_02_06,2026-02-06,2026-07-18T13:22:23.066990+00:00|2026-07-18T13:36:12.596560+00:00,111.53333333333335,108.86666666666667,3,3,True,True
POL,2021Q2,eurostat_hicp_midx_cp00_i15_2026_02_06|eurostat_hicp_midx_cp045_i15_2010_2025_2026_02_06,2026-02-06,2026-07-18T13:22:23.066990+00:00|2026-07-18T13:36:12.596560+00:00,113.5,108.90000000000002,3,3,True,True
POL,2021Q3,eurostat_hicp_midx_cp00_i15_2026_02_06|eurostat_hicp_midx_cp045_i15_2010_2025_2026_02_06,2026-02-06,2026-07-18T13:22:23.066990+00:00|2026-07-18T13:36:12.596560+00:00,114.66666666666667,110.16666666666667,3,3,True,True
POL,2021Q4,eurostat_hicp_midx_cp00_i15_2026_02_06|eurostat_hicp_midx_cp045_i15_2010_2025_2026_02_06,2026-02-06,2026-07-18T13:22:23.066990+00:00|2026-07-18T13:36:12.596560+00:00,117.56666666666666,118.3,3,3,True,True
POL,2022Q1,eurostat_hicp_midx_cp00_i15_2026_02_06|eurostat_hicp_midx_cp045_i15_2010_2025_2026_02_06,2026-02-06,2026-07-18T13:22:23.066990+00:00|2026-07-18T13:36:12.596560+00:00,121.56666666666668,129.86666666666667,3,3,True,True
POL,2022Q2,eurostat_hicp_midx_cp00_i15_2026_02_06|eurostat_hicp_midx_cp045_i15_2010_2025_2026_02_06,2026-02-06,2026-07-18T13:22:23.066990+00:00|2026-07-18T13:36:12.596560+00:00,128.03333333333333,141.4333333333333,3,3,True,True
POL,2022Q3,eurostat_hicp_midx_cp00_i15_2026_02_06|eurostat_hicp_midx_cp045_i15_2010_2025_2026_02_06,2026-02-06,2026-07-18T13:22:23.066990+00:00|2026-07-18T13:36:12.596560+00:00,131.73333333333335,154.46666666666667,3,3,True,True
POL,2022Q4,eurostat_hicp_midx_cp00_i15_2026_02_06|eurostat_hicp_midx_cp045_i15_2010_2025_2026_02_06,2026-02-06,2026-07-18T13:22:23.066990+00:00|2026-07-18T13:36:12.596560+00:00,136.29999999999998,163.29999999999998,3,3,True,True
POL,2023Q1,eurostat_hicp_midx_cp00_i15_2026_02_06|eurostat_hicp_midx_cp045_i15_2010_2025_2026_02_06,2026-02-06,2026-07-18T13:22:23.066990+00:00|2026-07-18T13:36:12.596560+00:00,141.1,177.29999999999998,3,3,True,True
POL,2023Q2,eurostat_hicp_midx_cp00_i15_2026_02_06|eurostat_hicp_midx_cp045_i15_2010_2025_2026_02_06,2026-02-06,2026-07-18T13:22:23.066990+00:00|2026-07-18T13:36:12.596560+00:00,144.03333333333333,175.96666666666667,3,3,True,True
POL,2023Q3,eurostat_hicp_midx_cp00_i15_2026_02_06|eurostat_hicp_midx_cp045_i15_2010_2025_2026_02_06,2026-02-06,2026-07-18T13:22:23.066990+00:00|2026-07-18T13:36:12.596560+00:00,143.79999999999998,175.29999999999998,3,3,True,True
POL,2023Q4,eurostat_hicp_midx_cp00_i15_2026_02_06|eurostat_hicp_midx_cp045_i15_2010_2025_2026_02_06,2026-02-06,2026-07-18T13:22:23.066990+00:00|2026-07-18T13:36:12.596560+00:00,144.86666666666667,175.13333333333333,3,3,True,True
POL,2024Q1,eurostat_hicp_midx_cp00_i15_2026_02_06|eurostat_hicp_midx_cp045_i15_2010_2025_2026_02_06,2026-02-06,2026-07-18T13:22:23.066990+00:00|2026-07-18T13:36:12.596560+00:00,146.23333333333335,175.03333333333333,3,3,True,True
POL,2024Q2,eurostat_hicp_midx_cp00_i15_2026_02_06|eurostat_hicp_midx_cp045_i15_2010_2025_2026_02_06,2026-02-06,2026-07-18T13:22:23.066990+00:00|2026-07-18T13:36:12.596560+00:00,148.23333333333332,174.16666666666666,3,3,True,True
POL,2024Q3,eurostat_hicp_midx_cp00_i15_2026_02_06|eurostat_hicp_midx_cp045_i15_2010_2025_2026_02_06,2026-02-06,2026-07-18T13:22:23.066990+00:00|2026-07-18T13:36:12.596560+00:00,149.70000000000002,190.53333333333333,3,3,True,True
POL,2024Q4,eurostat_hicp_midx_cp00_i15_2026_02_06|eurostat_hicp_midx_cp045_i15_2010_2025_2026_02_06,2026-02-06,2026-07-18T13:22:23.066990+00:00|2026-07-18T13:36:12.596560+00:00,150.66666666666666,191.73333333333335,3,3,True,True
POL,2025Q1,eurostat_hicp_midx_cp00_i15_2026_02_06|eurostat_hicp_midx_cp045_i15_2010_2025_2026_02_06,2026-02-06,2026-07-18T13:22:23.066990+00:00|2026-07-18T13:36:12.596560+00:00,152.6,193.4,3,3,True,True
POL,2025Q2,eurostat_hicp_midx_cp00_i15_2026_02_06|eurostat_hicp_midx_cp045_i15_2010_2025_2026_02_06,2026-02-06,2026-07-18T13:22:23.066990+00:00|2026-07-18T13:36:12.596560+00:00,153.5,191.79999999999998,3,3,True,True
POL,2025Q3,eurostat_hicp_midx_cp00_i15_2026_02_06|eurostat_hicp_midx_cp045_i15_2010_2025_2026_02_06,2026-02-06,2026-07-18T13:22:23.066990+00:00|2026-07-18T13:36:12.596560+00:00,153.93333333333334,194.70000000000002,3,3,True,True
POL,2025Q4,eurostat_hicp_midx_cp00_i15_2026_02_06|eurostat_hicp_midx_cp045_i15_2010_2025_2026_02_06,2026-02-06,2026-07-18T13:22:23.066990+00:00|2026-07-18T13:36:12.596560+00:00,154.66666666666666,197.4,3,3,True,True
PRT,2010Q1,eurostat_hicp_midx_cp00_i15_2010_2019_2026_02_06|eurostat_hicp_midx_cp045_i15_2010_2025_2026_02_06,2026-02-06,2026-07-18T13:36:09.327867+00:00|2026-07-18T13:36:12.596560+00:00,91.90666666666668,76.09333333333333,3,3,True,True
PRT,2010Q2,eurostat_hicp_midx_cp00_i15_2010_2019_2026_02_06|eurostat_hicp_midx_cp045_i15_2010_2025_2026_02_06,2026-02-06,2026-07-18T13:36:09.327867+00:00|2026-07-18T13:36:12.596560+00:00,93.24000000000001,77.17333333333333,3,3,True,True
PRT,2010Q3,eurostat_hicp_midx_cp00_i15_2010_2019_2026_02_06|eurostat_hicp_midx_cp045_i15_2010_2025_2026_02_06,2026-02-06,2026-07-18T13:36:09.327867+00:00|2026-07-18T13:36:12.596560+00:00,93.67666666666666,77.99333333333334,3,3,True,True
PRT,2010Q4,eurostat_hicp_midx_cp00_i15_2010_2019_2026_02_06|eurostat_hicp_midx_cp045_i15_2010_2025_2026_02_06,2026-02-06,2026-07-18T13:36:09.327867+00:00|2026-07-18T13:36:12.596560+00:00,94.07333333333334,78.89,3,3,True,True
PRT,2011Q1,eurostat_hicp_midx_cp00_i15_2010_2019_2026_02_06|eurostat_hicp_midx_cp045_i15_2010_2025_2026_02_06,2026-02-06,2026-07-18T13:36:09.327867+00:00|2026-07-18T13:36:12.596560+00:00,95.26666666666667,82.73333333333333,3,3,True,True
PRT,2011Q2,eurostat_hicp_midx_cp00_i15_2010_2019_2026_02_06|eurostat_hicp_midx_cp045_i15_2010_2025_2026_02_06,2026-02-06,2026-07-18T13:36:09.327867+00:00|2026-07-18T13:36:12.596560+00:00,96.67333333333333,83.11666666666666,3,3,True,True
PRT,2011Q3,eurostat_hicp_midx_cp00_i15_2010_2019_2026_02_06|eurostat_hicp_midx_cp045_i15_2010_2025_2026_02_06,2026-02-06,2026-07-18T13:36:09.327867+00:00|2026-07-18T13:36:12.596560+00:00,96.57333333333334,83.29,3,3,True,True
PRT,2011Q4,eurostat_hicp_midx_cp00_i15_2010_2019_2026_02_06|eurostat_hicp_midx_cp045_i15_2010_2025_2026_02_06,2026-02-06,2026-07-18T13:36:09.327867+00:00|2026-07-18T13:36:12.596560+00:00,97.63666666666666,92.52999999999999,3,3,True,True
PRT,2012Q1,eurostat_hicp_midx_cp00_i15_2010_2019_2026_02_06|eurostat_hicp_midx_cp045_i15_2010_2025_2026_02_06,2026-02-06,2026-07-18T13:36:09.327867+00:00|2026-07-18T13:36:12.596560+00:00,98.45,95.77,3,3,True,True
PRT,2012Q2,eurostat_hicp_midx_cp00_i15_2010_2019_2026_02_06|eurostat_hicp_midx_cp045_i15_2010_2025_2026_02_06,2026-02-06,2026-07-18T13:36:09.327867+00:00|2026-07-18T13:36:12.596560+00:00,99.36333333333333,96.60000000000001,3,3,True,True
PRT,2012Q3,eurostat_hicp_midx_cp00_i15_2010_2019_2026_02_06|eurostat_hicp_midx_cp045_i15_2010_2025_2026_02_06,2026-02-06,2026-07-18T13:36:09.327867+00:00|2026-07-18T13:36:12.596560+00:00,99.42,97.50333333333333,3,3,True,True
PRT,2012Q4,eurostat_hicp_midx_cp00_i15_2010_2019_2026_02_06|eurostat_hicp_midx_cp045_i15_2010_2025_2026_02_06,2026-02-06,2026-07-18T13:36:09.327867+00:00|2026-07-18T13:36:12.596560+00:00,99.63666666666666,98.45666666666666,3,3,True,True
PRT,2013Q1,eurostat_hicp_midx_cp00_i15_2010_2019_2026_02_06|eurostat_hicp_midx_cp045_i15_2010_2025_2026_02_06,2026-02-06,2026-07-18T13:36:09.327867+00:00|2026-07-18T13:36:12.596560+00:00,98.88333333333333,100.25666666666666,3,3,True,True
PRT,2013Q2,eurostat_hicp_midx_cp00_i15_2010_2019_2026_02_06|eurostat_hicp_midx_cp045_i15_2010_2025_2026_02_06,2026-02-06,2026-07-18T13:36:09.327867+00:00|2026-07-18T13:36:12.596560+00:00,100.19666666666667,99.88333333333333,3,3,True,True
PRT,2013Q3,eurostat_hicp_midx_cp00_i15_2010_2019_2026_02_06|eurostat_hicp_midx_cp045_i15_2010_2025_2026_02_06,2026-02-06,2026-07-18T13:36:09.327867+00:00|2026-07-18T13:36:12.596560+00:00,99.82666666666667,99.95666666666666,3,3,True,True
PRT,2013Q4,eurostat_hicp_midx_cp00_i15_2010_2019_2026_02_06|eurostat_hicp_midx_cp045_i15_2010_2025_2026_02_06,2026-02-06,2026-07-18T13:36:09.327867+00:00|2026-07-18T13:36:12.596560+00:00,99.71,99.74000000000001,3,3,True,True
PRT,2014Q1,eurostat_hicp_midx_cp00_i15_2010_2019_2026_02_06|eurostat_hicp_midx_cp045_i15_2010_2025_2026_02_06,2026-02-06,2026-07-18T13:36:09.327867+00:00|2026-07-18T13:36:12.596560+00:00,98.74000000000001,101.92333333333333,3,3,True,True
PRT,2014Q2,eurostat_hicp_midx_cp00_i15_2010_2019_2026_02_06|eurostat_hicp_midx_cp045_i15_2010_2025_2026_02_06,2026-02-06,2026-07-18T13:36:09.327867+00:00|2026-07-18T13:36:12.596560+00:00,99.98333333333333,101.54333333333334,3,3,True,True
PRT,2014Q3,eurostat_hicp_midx_cp00_i15_2010_2019_2026_02_06|eurostat_hicp_midx_cp045_i15_2010_2025_2026_02_06,2026-02-06,2026-07-18T13:36:09.327867+00:00|2026-07-18T13:36:12.596560+00:00,99.56666666666666,101.54333333333334,3,3,True,True
PRT,2014Q4,eurostat_hicp_midx_cp00_i15_2010_2019_2026_02_06|eurostat_hicp_midx_cp045_i15_2010_2025_2026_02_06,2026-02-06,2026-07-18T13:36:09.327867+00:00|2026-07-18T13:36:12.596560+00:00,99.69,100.74666666666667,3,3,True,True
PRT,2015Q1,eurostat_hicp_midx_cp00_i15_2010_2019_2026_02_06|eurostat_hicp_midx_cp045_i15_2010_2025_2026_02_06,2026-02-06,2026-07-18T13:36:09.327867+00:00|2026-07-18T13:36:12.596560+00:00,98.73666666666668,100.96999999999998,3,3,True,True
PRT,2015Q2,eurostat_hicp_midx_cp00_i15_2010_2019_2026_02_06|eurostat_hicp_midx_cp045_i15_2010_2025_2026_02_06,2026-02-06,2026-07-18T13:36:09.327867+00:00|2026-07-18T13:36:12.596560+00:00,100.71666666666665,100.80333333333334,3,3,True,True
PRT,2015Q3,eurostat_hicp_midx_cp00_i15_2010_2019_2026_02_06|eurostat_hicp_midx_cp045_i15_2010_2025_2026_02_06,2026-02-06,2026-07-18T13:36:09.327867+00:00|2026-07-18T13:36:12.596560+00:00,100.32000000000001,99.43666666666667,3,3,True,True
PRT,2015Q4,eurostat_hicp_midx_cp00_i15_2010_2019_2026_02_06|eurostat_hicp_midx_cp045_i15_2010_2025_2026_02_06,2026-02-06,2026-07-18T13:36:09.327867+00:00|2026-07-18T13:36:12.596560+00:00,100.22666666666667,98.79333333333334,3,3,True,True
PRT,2016Q1,eurostat_hicp_midx_cp00_i15_2010_2019_2026_02_06|eurostat_hicp_midx_cp045_i15_2010_2025_2026_02_06,2026-02-06,2026-07-18T13:36:09.327867+00:00|2026-07-18T13:36:12.596560+00:00,99.18,99.83333333333333,3,3,True,True
PRT,2016Q2,eurostat_hicp_midx_cp00_i15_2010_2019_2026_02_06|eurostat_hicp_midx_cp045_i15_2010_2025_2026_02_06,2026-02-06,2026-07-18T13:36:09.327867+00:00|2026-07-18T13:36:12.596560+00:00,101.25333333333333,99.91666666666667,3,3,True,True
PRT,2016Q3,eurostat_hicp_midx_cp00_i15_2010_2019_2026_02_06|eurostat_hicp_midx_cp045_i15_2010_2025_2026_02_06,2026-02-06,2026-07-18T13:36:09.327867+00:00|2026-07-18T13:36:12.596560+00:00,101.06333333333333,97.44,3,3,True,True
PRT,2016Q4,eurostat_hicp_midx_cp00_i15_2010_2019_2026_02_06|eurostat_hicp_midx_cp045_i15_2010_2025_2026_02_06,2026-02-06,2026-07-18T13:36:09.327867+00:00|2026-07-18T13:36:12.596560+00:00,101.04666666666667,97.00666666666666,3,3,True,True
PRT,2017Q1,eurostat_hicp_midx_cp00_i15_2010_2019_2026_02_06|eurostat_hicp_midx_cp045_i15_2010_2025_2026_02_06,2026-02-06,2026-07-18T13:36:09.327867+00:00|2026-07-18T13:36:12.596560+00:00,100.58666666666666,98.48666666666666,3,3,True,True
PRT,2017Q2,eurostat_hicp_midx_cp00_i15_2010_2019_2026_02_06|eurostat_hicp_midx_cp045_i15_2010_2025_2026_02_06,2026-02-06,2026-07-18T13:36:09.327867+00:00|2026-07-18T13:36:12.596560+00:00,102.98666666666666,98.29,3,3,True,True
PRT,2017Q3,eurostat_hicp_midx_cp00_i15_2010_2019_2026_02_06|eurostat_hicp_midx_cp045_i15_2010_2025_2026_02_06,2026-02-06,2026-07-18T13:36:09.327867+00:00|2026-07-18T13:36:12.596560+00:00,102.38666666666667,97.67666666666666,3,3,True,True
PRT,2017Q4,eurostat_hicp_midx_cp00_i15_2010_2019_2026_02_06|eurostat_hicp_midx_cp045_i15_2010_2025_2026_02_06,2026-02-06,2026-07-18T13:36:09.327867+00:00|2026-07-18T13:36:12.596560+00:00,102.84666666666668,98.55333333333333,3,3,True,True
PRT,2018Q1,eurostat_hicp_midx_cp00_i15_2010_2019_2026_02_06|eurostat_hicp_midx_cp045_i15_2010_2025_2026_02_06,2026-02-06,2026-07-18T13:36:09.327867+00:00|2026-07-18T13:36:12.596560+00:00,101.45,100.53333333333335,3,3,True,True
PRT,2018Q2,eurostat_hicp_midx_cp00_i15_2010_2019_2026_02_06|eurostat_hicp_midx_cp045_i15_2010_2025_2026_02_06,2026-02-06,2026-07-18T13:36:09.327867+00:00|2026-07-18T13:36:12.596560+00:00,104.26666666666667,100.61666666666667,3,3,True,True
PRT,2018Q3,eurostat_hicp_midx_cp00_i15_2010_2019_2026_02_06|eurostat_hicp_midx_cp045_i15_2010_2025_2026_02_06,2026-02-06,2026-07-18T13:36:09.327867+00:00|2026-07-18T13:36:12.596560+00:00,104.21666666666665,100.98666666666666,3,3,True,True
PRT,2018Q4,eurostat_hicp_midx_cp00_i15_2010_2019_2026_02_06|eurostat_hicp_midx_cp045_i15_2010_2025_2026_02_06,2026-02-06,2026-07-18T13:36:09.327867+00:00|2026-07-18T13:36:12.596560+00:00,103.64666666666666,101.45666666666666,3,3,True,True
PRT,2019Q1,eurostat_hicp_midx_cp00_i15_2010_2019_2026_02_06|eurostat_hicp_midx_cp045_i15_2010_2025_2026_02_06,2026-02-06,2026-07-18T13:36:09.327867+00:00|2026-07-18T13:36:12.596560+00:00,102.23666666666668,98.68333333333334,3,3,True,True
PRT,2019Q2,eurostat_hicp_midx_cp00_i15_2010_2019_2026_02_06|eurostat_hicp_midx_cp045_i15_2010_2025_2026_02_06,2026-02-06,2026-07-18T13:36:09.327867+00:00|2026-07-18T13:36:12.596560+00:00,104.91333333333334,98.82333333333334,3,3,True,True
PRT,2019Q3,eurostat_hicp_midx_cp00_i15_2010_2019_2026_02_06|eurostat_hicp_midx_cp045_i15_2010_2025_2026_02_06,2026-02-06,2026-07-18T13:36:09.327867+00:00|2026-07-18T13:36:12.596560+00:00,103.85333333333334,97.34333333333332,3,3,True,True
PRT,2019Q4,eurostat_hicp_midx_cp00_i15_2010_2019_2026_02_06|eurostat_hicp_midx_cp045_i15_2010_2025_2026_02_06,2026-02-06,2026-07-18T13:36:09.327867+00:00|2026-07-18T13:36:12.596560+00:00,103.81666666666666,97.39999999999999,3,3,True,True
PRT,2020Q1,eurostat_hicp_midx_cp00_i15_2026_02_06|eurostat_hicp_midx_cp045_i15_2010_2025_2026_02_06,2026-02-06,2026-07-18T13:22:23.066990+00:00|2026-07-18T13:36:12.596560+00:00,102.74333333333334,97.36,3,3,True,True
PRT,2020Q2,eurostat_hicp_midx_cp00_i15_2026_02_06|eurostat_hicp_midx_cp045_i15_2010_2025_2026_02_06,2026-02-06,2026-07-18T13:22:23.066990+00:00|2026-07-18T13:36:12.596560+00:00,104.71999999999998,95.15666666666668,3,3,True,True
PRT,2020Q3,eurostat_hicp_midx_cp00_i15_2026_02_06|eurostat_hicp_midx_cp045_i15_2010_2025_2026_02_06,2026-02-06,2026-07-18T13:22:23.066990+00:00|2026-07-18T13:36:12.596560+00:00,103.47333333333334,95.18666666666667,3,3,True,True
PRT,2020Q4,eurostat_hicp_midx_cp00_i15_2026_02_06|eurostat_hicp_midx_cp045_i15_2010_2025_2026_02_06,2026-02-06,2026-07-18T13:22:23.066990+00:00|2026-07-18T13:36:12.596560+00:00,103.38,95.24,3,3,True,True
PRT,2021Q1,eurostat_hicp_midx_cp00_i15_2026_02_06|eurostat_hicp_midx_cp045_i15_2010_2025_2026_02_06,2026-02-06,2026-07-18T13:22:23.066990+00:00|2026-07-18T13:36:12.596560+00:00,102.94333333333333,95.18333333333334,3,3,True,True
PRT,2021Q2,eurostat_hicp_midx_cp00_i15_2026_02_06|eurostat_hicp_midx_cp045_i15_2010_2025_2026_02_06,2026-02-06,2026-07-18T13:22:23.066990+00:00|2026-07-18T13:36:12.596560+00:00,104.65666666666668,95.67666666666666,3,3,True,True
PRT,2021Q3,eurostat_hicp_midx_cp00_i15_2026_02_06|eurostat_hicp_midx_cp045_i15_2010_2025_2026_02_06,2026-02-06,2026-07-18T13:22:23.066990+00:00|2026-07-18T13:36:12.596560+00:00,104.74333333333334,97.45666666666666,3,3,True,True
PRT,2021Q4,eurostat_hicp_midx_cp00_i15_2026_02_06|eurostat_hicp_midx_cp045_i15_2010_2025_2026_02_06,2026-02-06,2026-07-18T13:22:23.066990+00:00|2026-07-18T13:36:12.596560+00:00,105.87333333333333,99.89999999999999,3,3,True,True
PRT,2022Q1,eurostat_hicp_midx_cp00_i15_2026_02_06|eurostat_hicp_midx_cp045_i15_2010_2025_2026_02_06,2026-02-06,2026-07-18T13:22:23.066990+00:00|2026-07-18T13:36:12.596560+00:00,107.49333333333334,103.32666666666667,3,3,True,True
PRT,2022Q2,eurostat_hicp_midx_cp00_i15_2026_02_06|eurostat_hicp_midx_cp045_i15_2010_2025_2026_02_06,2026-02-06,2026-07-18T13:22:23.066990+00:00|2026-07-18T13:36:12.596560+00:00,113.20333333333333,120.55666666666667,3,3,True,True
PRT,2022Q3,eurostat_hicp_midx_cp00_i15_2026_02_06|eurostat_hicp_midx_cp045_i15_2010_2025_2026_02_06,2026-02-06,2026-07-18T13:22:23.066990+00:00|2026-07-18T13:36:12.596560+00:00,114.72666666666667,129.34666666666666,3,3,True,True
PRT,2022Q4,eurostat_hicp_midx_cp00_i15_2026_02_06|eurostat_hicp_midx_cp045_i15_2010_2025_2026_02_06,2026-02-06,2026-07-18T13:22:23.066990+00:00|2026-07-18T13:36:12.596560+00:00,116.67999999999999,139.20000000000002,3,3,True,True
PRT,2023Q1,eurostat_hicp_midx_cp00_i15_2026_02_06|eurostat_hicp_midx_cp045_i15_2010_2025_2026_02_06,2026-02-06,2026-07-18T13:22:23.066990+00:00|2026-07-18T13:36:12.596560+00:00,116.51666666666667,114.56,3,3,True,True
PRT,2023Q2,eurostat_hicp_midx_cp00_i15_2026_02_06|eurostat_hicp_midx_cp045_i15_2010_2025_2026_02_06,2026-02-06,2026-07-18T13:22:23.066990+00:00|2026-07-18T13:36:12.596560+00:00,119.60333333333334,107.56666666666666,3,3,True,True
PRT,2023Q3,eurostat_hicp_midx_cp00_i15_2026_02_06|eurostat_hicp_midx_cp045_i15_2010_2025_2026_02_06,2026-02-06,2026-07-18T13:22:23.066990+00:00|2026-07-18T13:36:12.596560+00:00,120.25,116.71999999999998,3,3,True,True
PRT,2023Q4,eurostat_hicp_midx_cp00_i15_2026_02_06|eurostat_hicp_midx_cp045_i15_2010_2025_2026_02_06,2026-02-06,2026-07-18T13:22:23.066990+00:00|2026-07-18T13:36:12.596560+00:00,119.53333333333335,114.85333333333334,3,3,True,True
PRT,2024Q1,eurostat_hicp_midx_cp00_i15_2026_02_06|eurostat_hicp_midx_cp045_i15_2010_2025_2026_02_06,2026-02-06,2026-07-18T13:22:23.066990+00:00|2026-07-18T13:36:12.596560+00:00,119.38666666666667,119.39,3,3,True,True
PRT,2024Q2,eurostat_hicp_midx_cp00_i15_2026_02_06|eurostat_hicp_midx_cp045_i15_2010_2025_2026_02_06,2026-02-06,2026-07-18T13:22:23.066990+00:00|2026-07-18T13:36:12.596560+00:00,123.27999999999999,118.21333333333332,3,3,True,True
PRT,2024Q3,eurostat_hicp_midx_cp00_i15_2026_02_06|eurostat_hicp_midx_cp045_i15_2010_2025_2026_02_06,2026-02-06,2026-07-18T13:22:23.066990+00:00|2026-07-18T13:36:12.596560+00:00,123.05666666666667,122.32666666666667,3,3,True,True
PRT,2024Q4,eurostat_hicp_midx_cp00_i15_2026_02_06|eurostat_hicp_midx_cp045_i15_2010_2025_2026_02_06,2026-02-06,2026-07-18T13:22:23.066990+00:00|2026-07-18T13:36:12.596560+00:00,122.88666666666666,123.46,3,3,True,True
PRT,2025Q1,eurostat_hicp_midx_cp00_i15_2026_02_06|eurostat_hicp_midx_cp045_i15_2010_2025_2026_02_06,2026-02-06,2026-07-18T13:22:23.066990+00:00|2026-07-18T13:36:12.596560+00:00,122.18333333333334,120.72333333333334,3,3,True,True
PRT,2025Q2,eurostat_hicp_midx_cp00_i15_2026_02_06|eurostat_hicp_midx_cp045_i15_2010_2025_2026_02_06,2026-02-06,2026-07-18T13:22:23.066990+00:00|2026-07-18T13:36:12.596560+00:00,125.7,120.65333333333335,3,3,True,True
PRT,2025Q3,eurostat_hicp_midx_cp00_i15_2026_02_06|eurostat_hicp_midx_cp045_i15_2010_2025_2026_02_06,2026-02-06,2026-07-18T13:22:23.066990+00:00|2026-07-18T13:36:12.596560+00:00,125.89999999999999,120.94,3,3,True,True
PRT,2025Q4,eurostat_hicp_midx_cp00_i15_2026_02_06|eurostat_hicp_midx_cp045_i15_2010_2025_2026_02_06,2026-02-06,2026-07-18T13:22:23.066990+00:00|2026-07-18T13:36:12.596560+00:00,125.55,120.36000000000001,3,3,True,True
ROU,2010Q1,eurostat_hicp_midx_cp00_i15_2010_2019_2026_02_06|eurostat_hicp_midx_cp045_i15_2010_2025_2026_02_06,2026-02-06,2026-07-18T13:36:09.327867+00:00|2026-07-18T13:36:12.596560+00:00,85.62,77.95,3,3,True,True
ROU,2010Q2,eurostat_hicp_midx_cp00_i15_2010_2019_2026_02_06|eurostat_hicp_midx_cp045_i15_2010_2025_2026_02_06,2026-02-06,2026-07-18T13:36:09.327867+00:00|2026-07-18T13:36:12.596560+00:00,86.19333333333333,77.97,3,3,True,True
ROU,2010Q3,eurostat_hicp_midx_cp00_i15_2010_2019_2026_02_06|eurostat_hicp_midx_cp045_i15_2010_2025_2026_02_06,2026-02-06,2026-07-18T13:36:09.327867+00:00|2026-07-18T13:36:12.596560+00:00,88.86000000000001,80.53333333333335,3,3,True,True
ROU,2010Q4,eurostat_hicp_midx_cp00_i15_2010_2019_2026_02_06|eurostat_hicp_midx_cp045_i15_2010_2025_2026_02_06,2026-02-06,2026-07-18T13:36:09.327867+00:00|2026-07-18T13:36:12.596560+00:00,90.23,81.63666666666667,3,3,True,True
ROU,2011Q1,eurostat_hicp_midx_cp00_i15_2010_2019_2026_02_06|eurostat_hicp_midx_cp045_i15_2010_2025_2026_02_06,2026-02-06,2026-07-18T13:36:09.327867+00:00|2026-07-18T13:36:12.596560+00:00,92.07666666666667,82.96,3,3,True,True
ROU,2011Q2,eurostat_hicp_midx_cp00_i15_2010_2019_2026_02_06|eurostat_hicp_midx_cp045_i15_2010_2025_2026_02_06,2026-02-06,2026-07-18T13:36:09.327867+00:00|2026-07-18T13:36:12.596560+00:00,93.34333333333332,84.72,3,3,True,True
ROU,2011Q3,eurostat_hicp_midx_cp00_i15_2010_2019_2026_02_06|eurostat_hicp_midx_cp045_i15_2010_2025_2026_02_06,2026-02-06,2026-07-18T13:36:09.327867+00:00|2026-07-18T13:36:12.596560+00:00,92.62,85.05666666666667,3,3,True,True
ROU,2011Q4,eurostat_hicp_midx_cp00_i15_2010_2019_2026_02_06|eurostat_hicp_midx_cp045_i15_2010_2025_2026_02_06,2026-02-06,2026-07-18T13:36:09.327867+00:00|2026-07-18T13:36:12.596560+00:00,93.31333333333333,87.03333333333335,3,3,True,True
ROU,2012Q1,eurostat_hicp_midx_cp00_i15_2010_2019_2026_02_06|eurostat_hicp_midx_cp045_i15_2010_2025_2026_02_06,2026-02-06,2026-07-18T13:36:09.327867+00:00|2026-07-18T13:36:12.596560+00:00,94.53333333333335,87.37,3,3,True,True
ROU,2012Q2,eurostat_hicp_midx_cp00_i15_2010_2019_2026_02_06|eurostat_hicp_midx_cp045_i15_2010_2025_2026_02_06,2026-02-06,2026-07-18T13:36:09.327867+00:00|2026-07-18T13:36:12.596560+00:00,95.25999999999999,87.67,3,3,True,True
ROU,2012Q3,eurostat_hicp_midx_cp00_i15_2010_2019_2026_02_06|eurostat_hicp_midx_cp045_i15_2010_2025_2026_02_06,2026-02-06,2026-07-18T13:36:09.327867+00:00|2026-07-18T13:36:12.596560+00:00,96.46666666666665,89.33333333333333,3,3,True,True
ROU,2012Q4,eurostat_hicp_midx_cp00_i15_2010_2019_2026_02_06|eurostat_hicp_midx_cp045_i15_2010_2025_2026_02_06,2026-02-06,2026-07-18T13:36:09.327867+00:00|2026-07-18T13:36:12.596560+00:00,97.65666666666668,91.35333333333334,3,3,True,True
ROU,2013Q1,eurostat_hicp_midx_cp00_i15_2010_2019_2026_02_06|eurostat_hicp_midx_cp045_i15_2010_2025_2026_02_06,2026-02-06,2026-07-18T13:36:09.327867+00:00|2026-07-18T13:36:12.596560+00:00,99.07666666666667,95.63333333333333,3,3,True,True
ROU,2013Q2,eurostat_hicp_midx_cp00_i15_2010_2019_2026_02_06|eurostat_hicp_midx_cp045_i15_2010_2025_2026_02_06,2026-02-06,2026-07-18T13:36:09.327867+00:00|2026-07-18T13:36:12.596560+00:00,99.46333333333332,95.54333333333334,3,3,True,True
ROU,2013Q3,eurostat_hicp_midx_cp00_i15_2010_2019_2026_02_06|eurostat_hicp_midx_cp045_i15_2010_2025_2026_02_06,2026-02-06,2026-07-18T13:36:09.327867+00:00|2026-07-18T13:36:12.596560+00:00,98.75666666666666,96.28333333333335,3,3,True,True
ROU,2013Q4,eurostat_hicp_midx_cp00_i15_2010_2019_2026_02_06|eurostat_hicp_midx_cp045_i15_2010_2025_2026_02_06,2026-02-06,2026-07-18T13:36:09.327867+00:00|2026-07-18T13:36:12.596560+00:00,98.88,97.37666666666667,3,3,True,True
ROU,2014Q1,eurostat_hicp_midx_cp00_i15_2010_2019_2026_02_06|eurostat_hicp_midx_cp045_i15_2010_2025_2026_02_06,2026-02-06,2026-07-18T13:36:09.327867+00:00|2026-07-18T13:36:12.596560+00:00,100.32,98.16000000000001,3,3,True,True
ROU,2014Q2,eurostat_hicp_midx_cp00_i15_2010_2019_2026_02_06|eurostat_hicp_midx_cp045_i15_2010_2025_2026_02_06,2026-02-06,2026-07-18T13:36:09.327867+00:00|2026-07-18T13:36:12.596560+00:00,100.73666666666668,97.64999999999999,3,3,True,True
ROU,2014Q3,eurostat_hicp_midx_cp00_i15_2010_2019_2026_02_06|eurostat_hicp_midx_cp045_i15_2010_2025_2026_02_06,2026-02-06,2026-07-18T13:36:09.327867+00:00|2026-07-18T13:36:12.596560+00:00,100.28666666666668,97.32666666666667,3,3,True,True
ROU,2014Q4,eurostat_hicp_midx_cp00_i15_2010_2019_2026_02_06|eurostat_hicp_midx_cp045_i15_2010_2025_2026_02_06,2026-02-06,2026-07-18T13:36:09.327867+00:00|2026-07-18T13:36:12.596560+00:00,100.31333333333333,97.37666666666667,3,3,True,True
ROU,2015Q1,eurostat_hicp_midx_cp00_i15_2010_2019_2026_02_06|eurostat_hicp_midx_cp045_i15_2010_2025_2026_02_06,2026-02-06,2026-07-18T13:36:09.327867+00:00|2026-07-18T13:36:12.596560+00:00,100.86666666666667,99.13666666666666,3,3,True,True
ROU,2015Q2,eurostat_hicp_midx_cp00_i15_2010_2019_2026_02_06|eurostat_hicp_midx_cp045_i15_2010_2025_2026_02_06,2026-02-06,2026-07-18T13:36:09.327867+00:00|2026-07-18T13:36:12.596560+00:00,101.08999999999999,98.58666666666666,3,3,True,True
ROU,2015Q3,eurostat_hicp_midx_cp00_i15_2010_2019_2026_02_06|eurostat_hicp_midx_cp045_i15_2010_2025_2026_02_06,2026-02-06,2026-07-18T13:36:09.327867+00:00|2026-07-18T13:36:12.596560+00:00,98.75,100.95666666666666,3,3,True,True
ROU,2015Q4,eurostat_hicp_midx_cp00_i15_2010_2019_2026_02_06|eurostat_hicp_midx_cp045_i15_2010_2025_2026_02_06,2026-02-06,2026-07-18T13:36:09.327867+00:00|2026-07-18T13:36:12.596560+00:00,99.29,101.31666666666666,3,3,True,True
ROU,2016Q1,eurostat_hicp_midx_cp00_i15_2010_2019_2026_02_06|eurostat_hicp_midx_cp045_i15_2010_2025_2026_02_06,2026-02-06,2026-07-18T13:36:09.327867+00:00|2026-07-18T13:36:12.596560+00:00,98.83,99.03333333333335,3,3,True,True
ROU,2016Q2,eurostat_hicp_midx_cp00_i15_2010_2019_2026_02_06|eurostat_hicp_midx_cp045_i15_2010_2025_2026_02_06,2026-02-06,2026-07-18T13:36:09.327867+00:00|2026-07-18T13:36:12.596560+00:00,98.96999999999998,97.94333333333333,3,3,True,True
ROU,2016Q3,eurostat_hicp_midx_cp00_i15_2010_2019_2026_02_06|eurostat_hicp_midx_cp045_i15_2010_2025_2026_02_06,2026-02-06,2026-07-18T13:36:09.327867+00:00|2026-07-18T13:36:12.596560+00:00,98.69,96.88,3,3,True,True
ROU,2016Q4,eurostat_hicp_midx_cp00_i15_2010_2019_2026_02_06|eurostat_hicp_midx_cp045_i15_2010_2025_2026_02_06,2026-02-06,2026-07-18T13:36:09.327867+00:00|2026-07-18T13:36:12.596560+00:00,99.21,97.83333333333333,3,3,True,True
ROU,2017Q1,eurostat_hicp_midx_cp00_i15_2010_2019_2026_02_06|eurostat_hicp_midx_cp045_i15_2010_2025_2026_02_06,2026-02-06,2026-07-18T13:36:09.327867+00:00|2026-07-18T13:36:12.596560+00:00,99.23666666666668,97.35666666666667,3,3,True,True
ROU,2017Q2,eurostat_hicp_midx_cp00_i15_2010_2019_2026_02_06|eurostat_hicp_midx_cp045_i15_2010_2025_2026_02_06,2026-02-06,2026-07-18T13:36:09.327867+00:00|2026-07-18T13:36:12.596560+00:00,99.58333333333333,98.42999999999999,3,3,True,True
ROU,2017Q3,eurostat_hicp_midx_cp00_i15_2010_2019_2026_02_06|eurostat_hicp_midx_cp045_i15_2010_2025_2026_02_06,2026-02-06,2026-07-18T13:36:09.327867+00:00|2026-07-18T13:36:12.596560+00:00,99.63,100.88333333333333,3,3,True,True
ROU,2017Q4,eurostat_hicp_midx_cp00_i15_2010_2019_2026_02_06|eurostat_hicp_midx_cp045_i15_2010_2025_2026_02_06,2026-02-06,2026-07-18T13:36:09.327867+00:00|2026-07-18T13:36:12.596560+00:00,101.56333333333333,105.46666666666665,3,3,True,True
ROU,2018Q1,eurostat_hicp_midx_cp00_i15_2010_2019_2026_02_06|eurostat_hicp_midx_cp045_i15_2010_2025_2026_02_06,2026-02-06,2026-07-18T13:36:09.327867+00:00|2026-07-18T13:36:12.596560+00:00,102.93333333333334,109.65333333333332,3,3,True,True
ROU,2018Q2,eurostat_hicp_midx_cp00_i15_2010_2019_2026_02_06|eurostat_hicp_midx_cp045_i15_2010_2025_2026_02_06,2026-02-06,2026-07-18T13:36:09.327867+00:00|2026-07-18T13:36:12.596560+00:00,104.10000000000001,111.39666666666666,3,3,True,True
ROU,2018Q3,eurostat_hicp_midx_cp00_i15_2010_2019_2026_02_06|eurostat_hicp_midx_cp045_i15_2010_2025_2026_02_06,2026-02-06,2026-07-18T13:36:09.327867+00:00|2026-07-18T13:36:12.596560+00:00,104.19333333333333,111.53333333333335,3,3,True,True
ROU,2018Q4,eurostat_hicp_midx_cp00_i15_2010_2019_2026_02_06|eurostat_hicp_midx_cp045_i15_2010_2025_2026_02_06,2026-02-06,2026-07-18T13:36:09.327867+00:00|2026-07-18T13:36:12.596560+00:00,105.09333333333332,114.20333333333333,3,3,True,True
ROU,2019Q1,eurostat_hicp_midx_cp00_i15_2010_2019_2026_02_06|eurostat_hicp_midx_cp045_i15_2010_2025_2026_02_06,2026-02-06,2026-07-18T13:36:09.327867+00:00|2026-07-18T13:36:12.596560+00:00,106.85333333333334,115.66000000000001,3,3,True,True
ROU,2019Q2,eurostat_hicp_midx_cp00_i15_2010_2019_2026_02_06|eurostat_hicp_midx_cp045_i15_2010_2025_2026_02_06,2026-02-06,2026-07-18T13:36:09.327867+00:00|2026-07-18T13:36:12.596560+00:00,108.53000000000002,116.31,3,3,True,True
ROU,2019Q3,eurostat_hicp_midx_cp00_i15_2010_2019_2026_02_06|eurostat_hicp_midx_cp045_i15_2010_2025_2026_02_06,2026-02-06,2026-07-18T13:36:09.327867+00:00|2026-07-18T13:36:12.596560+00:00,108.25666666666666,115.40666666666668,3,3,True,True
ROU,2019Q4,eurostat_hicp_midx_cp00_i15_2010_2019_2026_02_06|eurostat_hicp_midx_cp045_i15_2010_2025_2026_02_06,2026-02-06,2026-07-18T13:36:09.327867+00:00|2026-07-18T13:36:12.596560+00:00,108.96333333333332,116.15333333333332,3,3,True,True
ROU,2020Q1,eurostat_hicp_midx_cp00_i15_2026_02_06|eurostat_hicp_midx_cp045_i15_2010_2025_2026_02_06,2026-02-06,2026-07-18T13:22:23.066990+00:00|2026-07-18T13:36:12.596560+00:00,110.20333333333333,117.29,3,3,True,True
ROU,2020Q2,eurostat_hicp_midx_cp00_i15_2026_02_06|eurostat_hicp_midx_cp045_i15_2010_2025_2026_02_06,2026-02-06,2026-07-18T13:22:23.066990+00:00|2026-07-18T13:36:12.596560+00:00,110.77,117.51666666666667,3,3,True,True
ROU,2020Q3,eurostat_hicp_midx_cp00_i15_2026_02_06|eurostat_hicp_midx_cp045_i15_2010_2025_2026_02_06,2026-02-06,2026-07-18T13:22:23.066990+00:00|2026-07-18T13:36:12.596560+00:00,110.80333333333334,116.29,3,3,True,True
ROU,2020Q4,eurostat_hicp_midx_cp00_i15_2026_02_06|eurostat_hicp_midx_cp045_i15_2010_2025_2026_02_06,2026-02-06,2026-07-18T13:22:23.066990+00:00|2026-07-18T13:36:12.596560+00:00,110.89666666666666,116.56,3,3,True,True
ROU,2021Q1,eurostat_hicp_midx_cp00_i15_2026_02_06|eurostat_hicp_midx_cp045_i15_2010_2025_2026_02_06,2026-02-06,2026-07-18T13:22:23.066990+00:00|2026-07-18T13:36:12.596560+00:00,112.76,123.67999999999999,3,3,True,True
ROU,2021Q2,eurostat_hicp_midx_cp00_i15_2026_02_06|eurostat_hicp_midx_cp045_i15_2010_2025_2026_02_06,2026-02-06,2026-07-18T13:22:23.066990+00:00|2026-07-18T13:36:12.596560+00:00,114.22000000000001,123.88666666666666,3,3,True,True
ROU,2021Q3,eurostat_hicp_midx_cp00_i15_2026_02_06|eurostat_hicp_midx_cp045_i15_2010_2025_2026_02_06,2026-02-06,2026-07-18T13:22:23.066990+00:00|2026-07-18T13:36:12.596560+00:00,115.60333333333334,131.81333333333333,3,3,True,True
ROU,2021Q4,eurostat_hicp_midx_cp00_i15_2026_02_06|eurostat_hicp_midx_cp045_i15_2010_2025_2026_02_06,2026-02-06,2026-07-18T13:22:23.066990+00:00|2026-07-18T13:36:12.596560+00:00,118.25333333333333,142.71,3,3,True,True
ROU,2022Q1,eurostat_hicp_midx_cp00_i15_2026_02_06|eurostat_hicp_midx_cp045_i15_2010_2025_2026_02_06,2026-02-06,2026-07-18T13:22:23.066990+00:00|2026-07-18T13:36:12.596560+00:00,122.05,144.72,3,3,True,True
ROU,2022Q2,eurostat_hicp_midx_cp00_i15_2026_02_06|eurostat_hicp_midx_cp045_i15_2010_2025_2026_02_06,2026-02-06,2026-07-18T13:22:23.066990+00:00|2026-07-18T13:36:12.596560+00:00,128.36666666666667,168.1966666666667,3,3,True,True
ROU,2022Q3,eurostat_hicp_midx_cp00_i15_2026_02_06|eurostat_hicp_midx_cp045_i15_2010_2025_2026_02_06,2026-02-06,2026-07-18T13:22:23.066990+00:00|2026-07-18T13:36:12.596560+00:00,130.9333333333333,178.21,3,3,True,True
ROU,2022Q4,eurostat_hicp_midx_cp00_i15_2026_02_06|eurostat_hicp_midx_cp045_i15_2010_2025_2026_02_06,2026-02-06,2026-07-18T13:22:23.066990+00:00|2026-07-18T13:36:12.596560+00:00,134.88666666666666,185.16333333333333,3,3,True,True
ROU,2023Q1,eurostat_hicp_midx_cp00_i15_2026_02_06|eurostat_hicp_midx_cp045_i15_2010_2025_2026_02_06,2026-02-06,2026-07-18T13:22:23.066990+00:00|2026-07-18T13:36:12.596560+00:00,137.89666666666668,179.42999999999998,3,3,True,True
ROU,2023Q2,eurostat_hicp_midx_cp00_i15_2026_02_06|eurostat_hicp_midx_cp045_i15_2010_2025_2026_02_06,2026-02-06,2026-07-18T13:22:23.066990+00:00|2026-07-18T13:36:12.596560+00:00,140.88333333333333,182.34333333333333,3,3,True,True
ROU,2023Q3,eurostat_hicp_midx_cp00_i15_2026_02_06|eurostat_hicp_midx_cp045_i15_2010_2025_2026_02_06,2026-02-06,2026-07-18T13:22:23.066990+00:00|2026-07-18T13:36:12.596560+00:00,142.88666666666666,182.06000000000003,3,3,True,True
ROU,2023Q4,eurostat_hicp_midx_cp00_i15_2026_02_06|eurostat_hicp_midx_cp045_i15_2010_2025_2026_02_06,2026-02-06,2026-07-18T13:22:23.066990+00:00|2026-07-18T13:36:12.596560+00:00,144.88,183.21333333333334,3,3,True,True
ROU,2024Q1,eurostat_hicp_midx_cp00_i15_2026_02_06|eurostat_hicp_midx_cp045_i15_2010_2025_2026_02_06,2026-02-06,2026-07-18T13:22:23.066990+00:00|2026-07-18T13:36:12.596560+00:00,147.62,184.23666666666668,3,3,True,True
ROU,2024Q2,eurostat_hicp_midx_cp00_i15_2026_02_06|eurostat_hicp_midx_cp045_i15_2010_2025_2026_02_06,2026-02-06,2026-07-18T13:22:23.066990+00:00|2026-07-18T13:36:12.596560+00:00,149.03333333333333,175.68999999999997,3,3,True,True
ROU,2024Q3,eurostat_hicp_midx_cp00_i15_2026_02_06|eurostat_hicp_midx_cp045_i15_2010_2025_2026_02_06,2026-02-06,2026-07-18T13:22:23.066990+00:00|2026-07-18T13:36:12.596560+00:00,150.46333333333334,178.28,3,3,True,True
ROU,2024Q4,eurostat_hicp_midx_cp00_i15_2026_02_06|eurostat_hicp_midx_cp045_i15_2010_2025_2026_02_06,2026-02-06,2026-07-18T13:22:23.066990+00:00|2026-07-18T13:36:12.596560+00:00,152.53666666666666,178.98,3,3,True,True
ROU,2025Q1,eurostat_hicp_midx_cp00_i15_2026_02_06|eurostat_hicp_midx_cp045_i15_2010_2025_2026_02_06,2026-02-06,2026-07-18T13:22:23.066990+00:00|2026-07-18T13:36:12.596560+00:00,155.26333333333332,184.75,3,3,True,True
ROU,2025Q2,eurostat_hicp_midx_cp00_i15_2026_02_06|eurostat_hicp_midx_cp045_i15_2010_2025_2026_02_06,2026-02-06,2026-07-18T13:22:23.066990+00:00|2026-07-18T13:36:12.596560+00:00,157.03,180.58666666666667,3,3,True,True
ROU,2025Q3,eurostat_hicp_midx_cp00_i15_2026_02_06|eurostat_hicp_midx_cp045_i15_2010_2025_2026_02_06,2026-02-06,2026-07-18T13:22:23.066990+00:00|2026-07-18T13:36:12.596560+00:00,162.36333333333334,214.74,3,3,True,True
ROU,2025Q4,eurostat_hicp_midx_cp00_i15_2026_02_06|eurostat_hicp_midx_cp045_i15_2010_2025_2026_02_06,2026-02-06,2026-07-18T13:22:23.066990+00:00|2026-07-18T13:36:12.596560+00:00,165.58333333333334,218.24666666666667,3,3,True,True
SVK,2010Q1,eurostat_hicp_midx_cp00_i15_2010_2019_2026_02_06|eurostat_hicp_midx_cp045_i15_2010_2025_2026_02_06,2026-02-06,2026-07-18T13:36:09.327867+00:00|2026-07-18T13:36:12.596560+00:00,91.25666666666666,91.55333333333333,3,3,True,True
SVK,2010Q2,eurostat_hicp_midx_cp00_i15_2010_2019_2026_02_06|eurostat_hicp_midx_cp045_i15_2010_2025_2026_02_06,2026-02-06,2026-07-18T13:36:09.327867+00:00|2026-07-18T13:36:12.596560+00:00,91.70666666666666,91.52666666666666,3,3,True,True
SVK,2010Q3,eurostat_hicp_midx_cp00_i15_2010_2019_2026_02_06|eurostat_hicp_midx_cp045_i15_2010_2025_2026_02_06,2026-02-06,2026-07-18T13:36:09.327867+00:00|2026-07-18T13:36:12.596560+00:00,91.77,91.52666666666666,3,3,True,True
SVK,2010Q4,eurostat_hicp_midx_cp00_i15_2010_2019_2026_02_06|eurostat_hicp_midx_cp045_i15_2010_2025_2026_02_06,2026-02-06,2026-07-18T13:36:09.327867+00:00|2026-07-18T13:36:12.596560+00:00,92.00999999999999,91.61333333333334,3,3,True,True
SVK,2011Q1,eurostat_hicp_midx_cp00_i15_2010_2019_2026_02_06|eurostat_hicp_midx_cp045_i15_2010_2025_2026_02_06,2026-02-06,2026-07-18T13:36:09.327867+00:00|2026-07-18T13:36:12.596560+00:00,94.46,98.42333333333333,3,3,True,True
SVK,2011Q2,eurostat_hicp_midx_cp00_i15_2010_2019_2026_02_06|eurostat_hicp_midx_cp045_i15_2010_2025_2026_02_06,2026-02-06,2026-07-18T13:36:09.327867+00:00|2026-07-18T13:36:12.596560+00:00,95.44,98.50333333333333,3,3,True,True
SVK,2011Q3,eurostat_hicp_midx_cp00_i15_2010_2019_2026_02_06|eurostat_hicp_midx_cp045_i15_2010_2025_2026_02_06,2026-02-06,2026-07-18T13:36:09.327867+00:00|2026-07-18T13:36:12.596560+00:00,95.52,100.08666666666666,3,3,True,True
SVK,2011Q4,eurostat_hicp_midx_cp00_i15_2010_2019_2026_02_06|eurostat_hicp_midx_cp045_i15_2010_2025_2026_02_06,2026-02-06,2026-07-18T13:36:09.327867+00:00|2026-07-18T13:36:12.596560+00:00,96.29,101.41333333333334,3,3,True,True
SVK,2012Q1,eurostat_hicp_midx_cp00_i15_2010_2019_2026_02_06|eurostat_hicp_midx_cp045_i15_2010_2025_2026_02_06,2026-02-06,2026-07-18T13:36:09.327867+00:00|2026-07-18T13:36:12.596560+00:00,98.21999999999998,106.07333333333334,3,3,True,True
SVK,2012Q2,eurostat_hicp_midx_cp00_i15_2010_2019_2026_02_06|eurostat_hicp_midx_cp045_i15_2010_2025_2026_02_06,2026-02-06,2026-07-18T13:36:09.327867+00:00|2026-07-18T13:36:12.596560+00:00,98.88333333333333,104.65333333333332,3,3,True,True
SVK,2012Q3,eurostat_hicp_midx_cp00_i15_2010_2019_2026_02_06|eurostat_hicp_midx_cp045_i15_2010_2025_2026_02_06,2026-02-06,2026-07-18T13:36:09.327867+00:00|2026-07-18T13:36:12.596560+00:00,99.13666666666667,104.71666666666665,3,3,True,True
SVK,2012Q4,eurostat_hicp_midx_cp00_i15_2010_2019_2026_02_06|eurostat_hicp_midx_cp045_i15_2010_2025_2026_02_06,2026-02-06,2026-07-18T13:36:09.327867+00:00|2026-07-18T13:36:12.596560+00:00,99.75333333333333,104.78333333333335,3,3,True,True
SVK,2013Q1,eurostat_hicp_midx_cp00_i15_2010_2019_2026_02_06|eurostat_hicp_midx_cp045_i15_2010_2025_2026_02_06,2026-02-06,2026-07-18T13:36:09.327867+00:00|2026-07-18T13:36:12.596560+00:00,100.41666666666667,105.45333333333333,3,3,True,True
SVK,2013Q2,eurostat_hicp_midx_cp00_i15_2010_2019_2026_02_06|eurostat_hicp_midx_cp045_i15_2010_2025_2026_02_06,2026-02-06,2026-07-18T13:36:09.327867+00:00|2026-07-18T13:36:12.596560+00:00,100.58333333333333,104.33,3,3,True,True
SVK,2013Q3,eurostat_hicp_midx_cp00_i15_2010_2019_2026_02_06|eurostat_hicp_midx_cp045_i15_2010_2025_2026_02_06,2026-02-06,2026-07-18T13:36:09.327867+00:00|2026-07-18T13:36:12.596560+00:00,100.50999999999999,104.36,3,3,True,True
SVK,2013Q4,eurostat_hicp_midx_cp00_i15_2010_2019_2026_02_06|eurostat_hicp_midx_cp045_i15_2010_2025_2026_02_06,2026-02-06,2026-07-18T13:36:09.327867+00:00|2026-07-18T13:36:12.596560+00:00,100.28000000000002,104.37666666666667,3,3,True,True
SVK,2014Q1,eurostat_hicp_midx_cp00_i15_2010_2019_2026_02_06|eurostat_hicp_midx_cp045_i15_2010_2025_2026_02_06,2026-02-06,2026-07-18T13:36:09.327867+00:00|2026-07-18T13:36:12.596560+00:00,100.30666666666667,102.18666666666667,3,3,True,True
SVK,2014Q2,eurostat_hicp_midx_cp00_i15_2010_2019_2026_02_06|eurostat_hicp_midx_cp045_i15_2010_2025_2026_02_06,2026-02-06,2026-07-18T13:36:09.327867+00:00|2026-07-18T13:36:12.596560+00:00,100.47666666666667,102.19666666666667,3,3,True,True
SVK,2014Q3,eurostat_hicp_midx_cp00_i15_2010_2019_2026_02_06|eurostat_hicp_midx_cp045_i15_2010_2025_2026_02_06,2026-02-06,2026-07-18T13:36:09.327867+00:00|2026-07-18T13:36:12.596560+00:00,100.37,102.39666666666666,3,3,True,True
SVK,2014Q4,eurostat_hicp_midx_cp00_i15_2010_2019_2026_02_06|eurostat_hicp_midx_cp045_i15_2010_2025_2026_02_06,2026-02-06,2026-07-18T13:36:09.327867+00:00|2026-07-18T13:36:12.596560+00:00,100.22666666666667,102.79666666666667,3,3,True,True
SVK,2015Q1,eurostat_hicp_midx_cp00_i15_2010_2019_2026_02_06|eurostat_hicp_midx_cp045_i15_2010_2025_2026_02_06,2026-02-06,2026-07-18T13:36:09.327867+00:00|2026-07-18T13:36:12.596560+00:00,99.80666666666667,100.42,3,3,True,True
SVK,2015Q2,eurostat_hicp_midx_cp00_i15_2010_2019_2026_02_06|eurostat_hicp_midx_cp045_i15_2010_2025_2026_02_06,2026-02-06,2026-07-18T13:36:09.327867+00:00|2026-07-18T13:36:12.596560+00:00,100.37333333333333,100.37666666666667,3,3,True,True
SVK,2015Q3,eurostat_hicp_midx_cp00_i15_2010_2019_2026_02_06|eurostat_hicp_midx_cp045_i15_2010_2025_2026_02_06,2026-02-06,2026-07-18T13:36:09.327867+00:00|2026-07-18T13:36:12.596560+00:00,100.05,99.99000000000001,3,3,True,True
SVK,2015Q4,eurostat_hicp_midx_cp00_i15_2010_2019_2026_02_06|eurostat_hicp_midx_cp045_i15_2010_2025_2026_02_06,2026-02-06,2026-07-18T13:36:09.327867+00:00|2026-07-18T13:36:12.596560+00:00,99.77,99.21,3,3,True,True
SVK,2016Q1,eurostat_hicp_midx_cp00_i15_2010_2019_2026_02_06|eurostat_hicp_midx_cp045_i15_2010_2025_2026_02_06,2026-02-06,2026-07-18T13:36:09.327867+00:00|2026-07-18T13:36:12.596560+00:00,99.33,97.81666666666666,3,3,True,True
SVK,2016Q2,eurostat_hicp_midx_cp00_i15_2010_2019_2026_02_06|eurostat_hicp_midx_cp045_i15_2010_2025_2026_02_06,2026-02-06,2026-07-18T13:36:09.327867+00:00|2026-07-18T13:36:12.596560+00:00,99.75,97.79666666666667,3,3,True,True
SVK,2016Q3,eurostat_hicp_midx_cp00_i15_2010_2019_2026_02_06|eurostat_hicp_midx_cp045_i15_2010_2025_2026_02_06,2026-02-06,2026-07-18T13:36:09.327867+00:00|2026-07-18T13:36:12.596560+00:00,99.32666666666667,96.34999999999998,3,3,True,True
SVK,2016Q4,eurostat_hicp_midx_cp00_i15_2010_2019_2026_02_06|eurostat_hicp_midx_cp045_i15_2010_2025_2026_02_06,2026-02-06,2026-07-18T13:36:09.327867+00:00|2026-07-18T13:36:12.596560+00:00,99.66666666666667,96.36333333333334,3,3,True,True
SVK,2017Q1,eurostat_hicp_midx_cp00_i15_2010_2019_2026_02_06|eurostat_hicp_midx_cp045_i15_2010_2025_2026_02_06,2026-02-06,2026-07-18T13:36:09.327867+00:00|2026-07-18T13:36:12.596560+00:00,100.33,92.83666666666666,3,3,True,True
SVK,2017Q2,eurostat_hicp_midx_cp00_i15_2010_2019_2026_02_06|eurostat_hicp_midx_cp045_i15_2010_2025_2026_02_06,2026-02-06,2026-07-18T13:36:09.327867+00:00|2026-07-18T13:36:12.596560+00:00,100.73333333333333,92.86666666666667,3,3,True,True
SVK,2017Q3,eurostat_hicp_midx_cp00_i15_2010_2019_2026_02_06|eurostat_hicp_midx_cp045_i15_2010_2025_2026_02_06,2026-02-06,2026-07-18T13:36:09.327867+00:00|2026-07-18T13:36:12.596560+00:00,100.93333333333334,92.90666666666668,3,3,True,True
SVK,2017Q4,eurostat_hicp_midx_cp00_i15_2010_2019_2026_02_06|eurostat_hicp_midx_cp045_i15_2010_2025_2026_02_06,2026-02-06,2026-07-18T13:36:09.327867+00:00|2026-07-18T13:36:12.596560+00:00,101.61333333333334,92.98,3,3,True,True
SVK,2018Q1,eurostat_hicp_midx_cp00_i15_2010_2019_2026_02_06|eurostat_hicp_midx_cp045_i15_2010_2025_2026_02_06,2026-02-06,2026-07-18T13:36:09.327867+00:00|2026-07-18T13:36:12.596560+00:00,102.76333333333334,94.24333333333334,3,3,True,True
SVK,2018Q2,eurostat_hicp_midx_cp00_i15_2010_2019_2026_02_06|eurostat_hicp_midx_cp045_i15_2010_2025_2026_02_06,2026-02-06,2026-07-18T13:36:09.327867+00:00|2026-07-18T13:36:12.596560+00:00,103.61,94.32666666666667,3,3,True,True
SVK,2018Q3,eurostat_hicp_midx_cp00_i15_2010_2019_2026_02_06|eurostat_hicp_midx_cp045_i15_2010_2025_2026_02_06,2026-02-06,2026-07-18T13:36:09.327867+00:00|2026-07-18T13:36:12.596560+00:00,103.70333333333333,94.48,3,3,True,True
SVK,2018Q4,eurostat_hicp_midx_cp00_i15_2010_2019_2026_02_06|eurostat_hicp_midx_cp045_i15_2010_2025_2026_02_06,2026-02-06,2026-07-18T13:36:09.327867+00:00|2026-07-18T13:36:12.596560+00:00,103.75666666666666,95.37,3,3,True,True
SVK,2019Q1,eurostat_hicp_midx_cp00_i15_2010_2019_2026_02_06|eurostat_hicp_midx_cp045_i15_2010_2025_2026_02_06,2026-02-06,2026-07-18T13:36:09.327867+00:00|2026-07-18T13:36:12.596560+00:00,105.24333333333334,100.33999999999999,3,3,True,True
SVK,2019Q2,eurostat_hicp_midx_cp00_i15_2010_2019_2026_02_06|eurostat_hicp_midx_cp045_i15_2010_2025_2026_02_06,2026-02-06,2026-07-18T13:36:09.327867+00:00|2026-07-18T13:36:12.596560+00:00,106.29666666666667,100.35666666666667,3,3,True,True
SVK,2019Q3,eurostat_hicp_midx_cp00_i15_2010_2019_2026_02_06|eurostat_hicp_midx_cp045_i15_2010_2025_2026_02_06,2026-02-06,2026-07-18T13:36:09.327867+00:00|2026-07-18T13:36:12.596560+00:00,106.82666666666667,100.33666666666666,3,3,True,True
SVK,2019Q4,eurostat_hicp_midx_cp00_i15_2010_2019_2026_02_06|eurostat_hicp_midx_cp045_i15_2010_2025_2026_02_06,2026-02-06,2026-07-18T13:36:09.327867+00:00|2026-07-18T13:36:12.596560+00:00,106.93666666666667,100.5,3,3,True,True
SVK,2020Q1,eurostat_hicp_midx_cp00_i15_2026_02_06|eurostat_hicp_midx_cp045_i15_2010_2025_2026_02_06,2026-02-06,2026-07-18T13:22:23.066990+00:00|2026-07-18T13:36:12.596560+00:00,108.31333333333333,104.13666666666666,3,3,True,True
SVK,2020Q2,eurostat_hicp_midx_cp00_i15_2026_02_06|eurostat_hicp_midx_cp045_i15_2010_2025_2026_02_06,2026-02-06,2026-07-18T13:22:23.066990+00:00|2026-07-18T13:36:12.596560+00:00,108.43333333333334,104.13,3,3,True,True
SVK,2020Q3,eurostat_hicp_midx_cp00_i15_2026_02_06|eurostat_hicp_midx_cp045_i15_2010_2025_2026_02_06,2026-02-06,2026-07-18T13:22:23.066990+00:00|2026-07-18T13:36:12.596560+00:00,108.46666666666665,104.15333333333335,3,3,True,True
SVK,2020Q4,eurostat_hicp_midx_cp00_i15_2026_02_06|eurostat_hicp_midx_cp045_i15_2010_2025_2026_02_06,2026-02-06,2026-07-18T13:22:23.066990+00:00|2026-07-18T13:36:12.596560+00:00,108.65666666666668,104.26666666666667,3,3,True,True
SVK,2021Q1,eurostat_hicp_midx_cp00_i15_2026_02_06|eurostat_hicp_midx_cp045_i15_2010_2025_2026_02_06,2026-02-06,2026-07-18T13:22:23.066990+00:00|2026-07-18T13:36:12.596560+00:00,109.41333333333334,99.31666666666666,3,3,True,True
SVK,2021Q2,eurostat_hicp_midx_cp00_i15_2026_02_06|eurostat_hicp_midx_cp045_i15_2010_2025_2026_02_06,2026-02-06,2026-07-18T13:22:23.066990+00:00|2026-07-18T13:36:12.596560+00:00,110.69,99.38333333333333,3,3,True,True
SVK,2021Q3,eurostat_hicp_midx_cp00_i15_2026_02_06|eurostat_hicp_midx_cp045_i15_2010_2025_2026_02_06,2026-02-06,2026-07-18T13:22:23.066990+00:00|2026-07-18T13:36:12.596560+00:00,112.16333333333334,99.58999999999999,3,3,True,True
SVK,2021Q4,eurostat_hicp_midx_cp00_i15_2026_02_06|eurostat_hicp_midx_cp045_i15_2010_2025_2026_02_06,2026-02-06,2026-07-18T13:22:23.066990+00:00|2026-07-18T13:36:12.596560+00:00,113.83666666666666,100.04666666666667,3,3,True,True
SVK,2022Q1,eurostat_hicp_midx_cp00_i15_2026_02_06|eurostat_hicp_midx_cp045_i15_2010_2025_2026_02_06,2026-02-06,2026-07-18T13:22:23.066990+00:00|2026-07-18T13:36:12.596560+00:00,118.72000000000001,113.71333333333332,3,3,True,True
SVK,2022Q2,eurostat_hicp_midx_cp00_i15_2026_02_06|eurostat_hicp_midx_cp045_i15_2010_2025_2026_02_06,2026-02-06,2026-07-18T13:22:23.066990+00:00|2026-07-18T13:36:12.596560+00:00,123.69666666666666,114.94,3,3,True,True
SVK,2022Q3,eurostat_hicp_midx_cp00_i15_2026_02_06|eurostat_hicp_midx_cp045_i15_2010_2025_2026_02_06,2026-02-06,2026-07-18T13:22:23.066990+00:00|2026-07-18T13:36:12.596560+00:00,127.03666666666668,116.39,3,3,True,True
SVK,2022Q4,eurostat_hicp_midx_cp00_i15_2026_02_06|eurostat_hicp_midx_cp045_i15_2010_2025_2026_02_06,2026-02-06,2026-07-18T13:22:23.066990+00:00|2026-07-18T13:36:12.596560+00:00,130.74666666666667,119.21666666666665,3,3,True,True
SVK,2023Q1,eurostat_hicp_midx_cp00_i15_2026_02_06|eurostat_hicp_midx_cp045_i15_2010_2025_2026_02_06,2026-02-06,2026-07-18T13:22:23.066990+00:00|2026-07-18T13:36:12.596560+00:00,136.65,129.84333333333333,3,3,True,True
SVK,2023Q2,eurostat_hicp_midx_cp00_i15_2026_02_06|eurostat_hicp_midx_cp045_i15_2010_2025_2026_02_06,2026-02-06,2026-07-18T13:22:23.066990+00:00|2026-07-18T13:36:12.596560+00:00,139.20666666666668,129.63333333333333,3,3,True,True
SVK,2023Q3,eurostat_hicp_midx_cp00_i15_2026_02_06|eurostat_hicp_midx_cp045_i15_2010_2025_2026_02_06,2026-02-06,2026-07-18T13:22:23.066990+00:00|2026-07-18T13:36:12.596560+00:00,139.28666666666666,128.96666666666667,3,3,True,True
SVK,2023Q4,eurostat_hicp_midx_cp00_i15_2026_02_06|eurostat_hicp_midx_cp045_i15_2010_2025_2026_02_06,2026-02-06,2026-07-18T13:22:23.066990+00:00|2026-07-18T13:36:12.596560+00:00,139.99666666666667,128.91333333333333,3,3,True,True
SVK,2024Q1,eurostat_hicp_midx_cp00_i15_2026_02_06|eurostat_hicp_midx_cp045_i15_2010_2025_2026_02_06,2026-02-06,2026-07-18T13:22:23.066990+00:00|2026-07-18T13:36:12.596560+00:00,141.61333333333334,128.09333333333333,3,3,True,True
SVK,2024Q2,eurostat_hicp_midx_cp00_i15_2026_02_06|eurostat_hicp_midx_cp045_i15_2010_2025_2026_02_06,2026-02-06,2026-07-18T13:22:23.066990+00:00|2026-07-18T13:36:12.596560+00:00,142.67999999999998,128.54,3,3,True,True
SVK,2024Q3,eurostat_hicp_midx_cp00_i15_2026_02_06|eurostat_hicp_midx_cp045_i15_2010_2025_2026_02_06,2026-02-06,2026-07-18T13:22:23.066990+00:00|2026-07-18T13:36:12.596560+00:00,143.54,128.53333333333333,3,3,True,True
SVK,2024Q4,eurostat_hicp_midx_cp00_i15_2026_02_06|eurostat_hicp_midx_cp045_i15_2010_2025_2026_02_06,2026-02-06,2026-07-18T13:22:23.066990+00:00|2026-07-18T13:36:12.596560+00:00,144.82666666666668,128.51,3,3,True,True
SVK,2025Q1,eurostat_hicp_midx_cp00_i15_2026_02_06|eurostat_hicp_midx_cp045_i15_2010_2025_2026_02_06,2026-02-06,2026-07-18T13:22:23.066990+00:00|2026-07-18T13:36:12.596560+00:00,147.53666666666666,129.88333333333333,3,3,True,True
SVK,2025Q2,eurostat_hicp_midx_cp00_i15_2026_02_06|eurostat_hicp_midx_cp045_i15_2010_2025_2026_02_06,2026-02-06,2026-07-18T13:22:23.066990+00:00|2026-07-18T13:36:12.596560+00:00,148.79666666666665,129.78333333333333,3,3,True,True
SVK,2025Q3,eurostat_hicp_midx_cp00_i15_2026_02_06|eurostat_hicp_midx_cp045_i15_2010_2025_2026_02_06,2026-02-06,2026-07-18T13:22:23.066990+00:00|2026-07-18T13:36:12.596560+00:00,150.04666666666665,129.98,3,3,True,True
SVK,2025Q4,eurostat_hicp_midx_cp00_i15_2026_02_06|eurostat_hicp_midx_cp045_i15_2010_2025_2026_02_06,2026-02-06,2026-07-18T13:22:23.066990+00:00|2026-07-18T13:36:12.596560+00:00,150.55333333333334,130.14666666666668,3,3,True,True
SVN,2010Q1,eurostat_hicp_midx_cp00_i15_2010_2019_2026_02_06|eurostat_hicp_midx_cp045_i15_2010_2025_2026_02_06,2026-02-06,2026-07-18T13:36:09.327867+00:00|2026-07-18T13:36:12.596560+00:00,92.44666666666667,84.11666666666667,3,3,True,True
SVN,2010Q2,eurostat_hicp_midx_cp00_i15_2010_2019_2026_02_06|eurostat_hicp_midx_cp045_i15_2010_2025_2026_02_06,2026-02-06,2026-07-18T13:36:09.327867+00:00|2026-07-18T13:36:12.596560+00:00,94.52666666666666,87.73666666666666,3,3,True,True
SVN,2010Q3,eurostat_hicp_midx_cp00_i15_2010_2019_2026_02_06|eurostat_hicp_midx_cp045_i15_2010_2025_2026_02_06,2026-02-06,2026-07-18T13:36:09.327867+00:00|2026-07-18T13:36:12.596560+00:00,94.16666666666667,89.23666666666666,3,3,True,True
SVN,2010Q4,eurostat_hicp_midx_cp00_i15_2010_2019_2026_02_06|eurostat_hicp_midx_cp045_i15_2010_2025_2026_02_06,2026-02-06,2026-07-18T13:36:09.327867+00:00|2026-07-18T13:36:12.596560+00:00,94.29666666666667,89.84666666666665,3,3,True,True
SVN,2011Q1,eurostat_hicp_midx_cp00_i15_2010_2019_2026_02_06|eurostat_hicp_midx_cp045_i15_2010_2025_2026_02_06,2026-02-06,2026-07-18T13:36:09.327867+00:00|2026-07-18T13:36:12.596560+00:00,94.51333333333332,94.46999999999998,3,3,True,True
SVN,2011Q2,eurostat_hicp_midx_cp00_i15_2010_2019_2026_02_06|eurostat_hicp_midx_cp045_i15_2010_2025_2026_02_06,2026-02-06,2026-07-18T13:36:09.327867+00:00|2026-07-18T13:36:12.596560+00:00,96.40333333333332,96.30666666666667,3,3,True,True
SVN,2011Q3,eurostat_hicp_midx_cp00_i15_2010_2019_2026_02_06|eurostat_hicp_midx_cp045_i15_2010_2025_2026_02_06,2026-02-06,2026-07-18T13:36:09.327867+00:00|2026-07-18T13:36:12.596560+00:00,95.58333333333333,96.91666666666667,3,3,True,True
SVN,2011Q4,eurostat_hicp_midx_cp00_i15_2010_2019_2026_02_06|eurostat_hicp_midx_cp045_i15_2010_2025_2026_02_06,2026-02-06,2026-07-18T13:36:09.327867+00:00|2026-07-18T13:36:12.596560+00:00,96.73333333333333,97.94666666666666,3,3,True,True
SVN,2012Q1,eurostat_hicp_midx_cp00_i15_2010_2019_2026_02_06|eurostat_hicp_midx_cp045_i15_2010_2025_2026_02_06,2026-02-06,2026-07-18T13:36:09.327867+00:00|2026-07-18T13:36:12.596560+00:00,96.88,101.41666666666667,3,3,True,True
SVN,2012Q2,eurostat_hicp_midx_cp00_i15_2010_2019_2026_02_06|eurostat_hicp_midx_cp045_i15_2010_2025_2026_02_06,2026-02-06,2026-07-18T13:36:09.327867+00:00|2026-07-18T13:36:12.596560+00:00,98.86,101.87666666666667,3,3,True,True
SVN,2012Q3,eurostat_hicp_midx_cp00_i15_2010_2019_2026_02_06|eurostat_hicp_midx_cp045_i15_2010_2025_2026_02_06,2026-02-06,2026-07-18T13:36:09.327867+00:00|2026-07-18T13:36:12.596560+00:00,98.58666666666666,103.25666666666666,3,3,True,True
SVN,2012Q4,eurostat_hicp_midx_cp00_i15_2010_2019_2026_02_06|eurostat_hicp_midx_cp045_i15_2010_2025_2026_02_06,2026-02-06,2026-07-18T13:36:09.327867+00:00|2026-07-18T13:36:12.596560+00:00,99.67333333333333,101.01666666666667,3,3,True,True
SVN,2013Q1,eurostat_hicp_midx_cp00_i15_2010_2019_2026_02_06|eurostat_hicp_midx_cp045_i15_2010_2025_2026_02_06,2026-02-06,2026-07-18T13:36:09.327867+00:00|2026-07-18T13:36:12.596560+00:00,99.46,103.89999999999999,3,3,True,True
SVN,2013Q2,eurostat_hicp_midx_cp00_i15_2010_2019_2026_02_06|eurostat_hicp_midx_cp045_i15_2010_2025_2026_02_06,2026-02-06,2026-07-18T13:36:09.327867+00:00|2026-07-18T13:36:12.596560+00:00,100.64,103.89999999999999,3,3,True,True
SVN,2013Q3,eurostat_hicp_midx_cp00_i15_2010_2019_2026_02_06|eurostat_hicp_midx_cp045_i15_2010_2025_2026_02_06,2026-02-06,2026-07-18T13:36:09.327867+00:00|2026-07-18T13:36:12.596560+00:00,100.74000000000001,104.96999999999998,3,3,True,True
SVN,2013Q4,eurostat_hicp_midx_cp00_i15_2010_2019_2026_02_06|eurostat_hicp_midx_cp045_i15_2010_2025_2026_02_06,2026-02-06,2026-07-18T13:36:09.327867+00:00|2026-07-18T13:36:12.596560+00:00,100.76333333333334,104.88,3,3,True,True
SVN,2014Q1,eurostat_hicp_midx_cp00_i15_2010_2019_2026_02_06|eurostat_hicp_midx_cp045_i15_2010_2025_2026_02_06,2026-02-06,2026-07-18T13:36:09.327867+00:00|2026-07-18T13:36:12.596560+00:00,100.02333333333333,103.98666666666668,3,3,True,True
SVN,2014Q2,eurostat_hicp_midx_cp00_i15_2010_2019_2026_02_06|eurostat_hicp_midx_cp045_i15_2010_2025_2026_02_06,2026-02-06,2026-07-18T13:36:09.327867+00:00|2026-07-18T13:36:12.596560+00:00,101.48,104.16000000000001,3,3,True,True
SVN,2014Q3,eurostat_hicp_midx_cp00_i15_2010_2019_2026_02_06|eurostat_hicp_midx_cp045_i15_2010_2025_2026_02_06,2026-02-06,2026-07-18T13:36:09.327867+00:00|2026-07-18T13:36:12.596560+00:00,100.80666666666667,104.08999999999999,3,3,True,True
SVN,2014Q4,eurostat_hicp_midx_cp00_i15_2010_2019_2026_02_06|eurostat_hicp_midx_cp045_i15_2010_2025_2026_02_06,2026-02-06,2026-07-18T13:36:09.327867+00:00|2026-07-18T13:36:12.596560+00:00,100.76333333333332,103.13333333333333,3,3,True,True
SVN,2015Q1,eurostat_hicp_midx_cp00_i15_2010_2019_2026_02_06|eurostat_hicp_midx_cp045_i15_2010_2025_2026_02_06,2026-02-06,2026-07-18T13:36:09.327867+00:00|2026-07-18T13:36:12.596560+00:00,99.47333333333331,99.94666666666667,3,3,True,True
SVN,2015Q2,eurostat_hicp_midx_cp00_i15_2010_2019_2026_02_06|eurostat_hicp_midx_cp045_i15_2010_2025_2026_02_06,2026-02-06,2026-07-18T13:36:09.327867+00:00|2026-07-18T13:36:12.596560+00:00,100.62,100.27666666666666,3,3,True,True
SVN,2015Q3,eurostat_hicp_midx_cp00_i15_2010_2019_2026_02_06|eurostat_hicp_midx_cp045_i15_2010_2025_2026_02_06,2026-02-06,2026-07-18T13:36:09.327867+00:00|2026-07-18T13:36:12.596560+00:00,100.03333333333335,100.13999999999999,3,3,True,True
SVN,2015Q4,eurostat_hicp_midx_cp00_i15_2010_2019_2026_02_06|eurostat_hicp_midx_cp045_i15_2010_2025_2026_02_06,2026-02-06,2026-07-18T13:36:09.327867+00:00|2026-07-18T13:36:12.596560+00:00,99.87,99.63666666666666,3,3,True,True
SVN,2016Q1,eurostat_hicp_midx_cp00_i15_2010_2019_2026_02_06|eurostat_hicp_midx_cp045_i15_2010_2025_2026_02_06,2026-02-06,2026-07-18T13:36:09.327867+00:00|2026-07-18T13:36:12.596560+00:00,98.61333333333333,96.71333333333332,3,3,True,True
SVN,2016Q2,eurostat_hicp_midx_cp00_i15_2010_2019_2026_02_06|eurostat_hicp_midx_cp045_i15_2010_2025_2026_02_06,2026-02-06,2026-07-18T13:36:09.327867+00:00|2026-07-18T13:36:12.596560+00:00,100.22333333333334,96.99000000000001,3,3,True,True
SVN,2016Q3,eurostat_hicp_midx_cp00_i15_2010_2019_2026_02_06|eurostat_hicp_midx_cp045_i15_2010_2025_2026_02_06,2026-02-06,2026-07-18T13:36:09.327867+00:00|2026-07-18T13:36:12.596560+00:00,100.01666666666667,97.48333333333333,3,3,True,True
SVN,2016Q4,eurostat_hicp_midx_cp00_i15_2010_2019_2026_02_06|eurostat_hicp_midx_cp045_i15_2010_2025_2026_02_06,2026-02-06,2026-07-18T13:36:09.327867+00:00|2026-07-18T13:36:12.596560+00:00,100.53000000000002,97.57666666666667,3,3,True,True
SVN,2017Q1,eurostat_hicp_midx_cp00_i15_2010_2019_2026_02_06|eurostat_hicp_midx_cp045_i15_2010_2025_2026_02_06,2026-02-06,2026-07-18T13:36:09.327867+00:00|2026-07-18T13:36:12.596560+00:00,100.58999999999999,98.79,3,3,True,True
SVN,2017Q2,eurostat_hicp_midx_cp00_i15_2010_2019_2026_02_06|eurostat_hicp_midx_cp045_i15_2010_2025_2026_02_06,2026-02-06,2026-07-18T13:36:09.327867+00:00|2026-07-18T13:36:12.596560+00:00,101.60000000000001,98.60333333333334,3,3,True,True
SVN,2017Q3,eurostat_hicp_midx_cp00_i15_2010_2019_2026_02_06|eurostat_hicp_midx_cp045_i15_2010_2025_2026_02_06,2026-02-06,2026-07-18T13:36:09.327867+00:00|2026-07-18T13:36:12.596560+00:00,101.33666666666666,98.27666666666669,3,3,True,True
SVN,2017Q4,eurostat_hicp_midx_cp00_i15_2010_2019_2026_02_06|eurostat_hicp_midx_cp045_i15_2010_2025_2026_02_06,2026-02-06,2026-07-18T13:36:09.327867+00:00|2026-07-18T13:36:12.596560+00:00,102.07333333333334,100.27,3,3,True,True
SVN,2018Q1,eurostat_hicp_midx_cp00_i15_2010_2019_2026_02_06|eurostat_hicp_midx_cp045_i15_2010_2025_2026_02_06,2026-02-06,2026-07-18T13:36:09.327867+00:00|2026-07-18T13:36:12.596560+00:00,102.13,102.94333333333333,3,3,True,True
SVN,2018Q2,eurostat_hicp_midx_cp00_i15_2010_2019_2026_02_06|eurostat_hicp_midx_cp045_i15_2010_2025_2026_02_06,2026-02-06,2026-07-18T13:36:09.327867+00:00|2026-07-18T13:36:12.596560+00:00,103.78000000000002,103.5,3,3,True,True
SVN,2018Q3,eurostat_hicp_midx_cp00_i15_2010_2019_2026_02_06|eurostat_hicp_midx_cp045_i15_2010_2025_2026_02_06,2026-02-06,2026-07-18T13:36:09.327867+00:00|2026-07-18T13:36:12.596560+00:00,103.46666666666665,104.88,3,3,True,True
SVN,2018Q4,eurostat_hicp_midx_cp00_i15_2010_2019_2026_02_06|eurostat_hicp_midx_cp045_i15_2010_2025_2026_02_06,2026-02-06,2026-07-18T13:36:09.327867+00:00|2026-07-18T13:36:12.596560+00:00,104.06666666666666,108.77,3,3,True,True
SVN,2019Q1,eurostat_hicp_midx_cp00_i15_2010_2019_2026_02_06|eurostat_hicp_midx_cp045_i15_2010_2025_2026_02_06,2026-02-06,2026-07-18T13:36:09.327867+00:00|2026-07-18T13:36:12.596560+00:00,103.50333333333333,108.54666666666667,3,3,True,True
SVN,2019Q2,eurostat_hicp_midx_cp00_i15_2010_2019_2026_02_06|eurostat_hicp_midx_cp045_i15_2010_2025_2026_02_06,2026-02-06,2026-07-18T13:36:09.327867+00:00|2026-07-18T13:36:12.596560+00:00,105.59333333333332,109.03333333333335,3,3,True,True
SVN,2019Q3,eurostat_hicp_midx_cp00_i15_2010_2019_2026_02_06|eurostat_hicp_midx_cp045_i15_2010_2025_2026_02_06,2026-02-06,2026-07-18T13:36:09.327867+00:00|2026-07-18T13:36:12.596560+00:00,105.60333333333334,108.47666666666667,3,3,True,True
SVN,2019Q4,eurostat_hicp_midx_cp00_i15_2010_2019_2026_02_06|eurostat_hicp_midx_cp045_i15_2010_2025_2026_02_06,2026-02-06,2026-07-18T13:36:09.327867+00:00|2026-07-18T13:36:12.596560+00:00,105.74,109.58333333333333,3,3,True,True
SVN,2020Q1,eurostat_hicp_midx_cp00_i15_2026_02_06|eurostat_hicp_midx_cp045_i15_2010_2025_2026_02_06,2026-02-06,2026-07-18T13:22:23.066990+00:00|2026-07-18T13:36:12.596560+00:00,105.20666666666666,104.55,3,3,True,True
SVN,2020Q2,eurostat_hicp_midx_cp00_i15_2026_02_06|eurostat_hicp_midx_cp045_i15_2010_2025_2026_02_06,2026-02-06,2026-07-18T13:22:23.066990+00:00|2026-07-18T13:36:12.596560+00:00,104.35666666666667,95.08999999999999,3,3,True,True
SVN,2020Q3,eurostat_hicp_midx_cp00_i15_2026_02_06|eurostat_hicp_midx_cp045_i15_2010_2025_2026_02_06,2026-02-06,2026-07-18T13:22:23.066990+00:00|2026-07-18T13:36:12.596560+00:00,104.97333333333331,105.72333333333334,3,3,True,True
SVN,2020Q4,eurostat_hicp_midx_cp00_i15_2026_02_06|eurostat_hicp_midx_cp045_i15_2010_2025_2026_02_06,2026-02-06,2026-07-18T13:22:23.066990+00:00|2026-07-18T13:36:12.596560+00:00,104.74666666666667,104.64999999999999,3,3,True,True
SVN,2021Q1,eurostat_hicp_midx_cp00_i15_2026_02_06|eurostat_hicp_midx_cp045_i15_2010_2025_2026_02_06,2026-02-06,2026-07-18T13:22:23.066990+00:00|2026-07-18T13:36:12.596560+00:00,104.55,105.31666666666666,3,3,True,True
SVN,2021Q2,eurostat_hicp_midx_cp00_i15_2026_02_06|eurostat_hicp_midx_cp045_i15_2010_2025_2026_02_06,2026-02-06,2026-07-18T13:22:23.066990+00:00|2026-07-18T13:36:12.596560+00:00,106.5,107.64999999999999,3,3,True,True
SVN,2021Q3,eurostat_hicp_midx_cp00_i15_2026_02_06|eurostat_hicp_midx_cp045_i15_2010_2025_2026_02_06,2026-02-06,2026-07-18T13:22:23.066990+00:00|2026-07-18T13:36:12.596560+00:00,107.33666666666666,109.43,3,3,True,True
SVN,2021Q4,eurostat_hicp_midx_cp00_i15_2026_02_06|eurostat_hicp_midx_cp045_i15_2010_2025_2026_02_06,2026-02-06,2026-07-18T13:22:23.066990+00:00|2026-07-18T13:36:12.596560+00:00,109.48,115.28000000000002,3,3,True,True
SVN,2022Q1,eurostat_hicp_midx_cp00_i15_2026_02_06|eurostat_hicp_midx_cp045_i15_2010_2025_2026_02_06,2026-02-06,2026-07-18T13:22:23.066990+00:00|2026-07-18T13:36:12.596560+00:00,111.17,116.93666666666667,3,3,True,True
SVN,2022Q2,eurostat_hicp_midx_cp00_i15_2026_02_06|eurostat_hicp_midx_cp045_i15_2010_2025_2026_02_06,2026-02-06,2026-07-18T13:22:23.066990+00:00|2026-07-18T13:36:12.596560+00:00,116.05,128.15,3,3,True,True
SVN,2022Q3,eurostat_hicp_midx_cp00_i15_2026_02_06|eurostat_hicp_midx_cp045_i15_2010_2025_2026_02_06,2026-02-06,2026-07-18T13:22:23.066990+00:00|2026-07-18T13:36:12.596560+00:00,119.43666666666667,149.44,3,3,True,True
SVN,2022Q4,eurostat_hicp_midx_cp00_i15_2026_02_06|eurostat_hicp_midx_cp045_i15_2010_2025_2026_02_06,2026-02-06,2026-07-18T13:22:23.066990+00:00|2026-07-18T13:36:12.596560+00:00,121.09333333333332,144.3033333333333,3,3,True,True
SVN,2023Q1,eurostat_hicp_midx_cp00_i15_2026_02_06|eurostat_hicp_midx_cp045_i15_2010_2025_2026_02_06,2026-02-06,2026-07-18T13:22:23.066990+00:00|2026-07-18T13:36:12.596560+00:00,122.18666666666667,139.93,3,3,True,True
SVN,2023Q2,eurostat_hicp_midx_cp00_i15_2026_02_06|eurostat_hicp_midx_cp045_i15_2010_2025_2026_02_06,2026-02-06,2026-07-18T13:22:23.066990+00:00|2026-07-18T13:36:12.596560+00:00,125.27333333333333,142.16333333333333,3,3,True,True
SVN,2023Q3,eurostat_hicp_midx_cp00_i15_2026_02_06|eurostat_hicp_midx_cp045_i15_2010_2025_2026_02_06,2026-02-06,2026-07-18T13:22:23.066990+00:00|2026-07-18T13:36:12.596560+00:00,126.94333333333333,154.15666666666667,3,3,True,True
SVN,2023Q4,eurostat_hicp_midx_cp00_i15_2026_02_06|eurostat_hicp_midx_cp045_i15_2010_2025_2026_02_06,2026-02-06,2026-07-18T13:22:23.066990+00:00|2026-07-18T13:36:12.596560+00:00,127.11000000000001,146.76666666666668,3,3,True,True
SVN,2024Q1,eurostat_hicp_midx_cp00_i15_2026_02_06|eurostat_hicp_midx_cp045_i15_2010_2025_2026_02_06,2026-02-06,2026-07-18T13:22:23.066990+00:00|2026-07-18T13:36:12.596560+00:00,126.31666666666666,142.33,3,3,True,True
SVN,2024Q2,eurostat_hicp_midx_cp00_i15_2026_02_06|eurostat_hicp_midx_cp045_i15_2010_2025_2026_02_06,2026-02-06,2026-07-18T13:22:23.066990+00:00|2026-07-18T13:36:12.596560+00:00,128.24333333333334,140.98333333333335,3,3,True,True
SVN,2024Q3,eurostat_hicp_midx_cp00_i15_2026_02_06|eurostat_hicp_midx_cp045_i15_2010_2025_2026_02_06,2026-02-06,2026-07-18T13:22:23.066990+00:00|2026-07-18T13:36:12.596560+00:00,128.28,139.5,3,3,True,True
SVN,2024Q4,eurostat_hicp_midx_cp00_i15_2026_02_06|eurostat_hicp_midx_cp045_i15_2010_2025_2026_02_06,2026-02-06,2026-07-18T13:22:23.066990+00:00|2026-07-18T13:36:12.596560+00:00,128.63666666666666,136.71333333333334,3,3,True,True
SVN,2025Q1,eurostat_hicp_midx_cp00_i15_2026_02_06|eurostat_hicp_midx_cp045_i15_2010_2025_2026_02_06,2026-02-06,2026-07-18T13:22:23.066990+00:00|2026-07-18T13:36:12.596560+00:00,129.0,133.38666666666666,3,3,True,True
SVN,2025Q2,eurostat_hicp_midx_cp00_i15_2026_02_06|eurostat_hicp_midx_cp045_i15_2010_2025_2026_02_06,2026-02-06,2026-07-18T13:22:23.066990+00:00|2026-07-18T13:36:12.596560+00:00,131.10333333333332,132.68333333333334,3,3,True,True
SVN,2025Q3,eurostat_hicp_midx_cp00_i15_2026_02_06|eurostat_hicp_midx_cp045_i15_2010_2025_2026_02_06,2026-02-06,2026-07-18T13:22:23.066990+00:00|2026-07-18T13:36:12.596560+00:00,131.98,137.51333333333332,3,3,True,True
SVN,2025Q4,eurostat_hicp_midx_cp00_i15_2026_02_06|eurostat_hicp_midx_cp045_i15_2010_2025_2026_02_06,2026-02-06,2026-07-18T13:22:23.066990+00:00|2026-07-18T13:36:12.596560+00:00,132.08,144.21666666666667,3,3,True,True
SWE,2010Q1,eurostat_hicp_midx_cp00_i15_2010_2019_2026_02_06|eurostat_hicp_midx_cp045_i15_2010_2025_2026_02_06,2026-02-06,2026-07-18T13:36:09.327867+00:00|2026-07-18T13:36:12.596560+00:00,96.00666666666666,109.08999999999999,3,3,True,True
SWE,2010Q2,eurostat_hicp_midx_cp00_i15_2010_2019_2026_02_06|eurostat_hicp_midx_cp045_i15_2010_2025_2026_02_06,2026-02-06,2026-07-18T13:36:09.327867+00:00|2026-07-18T13:36:12.596560+00:00,96.33333333333333,104.07000000000001,3,3,True,True
SWE,2010Q3,eurostat_hicp_midx_cp00_i15_2010_2019_2026_02_06|eurostat_hicp_midx_cp045_i15_2010_2025_2026_02_06,2026-02-06,2026-07-18T13:36:09.327867+00:00|2026-07-18T13:36:12.596560+00:00,96.12333333333333,105.17333333333333,3,3,True,True
SWE,2010Q4,eurostat_hicp_midx_cp00_i15_2010_2019_2026_02_06|eurostat_hicp_midx_cp045_i15_2010_2025_2026_02_06,2026-02-06,2026-07-18T13:36:09.327867+00:00|2026-07-18T13:36:12.596560+00:00,97.25999999999999,109.58666666666666,3,3,True,True
SWE,2011Q1,eurostat_hicp_midx_cp00_i15_2010_2019_2026_02_06|eurostat_hicp_midx_cp045_i15_2010_2025_2026_02_06,2026-02-06,2026-07-18T13:36:09.327867+00:00|2026-07-18T13:36:12.596560+00:00,97.28666666666668,112.66333333333334,3,3,True,True
SWE,2011Q2,eurostat_hicp_midx_cp00_i15_2010_2019_2026_02_06|eurostat_hicp_midx_cp045_i15_2010_2025_2026_02_06,2026-02-06,2026-07-18T13:36:09.327867+00:00|2026-07-18T13:36:12.596560+00:00,97.94,109.80666666666667,3,3,True,True
SWE,2011Q3,eurostat_hicp_midx_cp00_i15_2010_2019_2026_02_06|eurostat_hicp_midx_cp045_i15_2010_2025_2026_02_06,2026-02-06,2026-07-18T13:36:09.327867+00:00|2026-07-18T13:36:12.596560+00:00,97.65666666666668,107.11,3,3,True,True
SWE,2011Q4,eurostat_hicp_midx_cp00_i15_2010_2019_2026_02_06|eurostat_hicp_midx_cp045_i15_2010_2025_2026_02_06,2026-02-06,2026-07-18T13:36:09.327867+00:00|2026-07-18T13:36:12.596560+00:00,98.10333333333334,107.26333333333332,3,3,True,True
SWE,2012Q1,eurostat_hicp_midx_cp00_i15_2010_2019_2026_02_06|eurostat_hicp_midx_cp045_i15_2010_2025_2026_02_06,2026-02-06,2026-07-18T13:36:09.327867+00:00|2026-07-18T13:36:12.596560+00:00,98.19666666666667,108.53333333333335,3,3,True,True
SWE,2012Q2,eurostat_hicp_midx_cp00_i15_2010_2019_2026_02_06|eurostat_hicp_midx_cp045_i15_2010_2025_2026_02_06,2026-02-06,2026-07-18T13:36:09.327867+00:00|2026-07-18T13:36:12.596560+00:00,98.86,105.75999999999999,3,3,True,True
SWE,2012Q3,eurostat_hicp_midx_cp00_i15_2010_2019_2026_02_06|eurostat_hicp_midx_cp045_i15_2010_2025_2026_02_06,2026-02-06,2026-07-18T13:36:09.327867+00:00|2026-07-18T13:36:12.596560+00:00,98.51333333333334,103.55333333333333,3,3,True,True
SWE,2012Q4,eurostat_hicp_midx_cp00_i15_2010_2019_2026_02_06|eurostat_hicp_midx_cp045_i15_2010_2025_2026_02_06,2026-02-06,2026-07-18T13:36:09.327867+00:00|2026-07-18T13:36:12.596560+00:00,99.08333333333333,105.80666666666667,3,3,True,True
SWE,2013Q1,eurostat_hicp_midx_cp00_i15_2010_2019_2026_02_06|eurostat_hicp_midx_cp045_i15_2010_2025_2026_02_06,2026-02-06,2026-07-18T13:36:09.327867+00:00|2026-07-18T13:36:12.596560+00:00,98.73666666666668,107.30333333333333,3,3,True,True
SWE,2013Q2,eurostat_hicp_midx_cp00_i15_2010_2019_2026_02_06|eurostat_hicp_midx_cp045_i15_2010_2025_2026_02_06,2026-02-06,2026-07-18T13:36:09.327867+00:00|2026-07-18T13:36:12.596560+00:00,99.11666666666667,105.18666666666667,3,3,True,True
SWE,2013Q3,eurostat_hicp_midx_cp00_i15_2010_2019_2026_02_06|eurostat_hicp_midx_cp045_i15_2010_2025_2026_02_06,2026-02-06,2026-07-18T13:36:09.327867+00:00|2026-07-18T13:36:12.596560+00:00,99.19,105.37666666666667,3,3,True,True
SWE,2013Q4,eurostat_hicp_midx_cp00_i15_2010_2019_2026_02_06|eurostat_hicp_midx_cp045_i15_2010_2025_2026_02_06,2026-02-06,2026-07-18T13:36:09.327867+00:00|2026-07-18T13:36:12.596560+00:00,99.35000000000001,105.82666666666667,3,3,True,True
SWE,2014Q1,eurostat_hicp_midx_cp00_i15_2010_2019_2026_02_06|eurostat_hicp_midx_cp045_i15_2010_2025_2026_02_06,2026-02-06,2026-07-18T13:36:09.327867+00:00|2026-07-18T13:36:12.596560+00:00,98.71666666666665,104.44333333333333,3,3,True,True
SWE,2014Q2,eurostat_hicp_midx_cp00_i15_2010_2019_2026_02_06|eurostat_hicp_midx_cp045_i15_2010_2025_2026_02_06,2026-02-06,2026-07-18T13:36:09.327867+00:00|2026-07-18T13:36:12.596560+00:00,99.42999999999999,103.26333333333334,3,3,True,True
SWE,2014Q3,eurostat_hicp_midx_cp00_i15_2010_2019_2026_02_06|eurostat_hicp_midx_cp045_i15_2010_2025_2026_02_06,2026-02-06,2026-07-18T13:36:09.327867+00:00|2026-07-18T13:36:12.596560+00:00,99.41000000000001,103.10333333333334,3,3,True,True
SWE,2014Q4,eurostat_hicp_midx_cp00_i15_2010_2019_2026_02_06|eurostat_hicp_midx_cp045_i15_2010_2025_2026_02_06,2026-02-06,2026-07-18T13:36:09.327867+00:00|2026-07-18T13:36:12.596560+00:00,99.65333333333335,103.20333333333333,3,3,True,True
SWE,2015Q1,eurostat_hicp_midx_cp00_i15_2010_2019_2026_02_06|eurostat_hicp_midx_cp045_i15_2010_2025_2026_02_06,2026-02-06,2026-07-18T13:36:09.327867+00:00|2026-07-18T13:36:12.596560+00:00,99.30333333333333,103.00999999999999,3,3,True,True
SWE,2015Q2,eurostat_hicp_midx_cp00_i15_2010_2019_2026_02_06|eurostat_hicp_midx_cp045_i15_2010_2025_2026_02_06,2026-02-06,2026-07-18T13:36:09.327867+00:00|2026-07-18T13:36:12.596560+00:00,100.02666666666666,99.57666666666667,3,3,True,True
SWE,2015Q3,eurostat_hicp_midx_cp00_i15_2010_2019_2026_02_06|eurostat_hicp_midx_cp045_i15_2010_2025_2026_02_06,2026-02-06,2026-07-18T13:36:09.327867+00:00|2026-07-18T13:36:12.596560+00:00,100.17999999999999,97.31333333333333,3,3,True,True
SWE,2015Q4,eurostat_hicp_midx_cp00_i15_2010_2019_2026_02_06|eurostat_hicp_midx_cp045_i15_2010_2025_2026_02_06,2026-02-06,2026-07-18T13:36:09.327867+00:00|2026-07-18T13:36:12.596560+00:00,100.49000000000001,100.10666666666667,3,3,True,True
SWE,2016Q1,eurostat_hicp_midx_cp00_i15_2010_2019_2026_02_06|eurostat_hicp_midx_cp045_i15_2010_2025_2026_02_06,2026-02-06,2026-07-18T13:36:09.327867+00:00|2026-07-18T13:36:12.596560+00:00,100.37,101.58333333333333,3,3,True,True
SWE,2016Q2,eurostat_hicp_midx_cp00_i15_2010_2019_2026_02_06|eurostat_hicp_midx_cp045_i15_2010_2025_2026_02_06,2026-02-06,2026-07-18T13:36:09.327867+00:00|2026-07-18T13:36:12.596560+00:00,101.04333333333334,100.31666666666666,3,3,True,True
SWE,2016Q3,eurostat_hicp_midx_cp00_i15_2010_2019_2026_02_06|eurostat_hicp_midx_cp045_i15_2010_2025_2026_02_06,2026-02-06,2026-07-18T13:36:09.327867+00:00|2026-07-18T13:36:12.596560+00:00,101.23,101.78000000000002,3,3,True,True
SWE,2016Q4,eurostat_hicp_midx_cp00_i15_2010_2019_2026_02_06|eurostat_hicp_midx_cp045_i15_2010_2025_2026_02_06,2026-02-06,2026-07-18T13:36:09.327867+00:00|2026-07-18T13:36:12.596560+00:00,101.89999999999999,106.13,3,3,True,True
SWE,2017Q1,eurostat_hicp_midx_cp00_i15_2010_2019_2026_02_06|eurostat_hicp_midx_cp045_i15_2010_2025_2026_02_06,2026-02-06,2026-07-18T13:36:09.327867+00:00|2026-07-18T13:36:12.596560+00:00,102.0,106.66333333333334,3,3,True,True
SWE,2017Q2,eurostat_hicp_midx_cp00_i15_2010_2019_2026_02_06|eurostat_hicp_midx_cp045_i15_2010_2025_2026_02_06,2026-02-06,2026-07-18T13:36:09.327867+00:00|2026-07-18T13:36:12.596560+00:00,102.91000000000001,103.77333333333333,3,3,True,True
SWE,2017Q3,eurostat_hicp_midx_cp00_i15_2010_2019_2026_02_06|eurostat_hicp_midx_cp045_i15_2010_2025_2026_02_06,2026-02-06,2026-07-18T13:36:09.327867+00:00|2026-07-18T13:36:12.596560+00:00,103.49000000000001,107.45,3,3,True,True
SWE,2017Q4,eurostat_hicp_midx_cp00_i15_2010_2019_2026_02_06|eurostat_hicp_midx_cp045_i15_2010_2025_2026_02_06,2026-02-06,2026-07-18T13:36:09.327867+00:00|2026-07-18T13:36:12.596560+00:00,103.69333333333333,108.78666666666668,3,3,True,True
SWE,2018Q1,eurostat_hicp_midx_cp00_i15_2010_2019_2026_02_06|eurostat_hicp_midx_cp045_i15_2010_2025_2026_02_06,2026-02-06,2026-07-18T13:36:09.327867+00:00|2026-07-18T13:36:12.596560+00:00,103.75999999999999,113.62666666666667,3,3,True,True
SWE,2018Q2,eurostat_hicp_midx_cp00_i15_2010_2019_2026_02_06|eurostat_hicp_midx_cp045_i15_2010_2025_2026_02_06,2026-02-06,2026-07-18T13:36:09.327867+00:00|2026-07-18T13:36:12.596560+00:00,104.94,112.91333333333334,3,3,True,True
SWE,2018Q3,eurostat_hicp_midx_cp00_i15_2010_2019_2026_02_06|eurostat_hicp_midx_cp045_i15_2010_2025_2026_02_06,2026-02-06,2026-07-18T13:36:09.327867+00:00|2026-07-18T13:36:12.596560+00:00,105.8,119.88,3,3,True,True
SWE,2018Q4,eurostat_hicp_midx_cp00_i15_2010_2019_2026_02_06|eurostat_hicp_midx_cp045_i15_2010_2025_2026_02_06,2026-02-06,2026-07-18T13:36:09.327867+00:00|2026-07-18T13:36:12.596560+00:00,105.98333333333333,122.36333333333334,3,3,True,True
SWE,2019Q1,eurostat_hicp_midx_cp00_i15_2010_2019_2026_02_06|eurostat_hicp_midx_cp045_i15_2010_2025_2026_02_06,2026-02-06,2026-07-18T13:36:09.327867+00:00|2026-07-18T13:36:12.596560+00:00,105.70333333333333,124.69333333333333,3,3,True,True
SWE,2019Q2,eurostat_hicp_midx_cp00_i15_2010_2019_2026_02_06|eurostat_hicp_midx_cp045_i15_2010_2025_2026_02_06,2026-02-06,2026-07-18T13:36:09.327867+00:00|2026-07-18T13:36:12.596560+00:00,106.96,117.71666666666665,3,3,True,True
SWE,2019Q3,eurostat_hicp_midx_cp00_i15_2010_2019_2026_02_06|eurostat_hicp_midx_cp045_i15_2010_2025_2026_02_06,2026-02-06,2026-07-18T13:36:09.327867+00:00|2026-07-18T13:36:12.596560+00:00,107.26333333333334,119.02333333333333,3,3,True,True
SWE,2019Q4,eurostat_hicp_midx_cp00_i15_2010_2019_2026_02_06|eurostat_hicp_midx_cp045_i15_2010_2025_2026_02_06,2026-02-06,2026-07-18T13:36:09.327867+00:00|2026-07-18T13:36:12.596560+00:00,107.79333333333334,122.11666666666667,3,3,True,True
SWE,2020Q1,eurostat_hicp_midx_cp00_i15_2026_02_06|eurostat_hicp_midx_cp045_i15_2010_2025_2026_02_06,2026-02-06,2026-07-18T13:22:23.066990+00:00|2026-07-18T13:36:12.596560+00:00,106.96999999999998,112.89333333333333,3,3,True,True
SWE,2020Q2,eurostat_hicp_midx_cp00_i15_2026_02_06|eurostat_hicp_midx_cp045_i15_2010_2025_2026_02_06,2026-02-06,2026-07-18T13:22:23.066990+00:00|2026-07-18T13:36:12.596560+00:00,107.25333333333333,107.31333333333333,3,3,True,True
SWE,2020Q3,eurostat_hicp_midx_cp00_i15_2026_02_06|eurostat_hicp_midx_cp045_i15_2010_2025_2026_02_06,2026-02-06,2026-07-18T13:22:23.066990+00:00|2026-07-18T13:36:12.596560+00:00,108.07666666666667,110.88666666666666,3,3,True,True
SWE,2020Q4,eurostat_hicp_midx_cp00_i15_2026_02_06|eurostat_hicp_midx_cp045_i15_2010_2025_2026_02_06,2026-02-06,2026-07-18T13:22:23.066990+00:00|2026-07-18T13:36:12.596560+00:00,108.23,112.78333333333335,3,3,True,True
SWE,2021Q1,eurostat_hicp_midx_cp00_i15_2026_02_06|eurostat_hicp_midx_cp045_i15_2010_2025_2026_02_06,2026-02-06,2026-07-18T13:22:23.066990+00:00|2026-07-18T13:36:12.596560+00:00,109.02,121.03333333333335,3,3,True,True
SWE,2021Q2,eurostat_hicp_midx_cp00_i15_2026_02_06|eurostat_hicp_midx_cp045_i15_2010_2025_2026_02_06,2026-02-06,2026-07-18T13:22:23.066990+00:00|2026-07-18T13:36:12.596560+00:00,109.73333333333335,117.96666666666665,3,3,True,True
SWE,2021Q3,eurostat_hicp_midx_cp00_i15_2026_02_06|eurostat_hicp_midx_cp045_i15_2010_2025_2026_02_06,2026-02-06,2026-07-18T13:22:23.066990+00:00|2026-07-18T13:36:12.596560+00:00,110.73,129.30666666666667,3,3,True,True
SWE,2021Q4,eurostat_hicp_midx_cp00_i15_2026_02_06|eurostat_hicp_midx_cp045_i15_2010_2025_2026_02_06,2026-02-06,2026-07-18T13:22:23.066990+00:00|2026-07-18T13:36:12.596560+00:00,112.46333333333332,141.99,3,3,True,True
SWE,2022Q1,eurostat_hicp_midx_cp00_i15_2026_02_06|eurostat_hicp_midx_cp045_i15_2010_2025_2026_02_06,2026-02-06,2026-07-18T13:22:23.066990+00:00|2026-07-18T13:36:12.596560+00:00,114.35000000000001,145.15,3,3,True,True
SWE,2022Q2,eurostat_hicp_midx_cp00_i15_2026_02_06|eurostat_hicp_midx_cp045_i15_2010_2025_2026_02_06,2026-02-06,2026-07-18T13:22:23.066990+00:00|2026-07-18T13:36:12.596560+00:00,118.14333333333333,152.02666666666667,3,3,True,True
SWE,2022Q3,eurostat_hicp_midx_cp00_i15_2026_02_06|eurostat_hicp_midx_cp045_i15_2010_2025_2026_02_06,2026-02-06,2026-07-18T13:22:23.066990+00:00|2026-07-18T13:36:12.596560+00:00,121.09333333333332,175.56333333333336,3,3,True,True
SWE,2022Q4,eurostat_hicp_midx_cp00_i15_2026_02_06|eurostat_hicp_midx_cp045_i15_2010_2025_2026_02_06,2026-02-06,2026-07-18T13:22:23.066990+00:00|2026-07-18T13:36:12.596560+00:00,123.98666666666668,187.19333333333336,3,3,True,True
SWE,2023Q1,eurostat_hicp_midx_cp00_i15_2026_02_06|eurostat_hicp_midx_cp045_i15_2010_2025_2026_02_06,2026-02-06,2026-07-18T13:22:23.066990+00:00|2026-07-18T13:36:12.596560+00:00,124.79333333333334,161.74666666666667,3,3,True,True
SWE,2023Q2,eurostat_hicp_midx_cp00_i15_2026_02_06|eurostat_hicp_midx_cp045_i15_2010_2025_2026_02_06,2026-02-06,2026-07-18T13:22:23.066990+00:00|2026-07-18T13:36:12.596560+00:00,126.3,144.48666666666665,3,3,True,True
SWE,2023Q3,eurostat_hicp_midx_cp00_i15_2026_02_06|eurostat_hicp_midx_cp045_i15_2010_2025_2026_02_06,2026-02-06,2026-07-18T13:22:23.066990+00:00|2026-07-18T13:36:12.596560+00:00,126.94666666666667,126.27,3,3,True,True
SWE,2023Q4,eurostat_hicp_midx_cp00_i15_2026_02_06|eurostat_hicp_midx_cp045_i15_2010_2025_2026_02_06,2026-02-06,2026-07-18T13:22:23.066990+00:00|2026-07-18T13:36:12.596560+00:00,127.73,140.4933333333333,3,3,True,True
SWE,2024Q1,eurostat_hicp_midx_cp00_i15_2026_02_06|eurostat_hicp_midx_cp045_i15_2010_2025_2026_02_06,2026-02-06,2026-07-18T13:22:23.066990+00:00|2026-07-18T13:36:12.596560+00:00,128.28,149.51333333333335,3,3,True,True
SWE,2024Q2,eurostat_hicp_midx_cp00_i15_2026_02_06|eurostat_hicp_midx_cp045_i15_2010_2025_2026_02_06,2026-02-06,2026-07-18T13:22:23.066990+00:00|2026-07-18T13:36:12.596560+00:00,128.92,133.14666666666668,3,3,True,True
SWE,2024Q3,eurostat_hicp_midx_cp00_i15_2026_02_06|eurostat_hicp_midx_cp045_i15_2010_2025_2026_02_06,2026-02-06,2026-07-18T13:22:23.066990+00:00|2026-07-18T13:36:12.596560+00:00,128.74,122.19,3,3,True,True
SWE,2024Q4,eurostat_hicp_midx_cp00_i15_2026_02_06|eurostat_hicp_midx_cp045_i15_2010_2025_2026_02_06,2026-02-06,2026-07-18T13:22:23.066990+00:00|2026-07-18T13:36:12.596560+00:00,129.9766666666667,138.48666666666668,3,3,True,True
SWE,2025Q1,eurostat_hicp_midx_cp00_i15_2026_02_06|eurostat_hicp_midx_cp045_i15_2010_2025_2026_02_06,2026-02-06,2026-07-18T13:22:23.066990+00:00|2026-07-18T13:36:12.596560+00:00,131.25,151.63,3,3,True,True
SWE,2025Q2,eurostat_hicp_midx_cp00_i15_2026_02_06|eurostat_hicp_midx_cp045_i15_2010_2025_2026_02_06,2026-02-06,2026-07-18T13:22:23.066990+00:00|2026-07-18T13:36:12.596560+00:00,132.05666666666667,136.59666666666666,3,3,True,True
SWE,2025Q3,eurostat_hicp_midx_cp00_i15_2026_02_06|eurostat_hicp_midx_cp045_i15_2010_2025_2026_02_06,2026-02-06,2026-07-18T13:22:23.066990+00:00|2026-07-18T13:36:12.596560+00:00,132.90333333333334,140.0666666666667,3,3,True,True
SWE,2025Q4,eurostat_hicp_midx_cp00_i15_2026_02_06|eurostat_hicp_midx_cp045_i15_2010_2025_2026_02_06,2026-02-06,2026-07-18T13:22:23.066990+00:00|2026-07-18T13:36:12.596560+00:00,133.19666666666666,151.79666666666665,3,3,True,True
